 
****************************************
Report : area
Design : ChipTop
Version: R-2020.09-SP5
Date   : Sun Nov 16 18:24:43 2025
****************************************

Library(s) Used:

    tcbn40lpbwp12tm1ptc_ccs (File: /home/wllpro/llwang/ASIC/T40LP/STD/TSMCHOME/digital/Front_End/timing_power_noise/CCS/tcbn40lpbwp12tm1p_200a/tcbn40lpbwp12tm1ptc_ccs.db)
    split_l2_tlb_ram_0_ext_lib (File: /home/wllpro/llwang/dy41/SoC/SRAM/PackerSRAMIP/split_l2_tlb_ram_0_ext.db)
    split_data_arrays_0_0_ext_lib (File: /home/wllpro/llwang/dy41/SoC/SRAM/PackerSRAMIP/split_data_arrays_0_0_ext.db)
    split_tag_array_0_ext_lib (File: /home/wllpro/llwang/dy41/SoC/SRAM/PackerSRAMIP/split_tag_array_0_ext.db)
    dp_sram_128_8_lib (File: /home/wllpro/llwang/dy41/SoC/SRAM/PackerSRAMIP/dp_sram_128_8.db)
    dp_sram_32_8_lib (File: /home/wllpro/llwang/dy41/SoC/SRAM/PackerSRAMIP/dp_sram_32_8.db)
    dp_sram_128_4_lib (File: /home/wllpro/llwang/dy41/SoC/SRAM/PackerSRAMIP/dp_sram_128_4.db)
    split_data_arrays_0_ext_lib (File: /home/wllpro/llwang/dy41/SoC/SRAM/PackerSRAMIP/split_data_arrays_0_ext.db)
    split_tag_array_ext_lib (File: /home/wllpro/llwang/dy41/SoC/SRAM/PackerSRAMIP/split_tag_array_ext.db)
    split_cc_banks_0_ext_lib (File: /home/wllpro/llwang/dy41/SoC/SRAM/PackerSRAMIP/split_cc_banks_0_ext.db)
    split_cc_dir_ext_lib (File: /home/wllpro/llwang/dy41/SoC/SRAM/PackerSRAMIP/split_cc_dir_ext.db)

Number of ports:                       495438
Number of nets:                       1505658
Number of cells:                      1036493
Number of combinational cells:         904705
Number of sequential cells:            100697
Number of macros/black boxes:             155
Number of buf/inv:                     212011
Number of references:                      85

Combinational area:            1454514.210598
Buf/Inv area:                   179693.039492
Noncombinational area:          504829.751130
Macro/Black Box area:          1544585.009766
Net Interconnect area:      undefined  (Wire load has zero net area)

Total cell area:               3503928.971494
Total area:                 undefined

Hierarchical area distribution
------------------------------

                                  Global cell area                   Local cell area
                                  ---------------------  --------------------------------------- 
Hierarchical cell                 Absolute      Percent  Combi-        Noncombi-    Black-
                                  Total         Total    national      national     boxes         Design
--------------------------------  ------------  -------  ------------  -----------  ------------  ------------------------------------------------
ChipTop                           3503928.9715    100.0       43.0416       5.6448        0.0000  ChipTop
debug_reset_syncd_debug_reset_sync      17.6400     0.0        0.0000       0.0000        0.0000  AsyncResetSynchronizerShiftReg_w1_d3_i0_13
debug_reset_syncd_debug_reset_sync/output_chain      17.6400     0.0       1.4112     16.2288       0.0000 AsyncResetSynchronizerPrimitiveShiftReg_d3_i0_69
dmactiveAck_dmactiveAck                16.9344      0.0        0.0000       0.0000        0.0000  ResetSynchronizerShiftReg_w1_d3_i0
dmactiveAck_dmactiveAck/output_chain      16.9344     0.0       0.7056     16.2288        0.0000  AsyncResetSynchronizerPrimitiveShiftReg_d3_i0_68
gated_clock_debug_clock_gate            4.9392      0.0        1.4112       3.5280        0.0000  EICG_wrapper
iocell_custom_boot                      0.9408      0.0        0.9408       0.0000        0.0000  GenericDigitalInIOCell_4
iocell_jtag_TCK                         0.9408      0.0        0.9408       0.0000        0.0000  GenericDigitalInIOCell_1
iocell_jtag_TDI                         0.9408      0.0        0.9408       0.0000        0.0000  GenericDigitalInIOCell_3
iocell_jtag_TDO                         0.9408      0.0        0.9408       0.0000        0.0000  GenericDigitalOutIOCell_1
iocell_jtag_TMS                         0.9408      0.0        0.9408       0.0000        0.0000  GenericDigitalInIOCell_2
iocell_serial_tl_bits_in_bits           0.9408      0.0        0.9408       0.0000        0.0000  GenericDigitalInIOCell_38
iocell_serial_tl_bits_in_bits_1         0.9408      0.0        0.9408       0.0000        0.0000  GenericDigitalInIOCell_37
iocell_serial_tl_bits_in_bits_10        0.9408      0.0        0.9408       0.0000        0.0000  GenericDigitalInIOCell_28
iocell_serial_tl_bits_in_bits_11        0.9408      0.0        0.9408       0.0000        0.0000  GenericDigitalInIOCell_27
iocell_serial_tl_bits_in_bits_12        0.9408      0.0        0.9408       0.0000        0.0000  GenericDigitalInIOCell_26
iocell_serial_tl_bits_in_bits_13        0.9408      0.0        0.9408       0.0000        0.0000  GenericDigitalInIOCell_25
iocell_serial_tl_bits_in_bits_14        0.9408      0.0        0.9408       0.0000        0.0000  GenericDigitalInIOCell_24
iocell_serial_tl_bits_in_bits_15        0.9408      0.0        0.9408       0.0000        0.0000  GenericDigitalInIOCell_23
iocell_serial_tl_bits_in_bits_16        0.9408      0.0        0.9408       0.0000        0.0000  GenericDigitalInIOCell_22
iocell_serial_tl_bits_in_bits_17        0.9408      0.0        0.9408       0.0000        0.0000  GenericDigitalInIOCell_21
iocell_serial_tl_bits_in_bits_18        0.9408      0.0        0.9408       0.0000        0.0000  GenericDigitalInIOCell_20
iocell_serial_tl_bits_in_bits_19        0.9408      0.0        0.9408       0.0000        0.0000  GenericDigitalInIOCell_19
iocell_serial_tl_bits_in_bits_2         0.9408      0.0        0.9408       0.0000        0.0000  GenericDigitalInIOCell_36
iocell_serial_tl_bits_in_bits_20        0.9408      0.0        0.9408       0.0000        0.0000  GenericDigitalInIOCell_18
iocell_serial_tl_bits_in_bits_21        0.9408      0.0        0.9408       0.0000        0.0000  GenericDigitalInIOCell_17
iocell_serial_tl_bits_in_bits_22        0.9408      0.0        0.9408       0.0000        0.0000  GenericDigitalInIOCell_16
iocell_serial_tl_bits_in_bits_23        0.9408      0.0        0.9408       0.0000        0.0000  GenericDigitalInIOCell_15
iocell_serial_tl_bits_in_bits_24        0.9408      0.0        0.9408       0.0000        0.0000  GenericDigitalInIOCell_14
iocell_serial_tl_bits_in_bits_25        0.9408      0.0        0.9408       0.0000        0.0000  GenericDigitalInIOCell_13
iocell_serial_tl_bits_in_bits_26        0.9408      0.0        0.9408       0.0000        0.0000  GenericDigitalInIOCell_12
iocell_serial_tl_bits_in_bits_27        0.9408      0.0        0.9408       0.0000        0.0000  GenericDigitalInIOCell_11
iocell_serial_tl_bits_in_bits_28        0.9408      0.0        0.9408       0.0000        0.0000  GenericDigitalInIOCell_10
iocell_serial_tl_bits_in_bits_29        0.9408      0.0        0.9408       0.0000        0.0000  GenericDigitalInIOCell_9
iocell_serial_tl_bits_in_bits_3         0.9408      0.0        0.9408       0.0000        0.0000  GenericDigitalInIOCell_35
iocell_serial_tl_bits_in_bits_30        0.9408      0.0        0.9408       0.0000        0.0000  GenericDigitalInIOCell_8
iocell_serial_tl_bits_in_bits_31        0.9408      0.0        0.9408       0.0000        0.0000  GenericDigitalInIOCell_7
iocell_serial_tl_bits_in_bits_4         0.9408      0.0        0.9408       0.0000        0.0000  GenericDigitalInIOCell_34
iocell_serial_tl_bits_in_bits_5         0.9408      0.0        0.9408       0.0000        0.0000  GenericDigitalInIOCell_33
iocell_serial_tl_bits_in_bits_6         0.9408      0.0        0.9408       0.0000        0.0000  GenericDigitalInIOCell_32
iocell_serial_tl_bits_in_bits_7         0.9408      0.0        0.9408       0.0000        0.0000  GenericDigitalInIOCell_31
iocell_serial_tl_bits_in_bits_8         0.9408      0.0        0.9408       0.0000        0.0000  GenericDigitalInIOCell_30
iocell_serial_tl_bits_in_bits_9         0.9408      0.0        0.9408       0.0000        0.0000  GenericDigitalInIOCell_29
iocell_serial_tl_bits_in_ready          0.9408      0.0        0.9408       0.0000        0.0000  GenericDigitalOutIOCell_2
iocell_serial_tl_bits_in_valid          0.9408      0.0        0.9408       0.0000        0.0000  GenericDigitalInIOCell_6
iocell_serial_tl_bits_out_bits          0.9408      0.0        0.9408       0.0000        0.0000  GenericDigitalOutIOCell_35
iocell_serial_tl_bits_out_bits_1        0.9408      0.0        0.9408       0.0000        0.0000  GenericDigitalOutIOCell_34
iocell_serial_tl_bits_out_bits_10       0.9408      0.0        0.9408       0.0000        0.0000  GenericDigitalOutIOCell_25
iocell_serial_tl_bits_out_bits_11       0.9408      0.0        0.9408       0.0000        0.0000  GenericDigitalOutIOCell_24
iocell_serial_tl_bits_out_bits_12       0.9408      0.0        0.9408       0.0000        0.0000  GenericDigitalOutIOCell_23
iocell_serial_tl_bits_out_bits_13       0.9408      0.0        0.9408       0.0000        0.0000  GenericDigitalOutIOCell_22
iocell_serial_tl_bits_out_bits_14       0.9408      0.0        0.9408       0.0000        0.0000  GenericDigitalOutIOCell_21
iocell_serial_tl_bits_out_bits_15       0.9408      0.0        0.9408       0.0000        0.0000  GenericDigitalOutIOCell_20
iocell_serial_tl_bits_out_bits_16       0.9408      0.0        0.9408       0.0000        0.0000  GenericDigitalOutIOCell_19
iocell_serial_tl_bits_out_bits_17       0.9408      0.0        0.9408       0.0000        0.0000  GenericDigitalOutIOCell_18
iocell_serial_tl_bits_out_bits_18       0.9408      0.0        0.9408       0.0000        0.0000  GenericDigitalOutIOCell_17
iocell_serial_tl_bits_out_bits_19       0.9408      0.0        0.9408       0.0000        0.0000  GenericDigitalOutIOCell_16
iocell_serial_tl_bits_out_bits_2        0.9408      0.0        0.9408       0.0000        0.0000  GenericDigitalOutIOCell_33
iocell_serial_tl_bits_out_bits_20       0.9408      0.0        0.9408       0.0000        0.0000  GenericDigitalOutIOCell_15
iocell_serial_tl_bits_out_bits_21       0.9408      0.0        0.9408       0.0000        0.0000  GenericDigitalOutIOCell_14
iocell_serial_tl_bits_out_bits_22       0.9408      0.0        0.9408       0.0000        0.0000  GenericDigitalOutIOCell_13
iocell_serial_tl_bits_out_bits_23       0.9408      0.0        0.9408       0.0000        0.0000  GenericDigitalOutIOCell_12
iocell_serial_tl_bits_out_bits_24       0.9408      0.0        0.9408       0.0000        0.0000  GenericDigitalOutIOCell_11
iocell_serial_tl_bits_out_bits_25       0.9408      0.0        0.9408       0.0000        0.0000  GenericDigitalOutIOCell_10
iocell_serial_tl_bits_out_bits_26       0.9408      0.0        0.9408       0.0000        0.0000  GenericDigitalOutIOCell_9
iocell_serial_tl_bits_out_bits_27       0.9408      0.0        0.9408       0.0000        0.0000  GenericDigitalOutIOCell_8
iocell_serial_tl_bits_out_bits_28       0.9408      0.0        0.9408       0.0000        0.0000  GenericDigitalOutIOCell_7
iocell_serial_tl_bits_out_bits_29       0.9408      0.0        0.9408       0.0000        0.0000  GenericDigitalOutIOCell_6
iocell_serial_tl_bits_out_bits_3        0.9408      0.0        0.9408       0.0000        0.0000  GenericDigitalOutIOCell_32
iocell_serial_tl_bits_out_bits_30       0.9408      0.0        0.9408       0.0000        0.0000  GenericDigitalOutIOCell_5
iocell_serial_tl_bits_out_bits_31       0.9408      0.0        0.9408       0.0000        0.0000  GenericDigitalOutIOCell_4
iocell_serial_tl_bits_out_bits_4        0.9408      0.0        0.9408       0.0000        0.0000  GenericDigitalOutIOCell_31
iocell_serial_tl_bits_out_bits_5        0.9408      0.0        0.9408       0.0000        0.0000  GenericDigitalOutIOCell_30
iocell_serial_tl_bits_out_bits_6        0.9408      0.0        0.9408       0.0000        0.0000  GenericDigitalOutIOCell_29
iocell_serial_tl_bits_out_bits_7        0.9408      0.0        0.9408       0.0000        0.0000  GenericDigitalOutIOCell_28
iocell_serial_tl_bits_out_bits_8        0.9408      0.0        0.9408       0.0000        0.0000  GenericDigitalOutIOCell_27
iocell_serial_tl_bits_out_bits_9        0.9408      0.0        0.9408       0.0000        0.0000  GenericDigitalOutIOCell_26
iocell_serial_tl_bits_out_ready         0.9408      0.0        0.9408       0.0000        0.0000  GenericDigitalInIOCell_39
iocell_serial_tl_bits_out_valid         0.9408      0.0        0.9408       0.0000        0.0000  GenericDigitalOutIOCell_3
iocell_serial_tl_clock                  0.0000      0.0        0.0000       0.0000        0.0000  GenericDigitalInIOCell_5
iocell_uart_0_rxd                       0.9408      0.0        0.9408       0.0000        0.0000  GenericDigitalInIOCell_0
iocell_uart_0_txd                       0.9408      0.0        0.9408       0.0000        0.0000  GenericDigitalOutIOCell_0
system                            3503751.8659    100.0      125.8320      70.5600        0.0000  DigitalTop
system/aggregator                       6.5856      0.0        6.5856       0.0000        0.0000  ClockGroupAggregator_6
system/bootROMDomainWrapper          3430.1568      0.1        0.0000       0.0000        0.0000  ClockSinkDomain_1
system/bootROMDomainWrapper/bootrom    3430.1568     0.1    3430.1568       0.0000        0.0000  TLROM
system/clint                         1683.7968      0.0     1076.9808     606.8160        0.0000  CLINT
system/clockGroupCombiner               6.3504      0.0        6.3504       0.0000        0.0000  ClockGroupCombiner
system/clockNamePrefixer                5.6448      0.0        5.6448       0.0000        0.0000  ClockGroupParameterModifier
system/dtm                           1384.3872      0.0      220.8528     219.9120        0.0000  DebugTransportModuleJTAG
system/dtm/dmiAccessChain             327.6336      0.0      134.7696     192.8640        0.0000  CaptureUpdateChain_1
system/dtm/dtmInfoChain               235.2000      0.0       84.6720     150.5280        0.0000  CaptureUpdateChain
system/dtm/tapIO_bypassChain            7.5264      0.0        2.8224       4.7040        0.0000  JtagBypassChain
system/dtm/tapIO_controllerInternal     144.1776     0.0      31.2816      32.6928        0.0000  JtagTapController
system/dtm/tapIO_controllerInternal/irChain      37.8672     0.0      14.3472     23.5200       0.0000 CaptureUpdateChain_2
system/dtm/tapIO_controllerInternal/stateMachine      42.3360     0.0      19.7568     22.5792       0.0000 JtagStateMachine
system/dtm/tapIO_idcodeChain          229.0848      0.0       78.5568     150.5280        0.0000  CaptureChain
system/frequencySpecifier               6.5856      0.0        6.5856       0.0000        0.0000  ClockGroupParameterModifier_1
system/ibus_int_bus                     0.9408      0.0        0.9408       0.0000        0.0000  IntXbar_4
system/intsink_4                        0.9408      0.0        0.9408       0.0000        0.0000  IntSyncSyncCrossingSink_1_2
system/intsource                       11.5248      0.0        0.0000       0.0000        0.0000  IntSyncCrossingSource_5
system/intsource/reg_0                 11.5248      0.0        0.7056      10.8192        0.0000  AsyncResetRegVec_w2_i0
system/intsource_1                      6.1152      0.0        0.0000       0.0000        0.0000  IntSyncCrossingSource_1_5
system/intsource_1/reg_0                6.1152      0.0        0.7056       5.4096        0.0000  AsyncResetRegVec_w1_i0_5
system/intsource_2                      6.1152      0.0        0.0000       0.0000        0.0000  IntSyncCrossingSource_1_4
system/intsource_2/reg_0                6.1152      0.0        0.7056       5.4096        0.0000  AsyncResetRegVec_w1_i0_4
system/plicDomainWrapper              447.3504      0.0        0.0000       0.0000        0.0000  ClockSinkDomain
system/plicDomainWrapper/plic         447.3504      0.0       74.7936      37.6320        0.0000  TLPLIC
system/plicDomainWrapper/plic/fanin       1.4112     0.0       1.4112       0.0000        0.0000  PLICFanIn_1
system/plicDomainWrapper/plic/fanin_1       1.4112     0.0       1.4112      0.0000       0.0000  PLICFanIn_0
system/plicDomainWrapper/plic/gateways_gateway       8.9376     0.0       4.2336      4.7040       0.0000 LevelGateway
system/plicDomainWrapper/plic/out_back     323.1648     0.0       4.2336      4.7040       0.0000 Queue_91
system/plicDomainWrapper/plic/out_back/ram_ext     314.2272     0.0     107.2512    206.9760       0.0000 ram_combMem_22
system/prci_ctrl_domain               119.9520      0.0        0.0000       0.0000        0.0000  ClockSinkDomain_3
system/prci_ctrl_domain/clock_gater      19.7568     0.0      10.8192       0.0000        0.0000  TileClockGater
system/prci_ctrl_domain/clock_gater/regs_0       8.9376     0.0       1.4112      7.5264       0.0000 AsyncResetRegVec_w1_i1
system/prci_ctrl_domain/resetSynchronizer      19.7568     0.0       0.0000      0.0000       0.0000 ClockGroupResetSynchronizer
system/prci_ctrl_domain/resetSynchronizer/x1_member_allClocks_uncore_reset_catcher      19.7568     0.0       0.7056      0.0000       0.0000 ResetCatchAndSync_d3_0
system/prci_ctrl_domain/resetSynchronizer/x1_member_allClocks_uncore_reset_catcher/io_sync_reset_chain      19.0512     0.0       0.0000      0.0000       0.0000 AsyncResetSynchronizerShiftReg_w1_d3_i0_5
system/prci_ctrl_domain/resetSynchronizer/x1_member_allClocks_uncore_reset_catcher/io_sync_reset_chain/output_chain      19.0512     0.0       2.8224     16.2288       0.0000 AsyncResetSynchronizerPrimitiveShiftReg_d3_i0_28
system/prci_ctrl_domain/reset_setter      13.8768     0.0      13.8768      0.0000        0.0000  TileResetSetter
system/prci_ctrl_domain/xbar           66.5616      0.0       61.8576       4.7040        0.0000  TLXbar_11
system/subsystem_cbus               23962.4113      0.7       80.2032      14.1120        0.0000  PeripheryBus_1
system/subsystem_cbus/atomics        3499.5408      0.1     2522.7552     976.7856        0.0000  TLAtomicAutomata_1
system/subsystem_cbus/buffer         3370.6512      0.1        0.0000       0.0000        0.0000  TLBuffer_4
system/subsystem_cbus/buffer/bundleIn_0_d_q    1374.0384     0.0      16.4640     14.1120       0.0000 Queue_9_1
system/subsystem_cbus/buffer/bundleIn_0_d_q/ram_ext    1343.4624     0.0     590.8224    752.6400       0.0000 ram_combMem_17_1
system/subsystem_cbus/buffer/x1_a_q    1996.6128     0.1      16.4640      14.1120        0.0000  Queue_8
system/subsystem_cbus/buffer/x1_a_q/ram_ext    1966.0368     0.1     865.3008   1100.7360       0.0000 ram_combMem_30
system/subsystem_cbus/coupler_to_bootrom     396.3120     0.0       0.0000      0.0000       0.0000 TLInterconnectCoupler_13
system/subsystem_cbus/coupler_to_bootrom/fragmenter     396.3120     0.0     132.1824     47.2752       0.0000 TLFragmenter_6
system/subsystem_cbus/coupler_to_bootrom/fragmenter/repeater     216.8544     0.0      66.0912    150.7632       0.0000 Repeater_8
system/subsystem_cbus/coupler_to_clint     501.9168     0.0       0.0000      0.0000       0.0000 TLInterconnectCoupler_10
system/subsystem_cbus/coupler_to_clint/fragmenter     501.9168     0.0     215.6784     42.3360       0.0000 TLFragmenter_4
system/subsystem_cbus/coupler_to_clint/fragmenter/repeater     243.9024     0.0      74.0880    169.8144       0.0000 Repeater_4_0
system/subsystem_cbus/coupler_to_debug     466.1664     0.0       0.0000      0.0000       0.0000 TLInterconnectCoupler_12
system/subsystem_cbus/coupler_to_debug/fragmenter     466.1664     0.0     214.7376     42.3360       0.0000 TLFragmenter_5
system/subsystem_cbus/coupler_to_debug/fragmenter/repeater     209.0928     0.0      64.6800    144.4128       0.0000 Repeater_7
system/subsystem_cbus/coupler_to_l2_ctrl    1229.8608     0.0       0.0000      0.0000       0.0000 TLInterconnectCoupler_7
system/subsystem_cbus/coupler_to_l2_ctrl/buffer     816.3792     0.0       0.0000      0.0000       0.0000 TLBuffer_6
system/subsystem_cbus/coupler_to_l2_ctrl/buffer/bundleIn_0_d_q     134.7696     0.0       4.2336      4.7040       0.0000 Queue_14
system/subsystem_cbus/coupler_to_l2_ctrl/buffer/bundleIn_0_d_q/ram_ext     125.8320     0.0      41.1600     84.6720       0.0000 ram_combMem_18
system/subsystem_cbus/coupler_to_l2_ctrl/buffer/x1_a_q     681.6096     0.0       4.2336      4.7040       0.0000 Queue_13
system/subsystem_cbus/coupler_to_l2_ctrl/buffer/x1_a_q/ram_ext     672.6720     0.0     230.4960    442.1760       0.0000 ram_combMem_26
system/subsystem_cbus/coupler_to_l2_ctrl/fragmenter     413.4816     0.0     162.0528     42.3360       0.0000 TLFragmenter_2
system/subsystem_cbus/coupler_to_l2_ctrl/fragmenter/repeater     209.0928     0.0      64.6800    144.4128       0.0000 Repeater_4_1
system/subsystem_cbus/coupler_to_plic     475.1040     0.0       0.0000      0.0000       0.0000  TLInterconnectCoupler_9
system/subsystem_cbus/coupler_to_plic/fragmenter     475.1040     0.0      99.9600     42.3360       0.0000 TLFragmenter_3
system/subsystem_cbus/coupler_to_plic/fragmenter/repeater     332.8080     0.0      99.4896    233.3184       0.0000 Repeater_5
system/subsystem_cbus/coupler_to_prci_ctrl   11227.5073     0.3       0.9408      0.0000       0.0000 TLInterconnectCoupler_15
system/subsystem_cbus/coupler_to_prci_ctrl/buffer     682.3152     0.0       0.0000      0.0000       0.0000 TLBuffer_8
system/subsystem_cbus/coupler_to_prci_ctrl/buffer/bundleIn_0_d_q     232.1424     0.0      17.1696     14.1120       0.0000 Queue_1_0
system/subsystem_cbus/coupler_to_prci_ctrl/buffer/bundleIn_0_d_q/ram_ext     200.8608     0.0      87.9648    112.8960       0.0000 ram_combMem_16_0
system/subsystem_cbus/coupler_to_prci_ctrl/buffer/x1_a_q     450.1728     0.0      16.4640     14.1120       0.0000 Queue_15
system/subsystem_cbus/coupler_to_prci_ctrl/buffer/x1_a_q/ram_ext     419.5968     0.0     184.3968    235.2000       0.0000 ram_combMem_23
system/subsystem_cbus/coupler_to_prci_ctrl/fixer   10177.3393     0.3    5275.7713   4901.5680       0.0000 TLFIFOFixer_3
system/subsystem_cbus/coupler_to_prci_ctrl/fragmenter     366.9120     0.0      95.9616     53.3904       0.0000 TLFragmenter_7
system/subsystem_cbus/coupler_to_prci_ctrl/fragmenter/repeater     217.5600     0.0      66.7968    150.7632       0.0000 Repeater_9
system/subsystem_cbus/fixedClockNode       3.0576     0.0       3.0576      0.0000        0.0000  FixedClockBroadcast_3
system/subsystem_cbus/fixer           188.8656      0.0      188.8656       0.0000        0.0000  TLFIFOFixer_2
system/subsystem_cbus/in_xbar         406.1904      0.0      349.7424      56.4480        0.0000  TLXbar_4
system/subsystem_cbus/out_xbar       1221.3936      0.0     1108.4976     112.8960        0.0000  TLXbar_5
system/subsystem_cbus/wrapped_error_device     881.5296     0.0       1.8816      0.0000       0.0000 ErrorDeviceWrapper
system/subsystem_cbus/wrapped_error_device/buffer     546.6048     0.0       0.0000      0.0000       0.0000 TLBuffer_5
system/subsystem_cbus/wrapped_error_device/buffer/bundleIn_0_d_q     281.5344     0.0      17.1696     14.1120       0.0000 Queue_9_0
system/subsystem_cbus/wrapped_error_device/buffer/bundleIn_0_d_q/ram_ext     250.2528     0.0     109.1328    141.1200       0.0000 ram_combMem_17_0
system/subsystem_cbus/wrapped_error_device/buffer/x1_a_q     265.0704     0.0      17.1696     14.1120       0.0000 Queue_11
system/subsystem_cbus/wrapped_error_device/buffer/x1_a_q/ram_ext     233.7888     0.0     102.0768    131.7120       0.0000 ram_combMem_21
system/subsystem_cbus/wrapped_error_device/error     333.0432     0.0     139.7088     84.6720       0.0000 TLError
system/subsystem_cbus/wrapped_error_device/error/a     108.6624     0.0       4.2336      4.7040       0.0000 Queue_10
system/subsystem_cbus/wrapped_error_device/error/a/ram_ext      99.7248     0.0      33.8688     65.8560       0.0000 ram_combMem_20
system/subsystem_fbus_buffer         3418.6320      0.1        0.0000       0.0000        0.0000  TLBuffer_2
system/subsystem_fbus_buffer/bundleIn_0_d_q    1425.5472     0.0      16.4640     14.1120       0.0000 Queue_5_1
system/subsystem_fbus_buffer/bundleIn_0_d_q/ram_ext    1394.9712     0.0     614.1072    780.8640       0.0000 ram_combMem_17_3
system/subsystem_fbus_buffer/x1_a_q    1993.0848     0.1      18.8160      26.8128        0.0000  Queue_4_1
system/subsystem_fbus_buffer/x1_a_q/ram_ext    1947.4560     0.1     856.1280   1091.3280       0.0000 ram_combMem_28_1
system/subsystem_fbus_coupler_from_port_named_serial_tl_ctrl    3402.4032     0.1       0.0000      0.0000       0.0000 TLInterconnectCoupler_6
system/subsystem_fbus_coupler_from_port_named_serial_tl_ctrl/buffer    3402.4032     0.1       0.0000      0.0000       0.0000 TLBuffer_3
system/subsystem_fbus_coupler_from_port_named_serial_tl_ctrl/buffer/bundleIn_0_d_q    1424.8416     0.0      16.4640     14.1120       0.0000 Queue_5_0
system/subsystem_fbus_coupler_from_port_named_serial_tl_ctrl/buffer/bundleIn_0_d_q/ram_ext    1394.2656     0.0     613.4016    780.8640       0.0000 ram_combMem_17_2
system/subsystem_fbus_coupler_from_port_named_serial_tl_ctrl/buffer/x1_a_q    1977.5616     0.1      16.4640     14.1120       0.0000 Queue_4_0
system/subsystem_fbus_coupler_from_port_named_serial_tl_ctrl/buffer/x1_a_q/ram_ext    1946.9856     0.1     855.6576   1091.3280       0.0000 ram_combMem_28_0
system/subsystem_fbus_in_async       2607.1920      0.1        0.0000       0.0000        0.0000  AsyncQueue_0
system/subsystem_fbus_in_async/sink     721.5936     0.0     335.1600      43.2768        0.0000  AsyncQueueSink_0
system/subsystem_fbus_in_async/sink/io_deq_bits_deq_bits_reg     206.0352     0.0       2.8224    203.2128       0.0000 ClockCrossingReg_w32_0
system/subsystem_fbus_in_async/sink/sink_valid_0      17.6400     0.0       0.0000      0.0000       0.0000 AsyncValidSync_27
system/subsystem_fbus_in_async/sink/sink_valid_0/io_out_source_valid_0      17.6400     0.0       0.0000      0.0000       0.0000 AsyncResetSynchronizerShiftReg_w1_d3_i0_1_27
system/subsystem_fbus_in_async/sink/sink_valid_0/io_out_source_valid_0/output_chain      17.6400     0.0       1.4112     16.2288       0.0000 AsyncResetSynchronizerPrimitiveShiftReg_d3_i0_35
system/subsystem_fbus_in_async/sink/sink_valid_1      16.9344     0.0       0.0000      0.0000       0.0000 AsyncValidSync_26
system/subsystem_fbus_in_async/sink/sink_valid_1/io_out_source_valid_0      16.9344     0.0       0.0000      0.0000       0.0000 AsyncResetSynchronizerShiftReg_w1_d3_i0_1_26
system/subsystem_fbus_in_async/sink/sink_valid_1/io_out_source_valid_0/output_chain      16.9344     0.0       0.7056     16.2288       0.0000 AsyncResetSynchronizerPrimitiveShiftReg_d3_i0_34
system/subsystem_fbus_in_async/sink/source_extend      16.9344     0.0       0.0000      0.0000       0.0000 AsyncValidSync_25
system/subsystem_fbus_in_async/sink/source_extend/io_out_source_valid_0      16.9344     0.0       0.0000      0.0000       0.0000 AsyncResetSynchronizerShiftReg_w1_d3_i0_1_25
system/subsystem_fbus_in_async/sink/source_extend/io_out_source_valid_0/output_chain      16.9344     0.0       0.7056     16.2288       0.0000 AsyncResetSynchronizerPrimitiveShiftReg_d3_i0_33
system/subsystem_fbus_in_async/sink/source_valid      16.9344     0.0       0.0000      0.0000       0.0000 AsyncValidSync_24
system/subsystem_fbus_in_async/sink/source_valid/io_out_source_valid_0      16.9344     0.0       0.0000      0.0000       0.0000 AsyncResetSynchronizerShiftReg_w1_d3_i0_1_24
system/subsystem_fbus_in_async/sink/source_valid/io_out_source_valid_0/output_chain      16.9344     0.0       0.7056     16.2288       0.0000 AsyncResetSynchronizerPrimitiveShiftReg_d3_i0_32
system/subsystem_fbus_in_async/sink/widx_widx_gray      68.6784     0.0       0.9408      0.0000       0.0000 AsyncResetSynchronizerShiftReg_w4_d3_i0_0
system/subsystem_fbus_in_async/sink/widx_widx_gray/output_chain      16.9344     0.0       0.7056     16.2288       0.0000 AsyncResetSynchronizerPrimitiveShiftReg_d3_i0_53
system/subsystem_fbus_in_async/sink/widx_widx_gray/output_chain_1      16.9344     0.0       0.7056     16.2288       0.0000 AsyncResetSynchronizerPrimitiveShiftReg_d3_i0_52
system/subsystem_fbus_in_async/sink/widx_widx_gray/output_chain_2      16.9344     0.0       0.7056     16.2288       0.0000 AsyncResetSynchronizerPrimitiveShiftReg_d3_i0_51
system/subsystem_fbus_in_async/sink/widx_widx_gray/output_chain_3      16.9344     0.0       0.7056     16.2288       0.0000 AsyncResetSynchronizerPrimitiveShiftReg_d3_i0_50
system/subsystem_fbus_in_async/source    1885.5984     0.1      79.4976   1668.9792       0.0000  AsyncQueueSource_0
system/subsystem_fbus_in_async/source/ridx_ridx_gray      68.6784     0.0       0.9408      0.0000       0.0000 AsyncResetSynchronizerShiftReg_w4_d3_i0_1
system/subsystem_fbus_in_async/source/ridx_ridx_gray/output_chain      16.9344     0.0       0.7056     16.2288       0.0000 AsyncResetSynchronizerPrimitiveShiftReg_d3_i0_57
system/subsystem_fbus_in_async/source/ridx_ridx_gray/output_chain_1      16.9344     0.0       0.7056     16.2288       0.0000 AsyncResetSynchronizerPrimitiveShiftReg_d3_i0_56
system/subsystem_fbus_in_async/source/ridx_ridx_gray/output_chain_2      16.9344     0.0       0.7056     16.2288       0.0000 AsyncResetSynchronizerPrimitiveShiftReg_d3_i0_55
system/subsystem_fbus_in_async/source/ridx_ridx_gray/output_chain_3      16.9344     0.0       0.7056     16.2288       0.0000 AsyncResetSynchronizerPrimitiveShiftReg_d3_i0_54
system/subsystem_fbus_in_async/source/sink_extend      16.9344     0.0       0.0000      0.0000       0.0000 AsyncValidSync_29
system/subsystem_fbus_in_async/source/sink_extend/io_out_source_valid_0      16.9344     0.0       0.0000      0.0000       0.0000 AsyncResetSynchronizerShiftReg_w1_d3_i0_1_29
system/subsystem_fbus_in_async/source/sink_extend/io_out_source_valid_0/output_chain      16.9344     0.0       0.7056     16.2288       0.0000 AsyncResetSynchronizerPrimitiveShiftReg_d3_i0_37
system/subsystem_fbus_in_async/source/sink_valid      16.9344     0.0       0.0000      0.0000       0.0000 AsyncValidSync_28
system/subsystem_fbus_in_async/source/sink_valid/io_out_source_valid_0      16.9344     0.0       0.0000      0.0000       0.0000 AsyncResetSynchronizerShiftReg_w1_d3_i0_1_28
system/subsystem_fbus_in_async/source/sink_valid/io_out_source_valid_0/output_chain      16.9344     0.0       0.7056     16.2288       0.0000 AsyncResetSynchronizerPrimitiveShiftReg_d3_i0_36
system/subsystem_fbus_in_async/source/source_valid_0      17.6400     0.0       0.0000      0.0000       0.0000 AsyncValidSync_31
system/subsystem_fbus_in_async/source/source_valid_0/io_out_source_valid_0      17.6400     0.0       0.0000      0.0000       0.0000 AsyncResetSynchronizerShiftReg_w1_d3_i0_1_31
system/subsystem_fbus_in_async/source/source_valid_0/io_out_source_valid_0/output_chain      17.6400     0.0       1.4112     16.2288       0.0000 AsyncResetSynchronizerPrimitiveShiftReg_d3_i0_39
system/subsystem_fbus_in_async/source/source_valid_1      16.9344     0.0       0.0000      0.0000       0.0000 AsyncValidSync_30
system/subsystem_fbus_in_async/source/source_valid_1/io_out_source_valid_0      16.9344     0.0       0.0000      0.0000       0.0000 AsyncResetSynchronizerShiftReg_w1_d3_i0_1_30
system/subsystem_fbus_in_async/source/source_valid_1/io_out_source_valid_0/output_chain      16.9344     0.0       0.7056     16.2288       0.0000 AsyncResetSynchronizerPrimitiveShiftReg_d3_i0_38
system/subsystem_fbus_out_async      2602.2528      0.1        0.0000       0.0000        0.0000  AsyncQueue_1
system/subsystem_fbus_out_async/sink     720.6528     0.0     335.1600     43.2768        0.0000  AsyncQueueSink_1
system/subsystem_fbus_out_async/sink/io_deq_bits_deq_bits_reg     206.0352     0.0       2.8224    203.2128       0.0000 ClockCrossingReg_w32_1
system/subsystem_fbus_out_async/sink/sink_valid_0      17.6400     0.0       0.0000      0.0000       0.0000 AsyncValidSync_35
system/subsystem_fbus_out_async/sink/sink_valid_0/io_out_source_valid_0      17.6400     0.0       0.0000      0.0000       0.0000 AsyncResetSynchronizerShiftReg_w1_d3_i0_1_35
system/subsystem_fbus_out_async/sink/sink_valid_0/io_out_source_valid_0/output_chain      17.6400     0.0       1.4112     16.2288       0.0000 AsyncResetSynchronizerPrimitiveShiftReg_d3_i0_43
system/subsystem_fbus_out_async/sink/sink_valid_1      16.9344     0.0       0.0000      0.0000       0.0000 AsyncValidSync_34
system/subsystem_fbus_out_async/sink/sink_valid_1/io_out_source_valid_0      16.9344     0.0       0.0000      0.0000       0.0000 AsyncResetSynchronizerShiftReg_w1_d3_i0_1_34
system/subsystem_fbus_out_async/sink/sink_valid_1/io_out_source_valid_0/output_chain      16.9344     0.0       0.7056     16.2288       0.0000 AsyncResetSynchronizerPrimitiveShiftReg_d3_i0_42
system/subsystem_fbus_out_async/sink/source_extend      16.9344     0.0       0.0000      0.0000       0.0000 AsyncValidSync_33
system/subsystem_fbus_out_async/sink/source_extend/io_out_source_valid_0      16.9344     0.0       0.0000      0.0000       0.0000 AsyncResetSynchronizerShiftReg_w1_d3_i0_1_33
system/subsystem_fbus_out_async/sink/source_extend/io_out_source_valid_0/output_chain      16.9344     0.0       0.7056     16.2288       0.0000 AsyncResetSynchronizerPrimitiveShiftReg_d3_i0_41
system/subsystem_fbus_out_async/sink/source_valid      16.9344     0.0       0.0000      0.0000       0.0000 AsyncValidSync_32
system/subsystem_fbus_out_async/sink/source_valid/io_out_source_valid_0      16.9344     0.0       0.0000      0.0000       0.0000 AsyncResetSynchronizerShiftReg_w1_d3_i0_1_32
system/subsystem_fbus_out_async/sink/source_valid/io_out_source_valid_0/output_chain      16.9344     0.0       0.7056     16.2288       0.0000 AsyncResetSynchronizerPrimitiveShiftReg_d3_i0_40
system/subsystem_fbus_out_async/sink/widx_widx_gray      67.7376     0.0       0.0000      0.0000       0.0000 AsyncResetSynchronizerShiftReg_w4_d3_i0_2
system/subsystem_fbus_out_async/sink/widx_widx_gray/output_chain      16.9344     0.0       0.7056     16.2288       0.0000 AsyncResetSynchronizerPrimitiveShiftReg_d3_i0_61
system/subsystem_fbus_out_async/sink/widx_widx_gray/output_chain_1      16.9344     0.0       0.7056     16.2288       0.0000 AsyncResetSynchronizerPrimitiveShiftReg_d3_i0_60
system/subsystem_fbus_out_async/sink/widx_widx_gray/output_chain_2      16.9344     0.0       0.7056     16.2288       0.0000 AsyncResetSynchronizerPrimitiveShiftReg_d3_i0_59
system/subsystem_fbus_out_async/sink/widx_widx_gray/output_chain_3      16.9344     0.0       0.7056     16.2288       0.0000 AsyncResetSynchronizerPrimitiveShiftReg_d3_i0_58
system/subsystem_fbus_out_async/source    1881.6000     0.1      75.4992   1668.9792       0.0000 AsyncQueueSource_1
system/subsystem_fbus_out_async/source/ridx_ridx_gray      68.6784     0.0       0.9408      0.0000       0.0000 AsyncResetSynchronizerShiftReg_w4_d3_i0_3
system/subsystem_fbus_out_async/source/ridx_ridx_gray/output_chain      16.9344     0.0       0.7056     16.2288       0.0000 AsyncResetSynchronizerPrimitiveShiftReg_d3_i0_65
system/subsystem_fbus_out_async/source/ridx_ridx_gray/output_chain_1      16.9344     0.0       0.7056     16.2288       0.0000 AsyncResetSynchronizerPrimitiveShiftReg_d3_i0_64
system/subsystem_fbus_out_async/source/ridx_ridx_gray/output_chain_2      16.9344     0.0       0.7056     16.2288       0.0000 AsyncResetSynchronizerPrimitiveShiftReg_d3_i0_63
system/subsystem_fbus_out_async/source/ridx_ridx_gray/output_chain_3      16.9344     0.0       0.7056     16.2288       0.0000 AsyncResetSynchronizerPrimitiveShiftReg_d3_i0_62
system/subsystem_fbus_out_async/source/sink_extend      16.9344     0.0       0.0000      0.0000       0.0000 AsyncValidSync_37
system/subsystem_fbus_out_async/source/sink_extend/io_out_source_valid_0      16.9344     0.0       0.0000      0.0000       0.0000 AsyncResetSynchronizerShiftReg_w1_d3_i0_1_37
system/subsystem_fbus_out_async/source/sink_extend/io_out_source_valid_0/output_chain      16.9344     0.0       0.7056     16.2288       0.0000 AsyncResetSynchronizerPrimitiveShiftReg_d3_i0_45
system/subsystem_fbus_out_async/source/sink_valid      16.9344     0.0       0.0000      0.0000       0.0000 AsyncValidSync_36
system/subsystem_fbus_out_async/source/sink_valid/io_out_source_valid_0      16.9344     0.0       0.0000      0.0000       0.0000 AsyncResetSynchronizerShiftReg_w1_d3_i0_1_36
system/subsystem_fbus_out_async/source/sink_valid/io_out_source_valid_0/output_chain      16.9344     0.0       0.7056     16.2288       0.0000 AsyncResetSynchronizerPrimitiveShiftReg_d3_i0_44
system/subsystem_fbus_out_async/source/source_valid_0      17.6400     0.0       0.0000      0.0000       0.0000 AsyncValidSync_39
system/subsystem_fbus_out_async/source/source_valid_0/io_out_source_valid_0      17.6400     0.0       0.0000      0.0000       0.0000 AsyncResetSynchronizerShiftReg_w1_d3_i0_1_39
system/subsystem_fbus_out_async/source/source_valid_0/io_out_source_valid_0/output_chain      17.6400     0.0       1.4112     16.2288       0.0000 AsyncResetSynchronizerPrimitiveShiftReg_d3_i0_47
system/subsystem_fbus_out_async/source/source_valid_1      16.9344     0.0       0.0000      0.0000       0.0000 AsyncValidSync_38
system/subsystem_fbus_out_async/source/source_valid_1/io_out_source_valid_0      16.9344     0.0       0.0000      0.0000       0.0000 AsyncResetSynchronizerShiftReg_w1_d3_i0_1_38
system/subsystem_fbus_out_async/source/source_valid_1/io_out_source_valid_0/output_chain      16.9344     0.0       0.7056     16.2288       0.0000 AsyncResetSynchronizerPrimitiveShiftReg_d3_i0_46
system/subsystem_fbus_outer_reset_catcher      18.3456     0.0       0.7056      0.0000       0.0000 ResetCatchAndSync_d3_1
system/subsystem_fbus_outer_reset_catcher/io_sync_reset_chain      17.6400     0.0       0.0000      0.0000       0.0000 AsyncResetSynchronizerShiftReg_w1_d3_i0_11
system/subsystem_fbus_outer_reset_catcher/io_sync_reset_chain/output_chain      17.6400     0.0       1.4112     16.2288       0.0000 AsyncResetSynchronizerPrimitiveShiftReg_d3_i0_66
system/subsystem_fbus_serdesser      2018.0160      0.1       75.7344      42.3360        0.0000  TLSerdesser
system/subsystem_fbus_serdesser/inDes     808.1472     0.0      33.6336    774.5136       0.0000  GenericDeserializer
system/subsystem_fbus_serdesser/outArb     146.5296     0.0     137.1216      9.4080       0.0000 HellaPeekingArbiter
system/subsystem_fbus_serdesser/outSer     945.2688     0.0     347.8608    597.4080       0.0000 GenericSerializer
system/subsystem_l2_wrapper        667753.5098     19.1        0.9408       0.0000        0.0000  CoherenceManagerWrapper
system/subsystem_l2_wrapper/InclusiveCache_inner_TLBuffer    3400.7568     0.1     178.7520      0.0000       0.0000 TLBuffer_11
system/subsystem_l2_wrapper/InclusiveCache_inner_TLBuffer/bundleIn_0_d_q    1418.7264     0.0     361.7376      4.7040       0.0000 Queue_63
system/subsystem_l2_wrapper/InclusiveCache_inner_TLBuffer/bundleIn_0_d_q/ram_ext    1052.2848     0.0     360.7968    691.4880       0.0000 ram_combMem_35
system/subsystem_l2_wrapper/InclusiveCache_inner_TLBuffer/x1_a_q    1803.2784     0.1     460.2864      4.7040       0.0000 Queue_62
system/subsystem_l2_wrapper/InclusiveCache_inner_TLBuffer/x1_a_q/ram_ext    1338.2880     0.0     458.6400    879.6480       0.0000 ram_combMem_42
system/subsystem_l2_wrapper/binder     168.8736     0.0      168.8736       0.0000        0.0000  BankBinder
system/subsystem_l2_wrapper/cork      831.1968      0.0      406.1904      84.9072        0.0000  TLCacheCork
system/subsystem_l2_wrapper/cork/pool     142.5312     0.0      86.0832     56.4480       0.0000  IDPool
system/subsystem_l2_wrapper/cork/q      98.7840     0.0       16.4640      14.1120        0.0000  Queue_59_2
system/subsystem_l2_wrapper/cork/q/ram_ext      68.2080     0.0      30.5760     37.6320       0.0000 ram_combMem_15_2
system/subsystem_l2_wrapper/cork/q_1      98.7840     0.0      16.4640     14.1120        0.0000  Queue_59_1
system/subsystem_l2_wrapper/cork/q_1/ram_ext      68.2080     0.0      30.5760     37.6320       0.0000 ram_combMem_15_1
system/subsystem_l2_wrapper/l2     663351.7417     18.9      228.3792     282.2400        0.0000  InclusiveCache
system/subsystem_l2_wrapper/l2/inclusive_cache_bank_sched  662617.6825    18.9    7277.7937    108.1920       0.0000 InclusiveCacheBankScheduler
system/subsystem_l2_wrapper/l2/inclusive_cache_bank_sched/abc_mshrs_0    1176.9408     0.0     611.0496    565.8912       0.0000 MSHR_11
system/subsystem_l2_wrapper/l2/inclusive_cache_bank_sched/abc_mshrs_1    1213.1616     0.0     640.4496    572.7120       0.0000 MSHR_10
system/subsystem_l2_wrapper/l2/inclusive_cache_bank_sched/abc_mshrs_2    1194.5808     0.0     626.3376    568.2432       0.0000 MSHR_9
system/subsystem_l2_wrapper/l2/inclusive_cache_bank_sched/abc_mshrs_3    1206.1056     0.0     632.4528    573.6528       0.0000 MSHR_8
system/subsystem_l2_wrapper/l2/inclusive_cache_bank_sched/abc_mshrs_4    1196.6976     0.0     624.4560    572.2416       0.0000 MSHR_7
system/subsystem_l2_wrapper/l2/inclusive_cache_bank_sched/abc_mshrs_5    1208.2224     0.0     642.5664    565.6560       0.0000 MSHR_6
system/subsystem_l2_wrapper/l2/inclusive_cache_bank_sched/abc_mshrs_6    1200.9312     0.0     636.9216    564.0096       0.0000 MSHR_5
system/subsystem_l2_wrapper/l2/inclusive_cache_bank_sched/abc_mshrs_7    1190.1120     0.0     619.0464    571.0656       0.0000 MSHR_4
system/subsystem_l2_wrapper/l2/inclusive_cache_bank_sched/abc_mshrs_8    1259.4960     0.0     676.2000    583.2960       0.0000 MSHR_3
system/subsystem_l2_wrapper/l2/inclusive_cache_bank_sched/abc_mshrs_9    1210.3392     0.0     647.0352    563.3040       0.0000 MSHR_2
system/subsystem_l2_wrapper/l2/inclusive_cache_bank_sched/bankedStore  488076.2324    13.9    3650.3040   3439.5648       0.0000 BankedStore
system/subsystem_l2_wrapper/l2/inclusive_cache_bank_sched/bankedStore/cc_banks_0   60123.2954     1.7       0.0000      0.0000       0.0000 cc_banks_0
system/subsystem_l2_wrapper/l2/inclusive_cache_bank_sched/bankedStore/cc_banks_0/cc_banks_0_ext   60123.2954     1.7       0.0000      0.0000       0.0000 cc_banks_0_ext_7
system/subsystem_l2_wrapper/l2/inclusive_cache_bank_sched/bankedStore/cc_banks_0/cc_banks_0_ext/mem_0_0   60123.2954     1.7       0.7056      0.0000   60122.5898 split_cc_banks_0_ext_ip_7
system/subsystem_l2_wrapper/l2/inclusive_cache_bank_sched/bankedStore/cc_banks_1   60123.2954     1.7       0.0000      0.0000       0.0000 cc_banks_1
system/subsystem_l2_wrapper/l2/inclusive_cache_bank_sched/bankedStore/cc_banks_1/cc_banks_0_ext   60123.2954     1.7       0.0000      0.0000       0.0000 cc_banks_0_ext_6
system/subsystem_l2_wrapper/l2/inclusive_cache_bank_sched/bankedStore/cc_banks_1/cc_banks_0_ext/mem_0_0   60123.2954     1.7       0.7056      0.0000   60122.5898 split_cc_banks_0_ext_ip_6
system/subsystem_l2_wrapper/l2/inclusive_cache_bank_sched/bankedStore/cc_banks_2   60123.2954     1.7       0.0000      0.0000       0.0000 cc_banks_2
system/subsystem_l2_wrapper/l2/inclusive_cache_bank_sched/bankedStore/cc_banks_2/cc_banks_0_ext   60123.2954     1.7       0.0000      0.0000       0.0000 cc_banks_0_ext_5
system/subsystem_l2_wrapper/l2/inclusive_cache_bank_sched/bankedStore/cc_banks_2/cc_banks_0_ext/mem_0_0   60123.2954     1.7       0.7056      0.0000   60122.5898 split_cc_banks_0_ext_ip_5
system/subsystem_l2_wrapper/l2/inclusive_cache_bank_sched/bankedStore/cc_banks_3   60123.2954     1.7       0.0000      0.0000       0.0000 cc_banks_3
system/subsystem_l2_wrapper/l2/inclusive_cache_bank_sched/bankedStore/cc_banks_3/cc_banks_0_ext   60123.2954     1.7       0.0000      0.0000       0.0000 cc_banks_0_ext_4
system/subsystem_l2_wrapper/l2/inclusive_cache_bank_sched/bankedStore/cc_banks_3/cc_banks_0_ext/mem_0_0   60123.2954     1.7       0.7056      0.0000   60122.5898 split_cc_banks_0_ext_ip_4
system/subsystem_l2_wrapper/l2/inclusive_cache_bank_sched/bankedStore/cc_banks_4   60123.2954     1.7       0.0000      0.0000       0.0000 cc_banks_4
system/subsystem_l2_wrapper/l2/inclusive_cache_bank_sched/bankedStore/cc_banks_4/cc_banks_0_ext   60123.2954     1.7       0.0000      0.0000       0.0000 cc_banks_0_ext_3
system/subsystem_l2_wrapper/l2/inclusive_cache_bank_sched/bankedStore/cc_banks_4/cc_banks_0_ext/mem_0_0   60123.2954     1.7       0.7056      0.0000   60122.5898 split_cc_banks_0_ext_ip_3
system/subsystem_l2_wrapper/l2/inclusive_cache_bank_sched/bankedStore/cc_banks_5   60123.2954     1.7       0.0000      0.0000       0.0000 cc_banks_5
system/subsystem_l2_wrapper/l2/inclusive_cache_bank_sched/bankedStore/cc_banks_5/cc_banks_0_ext   60123.2954     1.7       0.0000      0.0000       0.0000 cc_banks_0_ext_2
system/subsystem_l2_wrapper/l2/inclusive_cache_bank_sched/bankedStore/cc_banks_5/cc_banks_0_ext/mem_0_0   60123.2954     1.7       0.7056      0.0000   60122.5898 split_cc_banks_0_ext_ip_2
system/subsystem_l2_wrapper/l2/inclusive_cache_bank_sched/bankedStore/cc_banks_6   60123.2954     1.7       0.0000      0.0000       0.0000 cc_banks_6
system/subsystem_l2_wrapper/l2/inclusive_cache_bank_sched/bankedStore/cc_banks_6/cc_banks_0_ext   60123.2954     1.7       0.0000      0.0000       0.0000 cc_banks_0_ext_1
system/subsystem_l2_wrapper/l2/inclusive_cache_bank_sched/bankedStore/cc_banks_6/cc_banks_0_ext/mem_0_0   60123.2954     1.7       0.7056      0.0000   60122.5898 split_cc_banks_0_ext_ip_1
system/subsystem_l2_wrapper/l2/inclusive_cache_bank_sched/bankedStore/cc_banks_7   60123.2954     1.7       0.0000      0.0000       0.0000 cc_banks_7
system/subsystem_l2_wrapper/l2/inclusive_cache_bank_sched/bankedStore/cc_banks_7/cc_banks_0_ext   60123.2954     1.7       0.0000      0.0000       0.0000 cc_banks_0_ext_0
system/subsystem_l2_wrapper/l2/inclusive_cache_bank_sched/bankedStore/cc_banks_7/cc_banks_0_ext/mem_0_0   60123.2954     1.7       0.7056      0.0000   60122.5898 split_cc_banks_0_ext_ip_0
system/subsystem_l2_wrapper/l2/inclusive_cache_bank_sched/bc_mshr    1188.4656     0.0     616.4592    572.0064       0.0000 MSHR_1
system/subsystem_l2_wrapper/l2/inclusive_cache_bank_sched/c_mshr    1197.8736     0.0     617.4000    580.4736       0.0000 MSHR_0
system/subsystem_l2_wrapper/l2/inclusive_cache_bank_sched/directory   33584.2079     1.0     880.5888    186.7488       0.0000 Directory
system/subsystem_l2_wrapper/l2/inclusive_cache_bank_sched/directory/cc_dir   32181.0047     0.9       0.0000      0.0000       0.0000 cc_dir
system/subsystem_l2_wrapper/l2/inclusive_cache_bank_sched/directory/cc_dir/cc_dir_ext   32181.0047     0.9       0.0000      0.0000       0.0000 cc_dir_ext
system/subsystem_l2_wrapper/l2/inclusive_cache_bank_sched/directory/cc_dir/cc_dir_ext/mem_0_0    4022.6256     0.1       2.1168      0.0000    4020.5088 split_cc_dir_ext_ip_7
system/subsystem_l2_wrapper/l2/inclusive_cache_bank_sched/directory/cc_dir/cc_dir_ext/mem_0_1    4022.6256     0.1       2.1168      0.0000    4020.5088 split_cc_dir_ext_ip_6
system/subsystem_l2_wrapper/l2/inclusive_cache_bank_sched/directory/cc_dir/cc_dir_ext/mem_0_2    4022.6256     0.1       2.1168      0.0000    4020.5088 split_cc_dir_ext_ip_5
system/subsystem_l2_wrapper/l2/inclusive_cache_bank_sched/directory/cc_dir/cc_dir_ext/mem_0_3    4022.6256     0.1       2.1168      0.0000    4020.5088 split_cc_dir_ext_ip_4
system/subsystem_l2_wrapper/l2/inclusive_cache_bank_sched/directory/cc_dir/cc_dir_ext/mem_0_4    4022.6256     0.1       2.1168      0.0000    4020.5088 split_cc_dir_ext_ip_3
system/subsystem_l2_wrapper/l2/inclusive_cache_bank_sched/directory/cc_dir/cc_dir_ext/mem_0_5    4022.6256     0.1       2.1168      0.0000    4020.5088 split_cc_dir_ext_ip_2
system/subsystem_l2_wrapper/l2/inclusive_cache_bank_sched/directory/cc_dir/cc_dir_ext/mem_0_6    4022.6256     0.1       2.1168      0.0000    4020.5088 split_cc_dir_ext_ip_1
system/subsystem_l2_wrapper/l2/inclusive_cache_bank_sched/directory/cc_dir/cc_dir_ext/mem_0_7    4022.6256     0.1       2.1168      0.0000    4020.5088 split_cc_dir_ext_ip_0
system/subsystem_l2_wrapper/l2/inclusive_cache_bank_sched/directory/victimLFSR_prng     118.7760     0.0      43.5120     75.2640       0.0000 MaxPeriodFibonacciLFSR_1
system/subsystem_l2_wrapper/l2/inclusive_cache_bank_sched/directory/write     217.0896     0.0       4.9392      4.7040       0.0000 Queue_61
system/subsystem_l2_wrapper/l2/inclusive_cache_bank_sched/directory/write/ram_ext     207.4464     0.0      71.0304    136.4160       0.0000 ram_combMem_10
system/subsystem_l2_wrapper/l2/inclusive_cache_bank_sched/requests   16689.7921     0.5     513.4416    301.0560       0.0000 ListBuffer_2
system/subsystem_l2_wrapper/l2/inclusive_cache_bank_sched/requests/data_ext   10770.7489     0.3    4975.4209   5795.3280       0.0000 data_combMem
system/subsystem_l2_wrapper/l2/inclusive_cache_bank_sched/requests/head_ext    2034.0096     0.1    1187.2896    846.7200       0.0000 head_combMem_0
system/subsystem_l2_wrapper/l2/inclusive_cache_bank_sched/requests/next_ext    1218.3360     0.0     559.7760    658.5600       0.0000 next_combMem_0
system/subsystem_l2_wrapper/l2/inclusive_cache_bank_sched/requests/tail_ext    1852.2000     0.1    1005.4800    846.7200       0.0000 tail_combMem_0
system/subsystem_l2_wrapper/l2/inclusive_cache_bank_sched/sinkA   59167.6178     1.7     476.2800    235.6704       0.0000 SinkA
system/subsystem_l2_wrapper/l2/inclusive_cache_bank_sched/sinkA/putbuffer   58455.6674     1.7     651.2688    376.3200       0.0000 ListBuffer
system/subsystem_l2_wrapper/l2/inclusive_cache_bank_sched/sinkA/putbuffer/data_ext   50326.4498     1.4   23231.4098  27095.0400       0.0000 data_combMem_1
system/subsystem_l2_wrapper/l2/inclusive_cache_bank_sched/sinkA/putbuffer/head_ext    2469.1296     0.1    1340.1696   1128.9600       0.0000 head_combMem_1
system/subsystem_l2_wrapper/l2/inclusive_cache_bank_sched/sinkA/putbuffer/next_ext    2163.1344     0.1    1032.7632   1130.3712       0.0000 next_combMem_1
system/subsystem_l2_wrapper/l2/inclusive_cache_bank_sched/sinkA/putbuffer/tail_ext    2469.3648     0.1    1340.4048   1128.9600       0.0000 tail_combMem_1
system/subsystem_l2_wrapper/l2/inclusive_cache_bank_sched/sinkC   13230.7056     0.4     420.7728    679.0224       0.0000 SinkC
system/subsystem_l2_wrapper/l2/inclusive_cache_bank_sched/sinkC/c    2669.0496     0.1      19.5216     14.1120       0.0000 Queue_57
system/subsystem_l2_wrapper/l2/inclusive_cache_bank_sched/sinkC/c/ram_ext    2635.4160     0.1    1158.3600   1477.0560       0.0000 ram_combMem_38
system/subsystem_l2_wrapper/l2/inclusive_cache_bank_sched/sinkC/io_bs_adr_q     106.7808     0.0       1.4112      4.7040       0.0000 Queue_58
system/subsystem_l2_wrapper/l2/inclusive_cache_bank_sched/sinkC/io_bs_adr_q/ram_ext     100.6656     0.0      34.8096     65.8560       0.0000 ram_combMem_8
system/subsystem_l2_wrapper/l2/inclusive_cache_bank_sched/sinkC/putbuffer    9355.0800     0.3     106.7808     47.0400       0.0000 ListBuffer_1
system/subsystem_l2_wrapper/l2/inclusive_cache_bank_sched/sinkC/putbuffer/data_ext    8847.7536     0.3    4030.8576   4816.8960       0.0000 data_combMem_0
system/subsystem_l2_wrapper/l2/inclusive_cache_bank_sched/sinkC/putbuffer/head_ext      61.1520     0.0      32.9280     28.2240       0.0000 head_combMem
system/subsystem_l2_wrapper/l2/inclusive_cache_bank_sched/sinkC/putbuffer/next_ext     230.4960     0.0     117.6000    112.8960       0.0000 next_combMem
system/subsystem_l2_wrapper/l2/inclusive_cache_bank_sched/sinkC/putbuffer/tail_ext      61.8576     0.0      33.6336     28.2240       0.0000 tail_combMem
system/subsystem_l2_wrapper/l2/inclusive_cache_bank_sched/sinkD    1465.2960     0.0      91.4928     47.0400       0.0000 SinkD
system/subsystem_l2_wrapper/l2/inclusive_cache_bank_sched/sinkD/d    1326.7632     0.0      19.0512     14.3472       0.0000 Queue_59_0
system/subsystem_l2_wrapper/l2/inclusive_cache_bank_sched/sinkD/d/ram_ext    1293.3648     0.0     568.9488    724.4160       0.0000 ram_combMem_15_0
system/subsystem_l2_wrapper/l2/inclusive_cache_bank_sched/sinkE       4.7040     0.0       4.7040      0.0000       0.0000 SinkE
system/subsystem_l2_wrapper/l2/inclusive_cache_bank_sched/sinkX     166.5216     0.0       0.0000      0.0000       0.0000 SinkX
system/subsystem_l2_wrapper/l2/inclusive_cache_bank_sched/sinkX/x     166.5216     0.0       4.7040      4.7040       0.0000 Queue_60
system/subsystem_l2_wrapper/l2/inclusive_cache_bank_sched/sinkX/x/ram_address_ext     157.1136     0.0      53.6256    103.4880       0.0000 ram_address_combMem
system/subsystem_l2_wrapper/l2/inclusive_cache_bank_sched/sourceA     548.0160     0.0       0.7056      0.0000       0.0000 SourceA
system/subsystem_l2_wrapper/l2/inclusive_cache_bank_sched/sourceA/io_a_q     547.3104     0.0      29.4000     29.6352       0.0000 Queue_52
system/subsystem_l2_wrapper/l2/inclusive_cache_bank_sched/sourceA/io_a_q/ram_ext     488.2752     0.0     215.4432    272.8320       0.0000 ram_combMem_27
system/subsystem_l2_wrapper/l2/inclusive_cache_bank_sched/sourceB     231.2016     0.0      66.3264    164.8752       0.0000 SourceB
system/subsystem_l2_wrapper/l2/inclusive_cache_bank_sched/sourceC   10240.3729     0.3     211.9152    584.7072       0.0000 SourceC
system/subsystem_l2_wrapper/l2/inclusive_cache_bank_sched/sourceC/queue    9443.7505     0.3      45.1584     42.3360       0.0000 Queue_53
system/subsystem_l2_wrapper/l2/inclusive_cache_bank_sched/sourceC/queue/ram_ext    9356.2561     0.3    4106.5921   5249.6640       0.0000 ram_combMem_24
system/subsystem_l2_wrapper/l2/inclusive_cache_bank_sched/sourceD   17248.6273     0.5    3823.8816   6988.0272       0.0000 SourceD
system/subsystem_l2_wrapper/l2/inclusive_cache_bank_sched/sourceD/atomics    2907.5425     0.1    2907.5425      0.0000       0.0000 Atomics
system/subsystem_l2_wrapper/l2/inclusive_cache_bank_sched/sourceD/queue    3529.1760     0.1     346.4496     23.5200       0.0000 Queue_54
system/subsystem_l2_wrapper/l2/inclusive_cache_bank_sched/sourceD/queue/ram_data_ext    3159.2064     0.1    1352.8704   1806.3360       0.0000 ram_data_combMem
system/subsystem_l2_wrapper/l2/inclusive_cache_bank_sched/sourceE     118.5408     0.0       0.0000      0.0000       0.0000 SourceE
system/subsystem_l2_wrapper/l2/inclusive_cache_bank_sched/sourceE/io_e_q     118.5408     0.0      29.4000     37.3968       0.0000 Queue_55
system/subsystem_l2_wrapper/l2/inclusive_cache_bank_sched/sourceE/io_e_q/ram_sink_ext      51.7440     0.0      23.5200     28.2240       0.0000 ram_sink_combMem
system/subsystem_l2_wrapper/l2/inclusive_cache_bank_sched/sourceX      16.9344     0.0       0.0000      0.0000       0.0000 SourceX
system/subsystem_l2_wrapper/l2/inclusive_cache_bank_sched/sourceX/io_x_q      16.9344     0.0       4.4688     12.4656       0.0000 Queue_56
system/subsystem_l2_wrapper/l2/out_back     223.4400     0.0       4.2336      4.7040       0.0000 Queue_51
system/subsystem_l2_wrapper/l2/out_back/ram_ext     214.5024     0.0      73.3824    141.1200       0.0000 ram_combMem_19
system/subsystem_mbus                5752.0512      0.2        0.0000       0.0000        0.0000  MemoryBus
system/subsystem_mbus/coupler_to_memory_controller_port_named_axi4    5412.1872     0.2     168.8736      0.0000       0.0000 TLInterconnectCoupler_17
system/subsystem_mbus/coupler_to_memory_controller_port_named_axi4/axi4index     240.8448     0.0     240.8448      0.0000       0.0000 AXI4IdIndexer
system/subsystem_mbus/coupler_to_memory_controller_port_named_axi4/axi4yank    3603.4992     0.1     716.6544      0.0000       0.0000 AXI4UserYanker
system/subsystem_mbus/coupler_to_memory_controller_port_named_axi4/axi4yank/Queue     164.1696     0.0      15.9936     14.1120       0.0000 Queue_17_7
system/subsystem_mbus/coupler_to_memory_controller_port_named_axi4/axi4yank/Queue/ram_ext     134.0640     0.0      58.8000     75.2640       0.0000 ram_combMem_7_7
system/subsystem_mbus/coupler_to_memory_controller_port_named_axi4/axi4yank/Queue_1     164.8752     0.0      16.6992     14.1120       0.0000 Queue_17_6
system/subsystem_mbus/coupler_to_memory_controller_port_named_axi4/axi4yank/Queue_1/ram_ext     134.0640     0.0      58.8000     75.2640       0.0000 ram_combMem_7_6
system/subsystem_mbus/coupler_to_memory_controller_port_named_axi4/axi4yank/Queue_10      65.3856     0.0       4.2336      4.7040       0.0000 Queue_21_17
system/subsystem_mbus/coupler_to_memory_controller_port_named_axi4/axi4yank/Queue_10/ram_ext      56.4480     0.0      18.8160     37.6320       0.0000 ram_combMem_6_17
system/subsystem_mbus/coupler_to_memory_controller_port_named_axi4/axi4yank/Queue_11      65.3856     0.0       4.2336      4.7040       0.0000 Queue_21_16
system/subsystem_mbus/coupler_to_memory_controller_port_named_axi4/axi4yank/Queue_11/ram_ext      56.4480     0.0      18.8160     37.6320       0.0000 ram_combMem_6_16
system/subsystem_mbus/coupler_to_memory_controller_port_named_axi4/axi4yank/Queue_12      65.3856     0.0       4.2336      4.7040       0.0000 Queue_21_15
system/subsystem_mbus/coupler_to_memory_controller_port_named_axi4/axi4yank/Queue_12/ram_ext      56.4480     0.0      18.8160     37.6320       0.0000 ram_combMem_6_15
system/subsystem_mbus/coupler_to_memory_controller_port_named_axi4/axi4yank/Queue_13      65.3856     0.0       4.2336      4.7040       0.0000 Queue_21_14
system/subsystem_mbus/coupler_to_memory_controller_port_named_axi4/axi4yank/Queue_13/ram_ext      56.4480     0.0      18.8160     37.6320       0.0000 ram_combMem_6_14
system/subsystem_mbus/coupler_to_memory_controller_port_named_axi4/axi4yank/Queue_14      65.3856     0.0       4.2336      4.7040       0.0000 Queue_21_13
system/subsystem_mbus/coupler_to_memory_controller_port_named_axi4/axi4yank/Queue_14/ram_ext      56.4480     0.0      18.8160     37.6320       0.0000 ram_combMem_6_13
system/subsystem_mbus/coupler_to_memory_controller_port_named_axi4/axi4yank/Queue_15      65.3856     0.0       4.2336      4.7040       0.0000 Queue_21_12
system/subsystem_mbus/coupler_to_memory_controller_port_named_axi4/axi4yank/Queue_15/ram_ext      56.4480     0.0      18.8160     37.6320       0.0000 ram_combMem_6_12
system/subsystem_mbus/coupler_to_memory_controller_port_named_axi4/axi4yank/Queue_16     164.8752     0.0      16.6992     14.1120       0.0000 Queue_17_3
system/subsystem_mbus/coupler_to_memory_controller_port_named_axi4/axi4yank/Queue_16/ram_ext     134.0640     0.0      58.8000     75.2640       0.0000 ram_combMem_7_3
system/subsystem_mbus/coupler_to_memory_controller_port_named_axi4/axi4yank/Queue_17     164.8752     0.0      16.6992     14.1120       0.0000 Queue_17_2
system/subsystem_mbus/coupler_to_memory_controller_port_named_axi4/axi4yank/Queue_17/ram_ext     134.0640     0.0      58.8000     75.2640       0.0000 ram_combMem_7_2
system/subsystem_mbus/coupler_to_memory_controller_port_named_axi4/axi4yank/Queue_18     164.8752     0.0      16.6992     14.1120       0.0000 Queue_17_1
system/subsystem_mbus/coupler_to_memory_controller_port_named_axi4/axi4yank/Queue_18/ram_ext     134.0640     0.0      58.8000     75.2640       0.0000 ram_combMem_7_1
system/subsystem_mbus/coupler_to_memory_controller_port_named_axi4/axi4yank/Queue_19     164.1696     0.0      15.9936     14.1120       0.0000 Queue_17_0
system/subsystem_mbus/coupler_to_memory_controller_port_named_axi4/axi4yank/Queue_19/ram_ext     134.0640     0.0      58.8000     75.2640       0.0000 ram_combMem_7_0
system/subsystem_mbus/coupler_to_memory_controller_port_named_axi4/axi4yank/Queue_2     164.8752     0.0      16.6992     14.1120       0.0000 Queue_17_5
system/subsystem_mbus/coupler_to_memory_controller_port_named_axi4/axi4yank/Queue_2/ram_ext     134.0640     0.0      58.8000     75.2640       0.0000 ram_combMem_7_5
system/subsystem_mbus/coupler_to_memory_controller_port_named_axi4/axi4yank/Queue_20      65.3856     0.0       4.2336      4.7040       0.0000 Queue_21_11
system/subsystem_mbus/coupler_to_memory_controller_port_named_axi4/axi4yank/Queue_20/ram_ext      56.4480     0.0      18.8160     37.6320       0.0000 ram_combMem_6_11
system/subsystem_mbus/coupler_to_memory_controller_port_named_axi4/axi4yank/Queue_21      65.3856     0.0       4.2336      4.7040       0.0000 Queue_21_10
system/subsystem_mbus/coupler_to_memory_controller_port_named_axi4/axi4yank/Queue_21/ram_ext      56.4480     0.0      18.8160     37.6320       0.0000 ram_combMem_6_10
system/subsystem_mbus/coupler_to_memory_controller_port_named_axi4/axi4yank/Queue_22      65.3856     0.0       4.2336      4.7040       0.0000 Queue_21_9
system/subsystem_mbus/coupler_to_memory_controller_port_named_axi4/axi4yank/Queue_22/ram_ext      56.4480     0.0      18.8160     37.6320       0.0000 ram_combMem_6_9
system/subsystem_mbus/coupler_to_memory_controller_port_named_axi4/axi4yank/Queue_23      65.3856     0.0       4.2336      4.7040       0.0000 Queue_21_8
system/subsystem_mbus/coupler_to_memory_controller_port_named_axi4/axi4yank/Queue_23/ram_ext      56.4480     0.0      18.8160     37.6320       0.0000 ram_combMem_6_8
system/subsystem_mbus/coupler_to_memory_controller_port_named_axi4/axi4yank/Queue_24      65.3856     0.0       4.2336      4.7040       0.0000 Queue_21_7
system/subsystem_mbus/coupler_to_memory_controller_port_named_axi4/axi4yank/Queue_24/ram_ext      56.4480     0.0      18.8160     37.6320       0.0000 ram_combMem_6_7
system/subsystem_mbus/coupler_to_memory_controller_port_named_axi4/axi4yank/Queue_25      65.3856     0.0       4.2336      4.7040       0.0000 Queue_21_6
system/subsystem_mbus/coupler_to_memory_controller_port_named_axi4/axi4yank/Queue_25/ram_ext      56.4480     0.0      18.8160     37.6320       0.0000 ram_combMem_6_6
system/subsystem_mbus/coupler_to_memory_controller_port_named_axi4/axi4yank/Queue_26      65.3856     0.0       4.2336      4.7040       0.0000 Queue_21_5
system/subsystem_mbus/coupler_to_memory_controller_port_named_axi4/axi4yank/Queue_26/ram_ext      56.4480     0.0      18.8160     37.6320       0.0000 ram_combMem_6_5
system/subsystem_mbus/coupler_to_memory_controller_port_named_axi4/axi4yank/Queue_27      65.3856     0.0       4.2336      4.7040       0.0000 Queue_21_4
system/subsystem_mbus/coupler_to_memory_controller_port_named_axi4/axi4yank/Queue_27/ram_ext      56.4480     0.0      18.8160     37.6320       0.0000 ram_combMem_6_4
system/subsystem_mbus/coupler_to_memory_controller_port_named_axi4/axi4yank/Queue_28      65.3856     0.0       4.2336      4.7040       0.0000 Queue_21_3
system/subsystem_mbus/coupler_to_memory_controller_port_named_axi4/axi4yank/Queue_28/ram_ext      56.4480     0.0      18.8160     37.6320       0.0000 ram_combMem_6_3
system/subsystem_mbus/coupler_to_memory_controller_port_named_axi4/axi4yank/Queue_29      65.3856     0.0       4.2336      4.7040       0.0000 Queue_21_2
system/subsystem_mbus/coupler_to_memory_controller_port_named_axi4/axi4yank/Queue_29/ram_ext      56.4480     0.0      18.8160     37.6320       0.0000 ram_combMem_6_2
system/subsystem_mbus/coupler_to_memory_controller_port_named_axi4/axi4yank/Queue_3     164.8752     0.0      16.6992     14.1120       0.0000 Queue_17_4
system/subsystem_mbus/coupler_to_memory_controller_port_named_axi4/axi4yank/Queue_3/ram_ext     134.0640     0.0      58.8000     75.2640       0.0000 ram_combMem_7_4
system/subsystem_mbus/coupler_to_memory_controller_port_named_axi4/axi4yank/Queue_30      65.3856     0.0       4.2336      4.7040       0.0000 Queue_21_1
system/subsystem_mbus/coupler_to_memory_controller_port_named_axi4/axi4yank/Queue_30/ram_ext      56.4480     0.0      18.8160     37.6320       0.0000 ram_combMem_6_1
system/subsystem_mbus/coupler_to_memory_controller_port_named_axi4/axi4yank/Queue_31      65.3856     0.0       4.2336      4.7040       0.0000 Queue_21_0
system/subsystem_mbus/coupler_to_memory_controller_port_named_axi4/axi4yank/Queue_31/ram_ext      56.4480     0.0      18.8160     37.6320       0.0000 ram_combMem_6_0
system/subsystem_mbus/coupler_to_memory_controller_port_named_axi4/axi4yank/Queue_4      65.3856     0.0       4.2336      4.7040       0.0000 Queue_21_23
system/subsystem_mbus/coupler_to_memory_controller_port_named_axi4/axi4yank/Queue_4/ram_ext      56.4480     0.0      18.8160     37.6320       0.0000 ram_combMem_6_23
system/subsystem_mbus/coupler_to_memory_controller_port_named_axi4/axi4yank/Queue_5      65.3856     0.0       4.2336      4.7040       0.0000 Queue_21_22
system/subsystem_mbus/coupler_to_memory_controller_port_named_axi4/axi4yank/Queue_5/ram_ext      56.4480     0.0      18.8160     37.6320       0.0000 ram_combMem_6_22
system/subsystem_mbus/coupler_to_memory_controller_port_named_axi4/axi4yank/Queue_6      65.3856     0.0       4.2336      4.7040       0.0000 Queue_21_21
system/subsystem_mbus/coupler_to_memory_controller_port_named_axi4/axi4yank/Queue_6/ram_ext      56.4480     0.0      18.8160     37.6320       0.0000 ram_combMem_6_21
system/subsystem_mbus/coupler_to_memory_controller_port_named_axi4/axi4yank/Queue_7      65.3856     0.0       4.2336      4.7040       0.0000 Queue_21_20
system/subsystem_mbus/coupler_to_memory_controller_port_named_axi4/axi4yank/Queue_7/ram_ext      56.4480     0.0      18.8160     37.6320       0.0000 ram_combMem_6_20
system/subsystem_mbus/coupler_to_memory_controller_port_named_axi4/axi4yank/Queue_8      65.3856     0.0       4.2336      4.7040       0.0000 Queue_21_19
system/subsystem_mbus/coupler_to_memory_controller_port_named_axi4/axi4yank/Queue_8/ram_ext      56.4480     0.0      18.8160     37.6320       0.0000 ram_combMem_6_19
system/subsystem_mbus/coupler_to_memory_controller_port_named_axi4/axi4yank/Queue_9      65.3856     0.0       4.2336      4.7040       0.0000 Queue_21_18
system/subsystem_mbus/coupler_to_memory_controller_port_named_axi4/axi4yank/Queue_9/ram_ext      56.4480     0.0      18.8160     37.6320       0.0000 ram_combMem_6_18
system/subsystem_mbus/coupler_to_memory_controller_port_named_axi4/tl2axi4    1398.9696     0.0     424.3008    142.7664       0.0000 TLToAXI4
system/subsystem_mbus/coupler_to_memory_controller_port_named_axi4/tl2axi4/deq     531.7872     0.0       5.4096      4.7040       0.0000 Queue_49
system/subsystem_mbus/coupler_to_memory_controller_port_named_axi4/tl2axi4/deq/ram_ext     521.6736     0.0     178.2816    343.3920       0.0000 ram_combMem_13
system/subsystem_mbus/coupler_to_memory_controller_port_named_axi4/tl2axi4/queue_arw_deq     300.1152     0.0       4.9392      4.7040       0.0000 Queue_50
system/subsystem_mbus/coupler_to_memory_controller_port_named_axi4/tl2axi4/queue_arw_deq/ram_ext     290.4720     0.0      97.6080    192.8640       0.0000 ram_combMem_12
system/subsystem_mbus/fixedClockNode       2.1168     0.0       2.1168      0.0000        0.0000  FixedClockBroadcast_1_0
system/subsystem_mbus/fixer           168.4032      0.0      168.4032       0.0000        0.0000  TLFIFOFixer_4
system/subsystem_mbus/picker          169.3440      0.0      169.3440       0.0000        0.0000  ProbePicker
system/subsystem_pbus               11108.4960      0.3      269.5392     301.0560        0.0000  PeripheryBus
system/subsystem_pbus/atomics        3146.2704      0.1     2318.3664     827.9040        0.0000  TLAtomicAutomata
system/subsystem_pbus/buffer         2916.2448      0.1        0.0000       0.0000        0.0000  TLBuffer
system/subsystem_pbus/buffer/bundleIn_0_d_q    1290.3072     0.0      16.4640     14.1120       0.0000 Queue_1_2
system/subsystem_pbus/buffer/bundleIn_0_d_q/ram_ext    1259.7312     0.0     554.1312    705.6000       0.0000 ram_combMem_16_2
system/subsystem_pbus/buffer/x1_a_q    1625.9376     0.0      16.4640      14.1120        0.0000  Queue_2
system/subsystem_pbus/buffer/x1_a_q/ram_ext    1595.3616     0.0     701.6016    893.7600       0.0000 ram_combMem_29_1
system/subsystem_pbus/buffer_1       3017.1456      0.1        0.0000       0.0000        0.0000  TLBuffer_1
system/subsystem_pbus/buffer_1/bundleIn_0_d_q    1290.3072     0.0      16.4640     14.1120       0.0000 Queue_1_1
system/subsystem_pbus/buffer_1/bundleIn_0_d_q/ram_ext    1259.7312     0.0     554.1312    705.6000       0.0000 ram_combMem_16_1
system/subsystem_pbus/buffer_1/x1_a_q    1726.8384     0.0      16.4640     14.1120       0.0000  Queue_0
system/subsystem_pbus/buffer_1/x1_a_q/ram_ext    1696.2624     0.0     746.0544    950.2080       0.0000 ram_combMem_29_0
system/subsystem_pbus/coupler_to_bootaddressreg     467.1072     0.0       0.0000      0.0000       0.0000 TLInterconnectCoupler_4
system/subsystem_pbus/coupler_to_bootaddressreg/fragmenter     467.1072     0.0     215.6784     42.3360       0.0000 TLFragmenter
system/subsystem_pbus/coupler_to_bootaddressreg/fragmenter/repeater     209.0928     0.0      64.6800    144.4128       0.0000 Repeater_2
system/subsystem_pbus/coupler_to_device_named_uart_0     420.5376     0.0       0.0000      0.0000       0.0000 TLInterconnectCoupler_5
system/subsystem_pbus/coupler_to_device_named_uart_0/fragmenter     420.5376     0.0     169.1088     42.3360       0.0000 TLFragmenter_1
system/subsystem_pbus/coupler_to_device_named_uart_0/fragmenter/repeater     209.0928     0.0      64.6800    144.4128       0.0000 Repeater_3
system/subsystem_pbus/fixedClockNode       1.8816     0.0       1.8816      0.0000        0.0000  FixedClockBroadcast_1_1
system/subsystem_pbus/fixer           163.6992      0.0      163.6992       0.0000        0.0000  TLFIFOFixer_1
system/subsystem_pbus/out_xbar        405.0144      0.0      376.7904      28.2240        0.0000  TLXbar_2
system/subsystem_sbus                8646.8928      0.2        1.8816       0.0000        0.0000  SystemBus
system/subsystem_sbus/coupler_from_bus_named_subsystem_fbus    2014.7232     0.1       0.0000      0.0000       0.0000 TLInterconnectCoupler_1
system/subsystem_sbus/coupler_from_bus_named_subsystem_fbus/widget    2014.7232     0.1     803.9136    459.1104       0.0000 TLWidthWidget_1
system/subsystem_sbus/coupler_from_bus_named_subsystem_fbus/widget/repeated_repeater     751.6992     0.0     219.9120    531.7872       0.0000 Repeater_1
system/subsystem_sbus/coupler_to_bus_named_subsystem_cbus    2040.5952     0.1       0.0000      0.0000       0.0000 TLInterconnectCoupler
system/subsystem_sbus/coupler_to_bus_named_subsystem_cbus/widget    2040.5952     0.1     603.5232    319.8720       0.0000 TLWidthWidget
system/subsystem_sbus/coupler_to_bus_named_subsystem_cbus/widget/repeated_repeater    1117.2000     0.0     325.0464    792.1536       0.0000 Repeater
system/subsystem_sbus/fixedClockNode       1.8816     0.0       1.8816      0.0000        0.0000  FixedClockBroadcast
system/subsystem_sbus/fixer          1165.1808      0.0     1165.1808       0.0000        0.0000  TLFIFOFixer
system/subsystem_sbus/system_bus_xbar    3422.6304     0.1    3074.5344    348.0960       0.0000  TLXbar
system/tile_prci_domain           2717468.1396     77.6        0.0000       0.0000        0.0000  TilePRCIDomain
system/tile_prci_domain/buffer      15105.9552      0.4        2.8224       0.0000        0.0000  TLBuffer_15
system/tile_prci_domain/buffer/bundleIn_0_d_q    2313.1920     0.1      16.4640     14.1120       0.0000 Queue_83_1
system/tile_prci_domain/buffer/bundleIn_0_d_q/ram_ext    2282.6160     0.1    1003.1280   1279.4880       0.0000 ram_combMem_34_1
system/tile_prci_domain/buffer/bundleIn_1_d_q      79.4976     0.0      13.6416     14.1120       0.0000 Queue_83_0
system/tile_prci_domain/buffer/bundleIn_1_d_q/ram_ext      51.7440     0.0      23.5200     28.2240       0.0000 ram_combMem_34_0
system/tile_prci_domain/buffer/bundleIn_2_b_q     433.7088     0.0      16.4640     14.1120       0.0000 Queue_88
system/tile_prci_domain/buffer/bundleIn_2_b_q/ram_ext     403.1328     0.0     177.3408    225.7920       0.0000 ram_combMem_39
system/tile_prci_domain/buffer/bundleIn_2_d_q    2447.7264     0.1      16.4640     14.1120       0.0000 Queue_87
system/tile_prci_domain/buffer/bundleIn_2_d_q/ram_ext    2417.1504     0.1    1062.3984   1354.7520       0.0000 ram_combMem_33
system/tile_prci_domain/buffer/bundleOut_1_a_q    3037.6080     0.1      19.7568     14.1120       0.0000 Queue_82_0
system/tile_prci_domain/buffer/bundleOut_1_a_q/ram_ext    3003.7392     0.1    1319.7072   1684.0320       0.0000 ram_combMem_41_0
system/tile_prci_domain/buffer/bundleOut_2_a_q    3138.2736     0.1      18.8160     14.1120       0.0000 Queue_86
system/tile_prci_domain/buffer/bundleOut_2_a_q/ram_ext    3105.3456     0.1    1364.8656   1740.4800       0.0000 ram_combMem_40
system/tile_prci_domain/buffer/bundleOut_2_c_q    2665.7568     0.1      16.4640     14.1120       0.0000 Queue_89
system/tile_prci_domain/buffer/bundleOut_2_c_q/ram_ext    2635.1808     0.1    1158.1248   1477.0560       0.0000 ram_combMem_37
system/tile_prci_domain/buffer/bundleOut_2_e_q      95.9616     0.0      13.6416     14.1120       0.0000 Queue_90
system/tile_prci_domain/buffer/bundleOut_2_e_q/ram_sink_ext      68.2080     0.0      30.5760     37.6320       0.0000 ram_sink_combMem_0
system/tile_prci_domain/buffer/x1_a_q     891.4080     0.0      19.5216     15.0528       0.0000  Queue_82_1
system/tile_prci_domain/buffer/x1_a_q/ram_ext     856.8336     0.0     377.0256    479.8080       0.0000 ram_combMem_41_1
system/tile_prci_domain/intsink        14.1120      0.0        0.0000       0.0000        0.0000  IntSyncAsyncCrossingSink
system/tile_prci_domain/intsink/chain      14.1120     0.0       0.0000      0.0000       0.0000  SynchronizerShiftReg_w1_d3
system/tile_prci_domain/intsink/chain/output_chain      14.1120     0.0       0.0000     14.1120       0.0000 NonSyncResetSynchronizerPrimitiveShiftReg_d3
system/tile_prci_domain/intsink_1       1.8816      0.0        1.8816       0.0000        0.0000  IntSyncSyncCrossingSink
system/tile_prci_domain/intsink_2       0.9408      0.0        0.9408       0.0000        0.0000  IntSyncSyncCrossingSink_1_1
system/tile_prci_domain/intsink_3       0.9408      0.0        0.9408       0.0000        0.0000  IntSyncSyncCrossingSink_1_0
system/tile_prci_domain/tile_reset_domain_tile 2702344.3092    77.1       4.2336      0.0000       0.0000 RocketTile
system/tile_prci_domain/tile_reset_domain_tile/cmdRouter    1848.4368     0.1       5.4096      0.0000       0.0000 RoccCommandRouter
system/tile_prci_domain/tile_reset_domain_tile/cmdRouter/cmd    1843.0272     0.1      16.4640     14.1120       0.0000 Queue_79
system/tile_prci_domain/tile_reset_domain_tile/cmdRouter/cmd/ram_ext    1812.4512     0.1     796.3872   1016.0640       0.0000 ram_combMem_43
system/tile_prci_domain/tile_reset_domain_tile/core   54078.5955     1.5    5909.4001   4191.2640       0.0000 Rocket
system/tile_prci_domain/tile_reset_domain_tile/core/alu    2418.3264     0.1    2418.3264      0.0000       0.0000 ALU_26
system/tile_prci_domain/tile_reset_domain_tile/core/bpu     507.0912     0.0     507.0912      0.0000       0.0000 BreakpointUnit
system/tile_prci_domain/tile_reset_domain_tile/core/csr   11657.2177     0.3    6737.5393   4919.6784       0.0000 CSRFile
system/tile_prci_domain/tile_reset_domain_tile/core/div    9215.8417     0.3    8153.9137   1061.9280       0.0000 MulDiv
system/tile_prci_domain/tile_reset_domain_tile/core/ibuf    1139.7792     0.0     462.6384    338.6880       0.0000 IBuf
system/tile_prci_domain/tile_reset_domain_tile/core/ibuf/exp     338.4528     0.0     338.4528      0.0000       0.0000 RVCExpander
system/tile_prci_domain/tile_reset_domain_tile/core/rf_ext   19039.6753     0.5    9706.9393   9332.7360       0.0000 rf_combMem
system/tile_prci_domain/tile_reset_domain_tile/dcache  197115.7118     5.6    9264.2929  12927.5328       0.0000 DCache
system/tile_prci_domain/tile_reset_domain_tile/dcache/amoalus_0    1327.2336     0.0    1327.2336      0.0000       0.0000 AMOALU
system/tile_prci_domain/tile_reset_domain_tile/dcache/data  158548.3217     4.5      42.3360      0.0000       0.0000 DCacheDataArray
system/tile_prci_domain/tile_reset_domain_tile/dcache/data/data_arrays_0   79252.9929     2.3       0.0000      0.0000       0.0000 data_arrays_0
system/tile_prci_domain/tile_reset_domain_tile/dcache/data/data_arrays_0/data_arrays_0_ext   79252.9929     2.3      28.2240      0.0000       0.0000 data_arrays_0_ext_1
system/tile_prci_domain/tile_reset_domain_tile/dcache/data/data_arrays_0/data_arrays_0_ext/mem_0_0    2475.7740     0.1       2.1168      0.0000    2473.6572 split_data_arrays_0_ext_ip_63
system/tile_prci_domain/tile_reset_domain_tile/dcache/data/data_arrays_0/data_arrays_0_ext/mem_0_1    2475.7740     0.1       2.1168      0.0000    2473.6572 split_data_arrays_0_ext_ip_62
system/tile_prci_domain/tile_reset_domain_tile/dcache/data/data_arrays_0/data_arrays_0_ext/mem_0_10    2475.7740     0.1       2.1168      0.0000    2473.6572 split_data_arrays_0_ext_ip_53
system/tile_prci_domain/tile_reset_domain_tile/dcache/data/data_arrays_0/data_arrays_0_ext/mem_0_11    2475.7740     0.1       2.1168      0.0000    2473.6572 split_data_arrays_0_ext_ip_52
system/tile_prci_domain/tile_reset_domain_tile/dcache/data/data_arrays_0/data_arrays_0_ext/mem_0_12    2475.7740     0.1       2.1168      0.0000    2473.6572 split_data_arrays_0_ext_ip_51
system/tile_prci_domain/tile_reset_domain_tile/dcache/data/data_arrays_0/data_arrays_0_ext/mem_0_13    2475.7740     0.1       2.1168      0.0000    2473.6572 split_data_arrays_0_ext_ip_50
system/tile_prci_domain/tile_reset_domain_tile/dcache/data/data_arrays_0/data_arrays_0_ext/mem_0_14    2475.7740     0.1       2.1168      0.0000    2473.6572 split_data_arrays_0_ext_ip_49
system/tile_prci_domain/tile_reset_domain_tile/dcache/data/data_arrays_0/data_arrays_0_ext/mem_0_15    2475.7740     0.1       2.1168      0.0000    2473.6572 split_data_arrays_0_ext_ip_48
system/tile_prci_domain/tile_reset_domain_tile/dcache/data/data_arrays_0/data_arrays_0_ext/mem_0_16    2475.7740     0.1       2.1168      0.0000    2473.6572 split_data_arrays_0_ext_ip_47
system/tile_prci_domain/tile_reset_domain_tile/dcache/data/data_arrays_0/data_arrays_0_ext/mem_0_17    2475.7740     0.1       2.1168      0.0000    2473.6572 split_data_arrays_0_ext_ip_46
system/tile_prci_domain/tile_reset_domain_tile/dcache/data/data_arrays_0/data_arrays_0_ext/mem_0_18    2475.7740     0.1       2.1168      0.0000    2473.6572 split_data_arrays_0_ext_ip_45
system/tile_prci_domain/tile_reset_domain_tile/dcache/data/data_arrays_0/data_arrays_0_ext/mem_0_19    2475.7740     0.1       2.1168      0.0000    2473.6572 split_data_arrays_0_ext_ip_44
system/tile_prci_domain/tile_reset_domain_tile/dcache/data/data_arrays_0/data_arrays_0_ext/mem_0_2    2475.7740     0.1       2.1168      0.0000    2473.6572 split_data_arrays_0_ext_ip_61
system/tile_prci_domain/tile_reset_domain_tile/dcache/data/data_arrays_0/data_arrays_0_ext/mem_0_20    2475.7740     0.1       2.1168      0.0000    2473.6572 split_data_arrays_0_ext_ip_43
system/tile_prci_domain/tile_reset_domain_tile/dcache/data/data_arrays_0/data_arrays_0_ext/mem_0_21    2475.7740     0.1       2.1168      0.0000    2473.6572 split_data_arrays_0_ext_ip_42
system/tile_prci_domain/tile_reset_domain_tile/dcache/data/data_arrays_0/data_arrays_0_ext/mem_0_22    2475.7740     0.1       2.1168      0.0000    2473.6572 split_data_arrays_0_ext_ip_41
system/tile_prci_domain/tile_reset_domain_tile/dcache/data/data_arrays_0/data_arrays_0_ext/mem_0_23    2475.7740     0.1       2.1168      0.0000    2473.6572 split_data_arrays_0_ext_ip_40
system/tile_prci_domain/tile_reset_domain_tile/dcache/data/data_arrays_0/data_arrays_0_ext/mem_0_24    2475.7740     0.1       2.1168      0.0000    2473.6572 split_data_arrays_0_ext_ip_39
system/tile_prci_domain/tile_reset_domain_tile/dcache/data/data_arrays_0/data_arrays_0_ext/mem_0_25    2475.7740     0.1       2.1168      0.0000    2473.6572 split_data_arrays_0_ext_ip_38
system/tile_prci_domain/tile_reset_domain_tile/dcache/data/data_arrays_0/data_arrays_0_ext/mem_0_26    2475.7740     0.1       2.1168      0.0000    2473.6572 split_data_arrays_0_ext_ip_37
system/tile_prci_domain/tile_reset_domain_tile/dcache/data/data_arrays_0/data_arrays_0_ext/mem_0_27    2475.7740     0.1       2.1168      0.0000    2473.6572 split_data_arrays_0_ext_ip_36
system/tile_prci_domain/tile_reset_domain_tile/dcache/data/data_arrays_0/data_arrays_0_ext/mem_0_28    2475.7740     0.1       2.1168      0.0000    2473.6572 split_data_arrays_0_ext_ip_35
system/tile_prci_domain/tile_reset_domain_tile/dcache/data/data_arrays_0/data_arrays_0_ext/mem_0_29    2475.7740     0.1       2.1168      0.0000    2473.6572 split_data_arrays_0_ext_ip_34
system/tile_prci_domain/tile_reset_domain_tile/dcache/data/data_arrays_0/data_arrays_0_ext/mem_0_3    2475.7740     0.1       2.1168      0.0000    2473.6572 split_data_arrays_0_ext_ip_60
system/tile_prci_domain/tile_reset_domain_tile/dcache/data/data_arrays_0/data_arrays_0_ext/mem_0_30    2475.7740     0.1       2.1168      0.0000    2473.6572 split_data_arrays_0_ext_ip_33
system/tile_prci_domain/tile_reset_domain_tile/dcache/data/data_arrays_0/data_arrays_0_ext/mem_0_31    2475.7740     0.1       2.1168      0.0000    2473.6572 split_data_arrays_0_ext_ip_32
system/tile_prci_domain/tile_reset_domain_tile/dcache/data/data_arrays_0/data_arrays_0_ext/mem_0_4    2475.7740     0.1       2.1168      0.0000    2473.6572 split_data_arrays_0_ext_ip_59
system/tile_prci_domain/tile_reset_domain_tile/dcache/data/data_arrays_0/data_arrays_0_ext/mem_0_5    2475.7740     0.1       2.1168      0.0000    2473.6572 split_data_arrays_0_ext_ip_58
system/tile_prci_domain/tile_reset_domain_tile/dcache/data/data_arrays_0/data_arrays_0_ext/mem_0_6    2475.7740     0.1       2.1168      0.0000    2473.6572 split_data_arrays_0_ext_ip_57
system/tile_prci_domain/tile_reset_domain_tile/dcache/data/data_arrays_0/data_arrays_0_ext/mem_0_7    2475.7740     0.1       2.1168      0.0000    2473.6572 split_data_arrays_0_ext_ip_56
system/tile_prci_domain/tile_reset_domain_tile/dcache/data/data_arrays_0/data_arrays_0_ext/mem_0_8    2475.7740     0.1       2.1168      0.0000    2473.6572 split_data_arrays_0_ext_ip_55
system/tile_prci_domain/tile_reset_domain_tile/dcache/data/data_arrays_0/data_arrays_0_ext/mem_0_9    2475.7740     0.1       2.1168      0.0000    2473.6572 split_data_arrays_0_ext_ip_54
system/tile_prci_domain/tile_reset_domain_tile/dcache/data/data_arrays_1   79252.9929     2.3       0.0000      0.0000       0.0000 data_arrays_1
system/tile_prci_domain/tile_reset_domain_tile/dcache/data/data_arrays_1/data_arrays_0_ext   79252.9929     2.3      28.2240      0.0000       0.0000 data_arrays_0_ext_0
system/tile_prci_domain/tile_reset_domain_tile/dcache/data/data_arrays_1/data_arrays_0_ext/mem_0_0    2475.7740     0.1       2.1168      0.0000    2473.6572 split_data_arrays_0_ext_ip_31
system/tile_prci_domain/tile_reset_domain_tile/dcache/data/data_arrays_1/data_arrays_0_ext/mem_0_1    2475.7740     0.1       2.1168      0.0000    2473.6572 split_data_arrays_0_ext_ip_30
system/tile_prci_domain/tile_reset_domain_tile/dcache/data/data_arrays_1/data_arrays_0_ext/mem_0_10    2475.7740     0.1       2.1168      0.0000    2473.6572 split_data_arrays_0_ext_ip_21
system/tile_prci_domain/tile_reset_domain_tile/dcache/data/data_arrays_1/data_arrays_0_ext/mem_0_11    2475.7740     0.1       2.1168      0.0000    2473.6572 split_data_arrays_0_ext_ip_20
system/tile_prci_domain/tile_reset_domain_tile/dcache/data/data_arrays_1/data_arrays_0_ext/mem_0_12    2475.7740     0.1       2.1168      0.0000    2473.6572 split_data_arrays_0_ext_ip_19
system/tile_prci_domain/tile_reset_domain_tile/dcache/data/data_arrays_1/data_arrays_0_ext/mem_0_13    2475.7740     0.1       2.1168      0.0000    2473.6572 split_data_arrays_0_ext_ip_18
system/tile_prci_domain/tile_reset_domain_tile/dcache/data/data_arrays_1/data_arrays_0_ext/mem_0_14    2475.7740     0.1       2.1168      0.0000    2473.6572 split_data_arrays_0_ext_ip_17
system/tile_prci_domain/tile_reset_domain_tile/dcache/data/data_arrays_1/data_arrays_0_ext/mem_0_15    2475.7740     0.1       2.1168      0.0000    2473.6572 split_data_arrays_0_ext_ip_16
system/tile_prci_domain/tile_reset_domain_tile/dcache/data/data_arrays_1/data_arrays_0_ext/mem_0_16    2475.7740     0.1       2.1168      0.0000    2473.6572 split_data_arrays_0_ext_ip_15
system/tile_prci_domain/tile_reset_domain_tile/dcache/data/data_arrays_1/data_arrays_0_ext/mem_0_17    2475.7740     0.1       2.1168      0.0000    2473.6572 split_data_arrays_0_ext_ip_14
system/tile_prci_domain/tile_reset_domain_tile/dcache/data/data_arrays_1/data_arrays_0_ext/mem_0_18    2475.7740     0.1       2.1168      0.0000    2473.6572 split_data_arrays_0_ext_ip_13
system/tile_prci_domain/tile_reset_domain_tile/dcache/data/data_arrays_1/data_arrays_0_ext/mem_0_19    2475.7740     0.1       2.1168      0.0000    2473.6572 split_data_arrays_0_ext_ip_12
system/tile_prci_domain/tile_reset_domain_tile/dcache/data/data_arrays_1/data_arrays_0_ext/mem_0_2    2475.7740     0.1       2.1168      0.0000    2473.6572 split_data_arrays_0_ext_ip_29
system/tile_prci_domain/tile_reset_domain_tile/dcache/data/data_arrays_1/data_arrays_0_ext/mem_0_20    2475.7740     0.1       2.1168      0.0000    2473.6572 split_data_arrays_0_ext_ip_11
system/tile_prci_domain/tile_reset_domain_tile/dcache/data/data_arrays_1/data_arrays_0_ext/mem_0_21    2475.7740     0.1       2.1168      0.0000    2473.6572 split_data_arrays_0_ext_ip_10
system/tile_prci_domain/tile_reset_domain_tile/dcache/data/data_arrays_1/data_arrays_0_ext/mem_0_22    2475.7740     0.1       2.1168      0.0000    2473.6572 split_data_arrays_0_ext_ip_9
system/tile_prci_domain/tile_reset_domain_tile/dcache/data/data_arrays_1/data_arrays_0_ext/mem_0_23    2475.7740     0.1       2.1168      0.0000    2473.6572 split_data_arrays_0_ext_ip_8
system/tile_prci_domain/tile_reset_domain_tile/dcache/data/data_arrays_1/data_arrays_0_ext/mem_0_24    2475.7740     0.1       2.1168      0.0000    2473.6572 split_data_arrays_0_ext_ip_7
system/tile_prci_domain/tile_reset_domain_tile/dcache/data/data_arrays_1/data_arrays_0_ext/mem_0_25    2475.7740     0.1       2.1168      0.0000    2473.6572 split_data_arrays_0_ext_ip_6
system/tile_prci_domain/tile_reset_domain_tile/dcache/data/data_arrays_1/data_arrays_0_ext/mem_0_26    2475.7740     0.1       2.1168      0.0000    2473.6572 split_data_arrays_0_ext_ip_5
system/tile_prci_domain/tile_reset_domain_tile/dcache/data/data_arrays_1/data_arrays_0_ext/mem_0_27    2475.7740     0.1       2.1168      0.0000    2473.6572 split_data_arrays_0_ext_ip_4
system/tile_prci_domain/tile_reset_domain_tile/dcache/data/data_arrays_1/data_arrays_0_ext/mem_0_28    2475.7740     0.1       2.1168      0.0000    2473.6572 split_data_arrays_0_ext_ip_3
system/tile_prci_domain/tile_reset_domain_tile/dcache/data/data_arrays_1/data_arrays_0_ext/mem_0_29    2475.7740     0.1       2.1168      0.0000    2473.6572 split_data_arrays_0_ext_ip_2
system/tile_prci_domain/tile_reset_domain_tile/dcache/data/data_arrays_1/data_arrays_0_ext/mem_0_3    2475.7740     0.1       2.1168      0.0000    2473.6572 split_data_arrays_0_ext_ip_28
system/tile_prci_domain/tile_reset_domain_tile/dcache/data/data_arrays_1/data_arrays_0_ext/mem_0_30    2475.7740     0.1       2.1168      0.0000    2473.6572 split_data_arrays_0_ext_ip_1
system/tile_prci_domain/tile_reset_domain_tile/dcache/data/data_arrays_1/data_arrays_0_ext/mem_0_31    2475.7740     0.1       2.1168      0.0000    2473.6572 split_data_arrays_0_ext_ip_0
system/tile_prci_domain/tile_reset_domain_tile/dcache/data/data_arrays_1/data_arrays_0_ext/mem_0_4    2475.7740     0.1       2.1168      0.0000    2473.6572 split_data_arrays_0_ext_ip_27
system/tile_prci_domain/tile_reset_domain_tile/dcache/data/data_arrays_1/data_arrays_0_ext/mem_0_5    2475.7740     0.1       2.1168      0.0000    2473.6572 split_data_arrays_0_ext_ip_26
system/tile_prci_domain/tile_reset_domain_tile/dcache/data/data_arrays_1/data_arrays_0_ext/mem_0_6    2475.7740     0.1       2.1168      0.0000    2473.6572 split_data_arrays_0_ext_ip_25
system/tile_prci_domain/tile_reset_domain_tile/dcache/data/data_arrays_1/data_arrays_0_ext/mem_0_7    2475.7740     0.1       2.1168      0.0000    2473.6572 split_data_arrays_0_ext_ip_24
system/tile_prci_domain/tile_reset_domain_tile/dcache/data/data_arrays_1/data_arrays_0_ext/mem_0_8    2475.7740     0.1       2.1168      0.0000    2473.6572 split_data_arrays_0_ext_ip_23
system/tile_prci_domain/tile_reset_domain_tile/dcache/data/data_arrays_1/data_arrays_0_ext/mem_0_9    2475.7740     0.1       2.1168      0.0000    2473.6572 split_data_arrays_0_ext_ip_22
system/tile_prci_domain/tile_reset_domain_tile/dcache/lfsr_prng     118.7760     0.0      43.5120     75.2640       0.0000 MaxPeriodFibonacciLFSR_2
system/tile_prci_domain/tile_reset_domain_tile/dcache/tag_array   12661.9916     0.4       0.0000      0.0000       0.0000 tag_array
system/tile_prci_domain/tile_reset_domain_tile/dcache/tag_array/tag_array_ext   12661.9916     0.4       0.0000      0.0000       0.0000 tag_array_ext
system/tile_prci_domain/tile_reset_domain_tile/dcache/tag_array/tag_array_ext/mem_0_0    3165.4979     0.1       2.1168      0.0000    3163.3811 split_tag_array_ext_ip_3
system/tile_prci_domain/tile_reset_domain_tile/dcache/tag_array/tag_array_ext/mem_0_1    3165.4979     0.1       2.1168      0.0000    3163.3811 split_tag_array_ext_ip_2
system/tile_prci_domain/tile_reset_domain_tile/dcache/tag_array/tag_array_ext/mem_0_2    3165.4979     0.1       2.1168      0.0000    3163.3811 split_tag_array_ext_ip_1
system/tile_prci_domain/tile_reset_domain_tile/dcache/tag_array/tag_array_ext/mem_0_3    3165.4979     0.1       2.1168      0.0000    3163.3811 split_tag_array_ext_ip_0
system/tile_prci_domain/tile_reset_domain_tile/dcache/tlb_entries_barrier_10      29.1648     0.0      29.1648      0.0000       0.0000 OptimizationBarrier_44
system/tile_prci_domain/tile_reset_domain_tile/dcache/tlb_entries_barrier_11      29.1648     0.0      29.1648      0.0000       0.0000 OptimizationBarrier_43
system/tile_prci_domain/tile_reset_domain_tile/dcache/tlb_entries_barrier_12       6.5856     0.0       6.5856      0.0000       0.0000 OptimizationBarrier_42
system/tile_prci_domain/tile_reset_domain_tile/dcache/tlb_entries_barrier_8      29.1648     0.0      29.1648      0.0000       0.0000 OptimizationBarrier_46
system/tile_prci_domain/tile_reset_domain_tile/dcache/tlb_entries_barrier_9      29.1648     0.0      29.1648      0.0000       0.0000 OptimizationBarrier_45
system/tile_prci_domain/tile_reset_domain_tile/dcache/tlb_mpu_ppn_barrier      18.8160     0.0      18.8160      0.0000       0.0000 OptimizationBarrier_55
system/tile_prci_domain/tile_reset_domain_tile/dcache/tlb_pmp    2125.5024     0.1    2125.5024      0.0000       0.0000 PMPChecker_1
system/tile_prci_domain/tile_reset_domain_tile/dcacheArb     442.1760     0.0     432.7680      9.4080       0.0000 HellaCacheArbiter
system/tile_prci_domain/tile_reset_domain_tile/fpuOpt   84217.5939     2.4    2312.2512    956.3232       0.0000 FPU
system/tile_prci_domain/tile_reset_domain_tile/fpuOpt/dfma   26876.5394     0.8     393.4896   1601.2416       0.0000 FPUFMAPipe_1
system/tile_prci_domain/tile_reset_domain_tile/fpuOpt/dfma/fma   24881.8082     0.7   14744.9234   1771.9968       0.0000 MulAddRecFNPipe_1
system/tile_prci_domain/tile_reset_domain_tile/fpuOpt/dfma/fma/mulAddRecFNToRaw_postMul    4910.0352     0.1    4910.0352      0.0000       0.0000 MulAddRecFNToRaw_postMul_1
system/tile_prci_domain/tile_reset_domain_tile/fpuOpt/dfma/fma/mulAddRecFNToRaw_preMul    2141.7312     0.1    2141.7312      0.0000       0.0000 MulAddRecFNToRaw_preMul_1
system/tile_prci_domain/tile_reset_domain_tile/fpuOpt/dfma/fma/roundRawFNToRecFN    1313.1216     0.0       0.0000      0.0000       0.0000 RoundRawFNToRecFN_1_0
system/tile_prci_domain/tile_reset_domain_tile/fpuOpt/dfma/fma/roundRawFNToRecFN/roundAnyRawFNToRecFN    1313.1216     0.0    1313.1216      0.0000       0.0000 RoundAnyRawFNToRecFN_4_0
system/tile_prci_domain/tile_reset_domain_tile/fpuOpt/divSqrt    2083.8720     0.1       0.0000      0.0000       0.0000 DivSqrtRecFN_small
system/tile_prci_domain/tile_reset_domain_tile/fpuOpt/divSqrt/divSqrtRecFNToRaw    1393.7952     0.0       9.4080      0.0000       0.0000 DivSqrtRecFNToRaw_small
system/tile_prci_domain/tile_reset_domain_tile/fpuOpt/divSqrt/divSqrtRecFNToRaw/divSqrtRawFN    1384.3872     0.0     866.7120    517.6752       0.0000 DivSqrtRawFN_small
system/tile_prci_domain/tile_reset_domain_tile/fpuOpt/divSqrt/roundRawFNToRecFN     690.0768     0.0       0.0000      0.0000       0.0000 RoundRawFNToRecFN_2
system/tile_prci_domain/tile_reset_domain_tile/fpuOpt/divSqrt/roundRawFNToRecFN/roundAnyRawFNToRecFN     690.0768     0.0     690.0768      0.0000       0.0000 RoundAnyRawFNToRecFN_5
system/tile_prci_domain/tile_reset_domain_tile/fpuOpt/divSqrt_1    3995.5776     0.1       0.0000      0.0000       0.0000 DivSqrtRecFN_small_1
system/tile_prci_domain/tile_reset_domain_tile/fpuOpt/divSqrt_1/divSqrtRecFNToRaw    2658.2304     0.1       9.4080      0.0000       0.0000 DivSqrtRecFNToRaw_small_1
system/tile_prci_domain/tile_reset_domain_tile/fpuOpt/divSqrt_1/divSqrtRecFNToRaw/divSqrtRawFN    2648.8224     0.1    1698.1440    950.6784       0.0000 DivSqrtRawFN_small_1
system/tile_prci_domain/tile_reset_domain_tile/fpuOpt/divSqrt_1/roundRawFNToRecFN    1337.3472     0.0       0.0000      0.0000       0.0000 RoundRawFNToRecFN_1_1
system/tile_prci_domain/tile_reset_domain_tile/fpuOpt/divSqrt_1/roundRawFNToRecFN/roundAnyRawFNToRecFN    1337.3472     0.0    1337.3472      0.0000       0.0000 RoundAnyRawFNToRecFN_4_1
system/tile_prci_domain/tile_reset_domain_tile/fpuOpt/fp_decoder     114.0720     0.0     114.0720      0.0000       0.0000 FPUDecoder
system/tile_prci_domain/tile_reset_domain_tile/fpuOpt/fpiu    4506.9024     0.1    1586.8944    883.6464       0.0000 FPToInt_34
system/tile_prci_domain/tile_reset_domain_tile/fpuOpt/fpiu/conv    1513.2768     0.0    1513.2768      0.0000       0.0000 RecFNToIN
system/tile_prci_domain/tile_reset_domain_tile/fpuOpt/fpiu/dcmp     385.7280     0.0     385.7280      0.0000       0.0000 CompareRecFN
system/tile_prci_domain/tile_reset_domain_tile/fpuOpt/fpiu/narrow     137.3568     0.0     137.3568      0.0000       0.0000 RecFNToIN_1
system/tile_prci_domain/tile_reset_domain_tile/fpuOpt/fpmu    2343.7680     0.1     366.6768   1306.5360       0.0000 FPToFP
system/tile_prci_domain/tile_reset_domain_tile/fpuOpt/fpmu/narrower     670.5552     0.0       6.1152      0.0000       0.0000 RecFNToRecFN
system/tile_prci_domain/tile_reset_domain_tile/fpuOpt/fpmu/narrower/roundAnyRawFNToRecFN     664.4400     0.0     664.4400      0.0000       0.0000 RoundAnyRawFNToRecFN_3
system/tile_prci_domain/tile_reset_domain_tile/fpuOpt/ifpu    6472.9392     0.2    1642.8720    909.0480       0.0000 IntToFP_34
system/tile_prci_domain/tile_reset_domain_tile/fpuOpt/ifpu/i2f    1842.5568     0.1    1588.7760      0.0000       0.0000 INToRecFN
system/tile_prci_domain/tile_reset_domain_tile/fpuOpt/ifpu/i2f/roundAnyRawFNToRecFN     253.7808     0.0     253.7808      0.0000       0.0000 RoundAnyRawFNToRecFN_1
system/tile_prci_domain/tile_reset_domain_tile/fpuOpt/ifpu/i2f_1    2078.4624     0.1    1586.4240      0.0000       0.0000 INToRecFN_1
system/tile_prci_domain/tile_reset_domain_tile/fpuOpt/ifpu/i2f_1/roundAnyRawFNToRecFN     492.0384     0.0     492.0384      0.0000       0.0000 RoundAnyRawFNToRecFN_2
system/tile_prci_domain/tile_reset_domain_tile/fpuOpt/regfile_ext   25631.8606     0.7   15847.3055   9784.5552       0.0000 regfile_combMem
system/tile_prci_domain/tile_reset_domain_tile/fpuOpt/sfma    8923.4881     0.3     114.7776    665.1456       0.0000 FPUFMAPipe
system/tile_prci_domain/tile_reset_domain_tile/fpuOpt/sfma/fma    8143.5649     0.2    3527.2944    965.9664       0.0000 MulAddRecFNPipe
system/tile_prci_domain/tile_reset_domain_tile/fpuOpt/sfma/fma/mulAddRecFNToRaw_postMul    1909.1184     0.1    1909.1184      0.0000       0.0000 MulAddRecFNToRaw_postMul
system/tile_prci_domain/tile_reset_domain_tile/fpuOpt/sfma/fma/mulAddRecFNToRaw_preMul    1036.9968     0.0    1036.9968      0.0000       0.0000 MulAddRecFNToRaw_preMul
system/tile_prci_domain/tile_reset_domain_tile/fpuOpt/sfma/fma/roundRawFNToRecFN     704.1888     0.0       0.0000      0.0000       0.0000 RoundRawFNToRecFN_0
system/tile_prci_domain/tile_reset_domain_tile/fpuOpt/sfma/fma/roundRawFNToRecFN/roundAnyRawFNToRecFN     704.1888     0.0     704.1888      0.0000       0.0000 RoundAnyRawFNToRecFN_0
system/tile_prci_domain/tile_reset_domain_tile/frontend  155168.4177     4.4    1986.2640    648.9168       0.0000 Frontend
system/tile_prci_domain/tile_reset_domain_tile/frontend/btb   20003.0545     0.6    8058.6577   7149.6096       0.0000 BTB
system/tile_prci_domain/tile_reset_domain_tile/frontend/btb/table_ext    4794.7872     0.1    2386.3392   2408.4480       0.0000 table_combMem
system/tile_prci_domain/tile_reset_domain_tile/frontend/fq    3727.9200     0.1    1611.1200   2116.8000       0.0000 ShiftQueue
system/tile_prci_domain/tile_reset_domain_tile/frontend/icache  113685.2527     3.2    2368.4640   2289.9072       0.0000 ICache
system/tile_prci_domain/tile_reset_domain_tile/frontend/icache/data_arrays_0   24409.9184     0.7       0.0000      0.0000       0.0000 data_arrays_0_0
system/tile_prci_domain/tile_reset_domain_tile/frontend/icache/data_arrays_0/data_arrays_0_0_ext   24409.9184     0.7       0.0000      0.0000       0.0000 data_arrays_0_0_ext_3
system/tile_prci_domain/tile_reset_domain_tile/frontend/icache/data_arrays_0/data_arrays_0_0_ext/mem_0_0    6102.4796     0.2       2.1168      0.0000    6100.3628 split_data_arrays_0_0_ext_ip_15
system/tile_prci_domain/tile_reset_domain_tile/frontend/icache/data_arrays_0/data_arrays_0_0_ext/mem_0_1    6102.4796     0.2       2.1168      0.0000    6100.3628 split_data_arrays_0_0_ext_ip_14
system/tile_prci_domain/tile_reset_domain_tile/frontend/icache/data_arrays_0/data_arrays_0_0_ext/mem_0_2    6102.4796     0.2       2.1168      0.0000    6100.3628 split_data_arrays_0_0_ext_ip_13
system/tile_prci_domain/tile_reset_domain_tile/frontend/icache/data_arrays_0/data_arrays_0_0_ext/mem_0_3    6102.4796     0.2       2.1168      0.0000    6100.3628 split_data_arrays_0_0_ext_ip_12
system/tile_prci_domain/tile_reset_domain_tile/frontend/icache/data_arrays_1   24409.9184     0.7       0.0000      0.0000       0.0000 data_arrays_1_0
system/tile_prci_domain/tile_reset_domain_tile/frontend/icache/data_arrays_1/data_arrays_0_0_ext   24409.9184     0.7       0.0000      0.0000       0.0000 data_arrays_0_0_ext_2
system/tile_prci_domain/tile_reset_domain_tile/frontend/icache/data_arrays_1/data_arrays_0_0_ext/mem_0_0    6102.4796     0.2       2.1168      0.0000    6100.3628 split_data_arrays_0_0_ext_ip_11
system/tile_prci_domain/tile_reset_domain_tile/frontend/icache/data_arrays_1/data_arrays_0_0_ext/mem_0_1    6102.4796     0.2       2.1168      0.0000    6100.3628 split_data_arrays_0_0_ext_ip_10
system/tile_prci_domain/tile_reset_domain_tile/frontend/icache/data_arrays_1/data_arrays_0_0_ext/mem_0_2    6102.4796     0.2       2.1168      0.0000    6100.3628 split_data_arrays_0_0_ext_ip_9
system/tile_prci_domain/tile_reset_domain_tile/frontend/icache/data_arrays_1/data_arrays_0_0_ext/mem_0_3    6102.4796     0.2       2.1168      0.0000    6100.3628 split_data_arrays_0_0_ext_ip_8
system/tile_prci_domain/tile_reset_domain_tile/frontend/icache/data_arrays_2   24411.5648     0.7       0.0000      0.0000       0.0000 data_arrays_2
system/tile_prci_domain/tile_reset_domain_tile/frontend/icache/data_arrays_2/data_arrays_0_0_ext   24411.5648     0.7       1.6464      0.0000       0.0000 data_arrays_0_0_ext_1
system/tile_prci_domain/tile_reset_domain_tile/frontend/icache/data_arrays_2/data_arrays_0_0_ext/mem_0_0    6102.4796     0.2       2.1168      0.0000    6100.3628 split_data_arrays_0_0_ext_ip_7
system/tile_prci_domain/tile_reset_domain_tile/frontend/icache/data_arrays_2/data_arrays_0_0_ext/mem_0_1    6102.4796     0.2       2.1168      0.0000    6100.3628 split_data_arrays_0_0_ext_ip_6
system/tile_prci_domain/tile_reset_domain_tile/frontend/icache/data_arrays_2/data_arrays_0_0_ext/mem_0_2    6102.4796     0.2       2.1168      0.0000    6100.3628 split_data_arrays_0_0_ext_ip_5
system/tile_prci_domain/tile_reset_domain_tile/frontend/icache/data_arrays_2/data_arrays_0_0_ext/mem_0_3    6102.4796     0.2       2.1168      0.0000    6100.3628 split_data_arrays_0_0_ext_ip_4
system/tile_prci_domain/tile_reset_domain_tile/frontend/icache/data_arrays_3   24411.3296     0.7       0.0000      0.0000       0.0000 data_arrays_3
system/tile_prci_domain/tile_reset_domain_tile/frontend/icache/data_arrays_3/data_arrays_0_0_ext   24411.3296     0.7       1.4112      0.0000       0.0000 data_arrays_0_0_ext_0
system/tile_prci_domain/tile_reset_domain_tile/frontend/icache/data_arrays_3/data_arrays_0_0_ext/mem_0_0    6102.4796     0.2       2.1168      0.0000    6100.3628 split_data_arrays_0_0_ext_ip_3
system/tile_prci_domain/tile_reset_domain_tile/frontend/icache/data_arrays_3/data_arrays_0_0_ext/mem_0_1    6102.4796     0.2       2.1168      0.0000    6100.3628 split_data_arrays_0_0_ext_ip_2
system/tile_prci_domain/tile_reset_domain_tile/frontend/icache/data_arrays_3/data_arrays_0_0_ext/mem_0_2    6102.4796     0.2       2.1168      0.0000    6100.3628 split_data_arrays_0_0_ext_ip_1
system/tile_prci_domain/tile_reset_domain_tile/frontend/icache/data_arrays_3/data_arrays_0_0_ext/mem_0_3    6102.4796     0.2       2.1168      0.0000    6100.3628 split_data_arrays_0_0_ext_ip_0
system/tile_prci_domain/tile_reset_domain_tile/frontend/icache/repl_way_v0_prng     118.7760     0.0      43.5120     75.2640       0.0000 MaxPeriodFibonacciLFSR_0
system/tile_prci_domain/tile_reset_domain_tile/frontend/icache/tag_array   11265.3744     0.3       0.0000      0.0000       0.0000 tag_array_0
system/tile_prci_domain/tile_reset_domain_tile/frontend/icache/tag_array/tag_array_0_ext   11265.3744     0.3       0.0000      0.0000       0.0000 tag_array_0_ext
system/tile_prci_domain/tile_reset_domain_tile/frontend/icache/tag_array/tag_array_0_ext/mem_0_0    2816.3436     0.1       2.1168      0.0000    2814.2268 split_tag_array_0_ext_ip_3
system/tile_prci_domain/tile_reset_domain_tile/frontend/icache/tag_array/tag_array_0_ext/mem_0_1    2816.3436     0.1       2.1168      0.0000    2814.2268 split_tag_array_0_ext_ip_2
system/tile_prci_domain/tile_reset_domain_tile/frontend/icache/tag_array/tag_array_0_ext/mem_0_2    2816.3436     0.1       2.1168      0.0000    2814.2268 split_tag_array_0_ext_ip_1
system/tile_prci_domain/tile_reset_domain_tile/frontend/icache/tag_array/tag_array_0_ext/mem_0_3    2816.3436     0.1       2.1168      0.0000    2814.2268 split_tag_array_0_ext_ip_0
system/tile_prci_domain/tile_reset_domain_tile/frontend/tlb   15117.0096     0.4    3977.4672   8489.3088       0.0000 TLB_2
system/tile_prci_domain/tile_reset_domain_tile/frontend/tlb/entries_barrier_10      23.5200     0.0      23.5200      0.0000       0.0000 OptimizationBarrier_16
system/tile_prci_domain/tile_reset_domain_tile/frontend/tlb/entries_barrier_11      23.5200     0.0      23.5200      0.0000       0.0000 OptimizationBarrier_15
system/tile_prci_domain/tile_reset_domain_tile/frontend/tlb/entries_barrier_12      23.5200     0.0      23.5200      0.0000       0.0000 OptimizationBarrier_14
system/tile_prci_domain/tile_reset_domain_tile/frontend/tlb/entries_barrier_8      23.5200     0.0      23.5200      0.0000       0.0000 OptimizationBarrier_18
system/tile_prci_domain/tile_reset_domain_tile/frontend/tlb/entries_barrier_9      23.5200     0.0      23.5200      0.0000       0.0000 OptimizationBarrier_17
system/tile_prci_domain/tile_reset_domain_tile/frontend/tlb/pmp    2532.6336     0.1    2532.6336      0.0000       0.0000 PMPChecker_3
system/tile_prci_domain/tile_reset_domain_tile/fusion 2186771.4618    62.4       0.9408      0.0000       0.0000 FusionMemFP
system/tile_prci_domain/tile_reset_domain_tile/fusion/dma_node   51332.5560     1.5       1.8816      0.0000       0.0000 DMAController
system/tile_prci_domain/tile_reset_domain_tile/fusion/dma_node/dma_reader   33598.7112     1.0     911.4000    659.0304       0.0000 DMAReadController
system/tile_prci_domain/tile_reset_domain_tile/fusion/dma_node/dma_reader/packetInfoQue     833.3136     0.0      36.4560     32.9280       0.0000 Queue_66
system/tile_prci_domain/tile_reset_domain_tile/fusion/dma_node/dma_reader/packetInfoQue/ram_ext     763.9296     0.0     349.9776    413.9520       0.0000 ram_combMem_9
system/tile_prci_domain/tile_reset_domain_tile/fusion/dma_node/dma_reader/reorderBuffer   31194.9672     0.9     913.2816    733.8240       0.0000 ReorderBuffer
system/tile_prci_domain/tile_reset_domain_tile/fusion/dma_node/dma_reader/reorderBuffer/buffer   29062.4087     0.8       0.0000      0.0000       0.0000 TrueDualPortSRAM_128_4
system/tile_prci_domain/tile_reset_domain_tile/fusion/dma_node/dma_reader/reorderBuffer/buffer/sram   29062.4087     0.8       0.7056      0.0000   29061.7031 dp_sram_128_4_ip
system/tile_prci_domain/tile_reset_domain_tile/fusion/dma_node/dma_reader/reorderBuffer/reqQue     485.4528     0.0      35.7504     32.9280       0.0000 Queue_67
system/tile_prci_domain/tile_reset_domain_tile/fusion/dma_node/dma_reader/reorderBuffer/reqQue/ram_ext     416.7744     0.0     190.9824    225.7920       0.0000 ram_combMem_3
system/tile_prci_domain/tile_reset_domain_tile/fusion/dma_node/dma_writer    2136.7920     0.1    1258.3200    878.4720       0.0000 DMAWriteController
system/tile_prci_domain/tile_reset_domain_tile/fusion/dma_node/tlb   15595.1712     0.4      39.2784      9.4080       0.0000 MultiPortTLB
system/tile_prci_domain/tile_reset_domain_tile/fusion/dma_node/tlb/tlbArbOpt     125.8320     0.0     121.1280      4.7040       0.0000 RRArbiter
system/tile_prci_domain/tile_reset_domain_tile/fusion/dma_node/tlb/tlbs_0   15420.6528     0.4     249.7824    230.4960       0.0000 TLBWrap
system/tile_prci_domain/tile_reset_domain_tile/fusion/dma_node/tlb/tlbs_0/tlb   14940.3744     0.4    4147.2816   8460.6144       0.0000 TLB_1
system/tile_prci_domain/tile_reset_domain_tile/fusion/dma_node/tlb/tlbs_0/tlb/entries_barrier_10      24.4608     0.0      24.4608      0.0000       0.0000 OptimizationBarrier_2
system/tile_prci_domain/tile_reset_domain_tile/fusion/dma_node/tlb/tlbs_0/tlb/entries_barrier_11      24.4608     0.0      24.4608      0.0000       0.0000 OptimizationBarrier_1
system/tile_prci_domain/tile_reset_domain_tile/fusion/dma_node/tlb/tlbs_0/tlb/entries_barrier_12      23.5200     0.0      23.5200      0.0000       0.0000 OptimizationBarrier_0
system/tile_prci_domain/tile_reset_domain_tile/fusion/dma_node/tlb/tlbs_0/tlb/entries_barrier_8      24.4608     0.0      24.4608      0.0000       0.0000 OptimizationBarrier_4
system/tile_prci_domain/tile_reset_domain_tile/fusion/dma_node/tlb/tlbs_0/tlb/entries_barrier_9      24.4608     0.0      24.4608      0.0000       0.0000 OptimizationBarrier_3
system/tile_prci_domain/tile_reset_domain_tile/fusion/dma_node/tlb/tlbs_0/tlb/mpu_ppn_barrier       1.8816     0.0       1.8816      0.0000       0.0000 OptimizationBarrier_13
system/tile_prci_domain/tile_reset_domain_tile/fusion/dma_node/tlb/tlbs_0/tlb/pmp    2209.2336     0.1    2209.2336      0.0000       0.0000 PMPChecker_2
system/tile_prci_domain/tile_reset_domain_tile/fusion/fgra 1358756.2905    38.8     133.8288    200.8608       0.0000 FGRAController
system/tile_prci_domain/tile_reset_domain_tile/fusion/fgra/cfgCtrl   22620.3600     0.6   20621.1600   1999.2000       0.0000 ConfigController
system/tile_prci_domain/tile_reset_domain_tile/fusion/fgra/fgra 1331004.8073    38.0    1978.9729   4478.2080       0.0000 FGRA
system/tile_prci_domain/tile_reset_domain_tile/fusion/fgra/fgra/cggibs_0     226.9680     0.0     125.8320      0.0000       0.0000 GIB
system/tile_prci_domain/tile_reset_domain_tile/fusion/fgra/fgra/cggibs_0/cfg      20.2272     0.0       2.8224     17.4048       0.0000 ConfigMem_48_1
system/tile_prci_domain/tile_reset_domain_tile/fusion/fgra/fgra/cggibs_0/mux      80.9088     0.0      80.9088      0.0000       0.0000 Muxn_167
system/tile_prci_domain/tile_reset_domain_tile/fusion/fgra/fgra/cggibs_1    1822.3296     0.1      50.8032    451.5840       0.0000 GIB_1
system/tile_prci_domain/tile_reset_domain_tile/fusion/fgra/fgra/cggibs_1/cfg     135.2400     0.0      38.8080     96.4320       0.0000 ConfigMem_49_9
system/tile_prci_domain/tile_reset_domain_tile/fusion/fgra/fgra/cggibs_1/mux     104.8992     0.0     104.8992      0.0000       0.0000 Muxn_203_163
system/tile_prci_domain/tile_reset_domain_tile/fusion/fgra/fgra/cggibs_1/mux_1     104.8992     0.0     104.8992      0.0000       0.0000 Muxn_203_162
system/tile_prci_domain/tile_reset_domain_tile/fusion/fgra/fgra/cggibs_1/mux_2     174.5184     0.0     174.5184      0.0000       0.0000 Muxn_42_114
system/tile_prci_domain/tile_reset_domain_tile/fusion/fgra/fgra/cggibs_1/mux_3      78.0864     0.0      78.0864      0.0000       0.0000 Muxn_166
system/tile_prci_domain/tile_reset_domain_tile/fusion/fgra/fgra/cggibs_1/mux_4      78.0864     0.0      78.0864      0.0000       0.0000 Muxn_165
system/tile_prci_domain/tile_reset_domain_tile/fusion/fgra/fgra/cggibs_1/mux_5      78.0864     0.0      78.0864      0.0000       0.0000 Muxn_164
system/tile_prci_domain/tile_reset_domain_tile/fusion/fgra/fgra/cggibs_1/mux_6     110.3088     0.0     110.3088      0.0000       0.0000 Muxn_203_161
system/tile_prci_domain/tile_reset_domain_tile/fusion/fgra/fgra/cggibs_1/mux_7     151.9392     0.0     151.9392      0.0000       0.0000 Muxn_42_113
system/tile_prci_domain/tile_reset_domain_tile/fusion/fgra/fgra/cggibs_1/mux_8     151.9392     0.0     151.9392      0.0000       0.0000 Muxn_42_112
system/tile_prci_domain/tile_reset_domain_tile/fusion/fgra/fgra/cggibs_1/mux_9     151.9392     0.0     151.9392      0.0000       0.0000 Muxn_42_111
system/tile_prci_domain/tile_reset_domain_tile/fusion/fgra/fgra/cggibs_10    2384.2224     0.1       7.2912      0.0000       0.0000 GIB_10
system/tile_prci_domain/tile_reset_domain_tile/fusion/fgra/fgra/cggibs_10/cfg     319.4016     0.0      65.8560    253.5456       0.0000 ConfigMem_58_13
system/tile_prci_domain/tile_reset_domain_tile/fusion/fgra/fgra/cggibs_10/mux     105.3696     0.0     105.3696      0.0000       0.0000 Muxn_203_134
system/tile_prci_domain/tile_reset_domain_tile/fusion/fgra/fgra/cggibs_10/mux_1     109.8384     0.0     109.8384      0.0000       0.0000 Muxn_203_133
system/tile_prci_domain/tile_reset_domain_tile/fusion/fgra/fgra/cggibs_10/mux_10     254.7216     0.0     254.7216      0.0000       0.0000 Muxn_24_91
system/tile_prci_domain/tile_reset_domain_tile/fusion/fgra/fgra/cggibs_10/mux_11     236.3760     0.0     236.3760      0.0000       0.0000 Muxn_24_90
system/tile_prci_domain/tile_reset_domain_tile/fusion/fgra/fgra/cggibs_10/mux_12     249.0768     0.0     249.0768      0.0000       0.0000 Muxn_24_89
system/tile_prci_domain/tile_reset_domain_tile/fusion/fgra/fgra/cggibs_10/mux_13     225.0864     0.0     225.0864      0.0000       0.0000 Muxn_24_88
system/tile_prci_domain/tile_reset_domain_tile/fusion/fgra/fgra/cggibs_10/mux_2     176.6352     0.0     176.6352      0.0000       0.0000 Muxn_42_92
system/tile_prci_domain/tile_reset_domain_tile/fusion/fgra/fgra/cggibs_10/mux_3      78.0864     0.0      78.0864      0.0000       0.0000 Muxn_139
system/tile_prci_domain/tile_reset_domain_tile/fusion/fgra/fgra/cggibs_10/mux_4     123.2448     0.0     123.2448      0.0000       0.0000 Muxn_203_132
system/tile_prci_domain/tile_reset_domain_tile/fusion/fgra/fgra/cggibs_10/mux_5     112.8960     0.0     112.8960      0.0000       0.0000 Muxn_203_131
system/tile_prci_domain/tile_reset_domain_tile/fusion/fgra/fgra/cggibs_10/mux_6      78.0864     0.0      78.0864      0.0000       0.0000 Muxn_138
system/tile_prci_domain/tile_reset_domain_tile/fusion/fgra/fgra/cggibs_10/mux_7      78.0864     0.0      78.0864      0.0000       0.0000 Muxn_137
system/tile_prci_domain/tile_reset_domain_tile/fusion/fgra/fgra/cggibs_10/mux_8     151.9392     0.0     151.9392      0.0000       0.0000 Muxn_42_91
system/tile_prci_domain/tile_reset_domain_tile/fusion/fgra/fgra/cggibs_10/mux_9      78.0864     0.0      78.0864      0.0000       0.0000 Muxn_136
system/tile_prci_domain/tile_reset_domain_tile/fusion/fgra/fgra/cggibs_11    2962.5792     0.1      36.2208    602.1120       0.0000 GIB_11
system/tile_prci_domain/tile_reset_domain_tile/fusion/fgra/fgra/cggibs_11/cfg     218.9712     0.0      73.1472    145.8240       0.0000 ConfigMem_56_2
system/tile_prci_domain/tile_reset_domain_tile/fusion/fgra/fgra/cggibs_11/mux     120.6576     0.0     120.6576      0.0000       0.0000 Muxn_203_130
system/tile_prci_domain/tile_reset_domain_tile/fusion/fgra/fgra/cggibs_11/mux_1     110.5440     0.0     110.5440      0.0000       0.0000 Muxn_203_129
system/tile_prci_domain/tile_reset_domain_tile/fusion/fgra/fgra/cggibs_11/mux_10     114.0720     0.0     114.0720      0.0000       0.0000 Muxn_203_125
system/tile_prci_domain/tile_reset_domain_tile/fusion/fgra/fgra/cggibs_11/mux_11      83.2608     0.0      83.2608      0.0000       0.0000 Muxn_131
system/tile_prci_domain/tile_reset_domain_tile/fusion/fgra/fgra/cggibs_11/mux_12     205.0944     0.0     205.0944      0.0000       0.0000 Muxn_24_87
system/tile_prci_domain/tile_reset_domain_tile/fusion/fgra/fgra/cggibs_11/mux_13     204.1536     0.0     204.1536      0.0000       0.0000 Muxn_24_86
system/tile_prci_domain/tile_reset_domain_tile/fusion/fgra/fgra/cggibs_11/mux_14     204.1536     0.0     204.1536      0.0000       0.0000 Muxn_24_85
system/tile_prci_domain/tile_reset_domain_tile/fusion/fgra/fgra/cggibs_11/mux_15     206.9760     0.0     206.9760      0.0000       0.0000 Muxn_24_84
system/tile_prci_domain/tile_reset_domain_tile/fusion/fgra/fgra/cggibs_11/mux_2     175.2240     0.0     175.2240      0.0000       0.0000 Muxn_42_90
system/tile_prci_domain/tile_reset_domain_tile/fusion/fgra/fgra/cggibs_11/mux_3      80.9088     0.0      80.9088      0.0000       0.0000 Muxn_135
system/tile_prci_domain/tile_reset_domain_tile/fusion/fgra/fgra/cggibs_11/mux_4     118.5408     0.0     118.5408      0.0000       0.0000 Muxn_203_128
system/tile_prci_domain/tile_reset_domain_tile/fusion/fgra/fgra/cggibs_11/mux_5     114.3072     0.0     114.3072      0.0000       0.0000 Muxn_203_127
system/tile_prci_domain/tile_reset_domain_tile/fusion/fgra/fgra/cggibs_11/mux_6      87.2592     0.0      87.2592      0.0000       0.0000 Muxn_134
system/tile_prci_domain/tile_reset_domain_tile/fusion/fgra/fgra/cggibs_11/mux_7      88.2000     0.0      88.2000      0.0000       0.0000 Muxn_133
system/tile_prci_domain/tile_reset_domain_tile/fusion/fgra/fgra/cggibs_11/mux_8     112.1904     0.0     112.1904      0.0000       0.0000 Muxn_203_126
system/tile_prci_domain/tile_reset_domain_tile/fusion/fgra/fgra/cggibs_11/mux_9      79.7328     0.0      79.7328      0.0000       0.0000 Muxn_132
system/tile_prci_domain/tile_reset_domain_tile/fusion/fgra/fgra/cggibs_12    2421.8544     0.1       7.5264      0.0000       0.0000 GIB_12
system/tile_prci_domain/tile_reset_domain_tile/fusion/fgra/fgra/cggibs_12/cfg     304.8192     0.0      73.1472    231.6720       0.0000 ConfigMem_56_1
system/tile_prci_domain/tile_reset_domain_tile/fusion/fgra/fgra/cggibs_12/mux     106.7808     0.0     106.7808      0.0000       0.0000 Muxn_203_124
system/tile_prci_domain/tile_reset_domain_tile/fusion/fgra/fgra/cggibs_12/mux_1     104.8992     0.0     104.8992      0.0000       0.0000 Muxn_203_123
system/tile_prci_domain/tile_reset_domain_tile/fusion/fgra/fgra/cggibs_12/mux_10     107.0160     0.0     107.0160      0.0000       0.0000 Muxn_203_119
system/tile_prci_domain/tile_reset_domain_tile/fusion/fgra/fgra/cggibs_12/mux_11      78.0864     0.0      78.0864      0.0000       0.0000 Muxn_126
system/tile_prci_domain/tile_reset_domain_tile/fusion/fgra/fgra/cggibs_12/mux_12     236.3760     0.0     236.3760      0.0000       0.0000 Muxn_24_83
system/tile_prci_domain/tile_reset_domain_tile/fusion/fgra/fgra/cggibs_12/mux_13     238.0224     0.0     238.0224      0.0000       0.0000 Muxn_24_82
system/tile_prci_domain/tile_reset_domain_tile/fusion/fgra/fgra/cggibs_12/mux_14     204.1536     0.0     204.1536      0.0000       0.0000 Muxn_24_81
system/tile_prci_domain/tile_reset_domain_tile/fusion/fgra/fgra/cggibs_12/mux_15     225.0864     0.0     225.0864      0.0000       0.0000 Muxn_24_80
system/tile_prci_domain/tile_reset_domain_tile/fusion/fgra/fgra/cggibs_12/mux_2     175.6944     0.0     175.6944      0.0000       0.0000 Muxn_42_89
system/tile_prci_domain/tile_reset_domain_tile/fusion/fgra/fgra/cggibs_12/mux_3      78.7920     0.0      78.7920      0.0000       0.0000 Muxn_130
system/tile_prci_domain/tile_reset_domain_tile/fusion/fgra/fgra/cggibs_12/mux_4     107.2512     0.0     107.2512      0.0000       0.0000 Muxn_203_122
system/tile_prci_domain/tile_reset_domain_tile/fusion/fgra/fgra/cggibs_12/mux_5     108.8976     0.0     108.8976      0.0000       0.0000 Muxn_203_121
system/tile_prci_domain/tile_reset_domain_tile/fusion/fgra/fgra/cggibs_12/mux_6      78.0864     0.0      78.0864      0.0000       0.0000 Muxn_129
system/tile_prci_domain/tile_reset_domain_tile/fusion/fgra/fgra/cggibs_12/mux_7      78.0864     0.0      78.0864      0.0000       0.0000 Muxn_128
system/tile_prci_domain/tile_reset_domain_tile/fusion/fgra/fgra/cggibs_12/mux_8     104.1936     0.0     104.1936      0.0000       0.0000 Muxn_203_120
system/tile_prci_domain/tile_reset_domain_tile/fusion/fgra/fgra/cggibs_12/mux_9      78.0864     0.0      78.0864      0.0000       0.0000 Muxn_127
system/tile_prci_domain/tile_reset_domain_tile/fusion/fgra/fgra/cggibs_13    1011.8304     0.0     152.1744    451.5840       0.0000 GIB_13
system/tile_prci_domain/tile_reset_domain_tile/fusion/fgra/fgra/cggibs_13/cfg      43.5120     0.0      15.2880     28.2240       0.0000 ConfigMem_55_21
system/tile_prci_domain/tile_reset_domain_tile/fusion/fgra/fgra/cggibs_13/mux      81.3792     0.0      81.3792      0.0000       0.0000 Muxn_125
system/tile_prci_domain/tile_reset_domain_tile/fusion/fgra/fgra/cggibs_13/mux_1      78.0864     0.0      78.0864      0.0000       0.0000 Muxn_124
system/tile_prci_domain/tile_reset_domain_tile/fusion/fgra/fgra/cggibs_13/mux_2     102.5472     0.0     102.5472      0.0000       0.0000 Muxn_203_118
system/tile_prci_domain/tile_reset_domain_tile/fusion/fgra/fgra/cggibs_13/mux_3     102.5472     0.0     102.5472      0.0000       0.0000 Muxn_203_117
system/tile_prci_domain/tile_reset_domain_tile/fusion/fgra/fgra/cggibs_14     628.4544     0.0     151.2336      0.0000       0.0000 GIB_14
system/tile_prci_domain/tile_reset_domain_tile/fusion/fgra/fgra/cggibs_14/cfg      92.4336     0.0      14.5824     77.8512       0.0000 ConfigMem_55_20
system/tile_prci_domain/tile_reset_domain_tile/fusion/fgra/fgra/cggibs_14/mux      78.0864     0.0      78.0864      0.0000       0.0000 Muxn_123
system/tile_prci_domain/tile_reset_domain_tile/fusion/fgra/fgra/cggibs_14/mux_1     114.3072     0.0     114.3072      0.0000       0.0000 Muxn_203_116
system/tile_prci_domain/tile_reset_domain_tile/fusion/fgra/fgra/cggibs_14/mux_2      80.9088     0.0      80.9088      0.0000       0.0000 Muxn_122
system/tile_prci_domain/tile_reset_domain_tile/fusion/fgra/fgra/cggibs_14/mux_3     111.4848     0.0     111.4848      0.0000       0.0000 Muxn_203_115
system/tile_prci_domain/tile_reset_domain_tile/fusion/fgra/fgra/cggibs_15    2962.1088     0.1      21.4032    602.1120       0.0000 GIB_15
system/tile_prci_domain/tile_reset_domain_tile/fusion/fgra/fgra/cggibs_15/cfg     212.1504     0.0      71.0304    141.1200       0.0000 ConfigMem_63_3
system/tile_prci_domain/tile_reset_domain_tile/fusion/fgra/fgra/cggibs_15/mux     116.4240     0.0     116.4240      0.0000       0.0000 Muxn_203_114
system/tile_prci_domain/tile_reset_domain_tile/fusion/fgra/fgra/cggibs_15/mux_1     110.3088     0.0     110.3088      0.0000       0.0000 Muxn_203_113
system/tile_prci_domain/tile_reset_domain_tile/fusion/fgra/fgra/cggibs_15/mux_10     176.1648     0.0     176.1648      0.0000       0.0000 Muxn_42_87
system/tile_prci_domain/tile_reset_domain_tile/fusion/fgra/fgra/cggibs_15/mux_11      81.1440     0.0      81.1440      0.0000       0.0000 Muxn_116
system/tile_prci_domain/tile_reset_domain_tile/fusion/fgra/fgra/cggibs_15/mux_12     204.1536     0.0     204.1536      0.0000       0.0000 Muxn_24_79
system/tile_prci_domain/tile_reset_domain_tile/fusion/fgra/fgra/cggibs_15/mux_13     204.1536     0.0     204.1536      0.0000       0.0000 Muxn_24_78
system/tile_prci_domain/tile_reset_domain_tile/fusion/fgra/fgra/cggibs_15/mux_14     204.1536     0.0     204.1536      0.0000       0.0000 Muxn_24_77
system/tile_prci_domain/tile_reset_domain_tile/fusion/fgra/fgra/cggibs_15/mux_15     204.1536     0.0     204.1536      0.0000       0.0000 Muxn_24_76
system/tile_prci_domain/tile_reset_domain_tile/fusion/fgra/fgra/cggibs_15/mux_2      87.9648     0.0      87.9648      0.0000       0.0000 Muxn_121
system/tile_prci_domain/tile_reset_domain_tile/fusion/fgra/fgra/cggibs_15/mux_3      86.7888     0.0      86.7888      0.0000       0.0000 Muxn_120
system/tile_prci_domain/tile_reset_domain_tile/fusion/fgra/fgra/cggibs_15/mux_4     174.5184     0.0     174.5184      0.0000       0.0000 Muxn_42_88
system/tile_prci_domain/tile_reset_domain_tile/fusion/fgra/fgra/cggibs_15/mux_5      81.3792     0.0      81.3792      0.0000       0.0000 Muxn_119
system/tile_prci_domain/tile_reset_domain_tile/fusion/fgra/fgra/cggibs_15/mux_6      83.4960     0.0      83.4960      0.0000       0.0000 Muxn_118
system/tile_prci_domain/tile_reset_domain_tile/fusion/fgra/fgra/cggibs_15/mux_7      83.7312     0.0      83.7312      0.0000       0.0000 Muxn_117
system/tile_prci_domain/tile_reset_domain_tile/fusion/fgra/fgra/cggibs_15/mux_8     117.6000     0.0     117.6000      0.0000       0.0000 Muxn_203_112
system/tile_prci_domain/tile_reset_domain_tile/fusion/fgra/fgra/cggibs_15/mux_9     110.3088     0.0     110.3088      0.0000       0.0000 Muxn_203_111
system/tile_prci_domain/tile_reset_domain_tile/fusion/fgra/fgra/cggibs_16    2389.8672     0.1       5.4096      0.0000       0.0000 GIB_16
system/tile_prci_domain/tile_reset_domain_tile/fusion/fgra/fgra/cggibs_16/cfg     334.6896     0.0      65.8560    268.8336       0.0000 ConfigMem_58_12
system/tile_prci_domain/tile_reset_domain_tile/fusion/fgra/fgra/cggibs_16/mux     122.7744     0.0     122.7744      0.0000       0.0000 Muxn_203_110
system/tile_prci_domain/tile_reset_domain_tile/fusion/fgra/fgra/cggibs_16/mux_1     110.7792     0.0     110.7792      0.0000       0.0000 Muxn_203_109
system/tile_prci_domain/tile_reset_domain_tile/fusion/fgra/fgra/cggibs_16/mux_10     236.6112     0.0     236.6112      0.0000       0.0000 Muxn_24_75
system/tile_prci_domain/tile_reset_domain_tile/fusion/fgra/fgra/cggibs_16/mux_11     227.4384     0.0     227.4384      0.0000       0.0000 Muxn_24_74
system/tile_prci_domain/tile_reset_domain_tile/fusion/fgra/fgra/cggibs_16/mux_12     216.3840     0.0     216.3840      0.0000       0.0000 Muxn_24_73
system/tile_prci_domain/tile_reset_domain_tile/fusion/fgra/fgra/cggibs_16/mux_13     278.0064     0.0     278.0064      0.0000       0.0000 Muxn_24_72
system/tile_prci_domain/tile_reset_domain_tile/fusion/fgra/fgra/cggibs_16/mux_2      78.0864     0.0      78.0864      0.0000       0.0000 Muxn_115
system/tile_prci_domain/tile_reset_domain_tile/fusion/fgra/fgra/cggibs_16/mux_3      78.0864     0.0      78.0864      0.0000       0.0000 Muxn_114
system/tile_prci_domain/tile_reset_domain_tile/fusion/fgra/fgra/cggibs_16/mux_4     151.9392     0.0     151.9392      0.0000       0.0000 Muxn_42_86
system/tile_prci_domain/tile_reset_domain_tile/fusion/fgra/fgra/cggibs_16/mux_5      78.0864     0.0      78.0864      0.0000       0.0000 Muxn_113
system/tile_prci_domain/tile_reset_domain_tile/fusion/fgra/fgra/cggibs_16/mux_6     107.7216     0.0     107.7216      0.0000       0.0000 Muxn_203_108
system/tile_prci_domain/tile_reset_domain_tile/fusion/fgra/fgra/cggibs_16/mux_7     110.3088     0.0     110.3088      0.0000       0.0000 Muxn_203_107
system/tile_prci_domain/tile_reset_domain_tile/fusion/fgra/fgra/cggibs_16/mux_8     175.4592     0.0     175.4592      0.0000       0.0000 Muxn_42_85
system/tile_prci_domain/tile_reset_domain_tile/fusion/fgra/fgra/cggibs_16/mux_9      78.0864     0.0      78.0864      0.0000       0.0000 Muxn_112
system/tile_prci_domain/tile_reset_domain_tile/fusion/fgra/fgra/cggibs_17    2765.4816     0.1      18.1104    602.1120       0.0000 GIB_17
system/tile_prci_domain/tile_reset_domain_tile/fusion/fgra/fgra/cggibs_17/cfg     197.5680     0.0      65.8560    131.7120       0.0000 ConfigMem_58_11
system/tile_prci_domain/tile_reset_domain_tile/fusion/fgra/fgra/cggibs_17/mux     103.0176     0.0     103.0176      0.0000       0.0000 Muxn_203_106
system/tile_prci_domain/tile_reset_domain_tile/fusion/fgra/fgra/cggibs_17/mux_1     102.5472     0.0     102.5472      0.0000       0.0000 Muxn_203_105
system/tile_prci_domain/tile_reset_domain_tile/fusion/fgra/fgra/cggibs_17/mux_10     204.1536     0.0     204.1536      0.0000       0.0000 Muxn_24_71
system/tile_prci_domain/tile_reset_domain_tile/fusion/fgra/fgra/cggibs_17/mux_11     204.1536     0.0     204.1536      0.0000       0.0000 Muxn_24_70
system/tile_prci_domain/tile_reset_domain_tile/fusion/fgra/fgra/cggibs_17/mux_12     204.1536     0.0     204.1536      0.0000       0.0000 Muxn_24_69
system/tile_prci_domain/tile_reset_domain_tile/fusion/fgra/fgra/cggibs_17/mux_13     204.1536     0.0     204.1536      0.0000       0.0000 Muxn_24_68
system/tile_prci_domain/tile_reset_domain_tile/fusion/fgra/fgra/cggibs_17/mux_2     174.9888     0.0     174.9888      0.0000       0.0000 Muxn_42_84
system/tile_prci_domain/tile_reset_domain_tile/fusion/fgra/fgra/cggibs_17/mux_3      80.6736     0.0      80.6736      0.0000       0.0000 Muxn_111
system/tile_prci_domain/tile_reset_domain_tile/fusion/fgra/fgra/cggibs_17/mux_4      86.7888     0.0      86.7888      0.0000       0.0000 Muxn_110
system/tile_prci_domain/tile_reset_domain_tile/fusion/fgra/fgra/cggibs_17/mux_5      87.2592     0.0      87.2592      0.0000       0.0000 Muxn_109
system/tile_prci_domain/tile_reset_domain_tile/fusion/fgra/fgra/cggibs_17/mux_6     120.4224     0.0     120.4224      0.0000       0.0000 Muxn_203_104
system/tile_prci_domain/tile_reset_domain_tile/fusion/fgra/fgra/cggibs_17/mux_7     118.5408     0.0     118.5408      0.0000       0.0000 Muxn_203_103
system/tile_prci_domain/tile_reset_domain_tile/fusion/fgra/fgra/cggibs_17/mux_8     175.4592     0.0     175.4592      0.0000       0.0000 Muxn_42_83
system/tile_prci_domain/tile_reset_domain_tile/fusion/fgra/fgra/cggibs_17/mux_9      81.3792     0.0      81.3792      0.0000       0.0000 Muxn_108
system/tile_prci_domain/tile_reset_domain_tile/fusion/fgra/fgra/cggibs_18    2523.6960     0.1      11.2896      0.0000       0.0000 GIB_18
system/tile_prci_domain/tile_reset_domain_tile/fusion/fgra/fgra/cggibs_18/cfg     359.8560     0.0      71.0304    288.8256       0.0000 ConfigMem_63_2
system/tile_prci_domain/tile_reset_domain_tile/fusion/fgra/fgra/cggibs_18/mux     108.6624     0.0     108.6624      0.0000       0.0000 Muxn_203_102
system/tile_prci_domain/tile_reset_domain_tile/fusion/fgra/fgra/cggibs_18/mux_1     109.1328     0.0     109.1328      0.0000       0.0000 Muxn_203_101
system/tile_prci_domain/tile_reset_domain_tile/fusion/fgra/fgra/cggibs_18/mux_10     177.5760     0.0     177.5760      0.0000       0.0000 Muxn_42_81
system/tile_prci_domain/tile_reset_domain_tile/fusion/fgra/fgra/cggibs_18/mux_11      78.0864     0.0      78.0864      0.0000       0.0000 Muxn_102
system/tile_prci_domain/tile_reset_domain_tile/fusion/fgra/fgra/cggibs_18/mux_12     218.7360     0.0     218.7360      0.0000       0.0000 Muxn_24_67
system/tile_prci_domain/tile_reset_domain_tile/fusion/fgra/fgra/cggibs_18/mux_13     224.6160     0.0     224.6160      0.0000       0.0000 Muxn_24_66
system/tile_prci_domain/tile_reset_domain_tile/fusion/fgra/fgra/cggibs_18/mux_14     226.9680     0.0     226.9680      0.0000       0.0000 Muxn_24_65
system/tile_prci_domain/tile_reset_domain_tile/fusion/fgra/fgra/cggibs_18/mux_15     221.3232     0.0     221.3232      0.0000       0.0000 Muxn_24_64
system/tile_prci_domain/tile_reset_domain_tile/fusion/fgra/fgra/cggibs_18/mux_2      78.0864     0.0      78.0864      0.0000       0.0000 Muxn_107
system/tile_prci_domain/tile_reset_domain_tile/fusion/fgra/fgra/cggibs_18/mux_3      78.0864     0.0      78.0864      0.0000       0.0000 Muxn_106
system/tile_prci_domain/tile_reset_domain_tile/fusion/fgra/fgra/cggibs_18/mux_4     178.2816     0.0     178.2816      0.0000       0.0000 Muxn_42_82
system/tile_prci_domain/tile_reset_domain_tile/fusion/fgra/fgra/cggibs_18/mux_5      79.0272     0.0      79.0272      0.0000       0.0000 Muxn_105
system/tile_prci_domain/tile_reset_domain_tile/fusion/fgra/fgra/cggibs_18/mux_6      78.0864     0.0      78.0864      0.0000       0.0000 Muxn_104
system/tile_prci_domain/tile_reset_domain_tile/fusion/fgra/fgra/cggibs_18/mux_7      78.0864     0.0      78.0864      0.0000       0.0000 Muxn_103
system/tile_prci_domain/tile_reset_domain_tile/fusion/fgra/fgra/cggibs_18/mux_8     109.8384     0.0     109.8384      0.0000       0.0000 Muxn_203_100
system/tile_prci_domain/tile_reset_domain_tile/fusion/fgra/fgra/cggibs_18/mux_9     107.9568     0.0     107.9568      0.0000       0.0000 Muxn_203_99
system/tile_prci_domain/tile_reset_domain_tile/fusion/fgra/fgra/cggibs_19    2942.1168     0.1      17.1696    602.1120       0.0000 GIB_19
system/tile_prci_domain/tile_reset_domain_tile/fusion/fgra/fgra/cggibs_19/cfg     219.9120     0.0      71.0304    148.8816       0.0000 ConfigMem_63_1
system/tile_prci_domain/tile_reset_domain_tile/fusion/fgra/fgra/cggibs_19/mux     106.7808     0.0     106.7808      0.0000       0.0000 Muxn_203_98
system/tile_prci_domain/tile_reset_domain_tile/fusion/fgra/fgra/cggibs_19/mux_1     108.1920     0.0     108.1920      0.0000       0.0000 Muxn_203_97
system/tile_prci_domain/tile_reset_domain_tile/fusion/fgra/fgra/cggibs_19/mux_10     173.5776     0.0     173.5776      0.0000       0.0000 Muxn_42_79
system/tile_prci_domain/tile_reset_domain_tile/fusion/fgra/fgra/cggibs_19/mux_11      81.1440     0.0      81.1440      0.0000       0.0000 Muxn_96
system/tile_prci_domain/tile_reset_domain_tile/fusion/fgra/fgra/cggibs_19/mux_12     204.1536     0.0     204.1536      0.0000       0.0000 Muxn_24_63
system/tile_prci_domain/tile_reset_domain_tile/fusion/fgra/fgra/cggibs_19/mux_13     204.1536     0.0     204.1536      0.0000       0.0000 Muxn_24_62
system/tile_prci_domain/tile_reset_domain_tile/fusion/fgra/fgra/cggibs_19/mux_14     204.1536     0.0     204.1536      0.0000       0.0000 Muxn_24_61
system/tile_prci_domain/tile_reset_domain_tile/fusion/fgra/fgra/cggibs_19/mux_15     204.1536     0.0     204.1536      0.0000       0.0000 Muxn_24_60
system/tile_prci_domain/tile_reset_domain_tile/fusion/fgra/fgra/cggibs_19/mux_2      82.3200     0.0      82.3200      0.0000       0.0000 Muxn_101
system/tile_prci_domain/tile_reset_domain_tile/fusion/fgra/fgra/cggibs_19/mux_3      82.3200     0.0      82.3200      0.0000       0.0000 Muxn_100
system/tile_prci_domain/tile_reset_domain_tile/fusion/fgra/fgra/cggibs_19/mux_4     173.8128     0.0     173.8128      0.0000       0.0000 Muxn_42_80
system/tile_prci_domain/tile_reset_domain_tile/fusion/fgra/fgra/cggibs_19/mux_5      79.9680     0.0      79.9680      0.0000       0.0000 Muxn_99
system/tile_prci_domain/tile_reset_domain_tile/fusion/fgra/fgra/cggibs_19/mux_6      83.0256     0.0      83.0256      0.0000       0.0000 Muxn_98
system/tile_prci_domain/tile_reset_domain_tile/fusion/fgra/fgra/cggibs_19/mux_7      83.4960     0.0      83.4960      0.0000       0.0000 Muxn_97
system/tile_prci_domain/tile_reset_domain_tile/fusion/fgra/fgra/cggibs_19/mux_8     119.9520     0.0     119.9520      0.0000       0.0000 Muxn_203_96
system/tile_prci_domain/tile_reset_domain_tile/fusion/fgra/fgra/cggibs_19/mux_9     111.7200     0.0     111.7200      0.0000       0.0000 Muxn_203_95
system/tile_prci_domain/tile_reset_domain_tile/fusion/fgra/fgra/cggibs_2    1415.9040     0.0      71.9712      0.0000       0.0000 GIB_2
system/tile_prci_domain/tile_reset_domain_tile/fusion/fgra/fgra/cggibs_2/cfg     165.5808     0.0      38.8080    126.7728       0.0000 ConfigMem_49_8
system/tile_prci_domain/tile_reset_domain_tile/fusion/fgra/fgra/cggibs_2/mux     103.9584     0.0     103.9584      0.0000       0.0000 Muxn_203_160
system/tile_prci_domain/tile_reset_domain_tile/fusion/fgra/fgra/cggibs_2/mux_1     104.1936     0.0     104.1936      0.0000       0.0000 Muxn_203_159
system/tile_prci_domain/tile_reset_domain_tile/fusion/fgra/fgra/cggibs_2/mux_2     152.4096     0.0     152.4096      0.0000       0.0000 Muxn_42_110
system/tile_prci_domain/tile_reset_domain_tile/fusion/fgra/fgra/cggibs_2/mux_3      78.0864     0.0      78.0864      0.0000       0.0000 Muxn_163
system/tile_prci_domain/tile_reset_domain_tile/fusion/fgra/fgra/cggibs_2/mux_4      78.7920     0.0      78.7920      0.0000       0.0000 Muxn_162
system/tile_prci_domain/tile_reset_domain_tile/fusion/fgra/fgra/cggibs_2/mux_5      78.0864     0.0      78.0864      0.0000       0.0000 Muxn_161
system/tile_prci_domain/tile_reset_domain_tile/fusion/fgra/fgra/cggibs_2/mux_6     106.3104     0.0     106.3104      0.0000       0.0000 Muxn_203_158
system/tile_prci_domain/tile_reset_domain_tile/fusion/fgra/fgra/cggibs_2/mux_7     156.6432     0.0     156.6432      0.0000       0.0000 Muxn_42_109
system/tile_prci_domain/tile_reset_domain_tile/fusion/fgra/fgra/cggibs_2/mux_8     157.3488     0.0     157.3488      0.0000       0.0000 Muxn_42_108
system/tile_prci_domain/tile_reset_domain_tile/fusion/fgra/fgra/cggibs_2/mux_9     162.5232     0.0     162.5232      0.0000       0.0000 Muxn_42_107
system/tile_prci_domain/tile_reset_domain_tile/fusion/fgra/fgra/cggibs_20     619.0464     0.0     163.4640      0.0000       0.0000 GIB_20
system/tile_prci_domain/tile_reset_domain_tile/fusion/fgra/fgra/cggibs_20/cfg      75.9696     0.0      14.5824     61.3872       0.0000 ConfigMem_55_19
system/tile_prci_domain/tile_reset_domain_tile/fusion/fgra/fgra/cggibs_20/mux      78.0864     0.0      78.0864      0.0000       0.0000 Muxn_95
system/tile_prci_domain/tile_reset_domain_tile/fusion/fgra/fgra/cggibs_20/mux_1      80.4384     0.0      80.4384      0.0000       0.0000 Muxn_94
system/tile_prci_domain/tile_reset_domain_tile/fusion/fgra/fgra/cggibs_20/mux_2     111.2496     0.0     111.2496      0.0000       0.0000 Muxn_203_94
system/tile_prci_domain/tile_reset_domain_tile/fusion/fgra/fgra/cggibs_20/mux_3     109.8384     0.0     109.8384      0.0000       0.0000 Muxn_203_93
system/tile_prci_domain/tile_reset_domain_tile/fusion/fgra/fgra/cggibs_21     966.4368     0.0     106.7808    451.5840       0.0000 GIB_21
system/tile_prci_domain/tile_reset_domain_tile/fusion/fgra/fgra/cggibs_21/cfg      43.5120     0.0      15.2880     28.2240       0.0000 ConfigMem_55_18
system/tile_prci_domain/tile_reset_domain_tile/fusion/fgra/fgra/cggibs_21/mux      81.3792     0.0      81.3792      0.0000       0.0000 Muxn_93
system/tile_prci_domain/tile_reset_domain_tile/fusion/fgra/fgra/cggibs_21/mux_1     102.5472     0.0     102.5472      0.0000       0.0000 Muxn_203_92
system/tile_prci_domain/tile_reset_domain_tile/fusion/fgra/fgra/cggibs_21/mux_2      78.0864     0.0      78.0864      0.0000       0.0000 Muxn_92
system/tile_prci_domain/tile_reset_domain_tile/fusion/fgra/fgra/cggibs_21/mux_3     102.5472     0.0     102.5472      0.0000       0.0000 Muxn_203_91
system/tile_prci_domain/tile_reset_domain_tile/fusion/fgra/fgra/cggibs_22    2260.0368     0.1       5.1744      0.0000       0.0000 GIB_22
system/tile_prci_domain/tile_reset_domain_tile/fusion/fgra/fgra/cggibs_22/cfg     312.3456     0.0      65.8560    246.4896       0.0000 ConfigMem_58_10
system/tile_prci_domain/tile_reset_domain_tile/fusion/fgra/fgra/cggibs_22/mux     110.7792     0.0     110.7792      0.0000       0.0000 Muxn_203_90
system/tile_prci_domain/tile_reset_domain_tile/fusion/fgra/fgra/cggibs_22/mux_1     105.8400     0.0     105.8400      0.0000       0.0000 Muxn_203_89
system/tile_prci_domain/tile_reset_domain_tile/fusion/fgra/fgra/cggibs_22/mux_10     204.1536     0.0     204.1536      0.0000       0.0000 Muxn_24_59
system/tile_prci_domain/tile_reset_domain_tile/fusion/fgra/fgra/cggibs_22/mux_11     235.9056     0.0     235.9056      0.0000       0.0000 Muxn_24_58
system/tile_prci_domain/tile_reset_domain_tile/fusion/fgra/fgra/cggibs_22/mux_12     217.3248     0.0     217.3248      0.0000       0.0000 Muxn_24_57
system/tile_prci_domain/tile_reset_domain_tile/fusion/fgra/fgra/cggibs_22/mux_13     218.7360     0.0     218.7360      0.0000       0.0000 Muxn_24_56
system/tile_prci_domain/tile_reset_domain_tile/fusion/fgra/fgra/cggibs_22/mux_2     152.4096     0.0     152.4096      0.0000       0.0000 Muxn_42_78
system/tile_prci_domain/tile_reset_domain_tile/fusion/fgra/fgra/cggibs_22/mux_3      78.0864     0.0      78.0864      0.0000       0.0000 Muxn_90
system/tile_prci_domain/tile_reset_domain_tile/fusion/fgra/fgra/cggibs_22/mux_4     103.7232     0.0     103.7232      0.0000       0.0000 Muxn_203_88
system/tile_prci_domain/tile_reset_domain_tile/fusion/fgra/fgra/cggibs_22/mux_5     107.7216     0.0     107.7216      0.0000       0.0000 Muxn_203_87
system/tile_prci_domain/tile_reset_domain_tile/fusion/fgra/fgra/cggibs_22/mux_6      78.0864     0.0      78.0864      0.0000       0.0000 Muxn_89
system/tile_prci_domain/tile_reset_domain_tile/fusion/fgra/fgra/cggibs_22/mux_7      77.1456     0.0      77.1456      0.0000       0.0000 Muxn_88
system/tile_prci_domain/tile_reset_domain_tile/fusion/fgra/fgra/cggibs_22/mux_8     174.2832     0.0     174.2832      0.0000       0.0000 Muxn_42_77
system/tile_prci_domain/tile_reset_domain_tile/fusion/fgra/fgra/cggibs_22/mux_9      78.3216     0.0      78.3216      0.0000       0.0000 Muxn_87
system/tile_prci_domain/tile_reset_domain_tile/fusion/fgra/fgra/cggibs_23    3021.1440     0.1      57.6240    602.1120       0.0000 GIB_23
system/tile_prci_domain/tile_reset_domain_tile/fusion/fgra/fgra/cggibs_23/cfg     229.0848     0.0      75.4992    153.5856       0.0000 ConfigMem_56_0
system/tile_prci_domain/tile_reset_domain_tile/fusion/fgra/fgra/cggibs_23/mux     126.5376     0.0     126.5376      0.0000       0.0000 Muxn_203_86
system/tile_prci_domain/tile_reset_domain_tile/fusion/fgra/fgra/cggibs_23/mux_1     111.9552     0.0     111.9552      0.0000       0.0000 Muxn_203_85
system/tile_prci_domain/tile_reset_domain_tile/fusion/fgra/fgra/cggibs_23/mux_10     119.7168     0.0     119.7168      0.0000       0.0000 Muxn_203_81
system/tile_prci_domain/tile_reset_domain_tile/fusion/fgra/fgra/cggibs_23/mux_11      89.3760     0.0      89.3760      0.0000       0.0000 Muxn_82
system/tile_prci_domain/tile_reset_domain_tile/fusion/fgra/fgra/cggibs_23/mux_12     205.0944     0.0     205.0944      0.0000       0.0000 Muxn_24_55
system/tile_prci_domain/tile_reset_domain_tile/fusion/fgra/fgra/cggibs_23/mux_13     204.1536     0.0     204.1536      0.0000       0.0000 Muxn_24_54
system/tile_prci_domain/tile_reset_domain_tile/fusion/fgra/fgra/cggibs_23/mux_14     205.0944     0.0     205.0944      0.0000       0.0000 Muxn_24_53
system/tile_prci_domain/tile_reset_domain_tile/fusion/fgra/fgra/cggibs_23/mux_15     205.0944     0.0     205.0944      0.0000       0.0000 Muxn_24_52
system/tile_prci_domain/tile_reset_domain_tile/fusion/fgra/fgra/cggibs_23/mux_2     175.6944     0.0     175.6944      0.0000       0.0000 Muxn_42_76
system/tile_prci_domain/tile_reset_domain_tile/fusion/fgra/fgra/cggibs_23/mux_3      80.6736     0.0      80.6736      0.0000       0.0000 Muxn_86
system/tile_prci_domain/tile_reset_domain_tile/fusion/fgra/fgra/cggibs_23/mux_4     117.1296     0.0     117.1296      0.0000       0.0000 Muxn_203_84
system/tile_prci_domain/tile_reset_domain_tile/fusion/fgra/fgra/cggibs_23/mux_5     112.6608     0.0     112.6608      0.0000       0.0000 Muxn_203_83
system/tile_prci_domain/tile_reset_domain_tile/fusion/fgra/fgra/cggibs_23/mux_6      88.4352     0.0      88.4352      0.0000       0.0000 Muxn_85
system/tile_prci_domain/tile_reset_domain_tile/fusion/fgra/fgra/cggibs_23/mux_7      89.8464     0.0      89.8464      0.0000       0.0000 Muxn_84
system/tile_prci_domain/tile_reset_domain_tile/fusion/fgra/fgra/cggibs_23/mux_8     118.7760     0.0     118.7760      0.0000       0.0000 Muxn_203_82
system/tile_prci_domain/tile_reset_domain_tile/fusion/fgra/fgra/cggibs_23/mux_9      82.0848     0.0      82.0848      0.0000       0.0000 Muxn_83
system/tile_prci_domain/tile_reset_domain_tile/fusion/fgra/fgra/cggibs_24    2401.1568     0.1       8.4672      0.0000       0.0000 GIB_24
system/tile_prci_domain/tile_reset_domain_tile/fusion/fgra/fgra/cggibs_24/cfg     328.1040     0.0      68.9136    259.1904       0.0000 ConfigMem_57_1
system/tile_prci_domain/tile_reset_domain_tile/fusion/fgra/fgra/cggibs_24/mux     114.5424     0.0     114.5424      0.0000       0.0000 Muxn_203_80
system/tile_prci_domain/tile_reset_domain_tile/fusion/fgra/fgra/cggibs_24/mux_1     106.7808     0.0     106.7808      0.0000       0.0000 Muxn_203_79
system/tile_prci_domain/tile_reset_domain_tile/fusion/fgra/fgra/cggibs_24/mux_10     279.4176     0.0     279.4176      0.0000       0.0000 Muxn_24_51
system/tile_prci_domain/tile_reset_domain_tile/fusion/fgra/fgra/cggibs_24/mux_11     256.1328     0.0     256.1328      0.0000       0.0000 Muxn_24_50
system/tile_prci_domain/tile_reset_domain_tile/fusion/fgra/fgra/cggibs_24/mux_12     237.7872     0.0     237.7872      0.0000       0.0000 Muxn_24_49
system/tile_prci_domain/tile_reset_domain_tile/fusion/fgra/fgra/cggibs_24/mux_13     234.7296     0.0     234.7296      0.0000       0.0000 Muxn_24_48
system/tile_prci_domain/tile_reset_domain_tile/fusion/fgra/fgra/cggibs_24/mux_2     176.6352     0.0     176.6352      0.0000       0.0000 Muxn_42_75
system/tile_prci_domain/tile_reset_domain_tile/fusion/fgra/fgra/cggibs_24/mux_3      78.0864     0.0      78.0864      0.0000       0.0000 Muxn_81
system/tile_prci_domain/tile_reset_domain_tile/fusion/fgra/fgra/cggibs_24/mux_4     102.5472     0.0     102.5472      0.0000       0.0000 Muxn_203_78
system/tile_prci_domain/tile_reset_domain_tile/fusion/fgra/fgra/cggibs_24/mux_5     102.5472     0.0     102.5472      0.0000       0.0000 Muxn_203_77
system/tile_prci_domain/tile_reset_domain_tile/fusion/fgra/fgra/cggibs_24/mux_6     105.3696     0.0     105.3696      0.0000       0.0000 Muxn_203_76
system/tile_prci_domain/tile_reset_domain_tile/fusion/fgra/fgra/cggibs_24/mux_7      78.0864     0.0      78.0864      0.0000       0.0000 Muxn_80
system/tile_prci_domain/tile_reset_domain_tile/fusion/fgra/fgra/cggibs_24/mux_8     113.6016     0.0     113.6016      0.0000       0.0000 Muxn_203_75
system/tile_prci_domain/tile_reset_domain_tile/fusion/fgra/fgra/cggibs_24/mux_9      78.3216     0.0      78.3216      0.0000       0.0000 Muxn_79
system/tile_prci_domain/tile_reset_domain_tile/fusion/fgra/fgra/cggibs_25    2755.1328     0.1      21.6384    610.1088       0.0000 GIB_25
system/tile_prci_domain/tile_reset_domain_tile/fusion/fgra/fgra/cggibs_25/cfg     205.5648     0.0      65.8560    139.7088       0.0000 ConfigMem_58_9
system/tile_prci_domain/tile_reset_domain_tile/fusion/fgra/fgra/cggibs_25/mux     117.8352     0.0     117.8352      0.0000       0.0000 Muxn_203_74
system/tile_prci_domain/tile_reset_domain_tile/fusion/fgra/fgra/cggibs_25/mux_1     110.5440     0.0     110.5440      0.0000       0.0000 Muxn_203_73
system/tile_prci_domain/tile_reset_domain_tile/fusion/fgra/fgra/cggibs_25/mux_10     204.1536     0.0     204.1536      0.0000       0.0000 Muxn_24_47
system/tile_prci_domain/tile_reset_domain_tile/fusion/fgra/fgra/cggibs_25/mux_11     204.1536     0.0     204.1536      0.0000       0.0000 Muxn_24_46
system/tile_prci_domain/tile_reset_domain_tile/fusion/fgra/fgra/cggibs_25/mux_12     204.1536     0.0     204.1536      0.0000       0.0000 Muxn_24_45
system/tile_prci_domain/tile_reset_domain_tile/fusion/fgra/fgra/cggibs_25/mux_13     204.1536     0.0     204.1536      0.0000       0.0000 Muxn_24_44
system/tile_prci_domain/tile_reset_domain_tile/fusion/fgra/fgra/cggibs_25/mux_2     174.9888     0.0     174.9888      0.0000       0.0000 Muxn_42_74
system/tile_prci_domain/tile_reset_domain_tile/fusion/fgra/fgra/cggibs_25/mux_3      80.9088     0.0      80.9088      0.0000       0.0000 Muxn_78
system/tile_prci_domain/tile_reset_domain_tile/fusion/fgra/fgra/cggibs_25/mux_4     111.2496     0.0     111.2496      0.0000       0.0000 Muxn_203_72
system/tile_prci_domain/tile_reset_domain_tile/fusion/fgra/fgra/cggibs_25/mux_5     109.8384     0.0     109.8384      0.0000       0.0000 Muxn_203_71
system/tile_prci_domain/tile_reset_domain_tile/fusion/fgra/fgra/cggibs_25/mux_6      82.7904     0.0      82.7904      0.0000       0.0000 Muxn_77
system/tile_prci_domain/tile_reset_domain_tile/fusion/fgra/fgra/cggibs_25/mux_7      83.0256     0.0      83.0256      0.0000       0.0000 Muxn_76
system/tile_prci_domain/tile_reset_domain_tile/fusion/fgra/fgra/cggibs_25/mux_8     151.9392     0.0     151.9392      0.0000       0.0000 Muxn_42_73
system/tile_prci_domain/tile_reset_domain_tile/fusion/fgra/fgra/cggibs_25/mux_9      78.0864     0.0      78.0864      0.0000       0.0000 Muxn_75
system/tile_prci_domain/tile_reset_domain_tile/fusion/fgra/fgra/cggibs_26    2214.1728     0.1       6.8208      0.0000       0.0000 GIB_26
system/tile_prci_domain/tile_reset_domain_tile/fusion/fgra/fgra/cggibs_26/cfg     283.1808     0.0      68.9136    214.2672       0.0000 ConfigMem_57_0
system/tile_prci_domain/tile_reset_domain_tile/fusion/fgra/fgra/cggibs_26/mux     114.7776     0.0     114.7776      0.0000       0.0000 Muxn_203_70
system/tile_prci_domain/tile_reset_domain_tile/fusion/fgra/fgra/cggibs_26/mux_1     105.1344     0.0     105.1344      0.0000       0.0000 Muxn_203_69
system/tile_prci_domain/tile_reset_domain_tile/fusion/fgra/fgra/cggibs_26/mux_10     211.9152     0.0     211.9152      0.0000       0.0000 Muxn_24_43
system/tile_prci_domain/tile_reset_domain_tile/fusion/fgra/fgra/cggibs_26/mux_11     229.5552     0.0     229.5552      0.0000       0.0000 Muxn_24_42
system/tile_prci_domain/tile_reset_domain_tile/fusion/fgra/fgra/cggibs_26/mux_12     204.1536     0.0     204.1536      0.0000       0.0000 Muxn_24_41
system/tile_prci_domain/tile_reset_domain_tile/fusion/fgra/fgra/cggibs_26/mux_13     220.1472     0.0     220.1472      0.0000       0.0000 Muxn_24_40
system/tile_prci_domain/tile_reset_domain_tile/fusion/fgra/fgra/cggibs_26/mux_2     176.1648     0.0     176.1648      0.0000       0.0000 Muxn_42_72
system/tile_prci_domain/tile_reset_domain_tile/fusion/fgra/fgra/cggibs_26/mux_3      78.0864     0.0      78.0864      0.0000       0.0000 Muxn_74
system/tile_prci_domain/tile_reset_domain_tile/fusion/fgra/fgra/cggibs_26/mux_4     110.0736     0.0     110.0736      0.0000       0.0000 Muxn_203_68
system/tile_prci_domain/tile_reset_domain_tile/fusion/fgra/fgra/cggibs_26/mux_5     105.3696     0.0     105.3696      0.0000       0.0000 Muxn_203_67
system/tile_prci_domain/tile_reset_domain_tile/fusion/fgra/fgra/cggibs_26/mux_6     105.1344     0.0     105.1344      0.0000       0.0000 Muxn_203_66
system/tile_prci_domain/tile_reset_domain_tile/fusion/fgra/fgra/cggibs_26/mux_7      78.0864     0.0      78.0864      0.0000       0.0000 Muxn_73
system/tile_prci_domain/tile_reset_domain_tile/fusion/fgra/fgra/cggibs_26/mux_8     107.2512     0.0     107.2512      0.0000       0.0000 Muxn_203_65
system/tile_prci_domain/tile_reset_domain_tile/fusion/fgra/fgra/cggibs_26/mux_9      78.3216     0.0      78.3216      0.0000       0.0000 Muxn_72
system/tile_prci_domain/tile_reset_domain_tile/fusion/fgra/fgra/cggibs_27    1001.9520     0.0     142.2960    451.5840       0.0000 GIB_27
system/tile_prci_domain/tile_reset_domain_tile/fusion/fgra/fgra/cggibs_27/cfg      43.5120     0.0      15.2880     28.2240       0.0000 ConfigMem_55_17
system/tile_prci_domain/tile_reset_domain_tile/fusion/fgra/fgra/cggibs_27/mux      81.3792     0.0      81.3792      0.0000       0.0000 Muxn_71
system/tile_prci_domain/tile_reset_domain_tile/fusion/fgra/fgra/cggibs_27/mux_1      78.0864     0.0      78.0864      0.0000       0.0000 Muxn_70
system/tile_prci_domain/tile_reset_domain_tile/fusion/fgra/fgra/cggibs_27/mux_2     102.5472     0.0     102.5472      0.0000       0.0000 Muxn_203_64
system/tile_prci_domain/tile_reset_domain_tile/fusion/fgra/fgra/cggibs_27/mux_3     102.5472     0.0     102.5472      0.0000       0.0000 Muxn_203_63
system/tile_prci_domain/tile_reset_domain_tile/fusion/fgra/fgra/cggibs_28     567.0672     0.0     108.6624      0.0000       0.0000 GIB_28
system/tile_prci_domain/tile_reset_domain_tile/fusion/fgra/fgra/cggibs_28/cfg      76.2048     0.0      14.5824     61.6224       0.0000 ConfigMem_55_16
system/tile_prci_domain/tile_reset_domain_tile/fusion/fgra/fgra/cggibs_28/mux      78.7920     0.0      78.7920      0.0000       0.0000 Muxn_69
system/tile_prci_domain/tile_reset_domain_tile/fusion/fgra/fgra/cggibs_28/mux_1     112.4256     0.0     112.4256      0.0000       0.0000 Muxn_203_62
system/tile_prci_domain/tile_reset_domain_tile/fusion/fgra/fgra/cggibs_28/mux_2      78.7920     0.0      78.7920      0.0000       0.0000 Muxn_68
system/tile_prci_domain/tile_reset_domain_tile/fusion/fgra/fgra/cggibs_28/mux_3     112.1904     0.0     112.1904      0.0000       0.0000 Muxn_203_61
system/tile_prci_domain/tile_reset_domain_tile/fusion/fgra/fgra/cggibs_29    2796.5280     0.1      29.4000    602.1120       0.0000 GIB_29
system/tile_prci_domain/tile_reset_domain_tile/fusion/fgra/fgra/cggibs_29/cfg     205.3296     0.0      65.8560    139.4736       0.0000 ConfigMem_58_8
system/tile_prci_domain/tile_reset_domain_tile/fusion/fgra/fgra/cggibs_29/mux     119.0112     0.0     119.0112      0.0000       0.0000 Muxn_203_60
system/tile_prci_domain/tile_reset_domain_tile/fusion/fgra/fgra/cggibs_29/mux_1     108.6624     0.0     108.6624      0.0000       0.0000 Muxn_203_59
system/tile_prci_domain/tile_reset_domain_tile/fusion/fgra/fgra/cggibs_29/mux_10     204.1536     0.0     204.1536      0.0000       0.0000 Muxn_24_39
system/tile_prci_domain/tile_reset_domain_tile/fusion/fgra/fgra/cggibs_29/mux_11     204.1536     0.0     204.1536      0.0000       0.0000 Muxn_24_38
system/tile_prci_domain/tile_reset_domain_tile/fusion/fgra/fgra/cggibs_29/mux_12     204.1536     0.0     204.1536      0.0000       0.0000 Muxn_24_37
system/tile_prci_domain/tile_reset_domain_tile/fusion/fgra/fgra/cggibs_29/mux_13     204.1536     0.0     204.1536      0.0000       0.0000 Muxn_24_36
system/tile_prci_domain/tile_reset_domain_tile/fusion/fgra/fgra/cggibs_29/mux_2     173.8128     0.0     173.8128      0.0000       0.0000 Muxn_42_71
system/tile_prci_domain/tile_reset_domain_tile/fusion/fgra/fgra/cggibs_29/mux_3      81.1440     0.0      81.1440      0.0000       0.0000 Muxn_67
system/tile_prci_domain/tile_reset_domain_tile/fusion/fgra/fgra/cggibs_29/mux_4      84.2016     0.0      84.2016      0.0000       0.0000 Muxn_66
system/tile_prci_domain/tile_reset_domain_tile/fusion/fgra/fgra/cggibs_29/mux_5      84.2016     0.0      84.2016      0.0000       0.0000 Muxn_65
system/tile_prci_domain/tile_reset_domain_tile/fusion/fgra/fgra/cggibs_29/mux_6     110.5440     0.0     110.5440      0.0000       0.0000 Muxn_203_58
system/tile_prci_domain/tile_reset_domain_tile/fusion/fgra/fgra/cggibs_29/mux_7     120.1872     0.0     120.1872      0.0000       0.0000 Muxn_203_57
system/tile_prci_domain/tile_reset_domain_tile/fusion/fgra/fgra/cggibs_29/mux_8     175.9296     0.0     175.9296      0.0000       0.0000 Muxn_42_70
system/tile_prci_domain/tile_reset_domain_tile/fusion/fgra/fgra/cggibs_29/mux_9      85.3776     0.0      85.3776      0.0000       0.0000 Muxn_64
system/tile_prci_domain/tile_reset_domain_tile/fusion/fgra/fgra/cggibs_3    1821.8592     0.1      58.0944    451.5840       0.0000 GIB_3
system/tile_prci_domain/tile_reset_domain_tile/fusion/fgra/fgra/cggibs_3/cfg     118.7760     0.0      38.8080     79.9680       0.0000 ConfigMem_49_7
system/tile_prci_domain/tile_reset_domain_tile/fusion/fgra/fgra/cggibs_3/mux     104.8992     0.0     104.8992      0.0000       0.0000 Muxn_203_157
system/tile_prci_domain/tile_reset_domain_tile/fusion/fgra/fgra/cggibs_3/mux_1     104.8992     0.0     104.8992      0.0000       0.0000 Muxn_203_156
system/tile_prci_domain/tile_reset_domain_tile/fusion/fgra/fgra/cggibs_3/mux_2     174.5184     0.0     174.5184      0.0000       0.0000 Muxn_42_106
system/tile_prci_domain/tile_reset_domain_tile/fusion/fgra/fgra/cggibs_3/mux_3      78.0864     0.0      78.0864      0.0000       0.0000 Muxn_160
system/tile_prci_domain/tile_reset_domain_tile/fusion/fgra/fgra/cggibs_3/mux_4      81.8496     0.0      81.8496      0.0000       0.0000 Muxn_159
system/tile_prci_domain/tile_reset_domain_tile/fusion/fgra/fgra/cggibs_3/mux_5      79.7328     0.0      79.7328      0.0000       0.0000 Muxn_158
system/tile_prci_domain/tile_reset_domain_tile/fusion/fgra/fgra/cggibs_3/mux_6     113.6016     0.0     113.6016      0.0000       0.0000 Muxn_203_155
system/tile_prci_domain/tile_reset_domain_tile/fusion/fgra/fgra/cggibs_3/mux_7     151.9392     0.0     151.9392      0.0000       0.0000 Muxn_42_105
system/tile_prci_domain/tile_reset_domain_tile/fusion/fgra/fgra/cggibs_3/mux_8     151.9392     0.0     151.9392      0.0000       0.0000 Muxn_42_104
system/tile_prci_domain/tile_reset_domain_tile/fusion/fgra/fgra/cggibs_3/mux_9     151.9392     0.0     151.9392      0.0000       0.0000 Muxn_42_103
system/tile_prci_domain/tile_reset_domain_tile/fusion/fgra/fgra/cggibs_30    2492.8848     0.1      13.6416      0.0000       0.0000 GIB_30
system/tile_prci_domain/tile_reset_domain_tile/fusion/fgra/fgra/cggibs_30/cfg     351.1536     0.0      71.0304    280.1232       0.0000 ConfigMem_63_0
system/tile_prci_domain/tile_reset_domain_tile/fusion/fgra/fgra/cggibs_30/mux     108.4272     0.0     108.4272      0.0000       0.0000 Muxn_203_56
system/tile_prci_domain/tile_reset_domain_tile/fusion/fgra/fgra/cggibs_30/mux_1     104.4288     0.0     104.4288      0.0000       0.0000 Muxn_203_55
system/tile_prci_domain/tile_reset_domain_tile/fusion/fgra/fgra/cggibs_30/mux_10     175.4592     0.0     175.4592      0.0000       0.0000 Muxn_42_68
system/tile_prci_domain/tile_reset_domain_tile/fusion/fgra/fgra/cggibs_30/mux_11      78.0864     0.0      78.0864      0.0000       0.0000 Muxn_58
system/tile_prci_domain/tile_reset_domain_tile/fusion/fgra/fgra/cggibs_30/mux_12     219.4416     0.0     219.4416      0.0000       0.0000 Muxn_24_35
system/tile_prci_domain/tile_reset_domain_tile/fusion/fgra/fgra/cggibs_30/mux_13     222.4992     0.0     222.4992      0.0000       0.0000 Muxn_24_34
system/tile_prci_domain/tile_reset_domain_tile/fusion/fgra/fgra/cggibs_30/mux_14     210.2688     0.0     210.2688      0.0000       0.0000 Muxn_24_33
system/tile_prci_domain/tile_reset_domain_tile/fusion/fgra/fgra/cggibs_30/mux_15     229.0848     0.0     229.0848      0.0000       0.0000 Muxn_24_32
system/tile_prci_domain/tile_reset_domain_tile/fusion/fgra/fgra/cggibs_30/mux_2      78.0864     0.0      78.0864      0.0000       0.0000 Muxn_63
system/tile_prci_domain/tile_reset_domain_tile/fusion/fgra/fgra/cggibs_30/mux_3      78.0864     0.0      78.0864      0.0000       0.0000 Muxn_62
system/tile_prci_domain/tile_reset_domain_tile/fusion/fgra/fgra/cggibs_30/mux_4     176.6352     0.0     176.6352      0.0000       0.0000 Muxn_42_69
system/tile_prci_domain/tile_reset_domain_tile/fusion/fgra/fgra/cggibs_30/mux_5      78.0864     0.0      78.0864      0.0000       0.0000 Muxn_61
system/tile_prci_domain/tile_reset_domain_tile/fusion/fgra/fgra/cggibs_30/mux_6      78.0864     0.0      78.0864      0.0000       0.0000 Muxn_60
system/tile_prci_domain/tile_reset_domain_tile/fusion/fgra/fgra/cggibs_30/mux_7      78.0864     0.0      78.0864      0.0000       0.0000 Muxn_59
system/tile_prci_domain/tile_reset_domain_tile/fusion/fgra/fgra/cggibs_30/mux_8     107.2512     0.0     107.2512      0.0000       0.0000 Muxn_203_54
system/tile_prci_domain/tile_reset_domain_tile/fusion/fgra/fgra/cggibs_30/mux_9     106.0752     0.0     106.0752      0.0000       0.0000 Muxn_203_53
system/tile_prci_domain/tile_reset_domain_tile/fusion/fgra/fgra/cggibs_31    2790.1776     0.1      70.7952    602.1120       0.0000 GIB_31
system/tile_prci_domain/tile_reset_domain_tile/fusion/fgra/fgra/cggibs_31/cfg     197.5680     0.0      65.8560    131.7120       0.0000 ConfigMem_58_7
system/tile_prci_domain/tile_reset_domain_tile/fusion/fgra/fgra/cggibs_31/mux     112.6608     0.0     112.6608      0.0000       0.0000 Muxn_203_52
system/tile_prci_domain/tile_reset_domain_tile/fusion/fgra/fgra/cggibs_31/mux_1     109.6032     0.0     109.6032      0.0000       0.0000 Muxn_203_51
system/tile_prci_domain/tile_reset_domain_tile/fusion/fgra/fgra/cggibs_31/mux_10     204.1536     0.0     204.1536      0.0000       0.0000 Muxn_24_31
system/tile_prci_domain/tile_reset_domain_tile/fusion/fgra/fgra/cggibs_31/mux_11     204.1536     0.0     204.1536      0.0000       0.0000 Muxn_24_30
system/tile_prci_domain/tile_reset_domain_tile/fusion/fgra/fgra/cggibs_31/mux_12     204.1536     0.0     204.1536      0.0000       0.0000 Muxn_24_29
system/tile_prci_domain/tile_reset_domain_tile/fusion/fgra/fgra/cggibs_31/mux_13     204.1536     0.0     204.1536      0.0000       0.0000 Muxn_24_28
system/tile_prci_domain/tile_reset_domain_tile/fusion/fgra/fgra/cggibs_31/mux_2      83.2608     0.0      83.2608      0.0000       0.0000 Muxn_57
system/tile_prci_domain/tile_reset_domain_tile/fusion/fgra/fgra/cggibs_31/mux_3      82.3200     0.0      82.3200      0.0000       0.0000 Muxn_56
system/tile_prci_domain/tile_reset_domain_tile/fusion/fgra/fgra/cggibs_31/mux_4     151.9392     0.0     151.9392      0.0000       0.0000 Muxn_42_67
system/tile_prci_domain/tile_reset_domain_tile/fusion/fgra/fgra/cggibs_31/mux_5      78.0864     0.0      78.0864      0.0000       0.0000 Muxn_55
system/tile_prci_domain/tile_reset_domain_tile/fusion/fgra/fgra/cggibs_31/mux_6     108.6624     0.0     108.6624      0.0000       0.0000 Muxn_203_50
system/tile_prci_domain/tile_reset_domain_tile/fusion/fgra/fgra/cggibs_31/mux_7     116.6592     0.0     116.6592      0.0000       0.0000 Muxn_203_49
system/tile_prci_domain/tile_reset_domain_tile/fusion/fgra/fgra/cggibs_31/mux_8     174.2832     0.0     174.2832      0.0000       0.0000 Muxn_42_66
system/tile_prci_domain/tile_reset_domain_tile/fusion/fgra/fgra/cggibs_31/mux_9      85.6128     0.0      85.6128      0.0000       0.0000 Muxn_54
system/tile_prci_domain/tile_reset_domain_tile/fusion/fgra/fgra/cggibs_32    2336.0064     0.1       9.6432      0.0000       0.0000 GIB_32
system/tile_prci_domain/tile_reset_domain_tile/fusion/fgra/fgra/cggibs_32/cfg     311.6400     0.0      65.8560    245.7840       0.0000 ConfigMem_58_6
system/tile_prci_domain/tile_reset_domain_tile/fusion/fgra/fgra/cggibs_32/mux     102.5472     0.0     102.5472      0.0000       0.0000 Muxn_203_48
system/tile_prci_domain/tile_reset_domain_tile/fusion/fgra/fgra/cggibs_32/mux_1     102.5472     0.0     102.5472      0.0000       0.0000 Muxn_203_47
system/tile_prci_domain/tile_reset_domain_tile/fusion/fgra/fgra/cggibs_32/mux_10     218.5008     0.0     218.5008      0.0000       0.0000 Muxn_24_27
system/tile_prci_domain/tile_reset_domain_tile/fusion/fgra/fgra/cggibs_32/mux_11     223.6752     0.0     223.6752      0.0000       0.0000 Muxn_24_26
system/tile_prci_domain/tile_reset_domain_tile/fusion/fgra/fgra/cggibs_32/mux_12     223.4400     0.0     223.4400      0.0000       0.0000 Muxn_24_25
system/tile_prci_domain/tile_reset_domain_tile/fusion/fgra/fgra/cggibs_32/mux_13     264.3648     0.0     264.3648      0.0000       0.0000 Muxn_24_24
system/tile_prci_domain/tile_reset_domain_tile/fusion/fgra/fgra/cggibs_32/mux_2     173.5776     0.0     173.5776      0.0000       0.0000 Muxn_42_65
system/tile_prci_domain/tile_reset_domain_tile/fusion/fgra/fgra/cggibs_32/mux_3      78.0864     0.0      78.0864      0.0000       0.0000 Muxn_53
system/tile_prci_domain/tile_reset_domain_tile/fusion/fgra/fgra/cggibs_32/mux_4      78.0864     0.0      78.0864      0.0000       0.0000 Muxn_52
system/tile_prci_domain/tile_reset_domain_tile/fusion/fgra/fgra/cggibs_32/mux_5      78.5568     0.0      78.5568      0.0000       0.0000 Muxn_51
system/tile_prci_domain/tile_reset_domain_tile/fusion/fgra/fgra/cggibs_32/mux_6     110.5440     0.0     110.5440      0.0000       0.0000 Muxn_203_46
system/tile_prci_domain/tile_reset_domain_tile/fusion/fgra/fgra/cggibs_32/mux_7     105.6048     0.0     105.6048      0.0000       0.0000 Muxn_203_45
system/tile_prci_domain/tile_reset_domain_tile/fusion/fgra/fgra/cggibs_32/mux_8     177.1056     0.0     177.1056      0.0000       0.0000 Muxn_42_64
system/tile_prci_domain/tile_reset_domain_tile/fusion/fgra/fgra/cggibs_32/mux_9      78.0864     0.0      78.0864      0.0000       0.0000 Muxn_50
system/tile_prci_domain/tile_reset_domain_tile/fusion/fgra/fgra/cggibs_33    2797.2336     0.1      33.3984    602.1120       0.0000 GIB_33
system/tile_prci_domain/tile_reset_domain_tile/fusion/fgra/fgra/cggibs_33/cfg     197.5680     0.0      65.8560    131.7120       0.0000 ConfigMem_58_5
system/tile_prci_domain/tile_reset_domain_tile/fusion/fgra/fgra/cggibs_33/mux     108.4272     0.0     108.4272      0.0000       0.0000 Muxn_203_44
system/tile_prci_domain/tile_reset_domain_tile/fusion/fgra/fgra/cggibs_33/mux_1     109.8384     0.0     109.8384      0.0000       0.0000 Muxn_203_43
system/tile_prci_domain/tile_reset_domain_tile/fusion/fgra/fgra/cggibs_33/mux_10     204.1536     0.0     204.1536      0.0000       0.0000 Muxn_24_23
system/tile_prci_domain/tile_reset_domain_tile/fusion/fgra/fgra/cggibs_33/mux_11     204.1536     0.0     204.1536      0.0000       0.0000 Muxn_24_22
system/tile_prci_domain/tile_reset_domain_tile/fusion/fgra/fgra/cggibs_33/mux_12     204.1536     0.0     204.1536      0.0000       0.0000 Muxn_24_21
system/tile_prci_domain/tile_reset_domain_tile/fusion/fgra/fgra/cggibs_33/mux_13     204.1536     0.0     204.1536      0.0000       0.0000 Muxn_24_20
system/tile_prci_domain/tile_reset_domain_tile/fusion/fgra/fgra/cggibs_33/mux_2      80.6736     0.0      80.6736      0.0000       0.0000 Muxn_49
system/tile_prci_domain/tile_reset_domain_tile/fusion/fgra/fgra/cggibs_33/mux_3      80.6736     0.0      80.6736      0.0000       0.0000 Muxn_48
system/tile_prci_domain/tile_reset_domain_tile/fusion/fgra/fgra/cggibs_33/mux_4     175.2240     0.0     175.2240      0.0000       0.0000 Muxn_42_63
system/tile_prci_domain/tile_reset_domain_tile/fusion/fgra/fgra/cggibs_33/mux_5      80.9088     0.0      80.9088      0.0000       0.0000 Muxn_46
system/tile_prci_domain/tile_reset_domain_tile/fusion/fgra/fgra/cggibs_33/mux_6     127.4784     0.0     127.4784      0.0000       0.0000 Muxn_203_42
system/tile_prci_domain/tile_reset_domain_tile/fusion/fgra/fgra/cggibs_33/mux_7     124.4208     0.0     124.4208      0.0000       0.0000 Muxn_203_41
system/tile_prci_domain/tile_reset_domain_tile/fusion/fgra/fgra/cggibs_33/mux_8     173.8128     0.0     173.8128      0.0000       0.0000 Muxn_42_62
system/tile_prci_domain/tile_reset_domain_tile/fusion/fgra/fgra/cggibs_33/mux_9      86.0832     0.0      86.0832      0.0000       0.0000 Muxn_45
system/tile_prci_domain/tile_reset_domain_tile/fusion/fgra/fgra/cggibs_34     562.5984     0.0     108.8976      0.0000       0.0000 GIB_34
system/tile_prci_domain/tile_reset_domain_tile/fusion/fgra/fgra/cggibs_34/cfg      66.3264     0.0      14.5824     51.7440       0.0000 ConfigMem_55_15
system/tile_prci_domain/tile_reset_domain_tile/fusion/fgra/fgra/cggibs_34/mux      78.0864     0.0      78.0864      0.0000       0.0000 Muxn_44
system/tile_prci_domain/tile_reset_domain_tile/fusion/fgra/fgra/cggibs_34/mux_1      79.7328     0.0      79.7328      0.0000       0.0000 Muxn_43
system/tile_prci_domain/tile_reset_domain_tile/fusion/fgra/fgra/cggibs_34/mux_2     116.6592     0.0     116.6592      0.0000       0.0000 Muxn_203_40
system/tile_prci_domain/tile_reset_domain_tile/fusion/fgra/fgra/cggibs_34/mux_3     112.8960     0.0     112.8960      0.0000       0.0000 Muxn_203_39
system/tile_prci_domain/tile_reset_domain_tile/fusion/fgra/fgra/cggibs_35     986.6640     0.0     127.0080    451.5840       0.0000 GIB_35
system/tile_prci_domain/tile_reset_domain_tile/fusion/fgra/fgra/cggibs_35/cfg      43.5120     0.0      15.2880     28.2240       0.0000 ConfigMem_55_14
system/tile_prci_domain/tile_reset_domain_tile/fusion/fgra/fgra/cggibs_35/mux      81.3792     0.0      81.3792      0.0000       0.0000 Muxn_41
system/tile_prci_domain/tile_reset_domain_tile/fusion/fgra/fgra/cggibs_35/mux_1     102.5472     0.0     102.5472      0.0000       0.0000 Muxn_203_38
system/tile_prci_domain/tile_reset_domain_tile/fusion/fgra/fgra/cggibs_35/mux_2      78.0864     0.0      78.0864      0.0000       0.0000 Muxn_40
system/tile_prci_domain/tile_reset_domain_tile/fusion/fgra/fgra/cggibs_35/mux_3     102.5472     0.0     102.5472      0.0000       0.0000 Muxn_203_37
system/tile_prci_domain/tile_reset_domain_tile/fusion/fgra/fgra/cggibs_36    1999.9056     0.1      24.9312      0.0000       0.0000 GIB_36
system/tile_prci_domain/tile_reset_domain_tile/fusion/fgra/fgra/cggibs_36/cfg     230.4960     0.0      60.6816    169.8144       0.0000 ConfigMem_84_4
system/tile_prci_domain/tile_reset_domain_tile/fusion/fgra/fgra/cggibs_36/mux     106.5456     0.0     106.5456      0.0000       0.0000 Muxn_203_36
system/tile_prci_domain/tile_reset_domain_tile/fusion/fgra/fgra/cggibs_36/mux_1     106.7808     0.0     106.7808      0.0000       0.0000 Muxn_203_35
system/tile_prci_domain/tile_reset_domain_tile/fusion/fgra/fgra/cggibs_36/mux_10     219.6768     0.0     219.6768      0.0000       0.0000 Muxn_24_17
system/tile_prci_domain/tile_reset_domain_tile/fusion/fgra/fgra/cggibs_36/mux_11     210.9744     0.0     210.9744      0.0000       0.0000 Muxn_24_16
system/tile_prci_domain/tile_reset_domain_tile/fusion/fgra/fgra/cggibs_36/mux_2     152.4096     0.0     152.4096      0.0000       0.0000 Muxn_42_61
system/tile_prci_domain/tile_reset_domain_tile/fusion/fgra/fgra/cggibs_36/mux_3      78.3216     0.0      78.3216      0.0000       0.0000 Muxn_39
system/tile_prci_domain/tile_reset_domain_tile/fusion/fgra/fgra/cggibs_36/mux_4     109.1328     0.0     109.1328      0.0000       0.0000 Muxn_203_34
system/tile_prci_domain/tile_reset_domain_tile/fusion/fgra/fgra/cggibs_36/mux_5     105.6048     0.0     105.6048      0.0000       0.0000 Muxn_203_33
system/tile_prci_domain/tile_reset_domain_tile/fusion/fgra/fgra/cggibs_36/mux_6     156.4080     0.0     156.4080      0.0000       0.0000 Muxn_42_60
system/tile_prci_domain/tile_reset_domain_tile/fusion/fgra/fgra/cggibs_36/mux_7      79.2624     0.0      79.2624      0.0000       0.0000 Muxn_38
system/tile_prci_domain/tile_reset_domain_tile/fusion/fgra/fgra/cggibs_36/mux_8     204.1536     0.0     204.1536      0.0000       0.0000 Muxn_24_19
system/tile_prci_domain/tile_reset_domain_tile/fusion/fgra/fgra/cggibs_36/mux_9     215.2080     0.0     215.2080      0.0000       0.0000 Muxn_24_18
system/tile_prci_domain/tile_reset_domain_tile/fusion/fgra/fgra/cggibs_37    2634.4752     0.1      54.8016    602.1120       0.0000 GIB_37
system/tile_prci_domain/tile_reset_domain_tile/fusion/fgra/fgra/cggibs_37/cfg     182.9856     0.0      60.6816    122.3040       0.0000 ConfigMem_84_3
system/tile_prci_domain/tile_reset_domain_tile/fusion/fgra/fgra/cggibs_37/mux     110.3088     0.0     110.3088      0.0000       0.0000 Muxn_203_32
system/tile_prci_domain/tile_reset_domain_tile/fusion/fgra/fgra/cggibs_37/mux_1     119.9520     0.0     119.9520      0.0000       0.0000 Muxn_203_31
system/tile_prci_domain/tile_reset_domain_tile/fusion/fgra/fgra/cggibs_37/mux_10     204.1536     0.0     204.1536      0.0000       0.0000 Muxn_24_13
system/tile_prci_domain/tile_reset_domain_tile/fusion/fgra/fgra/cggibs_37/mux_11     204.1536     0.0     204.1536      0.0000       0.0000 Muxn_24_12
system/tile_prci_domain/tile_reset_domain_tile/fusion/fgra/fgra/cggibs_37/mux_2     173.8128     0.0     173.8128      0.0000       0.0000 Muxn_42_59
system/tile_prci_domain/tile_reset_domain_tile/fusion/fgra/fgra/cggibs_37/mux_3      86.0832     0.0      86.0832      0.0000       0.0000 Muxn_37
system/tile_prci_domain/tile_reset_domain_tile/fusion/fgra/fgra/cggibs_37/mux_4     121.8336     0.0     121.8336      0.0000       0.0000 Muxn_203_30
system/tile_prci_domain/tile_reset_domain_tile/fusion/fgra/fgra/cggibs_37/mux_5     109.3680     0.0     109.3680      0.0000       0.0000 Muxn_203_29
system/tile_prci_domain/tile_reset_domain_tile/fusion/fgra/fgra/cggibs_37/mux_6     175.4592     0.0     175.4592      0.0000       0.0000 Muxn_42_58
system/tile_prci_domain/tile_reset_domain_tile/fusion/fgra/fgra/cggibs_37/mux_7      81.1440     0.0      81.1440      0.0000       0.0000 Muxn_36
system/tile_prci_domain/tile_reset_domain_tile/fusion/fgra/fgra/cggibs_37/mux_8     204.1536     0.0     204.1536      0.0000       0.0000 Muxn_24_15
system/tile_prci_domain/tile_reset_domain_tile/fusion/fgra/fgra/cggibs_37/mux_9     204.1536     0.0     204.1536      0.0000       0.0000 Muxn_24_14
system/tile_prci_domain/tile_reset_domain_tile/fusion/fgra/fgra/cggibs_38    2060.1168     0.1      29.1648      0.0000       0.0000 GIB_38
system/tile_prci_domain/tile_reset_domain_tile/fusion/fgra/fgra/cggibs_38/cfg     268.3632     0.0      60.6816    207.6816       0.0000 ConfigMem_84_2
system/tile_prci_domain/tile_reset_domain_tile/fusion/fgra/fgra/cggibs_38/mux     108.1920     0.0     108.1920      0.0000       0.0000 Muxn_203_28
system/tile_prci_domain/tile_reset_domain_tile/fusion/fgra/fgra/cggibs_38/mux_1     107.0160     0.0     107.0160      0.0000       0.0000 Muxn_203_27
system/tile_prci_domain/tile_reset_domain_tile/fusion/fgra/fgra/cggibs_38/mux_10     217.0896     0.0     217.0896      0.0000       0.0000 Muxn_24_9
system/tile_prci_domain/tile_reset_domain_tile/fusion/fgra/fgra/cggibs_38/mux_11     209.0928     0.0     209.0928      0.0000       0.0000 Muxn_24_8
system/tile_prci_domain/tile_reset_domain_tile/fusion/fgra/fgra/cggibs_38/mux_2     152.4096     0.0     152.4096      0.0000       0.0000 Muxn_42_57
system/tile_prci_domain/tile_reset_domain_tile/fusion/fgra/fgra/cggibs_38/mux_3      78.0864     0.0      78.0864      0.0000       0.0000 Muxn_35
system/tile_prci_domain/tile_reset_domain_tile/fusion/fgra/fgra/cggibs_38/mux_4     106.5456     0.0     106.5456      0.0000       0.0000 Muxn_203_26
system/tile_prci_domain/tile_reset_domain_tile/fusion/fgra/fgra/cggibs_38/mux_5     109.3680     0.0     109.3680      0.0000       0.0000 Muxn_203_25
system/tile_prci_domain/tile_reset_domain_tile/fusion/fgra/fgra/cggibs_38/mux_6     152.4096     0.0     152.4096      0.0000       0.0000 Muxn_42_56
system/tile_prci_domain/tile_reset_domain_tile/fusion/fgra/fgra/cggibs_38/mux_7      78.0864     0.0      78.0864      0.0000       0.0000 Muxn_34
system/tile_prci_domain/tile_reset_domain_tile/fusion/fgra/fgra/cggibs_38/mux_8     216.3840     0.0     216.3840      0.0000       0.0000 Muxn_24_11
system/tile_prci_domain/tile_reset_domain_tile/fusion/fgra/fgra/cggibs_38/mux_9     227.9088     0.0     227.9088      0.0000       0.0000 Muxn_24_10
system/tile_prci_domain/tile_reset_domain_tile/fusion/fgra/fgra/cggibs_39    2668.3440     0.1      80.6736    602.1120       0.0000 GIB_39
system/tile_prci_domain/tile_reset_domain_tile/fusion/fgra/fgra/cggibs_39/cfg     182.9856     0.0      60.6816    122.3040       0.0000 ConfigMem_84_1
system/tile_prci_domain/tile_reset_domain_tile/fusion/fgra/fgra/cggibs_39/mux     109.3680     0.0     109.3680      0.0000       0.0000 Muxn_203_24
system/tile_prci_domain/tile_reset_domain_tile/fusion/fgra/fgra/cggibs_39/mux_1     120.4224     0.0     120.4224      0.0000       0.0000 Muxn_203_23
system/tile_prci_domain/tile_reset_domain_tile/fusion/fgra/fgra/cggibs_39/mux_10     204.1536     0.0     204.1536      0.0000       0.0000 Muxn_24_5
system/tile_prci_domain/tile_reset_domain_tile/fusion/fgra/fgra/cggibs_39/mux_11     204.1536     0.0     204.1536      0.0000       0.0000 Muxn_24_4
system/tile_prci_domain/tile_reset_domain_tile/fusion/fgra/fgra/cggibs_39/mux_2     175.9296     0.0     175.9296      0.0000       0.0000 Muxn_42_55
system/tile_prci_domain/tile_reset_domain_tile/fusion/fgra/fgra/cggibs_39/mux_3      86.0832     0.0      86.0832      0.0000       0.0000 Muxn_33
system/tile_prci_domain/tile_reset_domain_tile/fusion/fgra/fgra/cggibs_39/mux_4     126.5376     0.0     126.5376      0.0000       0.0000 Muxn_203_22
system/tile_prci_domain/tile_reset_domain_tile/fusion/fgra/fgra/cggibs_39/mux_5     110.5440     0.0     110.5440      0.0000       0.0000 Muxn_203_21
system/tile_prci_domain/tile_reset_domain_tile/fusion/fgra/fgra/cggibs_39/mux_6     175.2240     0.0     175.2240      0.0000       0.0000 Muxn_42_54
system/tile_prci_domain/tile_reset_domain_tile/fusion/fgra/fgra/cggibs_39/mux_7      81.8496     0.0      81.8496      0.0000       0.0000 Muxn_32
system/tile_prci_domain/tile_reset_domain_tile/fusion/fgra/fgra/cggibs_39/mux_8     204.1536     0.0     204.1536      0.0000       0.0000 Muxn_24_7
system/tile_prci_domain/tile_reset_domain_tile/fusion/fgra/fgra/cggibs_39/mux_9     204.1536     0.0     204.1536      0.0000       0.0000 Muxn_24_6
system/tile_prci_domain/tile_reset_domain_tile/fusion/fgra/fgra/cggibs_4    1391.9136     0.0      49.3920      0.0000       0.0000 GIB_4
system/tile_prci_domain/tile_reset_domain_tile/fusion/fgra/fgra/cggibs_4/cfg     175.2240     0.0      38.8080    136.4160       0.0000 ConfigMem_49_6
system/tile_prci_domain/tile_reset_domain_tile/fusion/fgra/fgra/cggibs_4/mux     103.0176     0.0     103.0176      0.0000       0.0000 Muxn_203_154
system/tile_prci_domain/tile_reset_domain_tile/fusion/fgra/fgra/cggibs_4/mux_1     103.0176     0.0     103.0176      0.0000       0.0000 Muxn_203_153
system/tile_prci_domain/tile_reset_domain_tile/fusion/fgra/fgra/cggibs_4/mux_2     152.4096     0.0     152.4096      0.0000       0.0000 Muxn_42_102
system/tile_prci_domain/tile_reset_domain_tile/fusion/fgra/fgra/cggibs_4/mux_3      78.0864     0.0      78.0864      0.0000       0.0000 Muxn_157
system/tile_prci_domain/tile_reset_domain_tile/fusion/fgra/fgra/cggibs_4/mux_4      78.0864     0.0      78.0864      0.0000       0.0000 Muxn_156
system/tile_prci_domain/tile_reset_domain_tile/fusion/fgra/fgra/cggibs_4/mux_5      78.0864     0.0      78.0864      0.0000       0.0000 Muxn_155
system/tile_prci_domain/tile_reset_domain_tile/fusion/fgra/fgra/cggibs_4/mux_6     107.4864     0.0     107.4864      0.0000       0.0000 Muxn_203_152
system/tile_prci_domain/tile_reset_domain_tile/fusion/fgra/fgra/cggibs_4/mux_7     155.9376     0.0     155.9376      0.0000       0.0000 Muxn_42_101
system/tile_prci_domain/tile_reset_domain_tile/fusion/fgra/fgra/cggibs_4/mux_8     157.3488     0.0     157.3488      0.0000       0.0000 Muxn_42_100
system/tile_prci_domain/tile_reset_domain_tile/fusion/fgra/fgra/cggibs_4/mux_9     153.8208     0.0     153.8208      0.0000       0.0000 Muxn_42_99
system/tile_prci_domain/tile_reset_domain_tile/fusion/fgra/fgra/cggibs_40    2004.1392     0.1      37.8672      0.0000       0.0000 GIB_40
system/tile_prci_domain/tile_reset_domain_tile/fusion/fgra/fgra/cggibs_40/cfg     230.4960     0.0      60.6816    169.8144       0.0000 ConfigMem_84_0
system/tile_prci_domain/tile_reset_domain_tile/fusion/fgra/fgra/cggibs_40/mux     106.0752     0.0     106.0752      0.0000       0.0000 Muxn_203_20
system/tile_prci_domain/tile_reset_domain_tile/fusion/fgra/fgra/cggibs_40/mux_1     107.2512     0.0     107.2512      0.0000       0.0000 Muxn_203_19
system/tile_prci_domain/tile_reset_domain_tile/fusion/fgra/fgra/cggibs_40/mux_10     204.1536     0.0     204.1536      0.0000       0.0000 Muxn_24_1
system/tile_prci_domain/tile_reset_domain_tile/fusion/fgra/fgra/cggibs_40/mux_11     211.9152     0.0     211.9152      0.0000       0.0000 Muxn_24_0
system/tile_prci_domain/tile_reset_domain_tile/fusion/fgra/fgra/cggibs_40/mux_2     152.4096     0.0     152.4096      0.0000       0.0000 Muxn_42_53
system/tile_prci_domain/tile_reset_domain_tile/fusion/fgra/fgra/cggibs_40/mux_3      78.0864     0.0      78.0864      0.0000       0.0000 Muxn_31
system/tile_prci_domain/tile_reset_domain_tile/fusion/fgra/fgra/cggibs_40/mux_4     105.6048     0.0     105.6048      0.0000       0.0000 Muxn_203_18
system/tile_prci_domain/tile_reset_domain_tile/fusion/fgra/fgra/cggibs_40/mux_5     105.8400     0.0     105.8400      0.0000       0.0000 Muxn_203_17
system/tile_prci_domain/tile_reset_domain_tile/fusion/fgra/fgra/cggibs_40/mux_6     152.8800     0.0     152.8800      0.0000       0.0000 Muxn_42_52
system/tile_prci_domain/tile_reset_domain_tile/fusion/fgra/fgra/cggibs_40/mux_7      78.0864     0.0      78.0864      0.0000       0.0000 Muxn_30
system/tile_prci_domain/tile_reset_domain_tile/fusion/fgra/fgra/cggibs_40/mux_8     220.1472     0.0     220.1472      0.0000       0.0000 Muxn_24_3
system/tile_prci_domain/tile_reset_domain_tile/fusion/fgra/fgra/cggibs_40/mux_9     213.3264     0.0     213.3264      0.0000       0.0000 Muxn_24_2
system/tile_prci_domain/tile_reset_domain_tile/fusion/fgra/fgra/cggibs_41     961.7328     0.0     105.3696    451.5840       0.0000 GIB_41
system/tile_prci_domain/tile_reset_domain_tile/fusion/fgra/fgra/cggibs_41/cfg      43.5120     0.0      15.2880     28.2240       0.0000 ConfigMem_55_13
system/tile_prci_domain/tile_reset_domain_tile/fusion/fgra/fgra/cggibs_41/mux      78.0864     0.0      78.0864      0.0000       0.0000 Muxn_29
system/tile_prci_domain/tile_reset_domain_tile/fusion/fgra/fgra/cggibs_41/mux_1      78.0864     0.0      78.0864      0.0000       0.0000 Muxn_28
system/tile_prci_domain/tile_reset_domain_tile/fusion/fgra/fgra/cggibs_41/mux_2     102.5472     0.0     102.5472      0.0000       0.0000 Muxn_203_16
system/tile_prci_domain/tile_reset_domain_tile/fusion/fgra/fgra/cggibs_41/mux_3     102.5472     0.0     102.5472      0.0000       0.0000 Muxn_203_15
system/tile_prci_domain/tile_reset_domain_tile/fusion/fgra/fgra/cggibs_42     254.2512     0.0      73.1472      0.0000       0.0000 GIB_42
system/tile_prci_domain/tile_reset_domain_tile/fusion/fgra/fgra/cggibs_42/cfg      22.8144     0.0       5.6448     17.1696       0.0000 ConfigMem_54_0
system/tile_prci_domain/tile_reset_domain_tile/fusion/fgra/fgra/cggibs_42/mux      78.0864     0.0      78.0864      0.0000       0.0000 Muxn_27
system/tile_prci_domain/tile_reset_domain_tile/fusion/fgra/fgra/cggibs_42/mux_1      80.2032     0.0      80.2032      0.0000       0.0000 Muxn_25
system/tile_prci_domain/tile_reset_domain_tile/fusion/fgra/fgra/cggibs_43    1792.6944     0.1      38.5728    451.5840       0.0000 GIB_43
system/tile_prci_domain/tile_reset_domain_tile/fusion/fgra/fgra/cggibs_43/cfg     118.7760     0.0      38.8080     79.9680       0.0000 ConfigMem_49_4
system/tile_prci_domain/tile_reset_domain_tile/fusion/fgra/fgra/cggibs_43/mux      80.4384     0.0      80.4384      0.0000       0.0000 Muxn_23
system/tile_prci_domain/tile_reset_domain_tile/fusion/fgra/fgra/cggibs_43/mux_1      80.4384     0.0      80.4384      0.0000       0.0000 Muxn_22
system/tile_prci_domain/tile_reset_domain_tile/fusion/fgra/fgra/cggibs_43/mux_2     104.6640     0.0     104.6640      0.0000       0.0000 Muxn_203_14
system/tile_prci_domain/tile_reset_domain_tile/fusion/fgra/fgra/cggibs_43/mux_3     104.8992     0.0     104.8992      0.0000       0.0000 Muxn_203_13
system/tile_prci_domain/tile_reset_domain_tile/fusion/fgra/fgra/cggibs_43/mux_4     104.8992     0.0     104.8992      0.0000       0.0000 Muxn_203_12
system/tile_prci_domain/tile_reset_domain_tile/fusion/fgra/fgra/cggibs_43/mux_5     174.5184     0.0     174.5184      0.0000       0.0000 Muxn_42_51
system/tile_prci_domain/tile_reset_domain_tile/fusion/fgra/fgra/cggibs_43/mux_6      78.0864     0.0      78.0864      0.0000       0.0000 Muxn_21
system/tile_prci_domain/tile_reset_domain_tile/fusion/fgra/fgra/cggibs_43/mux_7     151.9392     0.0     151.9392      0.0000       0.0000 Muxn_42_50
system/tile_prci_domain/tile_reset_domain_tile/fusion/fgra/fgra/cggibs_43/mux_8     151.9392     0.0     151.9392      0.0000       0.0000 Muxn_42_49
system/tile_prci_domain/tile_reset_domain_tile/fusion/fgra/fgra/cggibs_43/mux_9     151.9392     0.0     151.9392      0.0000       0.0000 Muxn_42_48
system/tile_prci_domain/tile_reset_domain_tile/fusion/fgra/fgra/cggibs_44    1364.6304     0.0      42.3360      0.0000       0.0000 GIB_44
system/tile_prci_domain/tile_reset_domain_tile/fusion/fgra/fgra/cggibs_44/cfg     142.0608     0.0      38.8080    103.2528       0.0000 ConfigMem_49_3
system/tile_prci_domain/tile_reset_domain_tile/fusion/fgra/fgra/cggibs_44/mux      78.0864     0.0      78.0864      0.0000       0.0000 Muxn_20
system/tile_prci_domain/tile_reset_domain_tile/fusion/fgra/fgra/cggibs_44/mux_1      78.0864     0.0      78.0864      0.0000       0.0000 Muxn_19
system/tile_prci_domain/tile_reset_domain_tile/fusion/fgra/fgra/cggibs_44/mux_2     105.1344     0.0     105.1344      0.0000       0.0000 Muxn_203_11
system/tile_prci_domain/tile_reset_domain_tile/fusion/fgra/fgra/cggibs_44/mux_3     104.4288     0.0     104.4288      0.0000       0.0000 Muxn_203_10
system/tile_prci_domain/tile_reset_domain_tile/fusion/fgra/fgra/cggibs_44/mux_4     104.8992     0.0     104.8992      0.0000       0.0000 Muxn_203_9
system/tile_prci_domain/tile_reset_domain_tile/fusion/fgra/fgra/cggibs_44/mux_5     152.4096     0.0     152.4096      0.0000       0.0000 Muxn_42_47
system/tile_prci_domain/tile_reset_domain_tile/fusion/fgra/fgra/cggibs_44/mux_6      78.0864     0.0      78.0864      0.0000       0.0000 Muxn_18
system/tile_prci_domain/tile_reset_domain_tile/fusion/fgra/fgra/cggibs_44/mux_7     158.2896     0.0     158.2896      0.0000       0.0000 Muxn_42_46
system/tile_prci_domain/tile_reset_domain_tile/fusion/fgra/fgra/cggibs_44/mux_8     162.2880     0.0     162.2880      0.0000       0.0000 Muxn_42_45
system/tile_prci_domain/tile_reset_domain_tile/fusion/fgra/fgra/cggibs_44/mux_9     158.5248     0.0     158.5248      0.0000       0.0000 Muxn_42_44
system/tile_prci_domain/tile_reset_domain_tile/fusion/fgra/fgra/cggibs_45    1807.7472     0.1      42.5712    451.5840       0.0000 GIB_45
system/tile_prci_domain/tile_reset_domain_tile/fusion/fgra/fgra/cggibs_45/cfg     126.5376     0.0      38.8080     87.7296       0.0000 ConfigMem_49_2
system/tile_prci_domain/tile_reset_domain_tile/fusion/fgra/fgra/cggibs_45/mux      81.8496     0.0      81.8496      0.0000       0.0000 Muxn_17
system/tile_prci_domain/tile_reset_domain_tile/fusion/fgra/fgra/cggibs_45/mux_1      78.3216     0.0      78.3216      0.0000       0.0000 Muxn_16
system/tile_prci_domain/tile_reset_domain_tile/fusion/fgra/fgra/cggibs_45/mux_2     108.6624     0.0     108.6624      0.0000       0.0000 Muxn_203_8
system/tile_prci_domain/tile_reset_domain_tile/fusion/fgra/fgra/cggibs_45/mux_3     104.8992     0.0     104.8992      0.0000       0.0000 Muxn_203_7
system/tile_prci_domain/tile_reset_domain_tile/fusion/fgra/fgra/cggibs_45/mux_4     104.8992     0.0     104.8992      0.0000       0.0000 Muxn_203_6
system/tile_prci_domain/tile_reset_domain_tile/fusion/fgra/fgra/cggibs_45/mux_5     174.5184     0.0     174.5184      0.0000       0.0000 Muxn_42_43
system/tile_prci_domain/tile_reset_domain_tile/fusion/fgra/fgra/cggibs_45/mux_6      78.0864     0.0      78.0864      0.0000       0.0000 Muxn_15
system/tile_prci_domain/tile_reset_domain_tile/fusion/fgra/fgra/cggibs_45/mux_7     151.9392     0.0     151.9392      0.0000       0.0000 Muxn_42_42
system/tile_prci_domain/tile_reset_domain_tile/fusion/fgra/fgra/cggibs_45/mux_8     151.9392     0.0     151.9392      0.0000       0.0000 Muxn_42_41
system/tile_prci_domain/tile_reset_domain_tile/fusion/fgra/fgra/cggibs_45/mux_9     151.9392     0.0     151.9392      0.0000       0.0000 Muxn_42_40
system/tile_prci_domain/tile_reset_domain_tile/fusion/fgra/fgra/cggibs_46    1389.0912     0.0      39.7488      0.0000       0.0000 GIB_46
system/tile_prci_domain/tile_reset_domain_tile/fusion/fgra/fgra/cggibs_46/cfg     165.8160     0.0      38.8080    127.0080       0.0000 ConfigMem_49_1
system/tile_prci_domain/tile_reset_domain_tile/fusion/fgra/fgra/cggibs_46/mux      78.0864     0.0      78.0864      0.0000       0.0000 Muxn_14
system/tile_prci_domain/tile_reset_domain_tile/fusion/fgra/fgra/cggibs_46/mux_1      78.0864     0.0      78.0864      0.0000       0.0000 Muxn_13
system/tile_prci_domain/tile_reset_domain_tile/fusion/fgra/fgra/cggibs_46/mux_2     107.2512     0.0     107.2512      0.0000       0.0000 Muxn_203_5
system/tile_prci_domain/tile_reset_domain_tile/fusion/fgra/fgra/cggibs_46/mux_3     103.9584     0.0     103.9584      0.0000       0.0000 Muxn_203_4
system/tile_prci_domain/tile_reset_domain_tile/fusion/fgra/fgra/cggibs_46/mux_4     104.1936     0.0     104.1936      0.0000       0.0000 Muxn_203_3
system/tile_prci_domain/tile_reset_domain_tile/fusion/fgra/fgra/cggibs_46/mux_5     152.4096     0.0     152.4096      0.0000       0.0000 Muxn_42_39
system/tile_prci_domain/tile_reset_domain_tile/fusion/fgra/fgra/cggibs_46/mux_6      78.0864     0.0      78.0864      0.0000       0.0000 Muxn_12
system/tile_prci_domain/tile_reset_domain_tile/fusion/fgra/fgra/cggibs_46/mux_7     156.6432     0.0     156.6432      0.0000       0.0000 Muxn_42_38
system/tile_prci_domain/tile_reset_domain_tile/fusion/fgra/fgra/cggibs_46/mux_8     167.2272     0.0     167.2272      0.0000       0.0000 Muxn_42_37
system/tile_prci_domain/tile_reset_domain_tile/fusion/fgra/fgra/cggibs_46/mux_9     157.5840     0.0     157.5840      0.0000       0.0000 Muxn_42_36
system/tile_prci_domain/tile_reset_domain_tile/fusion/fgra/fgra/cggibs_47    1801.8672     0.1      39.5136    451.5840       0.0000 GIB_47
system/tile_prci_domain/tile_reset_domain_tile/fusion/fgra/fgra/cggibs_47/cfg     126.7728     0.0      38.8080     87.9648       0.0000 ConfigMem_49_0
system/tile_prci_domain/tile_reset_domain_tile/fusion/fgra/fgra/cggibs_47/mux      78.0864     0.0      78.0864      0.0000       0.0000 Muxn_11
system/tile_prci_domain/tile_reset_domain_tile/fusion/fgra/fgra/cggibs_47/mux_1      78.0864     0.0      78.0864      0.0000       0.0000 Muxn_10
system/tile_prci_domain/tile_reset_domain_tile/fusion/fgra/fgra/cggibs_47/mux_2     109.8384     0.0     109.8384      0.0000       0.0000 Muxn_203_2
system/tile_prci_domain/tile_reset_domain_tile/fusion/fgra/fgra/cggibs_47/mux_3     104.8992     0.0     104.8992      0.0000       0.0000 Muxn_203_1
system/tile_prci_domain/tile_reset_domain_tile/fusion/fgra/fgra/cggibs_47/mux_4     104.8992     0.0     104.8992      0.0000       0.0000 Muxn_203_0
system/tile_prci_domain/tile_reset_domain_tile/fusion/fgra/fgra/cggibs_47/mux_5     174.2832     0.0     174.2832      0.0000       0.0000 Muxn_42_35
system/tile_prci_domain/tile_reset_domain_tile/fusion/fgra/fgra/cggibs_47/mux_6      78.0864     0.0      78.0864      0.0000       0.0000 Muxn_9
system/tile_prci_domain/tile_reset_domain_tile/fusion/fgra/fgra/cggibs_47/mux_7     151.9392     0.0     151.9392      0.0000       0.0000 Muxn_42_34
system/tile_prci_domain/tile_reset_domain_tile/fusion/fgra/fgra/cggibs_47/mux_8     151.9392     0.0     151.9392      0.0000       0.0000 Muxn_42_33
system/tile_prci_domain/tile_reset_domain_tile/fusion/fgra/fgra/cggibs_47/mux_9     151.9392     0.0     151.9392      0.0000       0.0000 Muxn_42_32
system/tile_prci_domain/tile_reset_domain_tile/fusion/fgra/fgra/cggibs_48     226.2624     0.0     125.8320      0.0000       0.0000 GIB_48
system/tile_prci_domain/tile_reset_domain_tile/fusion/fgra/fgra/cggibs_48/cfg      20.2272     0.0       2.8224     17.4048       0.0000 ConfigMem_48_0
system/tile_prci_domain/tile_reset_domain_tile/fusion/fgra/fgra/cggibs_48/mux      80.2032     0.0      80.2032      0.0000       0.0000 Muxn_8
system/tile_prci_domain/tile_reset_domain_tile/fusion/fgra/fgra/cggibs_5    1797.8688     0.1      42.5712    451.8192       0.0000 GIB_5
system/tile_prci_domain/tile_reset_domain_tile/fusion/fgra/fgra/cggibs_5/cfg     117.8352     0.0      37.8672     79.9680       0.0000 ConfigMem_49_5
system/tile_prci_domain/tile_reset_domain_tile/fusion/fgra/fgra/cggibs_5/mux     104.8992     0.0     104.8992      0.0000       0.0000 Muxn_203_151
system/tile_prci_domain/tile_reset_domain_tile/fusion/fgra/fgra/cggibs_5/mux_1     104.8992     0.0     104.8992      0.0000       0.0000 Muxn_203_150
system/tile_prci_domain/tile_reset_domain_tile/fusion/fgra/fgra/cggibs_5/mux_2     174.5184     0.0     174.5184      0.0000       0.0000 Muxn_42_98
system/tile_prci_domain/tile_reset_domain_tile/fusion/fgra/fgra/cggibs_5/mux_3      78.0864     0.0      78.0864      0.0000       0.0000 Muxn_154
system/tile_prci_domain/tile_reset_domain_tile/fusion/fgra/fgra/cggibs_5/mux_4      81.6144     0.0      81.6144      0.0000       0.0000 Muxn_153
system/tile_prci_domain/tile_reset_domain_tile/fusion/fgra/fgra/cggibs_5/mux_5      80.2032     0.0      80.2032      0.0000       0.0000 Muxn_152
system/tile_prci_domain/tile_reset_domain_tile/fusion/fgra/fgra/cggibs_5/mux_6     105.6048     0.0     105.6048      0.0000       0.0000 Muxn_203_149
system/tile_prci_domain/tile_reset_domain_tile/fusion/fgra/fgra/cggibs_5/mux_7     151.9392     0.0     151.9392      0.0000       0.0000 Muxn_42_97
system/tile_prci_domain/tile_reset_domain_tile/fusion/fgra/fgra/cggibs_5/mux_8     151.9392     0.0     151.9392      0.0000       0.0000 Muxn_42_96
system/tile_prci_domain/tile_reset_domain_tile/fusion/fgra/fgra/cggibs_5/mux_9     151.9392     0.0     151.9392      0.0000       0.0000 Muxn_42_95
system/tile_prci_domain/tile_reset_domain_tile/fusion/fgra/fgra/cggibs_6     252.8400     0.0      73.1472      0.0000       0.0000 GIB_6
system/tile_prci_domain/tile_reset_domain_tile/fusion/fgra/fgra/cggibs_6/cfg      22.8144     0.0       5.6448     17.1696       0.0000 ConfigMem_54_1
system/tile_prci_domain/tile_reset_domain_tile/fusion/fgra/fgra/cggibs_6/mux      78.0864     0.0      78.0864      0.0000       0.0000 Muxn_151
system/tile_prci_domain/tile_reset_domain_tile/fusion/fgra/fgra/cggibs_6/mux_1      78.7920     0.0      78.7920      0.0000       0.0000 Muxn_150
system/tile_prci_domain/tile_reset_domain_tile/fusion/fgra/fgra/cggibs_7    1026.4128     0.0     169.8144    451.5840       0.0000 GIB_7
system/tile_prci_domain/tile_reset_domain_tile/fusion/fgra/fgra/cggibs_7/cfg      43.7472     0.0      15.2880     28.4592       0.0000 ConfigMem_55_22
system/tile_prci_domain/tile_reset_domain_tile/fusion/fgra/fgra/cggibs_7/mux      78.0864     0.0      78.0864      0.0000       0.0000 Muxn_149
system/tile_prci_domain/tile_reset_domain_tile/fusion/fgra/fgra/cggibs_7/mux_1     102.5472     0.0     102.5472      0.0000       0.0000 Muxn_203_148
system/tile_prci_domain/tile_reset_domain_tile/fusion/fgra/fgra/cggibs_7/mux_2      78.0864     0.0      78.0864      0.0000       0.0000 Muxn_148
system/tile_prci_domain/tile_reset_domain_tile/fusion/fgra/fgra/cggibs_7/mux_3     102.5472     0.0     102.5472      0.0000       0.0000 Muxn_203_147
system/tile_prci_domain/tile_reset_domain_tile/fusion/fgra/fgra/cggibs_8    2444.6688     0.1       5.1744      0.0000       0.0000 GIB_8
system/tile_prci_domain/tile_reset_domain_tile/fusion/fgra/fgra/cggibs_8/cfg     345.7440     0.0      73.1472    272.5968       0.0000 ConfigMem_56_3
system/tile_prci_domain/tile_reset_domain_tile/fusion/fgra/fgra/cggibs_8/mux     106.5456     0.0     106.5456      0.0000       0.0000 Muxn_203_146
system/tile_prci_domain/tile_reset_domain_tile/fusion/fgra/fgra/cggibs_8/mux_1     108.1920     0.0     108.1920      0.0000       0.0000 Muxn_203_145
system/tile_prci_domain/tile_reset_domain_tile/fusion/fgra/fgra/cggibs_8/mux_10     106.5456     0.0     106.5456      0.0000       0.0000 Muxn_203_141
system/tile_prci_domain/tile_reset_domain_tile/fusion/fgra/fgra/cggibs_8/mux_11      78.0864     0.0      78.0864      0.0000       0.0000 Muxn_143
system/tile_prci_domain/tile_reset_domain_tile/fusion/fgra/fgra/cggibs_8/mux_12     204.1536     0.0     204.1536      0.0000       0.0000 Muxn_24_99
system/tile_prci_domain/tile_reset_domain_tile/fusion/fgra/fgra/cggibs_8/mux_13     237.5520     0.0     237.5520      0.0000       0.0000 Muxn_24_98
system/tile_prci_domain/tile_reset_domain_tile/fusion/fgra/fgra/cggibs_8/mux_14     215.2080     0.0     215.2080      0.0000       0.0000 Muxn_24_97
system/tile_prci_domain/tile_reset_domain_tile/fusion/fgra/fgra/cggibs_8/mux_15     231.2016     0.0     231.2016      0.0000       0.0000 Muxn_24_96
system/tile_prci_domain/tile_reset_domain_tile/fusion/fgra/fgra/cggibs_8/mux_2     174.0480     0.0     174.0480      0.0000       0.0000 Muxn_42_94
system/tile_prci_domain/tile_reset_domain_tile/fusion/fgra/fgra/cggibs_8/mux_3      78.0864     0.0      78.0864      0.0000       0.0000 Muxn_147
system/tile_prci_domain/tile_reset_domain_tile/fusion/fgra/fgra/cggibs_8/mux_4     106.7808     0.0     106.7808      0.0000       0.0000 Muxn_203_144
system/tile_prci_domain/tile_reset_domain_tile/fusion/fgra/fgra/cggibs_8/mux_5     105.6048     0.0     105.6048      0.0000       0.0000 Muxn_203_143
system/tile_prci_domain/tile_reset_domain_tile/fusion/fgra/fgra/cggibs_8/mux_6      78.0864     0.0      78.0864      0.0000       0.0000 Muxn_146
system/tile_prci_domain/tile_reset_domain_tile/fusion/fgra/fgra/cggibs_8/mux_7      78.0864     0.0      78.0864      0.0000       0.0000 Muxn_145
system/tile_prci_domain/tile_reset_domain_tile/fusion/fgra/fgra/cggibs_8/mux_8     107.4864     0.0     107.4864      0.0000       0.0000 Muxn_203_142
system/tile_prci_domain/tile_reset_domain_tile/fusion/fgra/fgra/cggibs_8/mux_9      78.0864     0.0      78.0864      0.0000       0.0000 Muxn_144
system/tile_prci_domain/tile_reset_domain_tile/fusion/fgra/fgra/cggibs_9    2741.4912     0.1      36.6912    602.1120       0.0000 GIB_9
system/tile_prci_domain/tile_reset_domain_tile/fusion/fgra/fgra/cggibs_9/cfg     205.3296     0.0      68.9136    136.4160       0.0000 ConfigMem_57_2
system/tile_prci_domain/tile_reset_domain_tile/fusion/fgra/fgra/cggibs_9/mux     119.0112     0.0     119.0112      0.0000       0.0000 Muxn_203_140
system/tile_prci_domain/tile_reset_domain_tile/fusion/fgra/fgra/cggibs_9/mux_1     110.3088     0.0     110.3088      0.0000       0.0000 Muxn_203_139
system/tile_prci_domain/tile_reset_domain_tile/fusion/fgra/fgra/cggibs_9/mux_10     206.0352     0.0     206.0352      0.0000       0.0000 Muxn_24_95
system/tile_prci_domain/tile_reset_domain_tile/fusion/fgra/fgra/cggibs_9/mux_11     204.1536     0.0     204.1536      0.0000       0.0000 Muxn_24_94
system/tile_prci_domain/tile_reset_domain_tile/fusion/fgra/fgra/cggibs_9/mux_12     204.1536     0.0     204.1536      0.0000       0.0000 Muxn_24_93
system/tile_prci_domain/tile_reset_domain_tile/fusion/fgra/fgra/cggibs_9/mux_13     204.1536     0.0     204.1536      0.0000       0.0000 Muxn_24_92
system/tile_prci_domain/tile_reset_domain_tile/fusion/fgra/fgra/cggibs_9/mux_2     174.9888     0.0     174.9888      0.0000       0.0000 Muxn_42_93
system/tile_prci_domain/tile_reset_domain_tile/fusion/fgra/fgra/cggibs_9/mux_3      81.3792     0.0      81.3792      0.0000       0.0000 Muxn_142
system/tile_prci_domain/tile_reset_domain_tile/fusion/fgra/fgra/cggibs_9/mux_4     102.5472     0.0     102.5472      0.0000       0.0000 Muxn_203_138
system/tile_prci_domain/tile_reset_domain_tile/fusion/fgra/fgra/cggibs_9/mux_5     102.5472     0.0     102.5472      0.0000       0.0000 Muxn_203_137
system/tile_prci_domain/tile_reset_domain_tile/fusion/fgra/fgra/cggibs_9/mux_6     110.3088     0.0     110.3088      0.0000       0.0000 Muxn_203_136
system/tile_prci_domain/tile_reset_domain_tile/fusion/fgra/fgra/cggibs_9/mux_7      80.4384     0.0      80.4384      0.0000       0.0000 Muxn_141
system/tile_prci_domain/tile_reset_domain_tile/fusion/fgra/fgra/cggibs_9/mux_8     113.8368     0.0     113.8368      0.0000       0.0000 Muxn_203_135
system/tile_prci_domain/tile_reset_domain_tile/fusion/fgra/fgra/cggibs_9/mux_9      83.4960     0.0      83.4960      0.0000       0.0000 Muxn_140
system/tile_prci_domain/tile_reset_domain_tile/fusion/fgra/fgra/fggibs_0       1.8816     0.0       1.8816      0.0000       0.0000 GIB_49
system/tile_prci_domain/tile_reset_domain_tile/fusion/fgra/fgra/fggibs_1      83.0256     0.0       6.3504     14.1120       0.0000 GIB_50
system/tile_prci_domain/tile_reset_domain_tile/fusion/fgra/fgra/fggibs_1/cfg      42.8064     0.0      14.5824     28.2240       0.0000 ConfigMem_55_12
system/tile_prci_domain/tile_reset_domain_tile/fusion/fgra/fgra/fggibs_1/mux       2.3520     0.0       2.3520      0.0000       0.0000 Muxn_704_107
system/tile_prci_domain/tile_reset_domain_tile/fusion/fgra/fgra/fggibs_1/mux_1       7.5264     0.0       7.5264      0.0000       0.0000 Muxn_705_98
system/tile_prci_domain/tile_reset_domain_tile/fusion/fgra/fgra/fggibs_1/mux_2       7.5264     0.0       7.5264      0.0000       0.0000 Muxn_705_97
system/tile_prci_domain/tile_reset_domain_tile/fusion/fgra/fgra/fggibs_1/mux_3       2.3520     0.0       2.3520      0.0000       0.0000 Muxn_704_106
system/tile_prci_domain/tile_reset_domain_tile/fusion/fgra/fgra/fggibs_10     129.1248     0.0       5.1744      0.0000       0.0000 GIB_59
system/tile_prci_domain/tile_reset_domain_tile/fusion/fgra/fgra/fggibs_10/cfg      83.7312     0.0      27.2832     56.4480       0.0000 ConfigMem_103_2
system/tile_prci_domain/tile_reset_domain_tile/fusion/fgra/fgra/fggibs_10/mux       2.3520     0.0       2.3520      0.0000       0.0000 Muxn_704_93
system/tile_prci_domain/tile_reset_domain_tile/fusion/fgra/fgra/fggibs_10/mux_1       7.5264     0.0       7.5264      0.0000       0.0000 Muxn_705_83
system/tile_prci_domain/tile_reset_domain_tile/fusion/fgra/fgra/fggibs_10/mux_2       5.8800     0.0       5.8800      0.0000       0.0000 Muxn_729_26
system/tile_prci_domain/tile_reset_domain_tile/fusion/fgra/fgra/fggibs_10/mux_3       7.5264     0.0       7.5264      0.0000       0.0000 Muxn_705_82
system/tile_prci_domain/tile_reset_domain_tile/fusion/fgra/fgra/fggibs_10/mux_4       5.8800     0.0       5.8800      0.0000       0.0000 Muxn_729_25
system/tile_prci_domain/tile_reset_domain_tile/fusion/fgra/fgra/fggibs_10/mux_5      11.0544     0.0      11.0544      0.0000       0.0000 Muxn_732_38
system/tile_prci_domain/tile_reset_domain_tile/fusion/fgra/fgra/fggibs_11     147.9408     0.0       5.1744     18.8160       0.0000 GIB_60
system/tile_prci_domain/tile_reset_domain_tile/fusion/fgra/fgra/fggibs_11/cfg      83.7312     0.0      27.2832     56.4480       0.0000 ConfigMem_103_1
system/tile_prci_domain/tile_reset_domain_tile/fusion/fgra/fgra/fggibs_11/mux       2.3520     0.0       2.3520      0.0000       0.0000 Muxn_704_92
system/tile_prci_domain/tile_reset_domain_tile/fusion/fgra/fgra/fggibs_11/mux_1       7.5264     0.0       7.5264      0.0000       0.0000 Muxn_705_81
system/tile_prci_domain/tile_reset_domain_tile/fusion/fgra/fgra/fggibs_11/mux_2       5.8800     0.0       5.8800      0.0000       0.0000 Muxn_729_24
system/tile_prci_domain/tile_reset_domain_tile/fusion/fgra/fgra/fggibs_11/mux_3       7.5264     0.0       7.5264      0.0000       0.0000 Muxn_705_80
system/tile_prci_domain/tile_reset_domain_tile/fusion/fgra/fgra/fggibs_11/mux_4       5.8800     0.0       5.8800      0.0000       0.0000 Muxn_729_23
system/tile_prci_domain/tile_reset_domain_tile/fusion/fgra/fgra/fggibs_11/mux_5      11.0544     0.0      11.0544      0.0000       0.0000 Muxn_732_37
system/tile_prci_domain/tile_reset_domain_tile/fusion/fgra/fgra/fggibs_12     129.3600     0.0       5.4096      0.0000       0.0000 GIB_61
system/tile_prci_domain/tile_reset_domain_tile/fusion/fgra/fgra/fggibs_12/cfg      83.7312     0.0      27.2832     56.4480       0.0000 ConfigMem_103_0
system/tile_prci_domain/tile_reset_domain_tile/fusion/fgra/fgra/fggibs_12/mux       2.3520     0.0       2.3520      0.0000       0.0000 Muxn_704_91
system/tile_prci_domain/tile_reset_domain_tile/fusion/fgra/fgra/fggibs_12/mux_1       7.5264     0.0       7.5264      0.0000       0.0000 Muxn_705_79
system/tile_prci_domain/tile_reset_domain_tile/fusion/fgra/fgra/fggibs_12/mux_2       5.8800     0.0       5.8800      0.0000       0.0000 Muxn_729_22
system/tile_prci_domain/tile_reset_domain_tile/fusion/fgra/fgra/fggibs_12/mux_3       7.5264     0.0       7.5264      0.0000       0.0000 Muxn_705_78
system/tile_prci_domain/tile_reset_domain_tile/fusion/fgra/fgra/fggibs_12/mux_4       5.8800     0.0       5.8800      0.0000       0.0000 Muxn_729_21
system/tile_prci_domain/tile_reset_domain_tile/fusion/fgra/fgra/fggibs_12/mux_5      11.0544     0.0      11.0544      0.0000       0.0000 Muxn_732_36
system/tile_prci_domain/tile_reset_domain_tile/fusion/fgra/fgra/fggibs_13      61.8576     0.0       6.3504     14.1120       0.0000 GIB_62
system/tile_prci_domain/tile_reset_domain_tile/fusion/fgra/fgra/fggibs_13/cfg      29.1648     0.0      10.3488     18.8160       0.0000 ConfigMem_102_2
system/tile_prci_domain/tile_reset_domain_tile/fusion/fgra/fgra/fggibs_13/mux       2.3520     0.0       2.3520      0.0000       0.0000 Muxn_704_90
system/tile_prci_domain/tile_reset_domain_tile/fusion/fgra/fgra/fggibs_13/mux_1       2.3520     0.0       2.3520      0.0000       0.0000 Muxn_704_89
system/tile_prci_domain/tile_reset_domain_tile/fusion/fgra/fgra/fggibs_13/mux_2       7.5264     0.0       7.5264      0.0000       0.0000 Muxn_705_77
system/tile_prci_domain/tile_reset_domain_tile/fusion/fgra/fgra/fggibs_14      47.7456     0.0       7.9968      0.0000       0.0000 GIB_63
system/tile_prci_domain/tile_reset_domain_tile/fusion/fgra/fgra/fggibs_14/cfg      29.1648     0.0      10.3488     18.8160       0.0000 ConfigMem_102_1
system/tile_prci_domain/tile_reset_domain_tile/fusion/fgra/fgra/fggibs_14/mux       5.8800     0.0       5.8800      0.0000       0.0000 Muxn_729_20
system/tile_prci_domain/tile_reset_domain_tile/fusion/fgra/fgra/fggibs_14/mux_1       2.3520     0.0       2.3520      0.0000       0.0000 Muxn_704_88
system/tile_prci_domain/tile_reset_domain_tile/fusion/fgra/fgra/fggibs_14/mux_2       2.3520     0.0       2.3520      0.0000       0.0000 Muxn_704_87
system/tile_prci_domain/tile_reset_domain_tile/fusion/fgra/fgra/fggibs_15     222.9696     0.0       5.1744     18.8160       0.0000 GIB_64
system/tile_prci_domain/tile_reset_domain_tile/fusion/fgra/fgra/fggibs_15/cfg     131.4768     0.0      42.1008     89.3760       0.0000 ConfigMem_110_10
system/tile_prci_domain/tile_reset_domain_tile/fusion/fgra/fgra/fggibs_15/mux       2.3520     0.0       2.3520      0.0000       0.0000 Muxn_704_86
system/tile_prci_domain/tile_reset_domain_tile/fusion/fgra/fgra/fggibs_15/mux_1       2.3520     0.0       2.3520      0.0000       0.0000 Muxn_704_85
system/tile_prci_domain/tile_reset_domain_tile/fusion/fgra/fgra/fggibs_15/mux_2       2.3520     0.0       2.3520      0.0000       0.0000 Muxn_704_84
system/tile_prci_domain/tile_reset_domain_tile/fusion/fgra/fgra/fggibs_15/mux_3       7.5264     0.0       7.5264      0.0000       0.0000 Muxn_705_76
system/tile_prci_domain/tile_reset_domain_tile/fusion/fgra/fgra/fggibs_15/mux_4       7.5264     0.0       7.5264      0.0000       0.0000 Muxn_705_75
system/tile_prci_domain/tile_reset_domain_tile/fusion/fgra/fgra/fggibs_15/mux_5       2.3520     0.0       2.3520      0.0000       0.0000 Muxn_704_83
system/tile_prci_domain/tile_reset_domain_tile/fusion/fgra/fgra/fggibs_15/mux_6      11.0544     0.0      11.0544      0.0000       0.0000 Muxn_732_35
system/tile_prci_domain/tile_reset_domain_tile/fusion/fgra/fgra/fggibs_15/mux_7      13.4064     0.0      13.4064      0.0000       0.0000 Muxn_91_19
system/tile_prci_domain/tile_reset_domain_tile/fusion/fgra/fgra/fggibs_15/mux_8      11.0544     0.0      11.0544      0.0000       0.0000 Muxn_732_34
system/tile_prci_domain/tile_reset_domain_tile/fusion/fgra/fgra/fggibs_15/mux_9       7.5264     0.0       7.5264      0.0000       0.0000 Muxn_705_74
system/tile_prci_domain/tile_reset_domain_tile/fusion/fgra/fgra/fggibs_16     206.2704     0.0       5.4096      0.0000       0.0000 GIB_65
system/tile_prci_domain/tile_reset_domain_tile/fusion/fgra/fgra/fggibs_16/cfg     133.3584     0.0      43.9824     89.3760       0.0000 ConfigMem_110_9
system/tile_prci_domain/tile_reset_domain_tile/fusion/fgra/fgra/fggibs_16/mux       2.3520     0.0       2.3520      0.0000       0.0000 Muxn_704_82
system/tile_prci_domain/tile_reset_domain_tile/fusion/fgra/fgra/fggibs_16/mux_1       2.3520     0.0       2.3520      0.0000       0.0000 Muxn_704_81
system/tile_prci_domain/tile_reset_domain_tile/fusion/fgra/fgra/fggibs_16/mux_2       2.3520     0.0       2.3520      0.0000       0.0000 Muxn_704_80
system/tile_prci_domain/tile_reset_domain_tile/fusion/fgra/fgra/fggibs_16/mux_3       7.5264     0.0       7.5264      0.0000       0.0000 Muxn_705_73
system/tile_prci_domain/tile_reset_domain_tile/fusion/fgra/fgra/fggibs_16/mux_4       7.5264     0.0       7.5264      0.0000       0.0000 Muxn_705_72
system/tile_prci_domain/tile_reset_domain_tile/fusion/fgra/fgra/fggibs_16/mux_5       2.3520     0.0       2.3520      0.0000       0.0000 Muxn_704_79
system/tile_prci_domain/tile_reset_domain_tile/fusion/fgra/fgra/fggibs_16/mux_6      11.0544     0.0      11.0544      0.0000       0.0000 Muxn_732_33
system/tile_prci_domain/tile_reset_domain_tile/fusion/fgra/fgra/fggibs_16/mux_7      13.4064     0.0      13.4064      0.0000       0.0000 Muxn_91_18
system/tile_prci_domain/tile_reset_domain_tile/fusion/fgra/fgra/fggibs_16/mux_8      11.0544     0.0      11.0544      0.0000       0.0000 Muxn_732_32
system/tile_prci_domain/tile_reset_domain_tile/fusion/fgra/fgra/fggibs_16/mux_9       7.5264     0.0       7.5264      0.0000       0.0000 Muxn_705_71
system/tile_prci_domain/tile_reset_domain_tile/fusion/fgra/fgra/fggibs_17     224.8512     0.0       5.1744     18.8160       0.0000 GIB_66
system/tile_prci_domain/tile_reset_domain_tile/fusion/fgra/fgra/fggibs_17/cfg     133.3584     0.0      43.9824     89.3760       0.0000 ConfigMem_110_8
system/tile_prci_domain/tile_reset_domain_tile/fusion/fgra/fgra/fggibs_17/mux       2.3520     0.0       2.3520      0.0000       0.0000 Muxn_704_78
system/tile_prci_domain/tile_reset_domain_tile/fusion/fgra/fgra/fggibs_17/mux_1       2.3520     0.0       2.3520      0.0000       0.0000 Muxn_704_77
system/tile_prci_domain/tile_reset_domain_tile/fusion/fgra/fgra/fggibs_17/mux_2       2.3520     0.0       2.3520      0.0000       0.0000 Muxn_704_76
system/tile_prci_domain/tile_reset_domain_tile/fusion/fgra/fgra/fggibs_17/mux_3       7.5264     0.0       7.5264      0.0000       0.0000 Muxn_705_70
system/tile_prci_domain/tile_reset_domain_tile/fusion/fgra/fgra/fggibs_17/mux_4       7.5264     0.0       7.5264      0.0000       0.0000 Muxn_705_69
system/tile_prci_domain/tile_reset_domain_tile/fusion/fgra/fgra/fggibs_17/mux_5       2.3520     0.0       2.3520      0.0000       0.0000 Muxn_704_75
system/tile_prci_domain/tile_reset_domain_tile/fusion/fgra/fgra/fggibs_17/mux_6      11.0544     0.0      11.0544      0.0000       0.0000 Muxn_732_31
system/tile_prci_domain/tile_reset_domain_tile/fusion/fgra/fgra/fggibs_17/mux_7      13.4064     0.0      13.4064      0.0000       0.0000 Muxn_91_17
system/tile_prci_domain/tile_reset_domain_tile/fusion/fgra/fgra/fggibs_17/mux_8      11.0544     0.0      11.0544      0.0000       0.0000 Muxn_732_30
system/tile_prci_domain/tile_reset_domain_tile/fusion/fgra/fgra/fggibs_17/mux_9       7.5264     0.0       7.5264      0.0000       0.0000 Muxn_705_68
system/tile_prci_domain/tile_reset_domain_tile/fusion/fgra/fgra/fggibs_18     204.3888     0.0       5.4096      0.0000       0.0000 GIB_67
system/tile_prci_domain/tile_reset_domain_tile/fusion/fgra/fgra/fggibs_18/cfg     131.4768     0.0      42.1008     89.3760       0.0000 ConfigMem_110_7
system/tile_prci_domain/tile_reset_domain_tile/fusion/fgra/fgra/fggibs_18/mux       2.3520     0.0       2.3520      0.0000       0.0000 Muxn_704_74
system/tile_prci_domain/tile_reset_domain_tile/fusion/fgra/fgra/fggibs_18/mux_1       2.3520     0.0       2.3520      0.0000       0.0000 Muxn_704_73
system/tile_prci_domain/tile_reset_domain_tile/fusion/fgra/fgra/fggibs_18/mux_2       2.3520     0.0       2.3520      0.0000       0.0000 Muxn_704_72
system/tile_prci_domain/tile_reset_domain_tile/fusion/fgra/fgra/fggibs_18/mux_3       7.5264     0.0       7.5264      0.0000       0.0000 Muxn_705_67
system/tile_prci_domain/tile_reset_domain_tile/fusion/fgra/fgra/fggibs_18/mux_4       7.5264     0.0       7.5264      0.0000       0.0000 Muxn_705_66
system/tile_prci_domain/tile_reset_domain_tile/fusion/fgra/fgra/fggibs_18/mux_5       2.3520     0.0       2.3520      0.0000       0.0000 Muxn_704_71
system/tile_prci_domain/tile_reset_domain_tile/fusion/fgra/fgra/fggibs_18/mux_6      11.0544     0.0      11.0544      0.0000       0.0000 Muxn_732_29
system/tile_prci_domain/tile_reset_domain_tile/fusion/fgra/fgra/fggibs_18/mux_7      13.4064     0.0      13.4064      0.0000       0.0000 Muxn_91_16
system/tile_prci_domain/tile_reset_domain_tile/fusion/fgra/fgra/fggibs_18/mux_8      11.0544     0.0      11.0544      0.0000       0.0000 Muxn_732_28
system/tile_prci_domain/tile_reset_domain_tile/fusion/fgra/fgra/fggibs_18/mux_9       7.5264     0.0       7.5264      0.0000       0.0000 Muxn_705_65
system/tile_prci_domain/tile_reset_domain_tile/fusion/fgra/fgra/fggibs_19     223.2048     0.0       5.4096     18.8160       0.0000 GIB_68
system/tile_prci_domain/tile_reset_domain_tile/fusion/fgra/fgra/fggibs_19/cfg     131.4768     0.0      42.1008     89.3760       0.0000 ConfigMem_110_6
system/tile_prci_domain/tile_reset_domain_tile/fusion/fgra/fgra/fggibs_19/mux       2.3520     0.0       2.3520      0.0000       0.0000 Muxn_704_70
system/tile_prci_domain/tile_reset_domain_tile/fusion/fgra/fgra/fggibs_19/mux_1       2.3520     0.0       2.3520      0.0000       0.0000 Muxn_704_69
system/tile_prci_domain/tile_reset_domain_tile/fusion/fgra/fgra/fggibs_19/mux_2       2.3520     0.0       2.3520      0.0000       0.0000 Muxn_704_68
system/tile_prci_domain/tile_reset_domain_tile/fusion/fgra/fgra/fggibs_19/mux_3       7.5264     0.0       7.5264      0.0000       0.0000 Muxn_705_64
system/tile_prci_domain/tile_reset_domain_tile/fusion/fgra/fgra/fggibs_19/mux_4       7.5264     0.0       7.5264      0.0000       0.0000 Muxn_705_63
system/tile_prci_domain/tile_reset_domain_tile/fusion/fgra/fgra/fggibs_19/mux_5       2.3520     0.0       2.3520      0.0000       0.0000 Muxn_704_67
system/tile_prci_domain/tile_reset_domain_tile/fusion/fgra/fgra/fggibs_19/mux_6      11.0544     0.0      11.0544      0.0000       0.0000 Muxn_732_27
system/tile_prci_domain/tile_reset_domain_tile/fusion/fgra/fgra/fggibs_19/mux_7      13.4064     0.0      13.4064      0.0000       0.0000 Muxn_91_15
system/tile_prci_domain/tile_reset_domain_tile/fusion/fgra/fgra/fggibs_19/mux_8      11.0544     0.0      11.0544      0.0000       0.0000 Muxn_732_26
system/tile_prci_domain/tile_reset_domain_tile/fusion/fgra/fgra/fggibs_19/mux_9       7.5264     0.0       7.5264      0.0000       0.0000 Muxn_705_62
system/tile_prci_domain/tile_reset_domain_tile/fusion/fgra/fgra/fggibs_2      68.6784     0.0       6.1152      0.0000       0.0000 GIB_51
system/tile_prci_domain/tile_reset_domain_tile/fusion/fgra/fgra/fggibs_2/cfg      42.8064     0.0      14.5824     28.2240       0.0000 ConfigMem_55_11
system/tile_prci_domain/tile_reset_domain_tile/fusion/fgra/fgra/fggibs_2/mux       2.3520     0.0       2.3520      0.0000       0.0000 Muxn_704_105
system/tile_prci_domain/tile_reset_domain_tile/fusion/fgra/fgra/fggibs_2/mux_1       7.5264     0.0       7.5264      0.0000       0.0000 Muxn_705_96
system/tile_prci_domain/tile_reset_domain_tile/fusion/fgra/fgra/fggibs_2/mux_2       7.5264     0.0       7.5264      0.0000       0.0000 Muxn_705_95
system/tile_prci_domain/tile_reset_domain_tile/fusion/fgra/fgra/fggibs_2/mux_3       2.3520     0.0       2.3520      0.0000       0.0000 Muxn_704_104
system/tile_prci_domain/tile_reset_domain_tile/fusion/fgra/fgra/fggibs_20      47.9808     0.0       8.2320      0.0000       0.0000 GIB_69
system/tile_prci_domain/tile_reset_domain_tile/fusion/fgra/fgra/fggibs_20/cfg      29.1648     0.0      10.3488     18.8160       0.0000 ConfigMem_102_0
system/tile_prci_domain/tile_reset_domain_tile/fusion/fgra/fgra/fggibs_20/mux       2.3520     0.0       2.3520      0.0000       0.0000 Muxn_704_66
system/tile_prci_domain/tile_reset_domain_tile/fusion/fgra/fgra/fggibs_20/mux_1       5.8800     0.0       5.8800      0.0000       0.0000 Muxn_729_19
system/tile_prci_domain/tile_reset_domain_tile/fusion/fgra/fgra/fggibs_20/mux_2       2.3520     0.0       2.3520      0.0000       0.0000 Muxn_704_65
system/tile_prci_domain/tile_reset_domain_tile/fusion/fgra/fgra/fggibs_21      95.0208     0.0       7.9968     14.1120       0.0000 GIB_70
system/tile_prci_domain/tile_reset_domain_tile/fusion/fgra/fgra/fggibs_21/cfg      49.6272     0.0      16.6992     32.9280       0.0000 ConfigMem_116_2
system/tile_prci_domain/tile_reset_domain_tile/fusion/fgra/fgra/fggibs_21/mux       7.5264     0.0       7.5264      0.0000       0.0000 Muxn_705_61
system/tile_prci_domain/tile_reset_domain_tile/fusion/fgra/fgra/fggibs_21/mux_1       7.5264     0.0       7.5264      0.0000       0.0000 Muxn_705_60
system/tile_prci_domain/tile_reset_domain_tile/fusion/fgra/fgra/fggibs_21/mux_2       2.3520     0.0       2.3520      0.0000       0.0000 Muxn_704_64
system/tile_prci_domain/tile_reset_domain_tile/fusion/fgra/fgra/fggibs_21/mux_3       5.8800     0.0       5.8800      0.0000       0.0000 Muxn_729_18
system/tile_prci_domain/tile_reset_domain_tile/fusion/fgra/fgra/fggibs_22     238.2576     0.0       5.4096      0.0000       0.0000 GIB_71
system/tile_prci_domain/tile_reset_domain_tile/fusion/fgra/fgra/fggibs_22/cfg     156.4080     0.0      52.9200    103.4880       0.0000 ConfigMem_117_1
system/tile_prci_domain/tile_reset_domain_tile/fusion/fgra/fgra/fggibs_22/mux       2.3520     0.0       2.3520      0.0000       0.0000 Muxn_704_63
system/tile_prci_domain/tile_reset_domain_tile/fusion/fgra/fgra/fggibs_22/mux_1       7.5264     0.0       7.5264      0.0000       0.0000 Muxn_705_59
system/tile_prci_domain/tile_reset_domain_tile/fusion/fgra/fgra/fggibs_22/mux_10      13.4064     0.0      13.4064      0.0000       0.0000 Muxn_91_14
system/tile_prci_domain/tile_reset_domain_tile/fusion/fgra/fgra/fggibs_22/mux_2       2.3520     0.0       2.3520      0.0000       0.0000 Muxn_704_62
system/tile_prci_domain/tile_reset_domain_tile/fusion/fgra/fgra/fggibs_22/mux_3       5.8800     0.0       5.8800      0.0000       0.0000 Muxn_729_17
system/tile_prci_domain/tile_reset_domain_tile/fusion/fgra/fgra/fggibs_22/mux_4       2.3520     0.0       2.3520      0.0000       0.0000 Muxn_704_61
system/tile_prci_domain/tile_reset_domain_tile/fusion/fgra/fgra/fggibs_22/mux_5       7.5264     0.0       7.5264      0.0000       0.0000 Muxn_705_58
system/tile_prci_domain/tile_reset_domain_tile/fusion/fgra/fgra/fggibs_22/mux_6       5.8800     0.0       5.8800      0.0000       0.0000 Muxn_729_16
system/tile_prci_domain/tile_reset_domain_tile/fusion/fgra/fgra/fggibs_22/mux_7      11.0544     0.0      11.0544      0.0000       0.0000 Muxn_732_25
system/tile_prci_domain/tile_reset_domain_tile/fusion/fgra/fgra/fggibs_22/mux_8       5.8800     0.0       5.8800      0.0000       0.0000 Muxn_729_15
system/tile_prci_domain/tile_reset_domain_tile/fusion/fgra/fgra/fggibs_22/mux_9      12.2304     0.0      12.2304      0.0000       0.0000 Muxn_26_20
system/tile_prci_domain/tile_reset_domain_tile/fusion/fgra/fgra/fggibs_23     222.9696     0.0       5.1744     18.8160       0.0000 GIB_72
system/tile_prci_domain/tile_reset_domain_tile/fusion/fgra/fgra/fggibs_23/cfg     131.4768     0.0      42.1008     89.3760       0.0000 ConfigMem_110_5
system/tile_prci_domain/tile_reset_domain_tile/fusion/fgra/fgra/fggibs_23/mux       2.3520     0.0       2.3520      0.0000       0.0000 Muxn_704_60
system/tile_prci_domain/tile_reset_domain_tile/fusion/fgra/fgra/fggibs_23/mux_1       2.3520     0.0       2.3520      0.0000       0.0000 Muxn_704_59
system/tile_prci_domain/tile_reset_domain_tile/fusion/fgra/fgra/fggibs_23/mux_2       2.3520     0.0       2.3520      0.0000       0.0000 Muxn_704_58
system/tile_prci_domain/tile_reset_domain_tile/fusion/fgra/fgra/fggibs_23/mux_3       7.5264     0.0       7.5264      0.0000       0.0000 Muxn_705_57
system/tile_prci_domain/tile_reset_domain_tile/fusion/fgra/fgra/fggibs_23/mux_4       2.3520     0.0       2.3520      0.0000       0.0000 Muxn_704_57
system/tile_prci_domain/tile_reset_domain_tile/fusion/fgra/fgra/fggibs_23/mux_5       7.5264     0.0       7.5264      0.0000       0.0000 Muxn_705_56
system/tile_prci_domain/tile_reset_domain_tile/fusion/fgra/fgra/fggibs_23/mux_6      11.0544     0.0      11.0544      0.0000       0.0000 Muxn_732_24
system/tile_prci_domain/tile_reset_domain_tile/fusion/fgra/fgra/fggibs_23/mux_7       7.5264     0.0       7.5264      0.0000       0.0000 Muxn_705_55
system/tile_prci_domain/tile_reset_domain_tile/fusion/fgra/fgra/fggibs_23/mux_8      11.0544     0.0      11.0544      0.0000       0.0000 Muxn_732_23
system/tile_prci_domain/tile_reset_domain_tile/fusion/fgra/fgra/fggibs_23/mux_9      13.4064     0.0      13.4064      0.0000       0.0000 Muxn_91_13
system/tile_prci_domain/tile_reset_domain_tile/fusion/fgra/fgra/fggibs_24     204.3888     0.0       5.4096      0.0000       0.0000 GIB_73
system/tile_prci_domain/tile_reset_domain_tile/fusion/fgra/fgra/fggibs_24/cfg     131.4768     0.0      42.1008     89.3760       0.0000 ConfigMem_110_4
system/tile_prci_domain/tile_reset_domain_tile/fusion/fgra/fgra/fggibs_24/mux       2.3520     0.0       2.3520      0.0000       0.0000 Muxn_704_56
system/tile_prci_domain/tile_reset_domain_tile/fusion/fgra/fgra/fggibs_24/mux_1       2.3520     0.0       2.3520      0.0000       0.0000 Muxn_704_55
system/tile_prci_domain/tile_reset_domain_tile/fusion/fgra/fgra/fggibs_24/mux_2       2.3520     0.0       2.3520      0.0000       0.0000 Muxn_704_54
system/tile_prci_domain/tile_reset_domain_tile/fusion/fgra/fgra/fggibs_24/mux_3       7.5264     0.0       7.5264      0.0000       0.0000 Muxn_705_54
system/tile_prci_domain/tile_reset_domain_tile/fusion/fgra/fgra/fggibs_24/mux_4       2.3520     0.0       2.3520      0.0000       0.0000 Muxn_704_53
system/tile_prci_domain/tile_reset_domain_tile/fusion/fgra/fgra/fggibs_24/mux_5       7.5264     0.0       7.5264      0.0000       0.0000 Muxn_705_53
system/tile_prci_domain/tile_reset_domain_tile/fusion/fgra/fgra/fggibs_24/mux_6      11.0544     0.0      11.0544      0.0000       0.0000 Muxn_732_22
system/tile_prci_domain/tile_reset_domain_tile/fusion/fgra/fgra/fggibs_24/mux_7       7.5264     0.0       7.5264      0.0000       0.0000 Muxn_705_52
system/tile_prci_domain/tile_reset_domain_tile/fusion/fgra/fgra/fggibs_24/mux_8      11.0544     0.0      11.0544      0.0000       0.0000 Muxn_732_21
system/tile_prci_domain/tile_reset_domain_tile/fusion/fgra/fgra/fggibs_24/mux_9      13.4064     0.0      13.4064      0.0000       0.0000 Muxn_91_12
system/tile_prci_domain/tile_reset_domain_tile/fusion/fgra/fgra/fggibs_25     223.2048     0.0       5.4096     18.8160       0.0000 GIB_74
system/tile_prci_domain/tile_reset_domain_tile/fusion/fgra/fgra/fggibs_25/cfg     131.4768     0.0      42.1008     89.3760       0.0000 ConfigMem_110_3
system/tile_prci_domain/tile_reset_domain_tile/fusion/fgra/fgra/fggibs_25/mux       2.3520     0.0       2.3520      0.0000       0.0000 Muxn_704_52
system/tile_prci_domain/tile_reset_domain_tile/fusion/fgra/fgra/fggibs_25/mux_1       2.3520     0.0       2.3520      0.0000       0.0000 Muxn_704_51
system/tile_prci_domain/tile_reset_domain_tile/fusion/fgra/fgra/fggibs_25/mux_2       2.3520     0.0       2.3520      0.0000       0.0000 Muxn_704_50
system/tile_prci_domain/tile_reset_domain_tile/fusion/fgra/fgra/fggibs_25/mux_3       7.5264     0.0       7.5264      0.0000       0.0000 Muxn_705_51
system/tile_prci_domain/tile_reset_domain_tile/fusion/fgra/fgra/fggibs_25/mux_4       2.3520     0.0       2.3520      0.0000       0.0000 Muxn_704_49
system/tile_prci_domain/tile_reset_domain_tile/fusion/fgra/fgra/fggibs_25/mux_5       7.5264     0.0       7.5264      0.0000       0.0000 Muxn_705_50
system/tile_prci_domain/tile_reset_domain_tile/fusion/fgra/fgra/fggibs_25/mux_6      11.0544     0.0      11.0544      0.0000       0.0000 Muxn_732_20
system/tile_prci_domain/tile_reset_domain_tile/fusion/fgra/fgra/fggibs_25/mux_7       7.5264     0.0       7.5264      0.0000       0.0000 Muxn_705_49
system/tile_prci_domain/tile_reset_domain_tile/fusion/fgra/fgra/fggibs_25/mux_8      11.0544     0.0      11.0544      0.0000       0.0000 Muxn_732_19
system/tile_prci_domain/tile_reset_domain_tile/fusion/fgra/fgra/fggibs_25/mux_9      13.4064     0.0      13.4064      0.0000       0.0000 Muxn_91_11
system/tile_prci_domain/tile_reset_domain_tile/fusion/fgra/fgra/fggibs_26     252.3696     0.0       5.1744      0.0000       0.0000 GIB_75
system/tile_prci_domain/tile_reset_domain_tile/fusion/fgra/fgra/fggibs_26/cfg     162.7584     0.0      54.5664    108.1920       0.0000 ConfigMem_121_1
system/tile_prci_domain/tile_reset_domain_tile/fusion/fgra/fgra/fggibs_26/mux       7.5264     0.0       7.5264      0.0000       0.0000 Muxn_705_48
system/tile_prci_domain/tile_reset_domain_tile/fusion/fgra/fgra/fggibs_26/mux_1       2.3520     0.0       2.3520      0.0000       0.0000 Muxn_704_48
system/tile_prci_domain/tile_reset_domain_tile/fusion/fgra/fgra/fggibs_26/mux_10      13.4064     0.0      13.4064      0.0000       0.0000 Muxn_91_10
system/tile_prci_domain/tile_reset_domain_tile/fusion/fgra/fgra/fggibs_26/mux_2       2.3520     0.0       2.3520      0.0000       0.0000 Muxn_704_47
system/tile_prci_domain/tile_reset_domain_tile/fusion/fgra/fgra/fggibs_26/mux_3       7.5264     0.0       7.5264      0.0000       0.0000 Muxn_705_47
system/tile_prci_domain/tile_reset_domain_tile/fusion/fgra/fgra/fggibs_26/mux_4       2.3520     0.0       2.3520      0.0000       0.0000 Muxn_704_46
system/tile_prci_domain/tile_reset_domain_tile/fusion/fgra/fgra/fggibs_26/mux_5       7.5264     0.0       7.5264      0.0000       0.0000 Muxn_705_46
system/tile_prci_domain/tile_reset_domain_tile/fusion/fgra/fgra/fggibs_26/mux_6      12.2304     0.0      12.2304      0.0000       0.0000 Muxn_26_19
system/tile_prci_domain/tile_reset_domain_tile/fusion/fgra/fgra/fggibs_26/mux_7      12.2304     0.0      12.2304      0.0000       0.0000 Muxn_26_18
system/tile_prci_domain/tile_reset_domain_tile/fusion/fgra/fgra/fggibs_26/mux_8       5.8800     0.0       5.8800      0.0000       0.0000 Muxn_729_14
system/tile_prci_domain/tile_reset_domain_tile/fusion/fgra/fgra/fggibs_26/mux_9      11.0544     0.0      11.0544      0.0000       0.0000 Muxn_732_18
system/tile_prci_domain/tile_reset_domain_tile/fusion/fgra/fgra/fggibs_27      83.4960     0.0       8.4672     14.1120       0.0000 GIB_76
system/tile_prci_domain/tile_reset_domain_tile/fusion/fgra/fgra/fggibs_27/cfg      42.8064     0.0      14.5824     28.2240       0.0000 ConfigMem_55_7
system/tile_prci_domain/tile_reset_domain_tile/fusion/fgra/fgra/fggibs_27/mux       2.3520     0.0       2.3520      0.0000       0.0000 Muxn_704_45
system/tile_prci_domain/tile_reset_domain_tile/fusion/fgra/fgra/fggibs_27/mux_1       2.3520     0.0       2.3520      0.0000       0.0000 Muxn_704_44
system/tile_prci_domain/tile_reset_domain_tile/fusion/fgra/fgra/fggibs_27/mux_2       7.5264     0.0       7.5264      0.0000       0.0000 Muxn_705_45
system/tile_prci_domain/tile_reset_domain_tile/fusion/fgra/fgra/fggibs_27/mux_3       5.8800     0.0       5.8800      0.0000       0.0000 Muxn_729_13
system/tile_prci_domain/tile_reset_domain_tile/fusion/fgra/fgra/fggibs_28      69.6192     0.0       8.7024      0.0000       0.0000 GIB_77
system/tile_prci_domain/tile_reset_domain_tile/fusion/fgra/fgra/fggibs_28/cfg      42.8064     0.0      14.5824     28.2240       0.0000 ConfigMem_55_6
system/tile_prci_domain/tile_reset_domain_tile/fusion/fgra/fgra/fggibs_28/mux       2.3520     0.0       2.3520      0.0000       0.0000 Muxn_704_43
system/tile_prci_domain/tile_reset_domain_tile/fusion/fgra/fgra/fggibs_28/mux_1       5.8800     0.0       5.8800      0.0000       0.0000 Muxn_729_12
system/tile_prci_domain/tile_reset_domain_tile/fusion/fgra/fgra/fggibs_28/mux_2       2.3520     0.0       2.3520      0.0000       0.0000 Muxn_704_42
system/tile_prci_domain/tile_reset_domain_tile/fusion/fgra/fgra/fggibs_28/mux_3       7.5264     0.0       7.5264      0.0000       0.0000 Muxn_705_44
system/tile_prci_domain/tile_reset_domain_tile/fusion/fgra/fgra/fggibs_29     271.8912     0.0       5.4096     18.8160       0.0000 GIB_78
system/tile_prci_domain/tile_reset_domain_tile/fusion/fgra/fgra/fggibs_29/cfg     163.2288     0.0      55.0368    108.1920       0.0000 ConfigMem_121_0
system/tile_prci_domain/tile_reset_domain_tile/fusion/fgra/fgra/fggibs_29/mux      12.2304     0.0      12.2304      0.0000       0.0000 Muxn_26_17
system/tile_prci_domain/tile_reset_domain_tile/fusion/fgra/fgra/fggibs_29/mux_1       7.5264     0.0       7.5264      0.0000       0.0000 Muxn_705_43
system/tile_prci_domain/tile_reset_domain_tile/fusion/fgra/fgra/fggibs_29/mux_10       5.8800     0.0       5.8800      0.0000       0.0000 Muxn_729_11
system/tile_prci_domain/tile_reset_domain_tile/fusion/fgra/fgra/fggibs_29/mux_2       2.3520     0.0       2.3520      0.0000       0.0000 Muxn_704_41
system/tile_prci_domain/tile_reset_domain_tile/fusion/fgra/fgra/fggibs_29/mux_3       2.3520     0.0       2.3520      0.0000       0.0000 Muxn_704_40
system/tile_prci_domain/tile_reset_domain_tile/fusion/fgra/fgra/fggibs_29/mux_4       7.5264     0.0       7.5264      0.0000       0.0000 Muxn_705_42
system/tile_prci_domain/tile_reset_domain_tile/fusion/fgra/fgra/fggibs_29/mux_5       7.5264     0.0       7.5264      0.0000       0.0000 Muxn_705_41
system/tile_prci_domain/tile_reset_domain_tile/fusion/fgra/fgra/fggibs_29/mux_6       2.3520     0.0       2.3520      0.0000       0.0000 Muxn_704_39
system/tile_prci_domain/tile_reset_domain_tile/fusion/fgra/fgra/fggibs_29/mux_7      11.0544     0.0      11.0544      0.0000       0.0000 Muxn_732_17
system/tile_prci_domain/tile_reset_domain_tile/fusion/fgra/fgra/fggibs_29/mux_8      13.4064     0.0      13.4064      0.0000       0.0000 Muxn_91_9
system/tile_prci_domain/tile_reset_domain_tile/fusion/fgra/fgra/fggibs_29/mux_9      12.2304     0.0      12.2304      0.0000       0.0000 Muxn_26_16
system/tile_prci_domain/tile_reset_domain_tile/fusion/fgra/fgra/fggibs_3      82.7904     0.0       6.1152     14.1120       0.0000 GIB_52
system/tile_prci_domain/tile_reset_domain_tile/fusion/fgra/fgra/fggibs_3/cfg      42.8064     0.0      14.5824     28.2240       0.0000 ConfigMem_55_10
system/tile_prci_domain/tile_reset_domain_tile/fusion/fgra/fgra/fggibs_3/mux       2.3520     0.0       2.3520      0.0000       0.0000 Muxn_704_103
system/tile_prci_domain/tile_reset_domain_tile/fusion/fgra/fgra/fggibs_3/mux_1       7.5264     0.0       7.5264      0.0000       0.0000 Muxn_705_94
system/tile_prci_domain/tile_reset_domain_tile/fusion/fgra/fgra/fggibs_3/mux_2       7.5264     0.0       7.5264      0.0000       0.0000 Muxn_705_93
system/tile_prci_domain/tile_reset_domain_tile/fusion/fgra/fgra/fggibs_3/mux_3       2.3520     0.0       2.3520      0.0000       0.0000 Muxn_704_102
system/tile_prci_domain/tile_reset_domain_tile/fusion/fgra/fgra/fggibs_30     206.0352     0.0       5.1744      0.0000       0.0000 GIB_79
system/tile_prci_domain/tile_reset_domain_tile/fusion/fgra/fgra/fggibs_30/cfg     133.3584     0.0      43.9824     89.3760       0.0000 ConfigMem_110_2
system/tile_prci_domain/tile_reset_domain_tile/fusion/fgra/fgra/fggibs_30/mux       2.3520     0.0       2.3520      0.0000       0.0000 Muxn_704_38
system/tile_prci_domain/tile_reset_domain_tile/fusion/fgra/fgra/fggibs_30/mux_1       2.3520     0.0       2.3520      0.0000       0.0000 Muxn_704_37
system/tile_prci_domain/tile_reset_domain_tile/fusion/fgra/fgra/fggibs_30/mux_2       2.3520     0.0       2.3520      0.0000       0.0000 Muxn_704_36
system/tile_prci_domain/tile_reset_domain_tile/fusion/fgra/fgra/fggibs_30/mux_3       7.5264     0.0       7.5264      0.0000       0.0000 Muxn_705_40
system/tile_prci_domain/tile_reset_domain_tile/fusion/fgra/fgra/fggibs_30/mux_4       7.5264     0.0       7.5264      0.0000       0.0000 Muxn_705_39
system/tile_prci_domain/tile_reset_domain_tile/fusion/fgra/fgra/fggibs_30/mux_5       2.3520     0.0       2.3520      0.0000       0.0000 Muxn_704_35
system/tile_prci_domain/tile_reset_domain_tile/fusion/fgra/fgra/fggibs_30/mux_6      11.0544     0.0      11.0544      0.0000       0.0000 Muxn_732_16
system/tile_prci_domain/tile_reset_domain_tile/fusion/fgra/fgra/fggibs_30/mux_7      13.4064     0.0      13.4064      0.0000       0.0000 Muxn_91_8
system/tile_prci_domain/tile_reset_domain_tile/fusion/fgra/fgra/fggibs_30/mux_8      11.0544     0.0      11.0544      0.0000       0.0000 Muxn_732_15
system/tile_prci_domain/tile_reset_domain_tile/fusion/fgra/fgra/fggibs_30/mux_9       7.5264     0.0       7.5264      0.0000       0.0000 Muxn_705_38
system/tile_prci_domain/tile_reset_domain_tile/fusion/fgra/fgra/fggibs_31     222.9696     0.0       5.1744     18.8160       0.0000 GIB_80
system/tile_prci_domain/tile_reset_domain_tile/fusion/fgra/fgra/fggibs_31/cfg     131.4768     0.0      42.1008     89.3760       0.0000 ConfigMem_110_1
system/tile_prci_domain/tile_reset_domain_tile/fusion/fgra/fgra/fggibs_31/mux       2.3520     0.0       2.3520      0.0000       0.0000 Muxn_704_34
system/tile_prci_domain/tile_reset_domain_tile/fusion/fgra/fgra/fggibs_31/mux_1       2.3520     0.0       2.3520      0.0000       0.0000 Muxn_704_33
system/tile_prci_domain/tile_reset_domain_tile/fusion/fgra/fgra/fggibs_31/mux_2       2.3520     0.0       2.3520      0.0000       0.0000 Muxn_704_32
system/tile_prci_domain/tile_reset_domain_tile/fusion/fgra/fgra/fggibs_31/mux_3       7.5264     0.0       7.5264      0.0000       0.0000 Muxn_705_37
system/tile_prci_domain/tile_reset_domain_tile/fusion/fgra/fgra/fggibs_31/mux_4       7.5264     0.0       7.5264      0.0000       0.0000 Muxn_705_36
system/tile_prci_domain/tile_reset_domain_tile/fusion/fgra/fgra/fggibs_31/mux_5       2.3520     0.0       2.3520      0.0000       0.0000 Muxn_704_31
system/tile_prci_domain/tile_reset_domain_tile/fusion/fgra/fgra/fggibs_31/mux_6      11.0544     0.0      11.0544      0.0000       0.0000 Muxn_732_14
system/tile_prci_domain/tile_reset_domain_tile/fusion/fgra/fgra/fggibs_31/mux_7      13.4064     0.0      13.4064      0.0000       0.0000 Muxn_91_7
system/tile_prci_domain/tile_reset_domain_tile/fusion/fgra/fgra/fggibs_31/mux_8      11.0544     0.0      11.0544      0.0000       0.0000 Muxn_732_13
system/tile_prci_domain/tile_reset_domain_tile/fusion/fgra/fgra/fggibs_31/mux_9       7.5264     0.0       7.5264      0.0000       0.0000 Muxn_705_35
system/tile_prci_domain/tile_reset_domain_tile/fusion/fgra/fgra/fggibs_32     206.2704     0.0       5.4096      0.0000       0.0000 GIB_81
system/tile_prci_domain/tile_reset_domain_tile/fusion/fgra/fgra/fggibs_32/cfg     133.3584     0.0      43.9824     89.3760       0.0000 ConfigMem_110_0
system/tile_prci_domain/tile_reset_domain_tile/fusion/fgra/fgra/fggibs_32/mux       2.3520     0.0       2.3520      0.0000       0.0000 Muxn_704_30
system/tile_prci_domain/tile_reset_domain_tile/fusion/fgra/fgra/fggibs_32/mux_1       2.3520     0.0       2.3520      0.0000       0.0000 Muxn_704_29
system/tile_prci_domain/tile_reset_domain_tile/fusion/fgra/fgra/fggibs_32/mux_2       2.3520     0.0       2.3520      0.0000       0.0000 Muxn_704_28
system/tile_prci_domain/tile_reset_domain_tile/fusion/fgra/fgra/fggibs_32/mux_3       7.5264     0.0       7.5264      0.0000       0.0000 Muxn_705_34
system/tile_prci_domain/tile_reset_domain_tile/fusion/fgra/fgra/fggibs_32/mux_4       7.5264     0.0       7.5264      0.0000       0.0000 Muxn_705_33
system/tile_prci_domain/tile_reset_domain_tile/fusion/fgra/fgra/fggibs_32/mux_5       2.3520     0.0       2.3520      0.0000       0.0000 Muxn_704_27
system/tile_prci_domain/tile_reset_domain_tile/fusion/fgra/fgra/fggibs_32/mux_6      11.0544     0.0      11.0544      0.0000       0.0000 Muxn_732_12
system/tile_prci_domain/tile_reset_domain_tile/fusion/fgra/fgra/fggibs_32/mux_7      13.4064     0.0      13.4064      0.0000       0.0000 Muxn_91_6
system/tile_prci_domain/tile_reset_domain_tile/fusion/fgra/fgra/fggibs_32/mux_8      11.0544     0.0      11.0544      0.0000       0.0000 Muxn_732_11
system/tile_prci_domain/tile_reset_domain_tile/fusion/fgra/fgra/fggibs_32/mux_9       7.5264     0.0       7.5264      0.0000       0.0000 Muxn_705_32
system/tile_prci_domain/tile_reset_domain_tile/fusion/fgra/fgra/fggibs_33     257.0736     0.0       5.4096     18.8160       0.0000 GIB_82
system/tile_prci_domain/tile_reset_domain_tile/fusion/fgra/fgra/fggibs_33/cfg     156.4080     0.0      52.9200    103.4880       0.0000 ConfigMem_117_0
system/tile_prci_domain/tile_reset_domain_tile/fusion/fgra/fgra/fggibs_33/mux       5.8800     0.0       5.8800      0.0000       0.0000 Muxn_729_10
system/tile_prci_domain/tile_reset_domain_tile/fusion/fgra/fgra/fggibs_33/mux_1       2.3520     0.0       2.3520      0.0000       0.0000 Muxn_704_26
system/tile_prci_domain/tile_reset_domain_tile/fusion/fgra/fgra/fggibs_33/mux_10       5.8800     0.0       5.8800      0.0000       0.0000 Muxn_729_8
system/tile_prci_domain/tile_reset_domain_tile/fusion/fgra/fgra/fggibs_33/mux_2       7.5264     0.0       7.5264      0.0000       0.0000 Muxn_705_31
system/tile_prci_domain/tile_reset_domain_tile/fusion/fgra/fgra/fggibs_33/mux_3       2.3520     0.0       2.3520      0.0000       0.0000 Muxn_704_25
system/tile_prci_domain/tile_reset_domain_tile/fusion/fgra/fgra/fggibs_33/mux_4       5.8800     0.0       5.8800      0.0000       0.0000 Muxn_729_9
system/tile_prci_domain/tile_reset_domain_tile/fusion/fgra/fgra/fggibs_33/mux_5       7.5264     0.0       7.5264      0.0000       0.0000 Muxn_705_30
system/tile_prci_domain/tile_reset_domain_tile/fusion/fgra/fgra/fggibs_33/mux_6       2.3520     0.0       2.3520      0.0000       0.0000 Muxn_704_24
system/tile_prci_domain/tile_reset_domain_tile/fusion/fgra/fgra/fggibs_33/mux_7      12.2304     0.0      12.2304      0.0000       0.0000 Muxn_26_15
system/tile_prci_domain/tile_reset_domain_tile/fusion/fgra/fgra/fggibs_33/mux_8      13.4064     0.0      13.4064      0.0000       0.0000 Muxn_91_5
system/tile_prci_domain/tile_reset_domain_tile/fusion/fgra/fgra/fggibs_33/mux_9      11.0544     0.0      11.0544      0.0000       0.0000 Muxn_732_10
system/tile_prci_domain/tile_reset_domain_tile/fusion/fgra/fgra/fggibs_34      80.9088     0.0       7.9968      0.0000       0.0000 GIB_83
system/tile_prci_domain/tile_reset_domain_tile/fusion/fgra/fgra/fggibs_34/cfg      49.6272     0.0      16.6992     32.9280       0.0000 ConfigMem_116_1
system/tile_prci_domain/tile_reset_domain_tile/fusion/fgra/fgra/fggibs_34/mux       7.5264     0.0       7.5264      0.0000       0.0000 Muxn_705_29
system/tile_prci_domain/tile_reset_domain_tile/fusion/fgra/fgra/fggibs_34/mux_1       2.3520     0.0       2.3520      0.0000       0.0000 Muxn_704_23
system/tile_prci_domain/tile_reset_domain_tile/fusion/fgra/fgra/fggibs_34/mux_2       5.8800     0.0       5.8800      0.0000       0.0000 Muxn_729_7
system/tile_prci_domain/tile_reset_domain_tile/fusion/fgra/fgra/fggibs_34/mux_3       7.5264     0.0       7.5264      0.0000       0.0000 Muxn_705_28
system/tile_prci_domain/tile_reset_domain_tile/fusion/fgra/fgra/fggibs_35      95.0208     0.0       7.9968     14.1120       0.0000 GIB_84
system/tile_prci_domain/tile_reset_domain_tile/fusion/fgra/fgra/fggibs_35/cfg      49.6272     0.0      16.6992     32.9280       0.0000 ConfigMem_116_0
system/tile_prci_domain/tile_reset_domain_tile/fusion/fgra/fgra/fggibs_35/mux       7.5264     0.0       7.5264      0.0000       0.0000 Muxn_705_27
system/tile_prci_domain/tile_reset_domain_tile/fusion/fgra/fgra/fggibs_35/mux_1       7.5264     0.0       7.5264      0.0000       0.0000 Muxn_705_26
system/tile_prci_domain/tile_reset_domain_tile/fusion/fgra/fgra/fggibs_35/mux_2       2.3520     0.0       2.3520      0.0000       0.0000 Muxn_704_22
system/tile_prci_domain/tile_reset_domain_tile/fusion/fgra/fgra/fggibs_35/mux_3       5.8800     0.0       5.8800      0.0000       0.0000 Muxn_729_6
system/tile_prci_domain/tile_reset_domain_tile/fusion/fgra/fgra/fggibs_36     308.3472     0.0       5.4096      0.0000       0.0000 GIB_85
system/tile_prci_domain/tile_reset_domain_tile/fusion/fgra/fgra/fggibs_36/cfg     197.5680     0.0      65.8560    131.7120       0.0000 ConfigMem_58_4
system/tile_prci_domain/tile_reset_domain_tile/fusion/fgra/fgra/fggibs_36/mux       7.5264     0.0       7.5264      0.0000       0.0000 Muxn_705_25
system/tile_prci_domain/tile_reset_domain_tile/fusion/fgra/fgra/fggibs_36/mux_1       7.5264     0.0       7.5264      0.0000       0.0000 Muxn_705_24
system/tile_prci_domain/tile_reset_domain_tile/fusion/fgra/fgra/fggibs_36/mux_10      12.2304     0.0      12.2304      0.0000       0.0000 Muxn_26_12
system/tile_prci_domain/tile_reset_domain_tile/fusion/fgra/fgra/fggibs_36/mux_11      13.4064     0.0      13.4064      0.0000       0.0000 Muxn_91_4
system/tile_prci_domain/tile_reset_domain_tile/fusion/fgra/fgra/fggibs_36/mux_2       2.3520     0.0       2.3520      0.0000       0.0000 Muxn_704_21
system/tile_prci_domain/tile_reset_domain_tile/fusion/fgra/fgra/fggibs_36/mux_3       5.8800     0.0       5.8800      0.0000       0.0000 Muxn_729_5
system/tile_prci_domain/tile_reset_domain_tile/fusion/fgra/fgra/fggibs_36/mux_4       2.3520     0.0       2.3520      0.0000       0.0000 Muxn_704_20
system/tile_prci_domain/tile_reset_domain_tile/fusion/fgra/fgra/fggibs_36/mux_5       7.5264     0.0       7.5264      0.0000       0.0000 Muxn_705_23
system/tile_prci_domain/tile_reset_domain_tile/fusion/fgra/fgra/fggibs_36/mux_6      12.2304     0.0      12.2304      0.0000       0.0000 Muxn_26_14
system/tile_prci_domain/tile_reset_domain_tile/fusion/fgra/fgra/fggibs_36/mux_7      11.0544     0.0      11.0544      0.0000       0.0000 Muxn_732_9
system/tile_prci_domain/tile_reset_domain_tile/fusion/fgra/fgra/fggibs_36/mux_8      12.2304     0.0      12.2304      0.0000       0.0000 Muxn_26_13
system/tile_prci_domain/tile_reset_domain_tile/fusion/fgra/fgra/fggibs_36/mux_9      11.0544     0.0      11.0544      0.0000       0.0000 Muxn_732_8
system/tile_prci_domain/tile_reset_domain_tile/fusion/fgra/fgra/fggibs_37     327.1632     0.0       5.4096     18.8160       0.0000 GIB_86
system/tile_prci_domain/tile_reset_domain_tile/fusion/fgra/fgra/fggibs_37/cfg     197.5680     0.0      65.8560    131.7120       0.0000 ConfigMem_58_3
system/tile_prci_domain/tile_reset_domain_tile/fusion/fgra/fgra/fggibs_37/mux       7.5264     0.0       7.5264      0.0000       0.0000 Muxn_705_22
system/tile_prci_domain/tile_reset_domain_tile/fusion/fgra/fgra/fggibs_37/mux_1       7.5264     0.0       7.5264      0.0000       0.0000 Muxn_705_21
system/tile_prci_domain/tile_reset_domain_tile/fusion/fgra/fgra/fggibs_37/mux_10      12.2304     0.0      12.2304      0.0000       0.0000 Muxn_26_9
system/tile_prci_domain/tile_reset_domain_tile/fusion/fgra/fgra/fggibs_37/mux_11      13.4064     0.0      13.4064      0.0000       0.0000 Muxn_91_3
system/tile_prci_domain/tile_reset_domain_tile/fusion/fgra/fgra/fggibs_37/mux_2       2.3520     0.0       2.3520      0.0000       0.0000 Muxn_704_19
system/tile_prci_domain/tile_reset_domain_tile/fusion/fgra/fgra/fggibs_37/mux_3       5.8800     0.0       5.8800      0.0000       0.0000 Muxn_729_4
system/tile_prci_domain/tile_reset_domain_tile/fusion/fgra/fgra/fggibs_37/mux_4       2.3520     0.0       2.3520      0.0000       0.0000 Muxn_704_18
system/tile_prci_domain/tile_reset_domain_tile/fusion/fgra/fgra/fggibs_37/mux_5       7.5264     0.0       7.5264      0.0000       0.0000 Muxn_705_20
system/tile_prci_domain/tile_reset_domain_tile/fusion/fgra/fgra/fggibs_37/mux_6      12.2304     0.0      12.2304      0.0000       0.0000 Muxn_26_11
system/tile_prci_domain/tile_reset_domain_tile/fusion/fgra/fgra/fggibs_37/mux_7      11.0544     0.0      11.0544      0.0000       0.0000 Muxn_732_7
system/tile_prci_domain/tile_reset_domain_tile/fusion/fgra/fgra/fggibs_37/mux_8      12.2304     0.0      12.2304      0.0000       0.0000 Muxn_26_10
system/tile_prci_domain/tile_reset_domain_tile/fusion/fgra/fgra/fggibs_37/mux_9      11.0544     0.0      11.0544      0.0000       0.0000 Muxn_732_6
system/tile_prci_domain/tile_reset_domain_tile/fusion/fgra/fgra/fggibs_38     308.3472     0.0       5.4096      0.0000       0.0000 GIB_87
system/tile_prci_domain/tile_reset_domain_tile/fusion/fgra/fgra/fggibs_38/cfg     197.5680     0.0      65.8560    131.7120       0.0000 ConfigMem_58_2
system/tile_prci_domain/tile_reset_domain_tile/fusion/fgra/fgra/fggibs_38/mux       7.5264     0.0       7.5264      0.0000       0.0000 Muxn_705_19
system/tile_prci_domain/tile_reset_domain_tile/fusion/fgra/fgra/fggibs_38/mux_1       7.5264     0.0       7.5264      0.0000       0.0000 Muxn_705_18
system/tile_prci_domain/tile_reset_domain_tile/fusion/fgra/fgra/fggibs_38/mux_10      12.2304     0.0      12.2304      0.0000       0.0000 Muxn_26_6
system/tile_prci_domain/tile_reset_domain_tile/fusion/fgra/fgra/fggibs_38/mux_11      13.4064     0.0      13.4064      0.0000       0.0000 Muxn_91_2
system/tile_prci_domain/tile_reset_domain_tile/fusion/fgra/fgra/fggibs_38/mux_2       2.3520     0.0       2.3520      0.0000       0.0000 Muxn_704_17
system/tile_prci_domain/tile_reset_domain_tile/fusion/fgra/fgra/fggibs_38/mux_3       5.8800     0.0       5.8800      0.0000       0.0000 Muxn_729_3
system/tile_prci_domain/tile_reset_domain_tile/fusion/fgra/fgra/fggibs_38/mux_4       2.3520     0.0       2.3520      0.0000       0.0000 Muxn_704_16
system/tile_prci_domain/tile_reset_domain_tile/fusion/fgra/fgra/fggibs_38/mux_5       7.5264     0.0       7.5264      0.0000       0.0000 Muxn_705_17
system/tile_prci_domain/tile_reset_domain_tile/fusion/fgra/fgra/fggibs_38/mux_6      12.2304     0.0      12.2304      0.0000       0.0000 Muxn_26_8
system/tile_prci_domain/tile_reset_domain_tile/fusion/fgra/fgra/fggibs_38/mux_7      11.0544     0.0      11.0544      0.0000       0.0000 Muxn_732_5
system/tile_prci_domain/tile_reset_domain_tile/fusion/fgra/fgra/fggibs_38/mux_8      12.2304     0.0      12.2304      0.0000       0.0000 Muxn_26_7
system/tile_prci_domain/tile_reset_domain_tile/fusion/fgra/fgra/fggibs_38/mux_9      11.0544     0.0      11.0544      0.0000       0.0000 Muxn_732_4
system/tile_prci_domain/tile_reset_domain_tile/fusion/fgra/fgra/fggibs_39     327.1632     0.0       5.4096     18.8160       0.0000 GIB_88
system/tile_prci_domain/tile_reset_domain_tile/fusion/fgra/fgra/fggibs_39/cfg     197.5680     0.0      65.8560    131.7120       0.0000 ConfigMem_58_1
system/tile_prci_domain/tile_reset_domain_tile/fusion/fgra/fgra/fggibs_39/mux       7.5264     0.0       7.5264      0.0000       0.0000 Muxn_705_16
system/tile_prci_domain/tile_reset_domain_tile/fusion/fgra/fgra/fggibs_39/mux_1       7.5264     0.0       7.5264      0.0000       0.0000 Muxn_705_15
system/tile_prci_domain/tile_reset_domain_tile/fusion/fgra/fgra/fggibs_39/mux_10      12.2304     0.0      12.2304      0.0000       0.0000 Muxn_26_3
system/tile_prci_domain/tile_reset_domain_tile/fusion/fgra/fgra/fggibs_39/mux_11      13.4064     0.0      13.4064      0.0000       0.0000 Muxn_91_1
system/tile_prci_domain/tile_reset_domain_tile/fusion/fgra/fgra/fggibs_39/mux_2       2.3520     0.0       2.3520      0.0000       0.0000 Muxn_704_15
system/tile_prci_domain/tile_reset_domain_tile/fusion/fgra/fgra/fggibs_39/mux_3       5.8800     0.0       5.8800      0.0000       0.0000 Muxn_729_2
system/tile_prci_domain/tile_reset_domain_tile/fusion/fgra/fgra/fggibs_39/mux_4       2.3520     0.0       2.3520      0.0000       0.0000 Muxn_704_14
system/tile_prci_domain/tile_reset_domain_tile/fusion/fgra/fgra/fggibs_39/mux_5       7.5264     0.0       7.5264      0.0000       0.0000 Muxn_705_14
system/tile_prci_domain/tile_reset_domain_tile/fusion/fgra/fgra/fggibs_39/mux_6      12.2304     0.0      12.2304      0.0000       0.0000 Muxn_26_5
system/tile_prci_domain/tile_reset_domain_tile/fusion/fgra/fgra/fggibs_39/mux_7      11.0544     0.0      11.0544      0.0000       0.0000 Muxn_732_3
system/tile_prci_domain/tile_reset_domain_tile/fusion/fgra/fgra/fggibs_39/mux_8      12.2304     0.0      12.2304      0.0000       0.0000 Muxn_26_4
system/tile_prci_domain/tile_reset_domain_tile/fusion/fgra/fgra/fggibs_39/mux_9      11.0544     0.0      11.0544      0.0000       0.0000 Muxn_732_2
system/tile_prci_domain/tile_reset_domain_tile/fusion/fgra/fgra/fggibs_4      68.9136     0.0       6.3504      0.0000       0.0000 GIB_53
system/tile_prci_domain/tile_reset_domain_tile/fusion/fgra/fgra/fggibs_4/cfg      42.8064     0.0      14.5824     28.2240       0.0000 ConfigMem_55_9
system/tile_prci_domain/tile_reset_domain_tile/fusion/fgra/fgra/fggibs_4/mux       2.3520     0.0       2.3520      0.0000       0.0000 Muxn_704_101
system/tile_prci_domain/tile_reset_domain_tile/fusion/fgra/fgra/fggibs_4/mux_1       7.5264     0.0       7.5264      0.0000       0.0000 Muxn_705_92
system/tile_prci_domain/tile_reset_domain_tile/fusion/fgra/fgra/fggibs_4/mux_2       7.5264     0.0       7.5264      0.0000       0.0000 Muxn_705_91
system/tile_prci_domain/tile_reset_domain_tile/fusion/fgra/fgra/fggibs_4/mux_3       2.3520     0.0       2.3520      0.0000       0.0000 Muxn_704_100
system/tile_prci_domain/tile_reset_domain_tile/fusion/fgra/fgra/fggibs_40     308.3472     0.0       5.4096      0.0000       0.0000 GIB_89
system/tile_prci_domain/tile_reset_domain_tile/fusion/fgra/fgra/fggibs_40/cfg     197.5680     0.0      65.8560    131.7120       0.0000 ConfigMem_58_0
system/tile_prci_domain/tile_reset_domain_tile/fusion/fgra/fgra/fggibs_40/mux       7.5264     0.0       7.5264      0.0000       0.0000 Muxn_705_13
system/tile_prci_domain/tile_reset_domain_tile/fusion/fgra/fgra/fggibs_40/mux_1       7.5264     0.0       7.5264      0.0000       0.0000 Muxn_705_12
system/tile_prci_domain/tile_reset_domain_tile/fusion/fgra/fgra/fggibs_40/mux_10      12.2304     0.0      12.2304      0.0000       0.0000 Muxn_26_0
system/tile_prci_domain/tile_reset_domain_tile/fusion/fgra/fgra/fggibs_40/mux_11      13.4064     0.0      13.4064      0.0000       0.0000 Muxn_91_0
system/tile_prci_domain/tile_reset_domain_tile/fusion/fgra/fgra/fggibs_40/mux_2       2.3520     0.0       2.3520      0.0000       0.0000 Muxn_704_13
system/tile_prci_domain/tile_reset_domain_tile/fusion/fgra/fgra/fggibs_40/mux_3       5.8800     0.0       5.8800      0.0000       0.0000 Muxn_729_1
system/tile_prci_domain/tile_reset_domain_tile/fusion/fgra/fgra/fggibs_40/mux_4       2.3520     0.0       2.3520      0.0000       0.0000 Muxn_704_12
system/tile_prci_domain/tile_reset_domain_tile/fusion/fgra/fgra/fggibs_40/mux_5       7.5264     0.0       7.5264      0.0000       0.0000 Muxn_705_11
system/tile_prci_domain/tile_reset_domain_tile/fusion/fgra/fgra/fggibs_40/mux_6      12.2304     0.0      12.2304      0.0000       0.0000 Muxn_26_2
system/tile_prci_domain/tile_reset_domain_tile/fusion/fgra/fgra/fggibs_40/mux_7      11.0544     0.0      11.0544      0.0000       0.0000 Muxn_732_1
system/tile_prci_domain/tile_reset_domain_tile/fusion/fgra/fgra/fggibs_40/mux_8      12.2304     0.0      12.2304      0.0000       0.0000 Muxn_26_1
system/tile_prci_domain/tile_reset_domain_tile/fusion/fgra/fgra/fggibs_40/mux_9      11.0544     0.0      11.0544      0.0000       0.0000 Muxn_732_0
system/tile_prci_domain/tile_reset_domain_tile/fusion/fgra/fgra/fggibs_41      83.4960     0.0       8.4672     14.1120       0.0000 GIB_90
system/tile_prci_domain/tile_reset_domain_tile/fusion/fgra/fgra/fggibs_41/cfg      42.8064     0.0      14.5824     28.2240       0.0000 ConfigMem_55_5
system/tile_prci_domain/tile_reset_domain_tile/fusion/fgra/fgra/fggibs_41/mux       2.3520     0.0       2.3520      0.0000       0.0000 Muxn_704_11
system/tile_prci_domain/tile_reset_domain_tile/fusion/fgra/fgra/fggibs_41/mux_1       2.3520     0.0       2.3520      0.0000       0.0000 Muxn_704_10
system/tile_prci_domain/tile_reset_domain_tile/fusion/fgra/fgra/fggibs_41/mux_2       7.5264     0.0       7.5264      0.0000       0.0000 Muxn_705_10
system/tile_prci_domain/tile_reset_domain_tile/fusion/fgra/fgra/fggibs_41/mux_3       5.8800     0.0       5.8800      0.0000       0.0000 Muxn_729_0
system/tile_prci_domain/tile_reset_domain_tile/fusion/fgra/fgra/fggibs_42       1.8816     0.0       1.8816      0.0000       0.0000 GIB_91
system/tile_prci_domain/tile_reset_domain_tile/fusion/fgra/fgra/fggibs_43      82.7904     0.0       6.1152     14.1120       0.0000 GIB_92
system/tile_prci_domain/tile_reset_domain_tile/fusion/fgra/fgra/fggibs_43/cfg      42.8064     0.0      14.5824     28.2240       0.0000 ConfigMem_55_4
system/tile_prci_domain/tile_reset_domain_tile/fusion/fgra/fgra/fggibs_43/mux       2.3520     0.0       2.3520      0.0000       0.0000 Muxn_704_9
system/tile_prci_domain/tile_reset_domain_tile/fusion/fgra/fgra/fggibs_43/mux_1       7.5264     0.0       7.5264      0.0000       0.0000 Muxn_705_9
system/tile_prci_domain/tile_reset_domain_tile/fusion/fgra/fgra/fggibs_43/mux_2       2.3520     0.0       2.3520      0.0000       0.0000 Muxn_704_8
system/tile_prci_domain/tile_reset_domain_tile/fusion/fgra/fgra/fggibs_43/mux_3       7.5264     0.0       7.5264      0.0000       0.0000 Muxn_705_8
system/tile_prci_domain/tile_reset_domain_tile/fusion/fgra/fgra/fggibs_44      68.9136     0.0       6.3504      0.0000       0.0000 GIB_93
system/tile_prci_domain/tile_reset_domain_tile/fusion/fgra/fgra/fggibs_44/cfg      42.8064     0.0      14.5824     28.2240       0.0000 ConfigMem_55_3
system/tile_prci_domain/tile_reset_domain_tile/fusion/fgra/fgra/fggibs_44/mux       2.3520     0.0       2.3520      0.0000       0.0000 Muxn_704_7
system/tile_prci_domain/tile_reset_domain_tile/fusion/fgra/fgra/fggibs_44/mux_1       7.5264     0.0       7.5264      0.0000       0.0000 Muxn_705_7
system/tile_prci_domain/tile_reset_domain_tile/fusion/fgra/fgra/fggibs_44/mux_2       2.3520     0.0       2.3520      0.0000       0.0000 Muxn_704_6
system/tile_prci_domain/tile_reset_domain_tile/fusion/fgra/fgra/fggibs_44/mux_3       7.5264     0.0       7.5264      0.0000       0.0000 Muxn_705_6
system/tile_prci_domain/tile_reset_domain_tile/fusion/fgra/fgra/fggibs_45      82.7904     0.0       6.1152     14.1120       0.0000 GIB_94
system/tile_prci_domain/tile_reset_domain_tile/fusion/fgra/fgra/fggibs_45/cfg      42.8064     0.0      14.5824     28.2240       0.0000 ConfigMem_55_2
system/tile_prci_domain/tile_reset_domain_tile/fusion/fgra/fgra/fggibs_45/mux       2.3520     0.0       2.3520      0.0000       0.0000 Muxn_704_5
system/tile_prci_domain/tile_reset_domain_tile/fusion/fgra/fgra/fggibs_45/mux_1       7.5264     0.0       7.5264      0.0000       0.0000 Muxn_705_5
system/tile_prci_domain/tile_reset_domain_tile/fusion/fgra/fgra/fggibs_45/mux_2       2.3520     0.0       2.3520      0.0000       0.0000 Muxn_704_4
system/tile_prci_domain/tile_reset_domain_tile/fusion/fgra/fgra/fggibs_45/mux_3       7.5264     0.0       7.5264      0.0000       0.0000 Muxn_705_4
system/tile_prci_domain/tile_reset_domain_tile/fusion/fgra/fgra/fggibs_46      68.9136     0.0       6.3504      0.0000       0.0000 GIB_95
system/tile_prci_domain/tile_reset_domain_tile/fusion/fgra/fgra/fggibs_46/cfg      42.8064     0.0      14.5824     28.2240       0.0000 ConfigMem_55_1
system/tile_prci_domain/tile_reset_domain_tile/fusion/fgra/fgra/fggibs_46/mux       2.3520     0.0       2.3520      0.0000       0.0000 Muxn_704_3
system/tile_prci_domain/tile_reset_domain_tile/fusion/fgra/fgra/fggibs_46/mux_1       7.5264     0.0       7.5264      0.0000       0.0000 Muxn_705_3
system/tile_prci_domain/tile_reset_domain_tile/fusion/fgra/fgra/fggibs_46/mux_2       2.3520     0.0       2.3520      0.0000       0.0000 Muxn_704_2
system/tile_prci_domain/tile_reset_domain_tile/fusion/fgra/fgra/fggibs_46/mux_3       7.5264     0.0       7.5264      0.0000       0.0000 Muxn_705_2
system/tile_prci_domain/tile_reset_domain_tile/fusion/fgra/fgra/fggibs_47      83.0256     0.0       6.3504     14.1120       0.0000 GIB_96
system/tile_prci_domain/tile_reset_domain_tile/fusion/fgra/fgra/fggibs_47/cfg      42.8064     0.0      14.5824     28.2240       0.0000 ConfigMem_55_0
system/tile_prci_domain/tile_reset_domain_tile/fusion/fgra/fgra/fggibs_47/mux       2.3520     0.0       2.3520      0.0000       0.0000 Muxn_704_1
system/tile_prci_domain/tile_reset_domain_tile/fusion/fgra/fgra/fggibs_47/mux_1       7.5264     0.0       7.5264      0.0000       0.0000 Muxn_705_1
system/tile_prci_domain/tile_reset_domain_tile/fusion/fgra/fgra/fggibs_47/mux_2       2.3520     0.0       2.3520      0.0000       0.0000 Muxn_704_0
system/tile_prci_domain/tile_reset_domain_tile/fusion/fgra/fgra/fggibs_47/mux_3       7.5264     0.0       7.5264      0.0000       0.0000 Muxn_705_0
system/tile_prci_domain/tile_reset_domain_tile/fusion/fgra/fgra/fggibs_48       1.8816     0.0       1.8816      0.0000       0.0000 GIB_97
system/tile_prci_domain/tile_reset_domain_tile/fusion/fgra/fgra/fggibs_5      82.7904     0.0       6.1152     14.1120       0.0000 GIB_54
system/tile_prci_domain/tile_reset_domain_tile/fusion/fgra/fgra/fggibs_5/cfg      42.8064     0.0      14.5824     28.2240       0.0000 ConfigMem_55_8
system/tile_prci_domain/tile_reset_domain_tile/fusion/fgra/fgra/fggibs_5/mux       2.3520     0.0       2.3520      0.0000       0.0000 Muxn_704_99
system/tile_prci_domain/tile_reset_domain_tile/fusion/fgra/fgra/fggibs_5/mux_1       7.5264     0.0       7.5264      0.0000       0.0000 Muxn_705_90
system/tile_prci_domain/tile_reset_domain_tile/fusion/fgra/fgra/fggibs_5/mux_2       7.5264     0.0       7.5264      0.0000       0.0000 Muxn_705_89
system/tile_prci_domain/tile_reset_domain_tile/fusion/fgra/fgra/fggibs_5/mux_3       2.3520     0.0       2.3520      0.0000       0.0000 Muxn_704_98
system/tile_prci_domain/tile_reset_domain_tile/fusion/fgra/fgra/fggibs_6       1.8816     0.0       1.8816      0.0000       0.0000 GIB_55
system/tile_prci_domain/tile_reset_domain_tile/fusion/fgra/fgra/fggibs_7      61.6224     0.0       6.1152     14.1120       0.0000 GIB_56
system/tile_prci_domain/tile_reset_domain_tile/fusion/fgra/fgra/fggibs_7/cfg      29.1648     0.0      10.3488     18.8160       0.0000 ConfigMem_102_3
system/tile_prci_domain/tile_reset_domain_tile/fusion/fgra/fgra/fggibs_7/mux       2.3520     0.0       2.3520      0.0000       0.0000 Muxn_704_97
system/tile_prci_domain/tile_reset_domain_tile/fusion/fgra/fgra/fggibs_7/mux_1       2.3520     0.0       2.3520      0.0000       0.0000 Muxn_704_96
system/tile_prci_domain/tile_reset_domain_tile/fusion/fgra/fgra/fggibs_7/mux_2       7.5264     0.0       7.5264      0.0000       0.0000 Muxn_705_88
system/tile_prci_domain/tile_reset_domain_tile/fusion/fgra/fgra/fggibs_8     129.3600     0.0       5.4096      0.0000       0.0000 GIB_57
system/tile_prci_domain/tile_reset_domain_tile/fusion/fgra/fgra/fggibs_8/cfg      83.7312     0.0      27.2832     56.4480       0.0000 ConfigMem_103_4
system/tile_prci_domain/tile_reset_domain_tile/fusion/fgra/fgra/fggibs_8/mux       2.3520     0.0       2.3520      0.0000       0.0000 Muxn_704_95
system/tile_prci_domain/tile_reset_domain_tile/fusion/fgra/fgra/fggibs_8/mux_1       7.5264     0.0       7.5264      0.0000       0.0000 Muxn_705_87
system/tile_prci_domain/tile_reset_domain_tile/fusion/fgra/fgra/fggibs_8/mux_2       5.8800     0.0       5.8800      0.0000       0.0000 Muxn_729_30
system/tile_prci_domain/tile_reset_domain_tile/fusion/fgra/fgra/fggibs_8/mux_3       7.5264     0.0       7.5264      0.0000       0.0000 Muxn_705_86
system/tile_prci_domain/tile_reset_domain_tile/fusion/fgra/fgra/fggibs_8/mux_4       5.8800     0.0       5.8800      0.0000       0.0000 Muxn_729_29
system/tile_prci_domain/tile_reset_domain_tile/fusion/fgra/fgra/fggibs_8/mux_5      11.0544     0.0      11.0544      0.0000       0.0000 Muxn_732_40
system/tile_prci_domain/tile_reset_domain_tile/fusion/fgra/fgra/fggibs_9     149.1168     0.0       5.4096     18.8160       0.0000 GIB_58
system/tile_prci_domain/tile_reset_domain_tile/fusion/fgra/fgra/fggibs_9/cfg      84.6720     0.0      28.2240     56.4480       0.0000 ConfigMem_103_3
system/tile_prci_domain/tile_reset_domain_tile/fusion/fgra/fgra/fggibs_9/mux       2.3520     0.0       2.3520      0.0000       0.0000 Muxn_704_94
system/tile_prci_domain/tile_reset_domain_tile/fusion/fgra/fgra/fggibs_9/mux_1       7.5264     0.0       7.5264      0.0000       0.0000 Muxn_705_85
system/tile_prci_domain/tile_reset_domain_tile/fusion/fgra/fgra/fggibs_9/mux_2       5.8800     0.0       5.8800      0.0000       0.0000 Muxn_729_28
system/tile_prci_domain/tile_reset_domain_tile/fusion/fgra/fgra/fggibs_9/mux_3       7.5264     0.0       7.5264      0.0000       0.0000 Muxn_705_84
system/tile_prci_domain/tile_reset_domain_tile/fusion/fgra/fgra/fggibs_9/mux_4       5.8800     0.0       5.8800      0.0000       0.0000 Muxn_729_27
system/tile_prci_domain/tile_reset_domain_tile/fusion/fgra/fgra/fggibs_9/mux_5      11.0544     0.0      11.0544      0.0000       0.0000 Muxn_732_39
system/tile_prci_domain/tile_reset_domain_tile/fusion/fgra/fgra/iobs_0    4443.1632     0.1       7.2912      0.0000       0.0000 IOB
system/tile_prci_domain/tile_reset_domain_tile/fusion/fgra/fgra/iobs_0/Muxn      78.0864     0.0      78.0864      0.0000       0.0000 Muxn_191
system/tile_prci_domain/tile_reset_domain_tile/fusion/fgra/fgra/iobs_0/Muxn_1      78.0864     0.0      78.0864      0.0000       0.0000 Muxn_190
system/tile_prci_domain/tile_reset_domain_tile/fusion/fgra/fgra/iobs_0/cfg     786.7440     0.0     269.3040    517.4400       0.0000 ConfigMem_11
system/tile_prci_domain/tile_reset_domain_tile/fusion/fgra/fgra/iobs_0/delayPipeCG    1393.5600     0.0     772.6320    620.9280       0.0000 SharedDelayPipe_11
system/tile_prci_domain/tile_reset_domain_tile/fusion/fgra/fgra/iobs_0/ioCtrl    2099.3952     0.1    1431.4272    667.9680       0.0000 IOController_11
system/tile_prci_domain/tile_reset_domain_tile/fusion/fgra/fgra/iobs_1    4437.9888     0.1       7.2912      0.0000       0.0000 IOB_1
system/tile_prci_domain/tile_reset_domain_tile/fusion/fgra/fgra/iobs_1/Muxn      78.0864     0.0      78.0864      0.0000       0.0000 Muxn_189
system/tile_prci_domain/tile_reset_domain_tile/fusion/fgra/fgra/iobs_1/Muxn_1      78.0864     0.0      78.0864      0.0000       0.0000 Muxn_188
system/tile_prci_domain/tile_reset_domain_tile/fusion/fgra/fgra/iobs_1/cfg     787.2144     0.0     269.7744    517.4400       0.0000 ConfigMem_10
system/tile_prci_domain/tile_reset_domain_tile/fusion/fgra/fgra/iobs_1/delayPipeCG    1393.5600     0.0     772.6320    620.9280       0.0000 SharedDelayPipe_10
system/tile_prci_domain/tile_reset_domain_tile/fusion/fgra/fgra/iobs_1/ioCtrl    2093.7504     0.1    1425.7824    667.9680       0.0000 IOController_10
system/tile_prci_domain/tile_reset_domain_tile/fusion/fgra/fgra/iobs_10    4440.5760     0.1       7.2912      0.0000       0.0000 IOB_10
system/tile_prci_domain/tile_reset_domain_tile/fusion/fgra/fgra/iobs_10/Muxn      78.0864     0.0      78.0864      0.0000       0.0000 Muxn_171
system/tile_prci_domain/tile_reset_domain_tile/fusion/fgra/fgra/iobs_10/Muxn_1      78.0864     0.0      78.0864      0.0000       0.0000 Muxn_170
system/tile_prci_domain/tile_reset_domain_tile/fusion/fgra/fgra/iobs_10/cfg     786.2736     0.0     268.8336    517.4400       0.0000 ConfigMem_1
system/tile_prci_domain/tile_reset_domain_tile/fusion/fgra/fgra/iobs_10/delayPipeCG    1393.5600     0.0     772.6320    620.9280       0.0000 SharedDelayPipe_1
system/tile_prci_domain/tile_reset_domain_tile/fusion/fgra/fgra/iobs_10/ioCtrl    2097.2784     0.1    1429.3104    667.9680       0.0000 IOController_1
system/tile_prci_domain/tile_reset_domain_tile/fusion/fgra/fgra/iobs_11    4436.1072     0.1       7.0560      0.0000       0.0000 IOB_11
system/tile_prci_domain/tile_reset_domain_tile/fusion/fgra/fgra/iobs_11/Muxn      78.0864     0.0      78.0864      0.0000       0.0000 Muxn_169
system/tile_prci_domain/tile_reset_domain_tile/fusion/fgra/fgra/iobs_11/Muxn_1      78.0864     0.0      78.0864      0.0000       0.0000 Muxn_168
system/tile_prci_domain/tile_reset_domain_tile/fusion/fgra/fgra/iobs_11/cfg     785.0976     0.0     267.6576    517.4400       0.0000 ConfigMem_0
system/tile_prci_domain/tile_reset_domain_tile/fusion/fgra/fgra/iobs_11/delayPipeCG    1393.5600     0.0     772.6320    620.9280       0.0000 SharedDelayPipe_0
system/tile_prci_domain/tile_reset_domain_tile/fusion/fgra/fgra/iobs_11/ioCtrl    2094.2208     0.1    1426.2528    667.9680       0.0000 IOController_0
system/tile_prci_domain/tile_reset_domain_tile/fusion/fgra/fgra/iobs_2    4449.9840     0.1       7.0560      0.0000       0.0000 IOB_2
system/tile_prci_domain/tile_reset_domain_tile/fusion/fgra/fgra/iobs_2/Muxn      78.0864     0.0      78.0864      0.0000       0.0000 Muxn_187
system/tile_prci_domain/tile_reset_domain_tile/fusion/fgra/fgra/iobs_2/Muxn_1      78.0864     0.0      78.0864      0.0000       0.0000 Muxn_186
system/tile_prci_domain/tile_reset_domain_tile/fusion/fgra/fgra/iobs_2/cfg     785.8032     0.0     268.3632    517.4400       0.0000 ConfigMem_9
system/tile_prci_domain/tile_reset_domain_tile/fusion/fgra/fgra/iobs_2/delayPipeCG    1395.2064     0.0     774.2784    620.9280       0.0000 SharedDelayPipe_9
system/tile_prci_domain/tile_reset_domain_tile/fusion/fgra/fgra/iobs_2/ioCtrl    2105.7456     0.1    1437.7776    667.9680       0.0000 IOController_9
system/tile_prci_domain/tile_reset_domain_tile/fusion/fgra/fgra/iobs_3    4441.7520     0.1       7.2912      0.0000       0.0000 IOB_3
system/tile_prci_domain/tile_reset_domain_tile/fusion/fgra/fgra/iobs_3/Muxn      78.0864     0.0      78.0864      0.0000       0.0000 Muxn_185
system/tile_prci_domain/tile_reset_domain_tile/fusion/fgra/fgra/iobs_3/Muxn_1      78.0864     0.0      78.0864      0.0000       0.0000 Muxn_184
system/tile_prci_domain/tile_reset_domain_tile/fusion/fgra/fgra/iobs_3/cfg     785.8032     0.0     268.3632    517.4400       0.0000 ConfigMem_8
system/tile_prci_domain/tile_reset_domain_tile/fusion/fgra/fgra/iobs_3/delayPipeCG    1392.6192     0.0     771.6912    620.9280       0.0000 SharedDelayPipe_8
system/tile_prci_domain/tile_reset_domain_tile/fusion/fgra/fgra/iobs_3/ioCtrl    2099.8656     0.1    1431.8976    667.9680       0.0000 IOController_8
system/tile_prci_domain/tile_reset_domain_tile/fusion/fgra/fgra/iobs_4    4438.9296     0.1       7.0560      0.0000       0.0000 IOB_4
system/tile_prci_domain/tile_reset_domain_tile/fusion/fgra/fgra/iobs_4/Muxn      78.0864     0.0      78.0864      0.0000       0.0000 Muxn_183
system/tile_prci_domain/tile_reset_domain_tile/fusion/fgra/fgra/iobs_4/Muxn_1      78.0864     0.0      78.0864      0.0000       0.0000 Muxn_182
system/tile_prci_domain/tile_reset_domain_tile/fusion/fgra/fgra/iobs_4/cfg     787.2144     0.0     269.7744    517.4400       0.0000 ConfigMem_7
system/tile_prci_domain/tile_reset_domain_tile/fusion/fgra/fgra/iobs_4/delayPipeCG    1394.0304     0.0     773.1024    620.9280       0.0000 SharedDelayPipe_7
system/tile_prci_domain/tile_reset_domain_tile/fusion/fgra/fgra/iobs_4/ioCtrl    2094.4560     0.1    1426.4880    667.9680       0.0000 IOController_7
system/tile_prci_domain/tile_reset_domain_tile/fusion/fgra/fgra/iobs_5    4431.6384     0.1       7.0560      0.0000       0.0000 IOB_5
system/tile_prci_domain/tile_reset_domain_tile/fusion/fgra/fgra/iobs_5/Muxn      78.5568     0.0      78.5568      0.0000       0.0000 Muxn_181
system/tile_prci_domain/tile_reset_domain_tile/fusion/fgra/fgra/iobs_5/Muxn_1      78.0864     0.0      78.0864      0.0000       0.0000 Muxn_180
system/tile_prci_domain/tile_reset_domain_tile/fusion/fgra/fgra/iobs_5/cfg     787.2144     0.0     269.7744    517.4400       0.0000 ConfigMem_6
system/tile_prci_domain/tile_reset_domain_tile/fusion/fgra/fgra/iobs_5/delayPipeCG    1383.6816     0.0     762.7536    620.9280       0.0000 SharedDelayPipe_6
system/tile_prci_domain/tile_reset_domain_tile/fusion/fgra/fgra/iobs_5/ioCtrl    2097.0432     0.1    1429.0752    667.9680       0.0000 IOController_6
system/tile_prci_domain/tile_reset_domain_tile/fusion/fgra/fgra/iobs_6    4440.1056     0.1       7.2912      0.0000       0.0000 IOB_6
system/tile_prci_domain/tile_reset_domain_tile/fusion/fgra/fgra/iobs_6/Muxn      78.0864     0.0      78.0864      0.0000       0.0000 Muxn_179
system/tile_prci_domain/tile_reset_domain_tile/fusion/fgra/fgra/iobs_6/Muxn_1      78.0864     0.0      78.0864      0.0000       0.0000 Muxn_178
system/tile_prci_domain/tile_reset_domain_tile/fusion/fgra/fgra/iobs_6/cfg     786.2736     0.0     268.8336    517.4400       0.0000 ConfigMem_5
system/tile_prci_domain/tile_reset_domain_tile/fusion/fgra/fgra/iobs_6/delayPipeCG    1394.5008     0.0     773.5728    620.9280       0.0000 SharedDelayPipe_5
system/tile_prci_domain/tile_reset_domain_tile/fusion/fgra/fgra/iobs_6/ioCtrl    2095.8672     0.1    1427.8992    667.9680       0.0000 IOController_5
system/tile_prci_domain/tile_reset_domain_tile/fusion/fgra/fgra/iobs_7    4434.2256     0.1       7.0560      0.0000       0.0000 IOB_7
system/tile_prci_domain/tile_reset_domain_tile/fusion/fgra/fgra/iobs_7/Muxn      78.0864     0.0      78.0864      0.0000       0.0000 Muxn_177
system/tile_prci_domain/tile_reset_domain_tile/fusion/fgra/fgra/iobs_7/Muxn_1      78.0864     0.0      78.0864      0.0000       0.0000 Muxn_176
system/tile_prci_domain/tile_reset_domain_tile/fusion/fgra/fgra/iobs_7/cfg     785.8032     0.0     268.3632    517.4400       0.0000 ConfigMem_4
system/tile_prci_domain/tile_reset_domain_tile/fusion/fgra/fgra/iobs_7/delayPipeCG    1394.5008     0.0     773.5728    620.9280       0.0000 SharedDelayPipe_4
system/tile_prci_domain/tile_reset_domain_tile/fusion/fgra/fgra/iobs_7/ioCtrl    2090.6928     0.1    1422.4896    668.2032       0.0000 IOController_4
system/tile_prci_domain/tile_reset_domain_tile/fusion/fgra/fgra/iobs_8    4434.2256     0.1       7.0560      0.0000       0.0000 IOB_8
system/tile_prci_domain/tile_reset_domain_tile/fusion/fgra/fgra/iobs_8/Muxn      78.0864     0.0      78.0864      0.0000       0.0000 Muxn_175
system/tile_prci_domain/tile_reset_domain_tile/fusion/fgra/fgra/iobs_8/Muxn_1      78.0864     0.0      78.0864      0.0000       0.0000 Muxn_174
system/tile_prci_domain/tile_reset_domain_tile/fusion/fgra/fgra/iobs_8/cfg     786.2736     0.0     268.8336    517.4400       0.0000 ConfigMem_3
system/tile_prci_domain/tile_reset_domain_tile/fusion/fgra/fgra/iobs_8/delayPipeCG    1393.7952     0.0     772.8672    620.9280       0.0000 SharedDelayPipe_3
system/tile_prci_domain/tile_reset_domain_tile/fusion/fgra/fgra/iobs_8/ioCtrl    2090.9280     0.1    1422.9600    667.9680       0.0000 IOController_3
system/tile_prci_domain/tile_reset_domain_tile/fusion/fgra/fgra/iobs_9    4437.7536     0.1       7.2912      0.0000       0.0000 IOB_9
system/tile_prci_domain/tile_reset_domain_tile/fusion/fgra/fgra/iobs_9/Muxn      78.0864     0.0      78.0864      0.0000       0.0000 Muxn_173
system/tile_prci_domain/tile_reset_domain_tile/fusion/fgra/fgra/iobs_9/Muxn_1      78.0864     0.0      78.0864      0.0000       0.0000 Muxn_172
system/tile_prci_domain/tile_reset_domain_tile/fusion/fgra/fgra/iobs_9/cfg     785.8032     0.0     268.3632    517.4400       0.0000 ConfigMem_2
system/tile_prci_domain/tile_reset_domain_tile/fusion/fgra/fgra/iobs_9/delayPipeCG    1393.5600     0.0     772.6320    620.9280       0.0000 SharedDelayPipe_2
system/tile_prci_domain/tile_reset_domain_tile/fusion/fgra/fgra/iobs_9/ioCtrl    2094.9264     0.1    1426.9584    667.9680       0.0000 IOController_2
system/tile_prci_domain/tile_reset_domain_tile/fusion/fgra/fgra/pes_0   26344.0467     0.8       6.8208      0.0000       0.0000 GPE
system/tile_prci_domain/tile_reset_domain_tile/fusion/fgra/fgra/pes_0/Muxn     169.3440     0.0     169.3440      0.0000       0.0000 Muxn_24_155
system/tile_prci_domain/tile_reset_domain_tile/fusion/fgra/fgra/pes_0/Muxn_1     233.7888     0.0     233.7888      0.0000       0.0000 Muxn_24_154
system/tile_prci_domain/tile_reset_domain_tile/fusion/fgra/fgra/pes_0/Muxn_2       6.3504     0.0       6.3504      0.0000       0.0000 Muxn_26_34
system/tile_prci_domain/tile_reset_domain_tile/fusion/fgra/fgra/pes_0/alu   17834.2754     0.5     754.7568      0.0000       0.0000 ALU_16
system/tile_prci_domain/tile_reset_domain_tile/fusion/fgra/fgra/pes_0/alu/arith     424.5360     0.0     424.5360      0.0000       0.0000 ARITH_33
system/tile_prci_domain/tile_reset_domain_tile/fusion/fgra/fgra/pes_0/alu/fadd    5274.8305     0.2       0.0000      0.0000       0.0000 FADD_41
system/tile_prci_domain/tile_reset_domain_tile/fusion/fgra/fgra/pes_0/alu/fadd/fcmaadd    5274.8305     0.2       2.3520      0.0000       0.0000 FCMA_ADD_41
system/tile_prci_domain/tile_reset_domain_tile/fusion/fgra/fgra/pes_0/alu/fadd/fcmaadd/fadd_s1    3607.7329     0.1     678.7872      0.0000       0.0000 FCMA_ADD_s1_41
system/tile_prci_domain/tile_reset_domain_tile/fusion/fgra/fgra/pes_0/alu/fadd/fcmaadd/fadd_s1/far_path_mods_0     902.2272     0.0     370.6752      0.0000       0.0000 FarPath_41
system/tile_prci_domain/tile_reset_domain_tile/fusion/fgra/fgra/pes_0/alu/fadd/fcmaadd/fadd_s1/far_path_mods_0/shiftRightJam     531.5520     0.0     531.5520      0.0000       0.0000 ShiftRightJam_42
system/tile_prci_domain/tile_reset_domain_tile/fusion/fgra/fgra/pes_0/alu/fadd/fcmaadd/fadd_s1/near_path_mods_0    1010.1840     0.0     750.5232      0.0000       0.0000 NearPath_83
system/tile_prci_domain/tile_reset_domain_tile/fusion/fgra/fgra/pes_0/alu/fadd/fcmaadd/fadd_s1/near_path_mods_0/lza_ab     165.1104     0.0     165.1104      0.0000       0.0000 LZA_84
system/tile_prci_domain/tile_reset_domain_tile/fusion/fgra/fgra/pes_0/alu/fadd/fcmaadd/fadd_s1/near_path_mods_0/lzc_clz      94.5504     0.0      94.5504      0.0000       0.0000 CLZ_85
system/tile_prci_domain/tile_reset_domain_tile/fusion/fgra/fgra/pes_0/alu/fadd/fcmaadd/fadd_s1/near_path_mods_1    1016.5344     0.0     750.9936      0.0000       0.0000 NearPath_82
system/tile_prci_domain/tile_reset_domain_tile/fusion/fgra/fgra/pes_0/alu/fadd/fcmaadd/fadd_s1/near_path_mods_1/lza_ab     163.9344     0.0     163.9344      0.0000       0.0000 LZA_83
system/tile_prci_domain/tile_reset_domain_tile/fusion/fgra/fgra/pes_0/alu/fadd/fcmaadd/fadd_s1/near_path_mods_1/lzc_clz     101.6064     0.0     101.6064      0.0000       0.0000 CLZ_84
system/tile_prci_domain/tile_reset_domain_tile/fusion/fgra/fgra/pes_0/alu/fadd/fcmaadd/fadd_s2    1664.7456     0.0    1232.2128      0.0000       0.0000 FCMA_ADD_s2_41
system/tile_prci_domain/tile_reset_domain_tile/fusion/fgra/fgra/pes_0/alu/fadd/fcmaadd/fadd_s2/far_path_rounder     219.9120     0.0     219.9120      0.0000       0.0000 RoundingUnit_218
system/tile_prci_domain/tile_reset_domain_tile/fusion/fgra/fgra/pes_0/alu/fadd/fcmaadd/fadd_s2/near_path_rounder     212.6208     0.0     212.6208      0.0000       0.0000 RoundingUnit_217
system/tile_prci_domain/tile_reset_domain_tile/fusion/fgra/fgra/pes_0/alu/fcmp     291.1776     0.0     291.1776      0.0000       0.0000 FCMP_101
system/tile_prci_domain/tile_reset_domain_tile/fusion/fgra/fgra/pes_0/alu/fmax     273.5376     0.0     273.5376      0.0000       0.0000 FCMP_99
system/tile_prci_domain/tile_reset_domain_tile/fusion/fgra/fgra/pes_0/alu/fmin     270.9504     0.0     270.9504      0.0000       0.0000 FCMP_100
system/tile_prci_domain/tile_reset_domain_tile/fusion/fgra/fgra/pes_0/alu/fmul    2352.9408     0.1      15.2880    555.3072       0.0000 FMUL_share_33
system/tile_prci_domain/tile_reset_domain_tile/fusion/fgra/fgra/pes_0/alu/fmul/fmul_s1     481.6896     0.0     405.7200      0.0000       0.0000 FMUL_s1_33
system/tile_prci_domain/tile_reset_domain_tile/fusion/fgra/fgra/pes_0/alu/fmul/fmul_s1/lzc_clz      75.9696     0.0      75.9696      0.0000       0.0000 CLZ_2_33
system/tile_prci_domain/tile_reset_domain_tile/fusion/fgra/fgra/pes_0/alu/fmul/fmul_s2    1095.7968     0.0    1095.7968      0.0000       0.0000 FMUL_s2_33
system/tile_prci_domain/tile_reset_domain_tile/fusion/fgra/fgra/pes_0/alu/fmul/fmul_s3     204.8592     0.0     104.1936      0.0000       0.0000 FMUL_s3_33
system/tile_prci_domain/tile_reset_domain_tile/fusion/fgra/fgra/pes_0/alu/fmul/fmul_s3/rounder     100.6656     0.0     100.6656      0.0000       0.0000 RoundingUnit_270
system/tile_prci_domain/tile_reset_domain_tile/fusion/fgra/fgra/pes_0/alu/fp2si     949.7376     0.0       0.0000      0.0000       0.0000 FPToInt_33
system/tile_prci_domain/tile_reset_domain_tile/fusion/fgra/fgra/pes_0/alu/fp2si/s1     103.9584     0.0     103.9584      0.0000       0.0000 FPToInt_s1_33
system/tile_prci_domain/tile_reset_domain_tile/fusion/fgra/fgra/pes_0/alu/fp2si/s2     845.7792     0.0     580.9440      0.0000       0.0000 FPToInt_s2_33
system/tile_prci_domain/tile_reset_domain_tile/fusion/fgra/fgra/pes_0/alu/fp2si/s2/rpath_rounder      22.5792     0.0      22.5792      0.0000       0.0000 RoundingUnit_6_33
system/tile_prci_domain/tile_reset_domain_tile/fusion/fgra/fgra/pes_0/alu/fp2si/s2/shiftRightJam     242.2560     0.0     242.2560      0.0000       0.0000 ShiftRightJam_1_33
system/tile_prci_domain/tile_reset_domain_tile/fusion/fgra/fgra/pes_0/alu/logic_0     229.5552     0.0      10.3488      0.0000       0.0000 LOGIC_33
system/tile_prci_domain/tile_reset_domain_tile/fusion/fgra/fgra/pes_0/alu/logic_0/logicUnit       6.3504     0.0       6.3504      0.0000       0.0000 UnifiedCom_1087
system/tile_prci_domain/tile_reset_domain_tile/fusion/fgra/fgra/pes_0/alu/logic_0/logicUnit_1       7.5264     0.0       7.5264      0.0000       0.0000 UnifiedCom_1086
system/tile_prci_domain/tile_reset_domain_tile/fusion/fgra/fgra/pes_0/alu/logic_0/logicUnit_10       7.0560     0.0       7.0560      0.0000       0.0000 UnifiedCom_1077
system/tile_prci_domain/tile_reset_domain_tile/fusion/fgra/fgra/pes_0/alu/logic_0/logicUnit_11       7.0560     0.0       7.0560      0.0000       0.0000 UnifiedCom_1076
system/tile_prci_domain/tile_reset_domain_tile/fusion/fgra/fgra/pes_0/alu/logic_0/logicUnit_12       6.3504     0.0       6.3504      0.0000       0.0000 UnifiedCom_1075
system/tile_prci_domain/tile_reset_domain_tile/fusion/fgra/fgra/pes_0/alu/logic_0/logicUnit_13       6.3504     0.0       6.3504      0.0000       0.0000 UnifiedCom_1074
system/tile_prci_domain/tile_reset_domain_tile/fusion/fgra/fgra/pes_0/alu/logic_0/logicUnit_14       7.0560     0.0       7.0560      0.0000       0.0000 UnifiedCom_1073
system/tile_prci_domain/tile_reset_domain_tile/fusion/fgra/fgra/pes_0/alu/logic_0/logicUnit_15       7.0560     0.0       7.0560      0.0000       0.0000 UnifiedCom_1072
system/tile_prci_domain/tile_reset_domain_tile/fusion/fgra/fgra/pes_0/alu/logic_0/logicUnit_16       7.0560     0.0       7.0560      0.0000       0.0000 UnifiedCom_1071
system/tile_prci_domain/tile_reset_domain_tile/fusion/fgra/fgra/pes_0/alu/logic_0/logicUnit_17       7.0560     0.0       7.0560      0.0000       0.0000 UnifiedCom_1070
system/tile_prci_domain/tile_reset_domain_tile/fusion/fgra/fgra/pes_0/alu/logic_0/logicUnit_18       7.0560     0.0       7.0560      0.0000       0.0000 UnifiedCom_1069
system/tile_prci_domain/tile_reset_domain_tile/fusion/fgra/fgra/pes_0/alu/logic_0/logicUnit_19       7.0560     0.0       7.0560      0.0000       0.0000 UnifiedCom_1068
system/tile_prci_domain/tile_reset_domain_tile/fusion/fgra/fgra/pes_0/alu/logic_0/logicUnit_2       6.3504     0.0       6.3504      0.0000       0.0000 UnifiedCom_1085
system/tile_prci_domain/tile_reset_domain_tile/fusion/fgra/fgra/pes_0/alu/logic_0/logicUnit_20       7.0560     0.0       7.0560      0.0000       0.0000 UnifiedCom_1067
system/tile_prci_domain/tile_reset_domain_tile/fusion/fgra/fgra/pes_0/alu/logic_0/logicUnit_21       7.0560     0.0       7.0560      0.0000       0.0000 UnifiedCom_1066
system/tile_prci_domain/tile_reset_domain_tile/fusion/fgra/fgra/pes_0/alu/logic_0/logicUnit_22       7.0560     0.0       7.0560      0.0000       0.0000 UnifiedCom_1065
system/tile_prci_domain/tile_reset_domain_tile/fusion/fgra/fgra/pes_0/alu/logic_0/logicUnit_23       7.0560     0.0       7.0560      0.0000       0.0000 UnifiedCom_1064
system/tile_prci_domain/tile_reset_domain_tile/fusion/fgra/fgra/pes_0/alu/logic_0/logicUnit_24       7.0560     0.0       7.0560      0.0000       0.0000 UnifiedCom_1063
system/tile_prci_domain/tile_reset_domain_tile/fusion/fgra/fgra/pes_0/alu/logic_0/logicUnit_25       7.0560     0.0       7.0560      0.0000       0.0000 UnifiedCom_1062
system/tile_prci_domain/tile_reset_domain_tile/fusion/fgra/fgra/pes_0/alu/logic_0/logicUnit_26       6.3504     0.0       6.3504      0.0000       0.0000 UnifiedCom_1061
system/tile_prci_domain/tile_reset_domain_tile/fusion/fgra/fgra/pes_0/alu/logic_0/logicUnit_27       7.0560     0.0       7.0560      0.0000       0.0000 UnifiedCom_1060
system/tile_prci_domain/tile_reset_domain_tile/fusion/fgra/fgra/pes_0/alu/logic_0/logicUnit_28       7.0560     0.0       7.0560      0.0000       0.0000 UnifiedCom_1059
system/tile_prci_domain/tile_reset_domain_tile/fusion/fgra/fgra/pes_0/alu/logic_0/logicUnit_29       7.0560     0.0       7.0560      0.0000       0.0000 UnifiedCom_1058
system/tile_prci_domain/tile_reset_domain_tile/fusion/fgra/fgra/pes_0/alu/logic_0/logicUnit_3       6.3504     0.0       6.3504      0.0000       0.0000 UnifiedCom_1084
system/tile_prci_domain/tile_reset_domain_tile/fusion/fgra/fgra/pes_0/alu/logic_0/logicUnit_30       6.3504     0.0       6.3504      0.0000       0.0000 UnifiedCom_1057
system/tile_prci_domain/tile_reset_domain_tile/fusion/fgra/fgra/pes_0/alu/logic_0/logicUnit_31       7.0560     0.0       7.0560      0.0000       0.0000 UnifiedCom_1056
system/tile_prci_domain/tile_reset_domain_tile/fusion/fgra/fgra/pes_0/alu/logic_0/logicUnit_4       7.0560     0.0       7.0560      0.0000       0.0000 UnifiedCom_1083
system/tile_prci_domain/tile_reset_domain_tile/fusion/fgra/fgra/pes_0/alu/logic_0/logicUnit_5       6.3504     0.0       6.3504      0.0000       0.0000 UnifiedCom_1082
system/tile_prci_domain/tile_reset_domain_tile/fusion/fgra/fgra/pes_0/alu/logic_0/logicUnit_6       7.0560     0.0       7.0560      0.0000       0.0000 UnifiedCom_1081
system/tile_prci_domain/tile_reset_domain_tile/fusion/fgra/fgra/pes_0/alu/logic_0/logicUnit_7       7.0560     0.0       7.0560      0.0000       0.0000 UnifiedCom_1080
system/tile_prci_domain/tile_reset_domain_tile/fusion/fgra/fgra/pes_0/alu/logic_0/logicUnit_8       6.3504     0.0       6.3504      0.0000       0.0000 UnifiedCom_1079
system/tile_prci_domain/tile_reset_domain_tile/fusion/fgra/fgra/pes_0/alu/logic_0/logicUnit_9       6.3504     0.0       6.3504      0.0000       0.0000 UnifiedCom_1078
system/tile_prci_domain/tile_reset_domain_tile/fusion/fgra/fgra/pes_0/alu/multipler    5844.9553     0.2    5844.9553      0.0000       0.0000 Mul_33
system/tile_prci_domain/tile_reset_domain_tile/fusion/fgra/fgra/pes_0/alu/shift     689.8416     0.0     689.8416      0.0000       0.0000 SHIFT_33
system/tile_prci_domain/tile_reset_domain_tile/fusion/fgra/fgra/pes_0/alu/si2fp     477.4560     0.0       0.0000      0.0000       0.0000 IntToFP_33
system/tile_prci_domain/tile_reset_domain_tile/fusion/fgra/fgra/pes_0/alu/si2fp/post_norm      41.8656     0.0      20.2272      0.0000       0.0000 IntToFP_postnorm_33
system/tile_prci_domain/tile_reset_domain_tile/fusion/fgra/fgra/pes_0/alu/si2fp/post_norm/rounder      21.6384     0.0      21.6384      0.0000       0.0000 RoundingUnit_269
system/tile_prci_domain/tile_reset_domain_tile/fusion/fgra/fgra/pes_0/alu/si2fp/pre_norm     435.5904     0.0     343.1568      0.0000       0.0000 IntToFP_prenorm_33
system/tile_prci_domain/tile_reset_domain_tile/fusion/fgra/fgra/pes_0/alu/si2fp/pre_norm/pos_lzc_clz      92.4336     0.0      92.4336      0.0000       0.0000 CLZ_3_67
system/tile_prci_domain/tile_reset_domain_tile/fusion/fgra/fgra/pes_0/cfg     547.7808     0.0     153.8208    393.9600       0.0000 ConfigMem_12_13
system/tile_prci_domain/tile_reset_domain_tile/fusion/fgra/fgra/pes_0/delayPipeCG    7213.3489     0.2    4349.5537   2863.7952       0.0000 SharedDelayPipe_12_27
system/tile_prci_domain/tile_reset_domain_tile/fusion/fgra/fgra/pes_0/delayPipeFG     173.5776     0.0     112.4256     61.1520       0.0000 SharedDelayPipe_13_13
system/tile_prci_domain/tile_reset_domain_tile/fusion/fgra/fgra/pes_0/dmr     150.7632     0.0       0.0000    150.7632       0.0000 DualModeReg_20
system/tile_prci_domain/tile_reset_domain_tile/fusion/fgra/fgra/pes_0/rf4alu       7.9968     0.0       3.2928      4.7040       0.0000 RF_37
system/tile_prci_domain/tile_reset_domain_tile/fusion/fgra/fgra/pes_1   26675.6787     0.8       6.5856      0.0000       0.0000 GPE_1
system/tile_prci_domain/tile_reset_domain_tile/fusion/fgra/fgra/pes_1/Muxn     254.9568     0.0     254.9568      0.0000       0.0000 Muxn_24_153
system/tile_prci_domain/tile_reset_domain_tile/fusion/fgra/fgra/pes_1/Muxn_1     233.5536     0.0     233.5536      0.0000       0.0000 Muxn_24_152
system/tile_prci_domain/tile_reset_domain_tile/fusion/fgra/fgra/pes_1/Muxn_2       7.5264     0.0       7.5264      0.0000       0.0000 Muxn_26_33
system/tile_prci_domain/tile_reset_domain_tile/fusion/fgra/fgra/pes_1/alu   18157.9106     0.5     773.3376      0.0000       0.0000 ALU_13
system/tile_prci_domain/tile_reset_domain_tile/fusion/fgra/fgra/pes_1/alu/arith     425.0064     0.0     425.0064      0.0000       0.0000 ARITH_32
system/tile_prci_domain/tile_reset_domain_tile/fusion/fgra/fgra/pes_1/alu/fadd    5421.1249     0.2       0.0000      0.0000       0.0000 FADD_40
system/tile_prci_domain/tile_reset_domain_tile/fusion/fgra/fgra/pes_1/alu/fadd/fcmaadd    5421.1249     0.2       2.3520      0.0000       0.0000 FCMA_ADD_40
system/tile_prci_domain/tile_reset_domain_tile/fusion/fgra/fgra/pes_1/alu/fadd/fcmaadd/fadd_s1    3674.5297     0.1     680.1984      0.0000       0.0000 FCMA_ADD_s1_40
system/tile_prci_domain/tile_reset_domain_tile/fusion/fgra/fgra/pes_1/alu/fadd/fcmaadd/fadd_s1/far_path_mods_0     932.0976     0.0     390.4320      0.0000       0.0000 FarPath_40
system/tile_prci_domain/tile_reset_domain_tile/fusion/fgra/fgra/pes_1/alu/fadd/fcmaadd/fadd_s1/far_path_mods_0/shiftRightJam     541.6656     0.0     541.6656      0.0000       0.0000 ShiftRightJam_41
system/tile_prci_domain/tile_reset_domain_tile/fusion/fgra/fgra/pes_1/alu/fadd/fcmaadd/fadd_s1/near_path_mods_0    1033.2336     0.0     771.2208      0.0000       0.0000 NearPath_81
system/tile_prci_domain/tile_reset_domain_tile/fusion/fgra/fgra/pes_1/alu/fadd/fcmaadd/fadd_s1/near_path_mods_0/lza_ab     154.2912     0.0     154.2912      0.0000       0.0000 LZA_82
system/tile_prci_domain/tile_reset_domain_tile/fusion/fgra/fgra/pes_1/alu/fadd/fcmaadd/fadd_s1/near_path_mods_0/lzc_clz     107.7216     0.0     107.7216      0.0000       0.0000 CLZ_83
system/tile_prci_domain/tile_reset_domain_tile/fusion/fgra/fgra/pes_1/alu/fadd/fcmaadd/fadd_s1/near_path_mods_1    1029.0000     0.0     771.9264      0.0000       0.0000 NearPath_80
system/tile_prci_domain/tile_reset_domain_tile/fusion/fgra/fgra/pes_1/alu/fadd/fcmaadd/fadd_s1/near_path_mods_1/lza_ab     157.3488     0.0     157.3488      0.0000       0.0000 LZA_81
system/tile_prci_domain/tile_reset_domain_tile/fusion/fgra/fgra/pes_1/alu/fadd/fcmaadd/fadd_s1/near_path_mods_1/lzc_clz      99.7248     0.0      99.7248      0.0000       0.0000 CLZ_82
system/tile_prci_domain/tile_reset_domain_tile/fusion/fgra/fgra/pes_1/alu/fadd/fcmaadd/fadd_s2    1744.2432     0.0    1298.3040      0.0000       0.0000 FCMA_ADD_s2_40
system/tile_prci_domain/tile_reset_domain_tile/fusion/fgra/fgra/pes_1/alu/fadd/fcmaadd/fadd_s2/far_path_rounder     237.5520     0.0     237.5520      0.0000       0.0000 RoundingUnit_215
system/tile_prci_domain/tile_reset_domain_tile/fusion/fgra/fgra/pes_1/alu/fadd/fcmaadd/fadd_s2/near_path_rounder     208.3872     0.0     208.3872      0.0000       0.0000 RoundingUnit_214
system/tile_prci_domain/tile_reset_domain_tile/fusion/fgra/fgra/pes_1/alu/fcmp     291.1776     0.0     291.1776      0.0000       0.0000 FCMP_98
system/tile_prci_domain/tile_reset_domain_tile/fusion/fgra/fgra/pes_1/alu/fmax     272.8320     0.0     272.8320      0.0000       0.0000 FCMP_96
system/tile_prci_domain/tile_reset_domain_tile/fusion/fgra/fgra/pes_1/alu/fmin     270.7152     0.0     270.7152      0.0000       0.0000 FCMP_97
system/tile_prci_domain/tile_reset_domain_tile/fusion/fgra/fgra/pes_1/alu/fmul    2376.4608     0.1      14.5824    555.3072       0.0000 FMUL_share_32
system/tile_prci_domain/tile_reset_domain_tile/fusion/fgra/fgra/pes_1/alu/fmul/fmul_s1     495.3312     0.0     413.0112      0.0000       0.0000 FMUL_s1_32
system/tile_prci_domain/tile_reset_domain_tile/fusion/fgra/fgra/pes_1/alu/fmul/fmul_s1/lzc_clz      82.3200     0.0      82.3200      0.0000       0.0000 CLZ_2_32
system/tile_prci_domain/tile_reset_domain_tile/fusion/fgra/fgra/pes_1/alu/fmul/fmul_s2    1106.3808     0.0    1106.3808      0.0000       0.0000 FMUL_s2_32
system/tile_prci_domain/tile_reset_domain_tile/fusion/fgra/fgra/pes_1/alu/fmul/fmul_s3     204.8592     0.0     104.1936      0.0000       0.0000 FMUL_s3_32
system/tile_prci_domain/tile_reset_domain_tile/fusion/fgra/fgra/pes_1/alu/fmul/fmul_s3/rounder     100.6656     0.0     100.6656      0.0000       0.0000 RoundingUnit_268
system/tile_prci_domain/tile_reset_domain_tile/fusion/fgra/fgra/pes_1/alu/fp2si     951.1488     0.0       0.0000      0.0000       0.0000 FPToInt_32
system/tile_prci_domain/tile_reset_domain_tile/fusion/fgra/fgra/pes_1/alu/fp2si/s1     103.2528     0.0     103.2528      0.0000       0.0000 FPToInt_s1_32
system/tile_prci_domain/tile_reset_domain_tile/fusion/fgra/fgra/pes_1/alu/fp2si/s2     847.8960     0.0     580.4736      0.0000       0.0000 FPToInt_s2_32
system/tile_prci_domain/tile_reset_domain_tile/fusion/fgra/fgra/pes_1/alu/fp2si/s2/rpath_rounder      22.5792     0.0      22.5792      0.0000       0.0000 RoundingUnit_6_32
system/tile_prci_domain/tile_reset_domain_tile/fusion/fgra/fgra/pes_1/alu/fp2si/s2/shiftRightJam     244.8432     0.0     244.8432      0.0000       0.0000 ShiftRightJam_1_32
system/tile_prci_domain/tile_reset_domain_tile/fusion/fgra/fgra/pes_1/alu/logic_0     231.6720     0.0      10.3488      0.0000       0.0000 LOGIC_32
system/tile_prci_domain/tile_reset_domain_tile/fusion/fgra/fgra/pes_1/alu/logic_0/logicUnit       6.3504     0.0       6.3504      0.0000       0.0000 UnifiedCom_1055
system/tile_prci_domain/tile_reset_domain_tile/fusion/fgra/fgra/pes_1/alu/logic_0/logicUnit_1       7.0560     0.0       7.0560      0.0000       0.0000 UnifiedCom_1054
system/tile_prci_domain/tile_reset_domain_tile/fusion/fgra/fgra/pes_1/alu/logic_0/logicUnit_10       7.0560     0.0       7.0560      0.0000       0.0000 UnifiedCom_1045
system/tile_prci_domain/tile_reset_domain_tile/fusion/fgra/fgra/pes_1/alu/logic_0/logicUnit_11       6.3504     0.0       6.3504      0.0000       0.0000 UnifiedCom_1044
system/tile_prci_domain/tile_reset_domain_tile/fusion/fgra/fgra/pes_1/alu/logic_0/logicUnit_12       7.0560     0.0       7.0560      0.0000       0.0000 UnifiedCom_1043
system/tile_prci_domain/tile_reset_domain_tile/fusion/fgra/fgra/pes_1/alu/logic_0/logicUnit_13       7.0560     0.0       7.0560      0.0000       0.0000 UnifiedCom_1042
system/tile_prci_domain/tile_reset_domain_tile/fusion/fgra/fgra/pes_1/alu/logic_0/logicUnit_14       7.0560     0.0       7.0560      0.0000       0.0000 UnifiedCom_1041
system/tile_prci_domain/tile_reset_domain_tile/fusion/fgra/fgra/pes_1/alu/logic_0/logicUnit_15       7.0560     0.0       7.0560      0.0000       0.0000 UnifiedCom_1040
system/tile_prci_domain/tile_reset_domain_tile/fusion/fgra/fgra/pes_1/alu/logic_0/logicUnit_16       7.0560     0.0       7.0560      0.0000       0.0000 UnifiedCom_1039
system/tile_prci_domain/tile_reset_domain_tile/fusion/fgra/fgra/pes_1/alu/logic_0/logicUnit_17       7.0560     0.0       7.0560      0.0000       0.0000 UnifiedCom_1038
system/tile_prci_domain/tile_reset_domain_tile/fusion/fgra/fgra/pes_1/alu/logic_0/logicUnit_18       8.2320     0.0       8.2320      0.0000       0.0000 UnifiedCom_1037
system/tile_prci_domain/tile_reset_domain_tile/fusion/fgra/fgra/pes_1/alu/logic_0/logicUnit_19       7.0560     0.0       7.0560      0.0000       0.0000 UnifiedCom_1036
system/tile_prci_domain/tile_reset_domain_tile/fusion/fgra/fgra/pes_1/alu/logic_0/logicUnit_2       6.3504     0.0       6.3504      0.0000       0.0000 UnifiedCom_1053
system/tile_prci_domain/tile_reset_domain_tile/fusion/fgra/fgra/pes_1/alu/logic_0/logicUnit_20       7.0560     0.0       7.0560      0.0000       0.0000 UnifiedCom_1035
system/tile_prci_domain/tile_reset_domain_tile/fusion/fgra/fgra/pes_1/alu/logic_0/logicUnit_21       7.0560     0.0       7.0560      0.0000       0.0000 UnifiedCom_1034
system/tile_prci_domain/tile_reset_domain_tile/fusion/fgra/fgra/pes_1/alu/logic_0/logicUnit_22       7.0560     0.0       7.0560      0.0000       0.0000 UnifiedCom_1033
system/tile_prci_domain/tile_reset_domain_tile/fusion/fgra/fgra/pes_1/alu/logic_0/logicUnit_23       6.3504     0.0       6.3504      0.0000       0.0000 UnifiedCom_1032
system/tile_prci_domain/tile_reset_domain_tile/fusion/fgra/fgra/pes_1/alu/logic_0/logicUnit_24       7.0560     0.0       7.0560      0.0000       0.0000 UnifiedCom_1031
system/tile_prci_domain/tile_reset_domain_tile/fusion/fgra/fgra/pes_1/alu/logic_0/logicUnit_25       7.0560     0.0       7.0560      0.0000       0.0000 UnifiedCom_1030
system/tile_prci_domain/tile_reset_domain_tile/fusion/fgra/fgra/pes_1/alu/logic_0/logicUnit_26       7.0560     0.0       7.0560      0.0000       0.0000 UnifiedCom_1029
system/tile_prci_domain/tile_reset_domain_tile/fusion/fgra/fgra/pes_1/alu/logic_0/logicUnit_27       7.0560     0.0       7.0560      0.0000       0.0000 UnifiedCom_1028
system/tile_prci_domain/tile_reset_domain_tile/fusion/fgra/fgra/pes_1/alu/logic_0/logicUnit_28       7.0560     0.0       7.0560      0.0000       0.0000 UnifiedCom_1027
system/tile_prci_domain/tile_reset_domain_tile/fusion/fgra/fgra/pes_1/alu/logic_0/logicUnit_29       7.0560     0.0       7.0560      0.0000       0.0000 UnifiedCom_1026
system/tile_prci_domain/tile_reset_domain_tile/fusion/fgra/fgra/pes_1/alu/logic_0/logicUnit_3       7.0560     0.0       7.0560      0.0000       0.0000 UnifiedCom_1052
system/tile_prci_domain/tile_reset_domain_tile/fusion/fgra/fgra/pes_1/alu/logic_0/logicUnit_30       6.3504     0.0       6.3504      0.0000       0.0000 UnifiedCom_1025
system/tile_prci_domain/tile_reset_domain_tile/fusion/fgra/fgra/pes_1/alu/logic_0/logicUnit_31       7.0560     0.0       7.0560      0.0000       0.0000 UnifiedCom_1024
system/tile_prci_domain/tile_reset_domain_tile/fusion/fgra/fgra/pes_1/alu/logic_0/logicUnit_4       6.3504     0.0       6.3504      0.0000       0.0000 UnifiedCom_1051
system/tile_prci_domain/tile_reset_domain_tile/fusion/fgra/fgra/pes_1/alu/logic_0/logicUnit_5       7.0560     0.0       7.0560      0.0000       0.0000 UnifiedCom_1050
system/tile_prci_domain/tile_reset_domain_tile/fusion/fgra/fgra/pes_1/alu/logic_0/logicUnit_6       6.3504     0.0       6.3504      0.0000       0.0000 UnifiedCom_1049
system/tile_prci_domain/tile_reset_domain_tile/fusion/fgra/fgra/pes_1/alu/logic_0/logicUnit_7       7.0560     0.0       7.0560      0.0000       0.0000 UnifiedCom_1048
system/tile_prci_domain/tile_reset_domain_tile/fusion/fgra/fgra/pes_1/alu/logic_0/logicUnit_8       6.3504     0.0       6.3504      0.0000       0.0000 UnifiedCom_1047
system/tile_prci_domain/tile_reset_domain_tile/fusion/fgra/fgra/pes_1/alu/logic_0/logicUnit_9       7.0560     0.0       7.0560      0.0000       0.0000 UnifiedCom_1046
system/tile_prci_domain/tile_reset_domain_tile/fusion/fgra/fgra/pes_1/alu/multipler    5980.6657     0.2    5980.6657      0.0000       0.0000 Mul_32
system/tile_prci_domain/tile_reset_domain_tile/fusion/fgra/fgra/pes_1/alu/shift     689.6064     0.0     689.6064      0.0000       0.0000 SHIFT_32
system/tile_prci_domain/tile_reset_domain_tile/fusion/fgra/fgra/pes_1/alu/si2fp     474.1632     0.0       0.0000      0.0000       0.0000 IntToFP_32
system/tile_prci_domain/tile_reset_domain_tile/fusion/fgra/fgra/pes_1/alu/si2fp/post_norm      41.6304     0.0      19.9920      0.0000       0.0000 IntToFP_postnorm_32
system/tile_prci_domain/tile_reset_domain_tile/fusion/fgra/fgra/pes_1/alu/si2fp/post_norm/rounder      21.6384     0.0      21.6384      0.0000       0.0000 RoundingUnit_267
system/tile_prci_domain/tile_reset_domain_tile/fusion/fgra/fgra/pes_1/alu/si2fp/pre_norm     432.5328     0.0     334.6896      0.0000       0.0000 IntToFP_prenorm_32
system/tile_prci_domain/tile_reset_domain_tile/fusion/fgra/fgra/pes_1/alu/si2fp/pre_norm/pos_lzc_clz      97.8432     0.0      97.8432      0.0000       0.0000 CLZ_3_65
system/tile_prci_domain/tile_reset_domain_tile/fusion/fgra/fgra/pes_1/cfg     548.0160     0.0     153.8208    394.1952       0.0000 ConfigMem_12_12
system/tile_prci_domain/tile_reset_domain_tile/fusion/fgra/fgra/pes_1/delayPipeCG    7132.6753     0.2    4273.8193   2858.8560       0.0000 SharedDelayPipe_12_26
system/tile_prci_domain/tile_reset_domain_tile/fusion/fgra/fgra/pes_1/delayPipeFG     173.5776     0.0     112.4256     61.1520       0.0000 SharedDelayPipe_13_12
system/tile_prci_domain/tile_reset_domain_tile/fusion/fgra/fgra/pes_1/dmr     152.8800     0.0       0.0000    152.8800       0.0000 DualModeReg_19
system/tile_prci_domain/tile_reset_domain_tile/fusion/fgra/fgra/pes_1/rf4alu       7.9968     0.0       3.2928      4.7040       0.0000 RF_36
system/tile_prci_domain/tile_reset_domain_tile/fusion/fgra/fgra/pes_10   29416.9347     0.8     307.8768      0.0000       0.0000 GPE_10
system/tile_prci_domain/tile_reset_domain_tile/fusion/fgra/fgra/pes_10/Muxn     293.7648     0.0     293.7648      0.0000       0.0000 Muxn_24_133
system/tile_prci_domain/tile_reset_domain_tile/fusion/fgra/fgra/pes_10/Muxn_1     231.6720     0.0     231.6720      0.0000       0.0000 Muxn_24_132
system/tile_prci_domain/tile_reset_domain_tile/fusion/fgra/fgra/pes_10/Muxn_2      10.1136     0.0      10.1136      0.0000       0.0000 Muxn_91_43
system/tile_prci_domain/tile_reset_domain_tile/fusion/fgra/fgra/pes_10/Muxn_3      10.1136     0.0      10.1136      0.0000       0.0000 Muxn_91_42
system/tile_prci_domain/tile_reset_domain_tile/fusion/fgra/fgra/pes_10/Muxn_4      10.1136     0.0      10.1136      0.0000       0.0000 Muxn_91_41
system/tile_prci_domain/tile_reset_domain_tile/fusion/fgra/fgra/pes_10/alu   18074.4146     0.5     750.5232      0.0000       0.0000 ALU_6_1
system/tile_prci_domain/tile_reset_domain_tile/fusion/fgra/fgra/pes_10/alu/arith     431.3568     0.0     431.3568      0.0000       0.0000 ARITH_23
system/tile_prci_domain/tile_reset_domain_tile/fusion/fgra/fgra/pes_10/alu/fadd    5582.2369     0.2       0.0000      0.0000       0.0000 FADD_31
system/tile_prci_domain/tile_reset_domain_tile/fusion/fgra/fgra/pes_10/alu/fadd/fcmaadd    5582.2369     0.2       2.3520      0.0000       0.0000 FCMA_ADD_31
system/tile_prci_domain/tile_reset_domain_tile/fusion/fgra/fgra/pes_10/alu/fadd/fcmaadd/fadd_s1    3812.1217     0.1     734.5296      0.0000       0.0000 FCMA_ADD_s1_31
system/tile_prci_domain/tile_reset_domain_tile/fusion/fgra/fgra/pes_10/alu/fadd/fcmaadd/fadd_s1/far_path_mods_0     974.1984     0.0     409.9536      0.0000       0.0000 FarPath_31
system/tile_prci_domain/tile_reset_domain_tile/fusion/fgra/fgra/pes_10/alu/fadd/fcmaadd/fadd_s1/far_path_mods_0/shiftRightJam     564.2448     0.0     564.2448      0.0000       0.0000 ShiftRightJam_32
system/tile_prci_domain/tile_reset_domain_tile/fusion/fgra/fgra/pes_10/alu/fadd/fcmaadd/fadd_s1/near_path_mods_0    1051.8144     0.0     753.1104      0.0000       0.0000 NearPath_63
system/tile_prci_domain/tile_reset_domain_tile/fusion/fgra/fgra/pes_10/alu/fadd/fcmaadd/fadd_s1/near_path_mods_0/lza_ab     173.3424     0.0     173.3424      0.0000       0.0000 LZA_64
system/tile_prci_domain/tile_reset_domain_tile/fusion/fgra/fgra/pes_10/alu/fadd/fcmaadd/fadd_s1/near_path_mods_0/lzc_clz     125.3616     0.0     125.3616      0.0000       0.0000 CLZ_65
system/tile_prci_domain/tile_reset_domain_tile/fusion/fgra/fgra/pes_10/alu/fadd/fcmaadd/fadd_s1/near_path_mods_1    1051.5792     0.0     767.2224      0.0000       0.0000 NearPath_62
system/tile_prci_domain/tile_reset_domain_tile/fusion/fgra/fgra/pes_10/alu/fadd/fcmaadd/fadd_s1/near_path_mods_1/lza_ab     169.5792     0.0     169.5792      0.0000       0.0000 LZA_63
system/tile_prci_domain/tile_reset_domain_tile/fusion/fgra/fgra/pes_10/alu/fadd/fcmaadd/fadd_s1/near_path_mods_1/lzc_clz     114.7776     0.0     114.7776      0.0000       0.0000 CLZ_64
system/tile_prci_domain/tile_reset_domain_tile/fusion/fgra/fgra/pes_10/alu/fadd/fcmaadd/fadd_s2    1767.7632     0.1    1307.4768      0.0000       0.0000 FCMA_ADD_s2_31
system/tile_prci_domain/tile_reset_domain_tile/fusion/fgra/fgra/pes_10/alu/fadd/fcmaadd/fadd_s2/far_path_rounder     258.0144     0.0     258.0144      0.0000       0.0000 RoundingUnit_188
system/tile_prci_domain/tile_reset_domain_tile/fusion/fgra/fgra/pes_10/alu/fadd/fcmaadd/fadd_s2/near_path_rounder     202.2720     0.0     202.2720      0.0000       0.0000 RoundingUnit_187
system/tile_prci_domain/tile_reset_domain_tile/fusion/fgra/fgra/pes_10/alu/fmax     274.2432     0.0     274.2432      0.0000       0.0000 FCMP_69
system/tile_prci_domain/tile_reset_domain_tile/fusion/fgra/fgra/pes_10/alu/fmin     273.3024     0.0     273.3024      0.0000       0.0000 FCMP_70
system/tile_prci_domain/tile_reset_domain_tile/fusion/fgra/fgra/pes_10/alu/fmul    2314.3680     0.1      13.6416    558.6000       0.0000 FMUL_share_23
system/tile_prci_domain/tile_reset_domain_tile/fusion/fgra/fgra/pes_10/alu/fmul/fmul_s1     420.7728     0.0     335.6304      0.0000       0.0000 FMUL_s1_23
system/tile_prci_domain/tile_reset_domain_tile/fusion/fgra/fgra/pes_10/alu/fmul/fmul_s1/lzc_clz      85.1424     0.0      85.1424      0.0000       0.0000 CLZ_2_23
system/tile_prci_domain/tile_reset_domain_tile/fusion/fgra/fgra/pes_10/alu/fmul/fmul_s2    1116.4944     0.0    1116.4944      0.0000       0.0000 FMUL_s2_23
system/tile_prci_domain/tile_reset_domain_tile/fusion/fgra/fgra/pes_10/alu/fmul/fmul_s3     204.8592     0.0     104.1936      0.0000       0.0000 FMUL_s3_23
system/tile_prci_domain/tile_reset_domain_tile/fusion/fgra/fgra/pes_10/alu/fmul/fmul_s3/rounder     100.6656     0.0     100.6656      0.0000       0.0000 RoundingUnit_250
system/tile_prci_domain/tile_reset_domain_tile/fusion/fgra/fgra/pes_10/alu/fp2si     961.7328     0.0       0.0000      0.0000       0.0000 FPToInt_23
system/tile_prci_domain/tile_reset_domain_tile/fusion/fgra/fgra/pes_10/alu/fp2si/s1     102.0768     0.0     102.0768      0.0000       0.0000 FPToInt_s1_23
system/tile_prci_domain/tile_reset_domain_tile/fusion/fgra/fgra/pes_10/alu/fp2si/s2     859.6560     0.0     595.7616      0.0000       0.0000 FPToInt_s2_23
system/tile_prci_domain/tile_reset_domain_tile/fusion/fgra/fgra/pes_10/alu/fp2si/s2/rpath_rounder      22.5792     0.0      22.5792      0.0000       0.0000 RoundingUnit_6_23
system/tile_prci_domain/tile_reset_domain_tile/fusion/fgra/fgra/pes_10/alu/fp2si/s2/shiftRightJam     241.3152     0.0     241.3152      0.0000       0.0000 ShiftRightJam_1_23
system/tile_prci_domain/tile_reset_domain_tile/fusion/fgra/fgra/pes_10/alu/logic_0     230.0256     0.0       9.4080      0.0000       0.0000 LOGIC_23
system/tile_prci_domain/tile_reset_domain_tile/fusion/fgra/fgra/pes_10/alu/logic_0/logicUnit       6.3504     0.0       6.3504      0.0000       0.0000 UnifiedCom_767
system/tile_prci_domain/tile_reset_domain_tile/fusion/fgra/fgra/pes_10/alu/logic_0/logicUnit_1       8.7024     0.0       8.7024      0.0000       0.0000 UnifiedCom_766
system/tile_prci_domain/tile_reset_domain_tile/fusion/fgra/fgra/pes_10/alu/logic_0/logicUnit_10       7.0560     0.0       7.0560      0.0000       0.0000 UnifiedCom_757
system/tile_prci_domain/tile_reset_domain_tile/fusion/fgra/fgra/pes_10/alu/logic_0/logicUnit_11       7.0560     0.0       7.0560      0.0000       0.0000 UnifiedCom_756
system/tile_prci_domain/tile_reset_domain_tile/fusion/fgra/fgra/pes_10/alu/logic_0/logicUnit_12       6.3504     0.0       6.3504      0.0000       0.0000 UnifiedCom_755
system/tile_prci_domain/tile_reset_domain_tile/fusion/fgra/fgra/pes_10/alu/logic_0/logicUnit_13       7.0560     0.0       7.0560      0.0000       0.0000 UnifiedCom_754
system/tile_prci_domain/tile_reset_domain_tile/fusion/fgra/fgra/pes_10/alu/logic_0/logicUnit_14       7.0560     0.0       7.0560      0.0000       0.0000 UnifiedCom_753
system/tile_prci_domain/tile_reset_domain_tile/fusion/fgra/fgra/pes_10/alu/logic_0/logicUnit_15       7.0560     0.0       7.0560      0.0000       0.0000 UnifiedCom_752
system/tile_prci_domain/tile_reset_domain_tile/fusion/fgra/fgra/pes_10/alu/logic_0/logicUnit_16       6.3504     0.0       6.3504      0.0000       0.0000 UnifiedCom_751
system/tile_prci_domain/tile_reset_domain_tile/fusion/fgra/fgra/pes_10/alu/logic_0/logicUnit_17       6.3504     0.0       6.3504      0.0000       0.0000 UnifiedCom_750
system/tile_prci_domain/tile_reset_domain_tile/fusion/fgra/fgra/pes_10/alu/logic_0/logicUnit_18       7.0560     0.0       7.0560      0.0000       0.0000 UnifiedCom_749
system/tile_prci_domain/tile_reset_domain_tile/fusion/fgra/fgra/pes_10/alu/logic_0/logicUnit_19       7.0560     0.0       7.0560      0.0000       0.0000 UnifiedCom_748
system/tile_prci_domain/tile_reset_domain_tile/fusion/fgra/fgra/pes_10/alu/logic_0/logicUnit_2       8.7024     0.0       8.7024      0.0000       0.0000 UnifiedCom_765
system/tile_prci_domain/tile_reset_domain_tile/fusion/fgra/fgra/pes_10/alu/logic_0/logicUnit_20       7.0560     0.0       7.0560      0.0000       0.0000 UnifiedCom_747
system/tile_prci_domain/tile_reset_domain_tile/fusion/fgra/fgra/pes_10/alu/logic_0/logicUnit_21       7.0560     0.0       7.0560      0.0000       0.0000 UnifiedCom_746
system/tile_prci_domain/tile_reset_domain_tile/fusion/fgra/fgra/pes_10/alu/logic_0/logicUnit_22       6.3504     0.0       6.3504      0.0000       0.0000 UnifiedCom_745
system/tile_prci_domain/tile_reset_domain_tile/fusion/fgra/fgra/pes_10/alu/logic_0/logicUnit_23       6.3504     0.0       6.3504      0.0000       0.0000 UnifiedCom_744
system/tile_prci_domain/tile_reset_domain_tile/fusion/fgra/fgra/pes_10/alu/logic_0/logicUnit_24       7.0560     0.0       7.0560      0.0000       0.0000 UnifiedCom_743
system/tile_prci_domain/tile_reset_domain_tile/fusion/fgra/fgra/pes_10/alu/logic_0/logicUnit_25       6.3504     0.0       6.3504      0.0000       0.0000 UnifiedCom_742
system/tile_prci_domain/tile_reset_domain_tile/fusion/fgra/fgra/pes_10/alu/logic_0/logicUnit_26       7.0560     0.0       7.0560      0.0000       0.0000 UnifiedCom_741
system/tile_prci_domain/tile_reset_domain_tile/fusion/fgra/fgra/pes_10/alu/logic_0/logicUnit_27       7.0560     0.0       7.0560      0.0000       0.0000 UnifiedCom_740
system/tile_prci_domain/tile_reset_domain_tile/fusion/fgra/fgra/pes_10/alu/logic_0/logicUnit_28       7.0560     0.0       7.0560      0.0000       0.0000 UnifiedCom_739
system/tile_prci_domain/tile_reset_domain_tile/fusion/fgra/fgra/pes_10/alu/logic_0/logicUnit_29       7.0560     0.0       7.0560      0.0000       0.0000 UnifiedCom_738
system/tile_prci_domain/tile_reset_domain_tile/fusion/fgra/fgra/pes_10/alu/logic_0/logicUnit_3       6.3504     0.0       6.3504      0.0000       0.0000 UnifiedCom_764
system/tile_prci_domain/tile_reset_domain_tile/fusion/fgra/fgra/pes_10/alu/logic_0/logicUnit_30       7.0560     0.0       7.0560      0.0000       0.0000 UnifiedCom_737
system/tile_prci_domain/tile_reset_domain_tile/fusion/fgra/fgra/pes_10/alu/logic_0/logicUnit_31       6.3504     0.0       6.3504      0.0000       0.0000 UnifiedCom_736
system/tile_prci_domain/tile_reset_domain_tile/fusion/fgra/fgra/pes_10/alu/logic_0/logicUnit_4       7.0560     0.0       7.0560      0.0000       0.0000 UnifiedCom_763
system/tile_prci_domain/tile_reset_domain_tile/fusion/fgra/fgra/pes_10/alu/logic_0/logicUnit_5       6.3504     0.0       6.3504      0.0000       0.0000 UnifiedCom_762
system/tile_prci_domain/tile_reset_domain_tile/fusion/fgra/fgra/pes_10/alu/logic_0/logicUnit_6       7.0560     0.0       7.0560      0.0000       0.0000 UnifiedCom_761
system/tile_prci_domain/tile_reset_domain_tile/fusion/fgra/fgra/pes_10/alu/logic_0/logicUnit_7       6.3504     0.0       6.3504      0.0000       0.0000 UnifiedCom_760
system/tile_prci_domain/tile_reset_domain_tile/fusion/fgra/fgra/pes_10/alu/logic_0/logicUnit_8       6.3504     0.0       6.3504      0.0000       0.0000 UnifiedCom_759
system/tile_prci_domain/tile_reset_domain_tile/fusion/fgra/fgra/pes_10/alu/logic_0/logicUnit_9       7.0560     0.0       7.0560      0.0000       0.0000 UnifiedCom_758
system/tile_prci_domain/tile_reset_domain_tile/fusion/fgra/fgra/pes_10/alu/multipler    6099.9121     0.2    6099.9121      0.0000       0.0000 Mul_23
system/tile_prci_domain/tile_reset_domain_tile/fusion/fgra/fgra/pes_10/alu/shift     689.6064     0.0     689.6064      0.0000       0.0000 SHIFT_23
system/tile_prci_domain/tile_reset_domain_tile/fusion/fgra/fgra/pes_10/alu/si2fp     467.1072     0.0       0.0000      0.0000       0.0000 IntToFP_23
system/tile_prci_domain/tile_reset_domain_tile/fusion/fgra/fgra/pes_10/alu/si2fp/post_norm      41.6304     0.0      19.9920      0.0000       0.0000 IntToFP_postnorm_23
system/tile_prci_domain/tile_reset_domain_tile/fusion/fgra/fgra/pes_10/alu/si2fp/post_norm/rounder      21.6384     0.0      21.6384      0.0000       0.0000 RoundingUnit_249
system/tile_prci_domain/tile_reset_domain_tile/fusion/fgra/fgra/pes_10/alu/si2fp/pre_norm     425.4768     0.0     332.1024      0.0000       0.0000 IntToFP_prenorm_23
system/tile_prci_domain/tile_reset_domain_tile/fusion/fgra/fgra/pes_10/alu/si2fp/pre_norm/pos_lzc_clz      93.3744     0.0      93.3744      0.0000       0.0000 CLZ_3_47
system/tile_prci_domain/tile_reset_domain_tile/fusion/fgra/fgra/pes_10/cfg    1333.5840     0.0     459.1104    874.4736       0.0000 ConfigMem_24_1
system/tile_prci_domain/tile_reset_domain_tile/fusion/fgra/fgra/pes_10/delayPipeCG    7193.8273     0.2    4330.0321   2863.7952       0.0000 SharedDelayPipe_12_16
system/tile_prci_domain/tile_reset_domain_tile/fusion/fgra/fgra/pes_10/delayPipeFG     537.9024     0.0     429.7104    108.1920       0.0000 SharedDelayPipe_31_7
system/tile_prci_domain/tile_reset_domain_tile/fusion/fgra/fgra/pes_10/dmr    1390.5024     0.0       0.0000      0.0000       0.0000 DualModeReg_6_1
system/tile_prci_domain/tile_reset_domain_tile/fusion/fgra/fgra/pes_10/dmr/acr    1390.5024     0.0     837.7824    552.7200       0.0000 CtrlReg_1
system/tile_prci_domain/tile_reset_domain_tile/fusion/fgra/fgra/pes_10/lut       5.8800     0.0       5.8800      0.0000       0.0000 LUT_7
system/tile_prci_domain/tile_reset_domain_tile/fusion/fgra/fgra/pes_10/rf4alu       8.7024     0.0       3.9984      4.7040       0.0000 RF_23
system/tile_prci_domain/tile_reset_domain_tile/fusion/fgra/fgra/pes_10/rf4lut       8.4672     0.0       3.7632      4.7040       0.0000 RF_22
system/tile_prci_domain/tile_reset_domain_tile/fusion/fgra/fgra/pes_11   29392.0035     0.8     284.5920      0.0000       0.0000 GPE_11
system/tile_prci_domain/tile_reset_domain_tile/fusion/fgra/fgra/pes_11/Muxn     248.8416     0.0     248.8416      0.0000       0.0000 Muxn_24_131
system/tile_prci_domain/tile_reset_domain_tile/fusion/fgra/fgra/pes_11/Muxn_1     279.4176     0.0     279.4176      0.0000       0.0000 Muxn_24_130
system/tile_prci_domain/tile_reset_domain_tile/fusion/fgra/fgra/pes_11/Muxn_2      10.1136     0.0      10.1136      0.0000       0.0000 Muxn_91_40
system/tile_prci_domain/tile_reset_domain_tile/fusion/fgra/fgra/pes_11/Muxn_3      10.1136     0.0      10.1136      0.0000       0.0000 Muxn_91_39
system/tile_prci_domain/tile_reset_domain_tile/fusion/fgra/fgra/pes_11/Muxn_4      10.1136     0.0      10.1136      0.0000       0.0000 Muxn_91_38
system/tile_prci_domain/tile_reset_domain_tile/fusion/fgra/fgra/pes_11/alu   18149.9138     0.5     750.5232      0.0000       0.0000 ALU_6_0
system/tile_prci_domain/tile_reset_domain_tile/fusion/fgra/fgra/pes_11/alu/arith     428.5344     0.0     428.5344      0.0000       0.0000 ARITH_22
system/tile_prci_domain/tile_reset_domain_tile/fusion/fgra/fgra/pes_11/alu/fadd    5504.8561     0.2       0.0000      0.0000       0.0000 FADD_30
system/tile_prci_domain/tile_reset_domain_tile/fusion/fgra/fgra/pes_11/alu/fadd/fcmaadd    5504.8561     0.2       2.3520      0.0000       0.0000 FCMA_ADD_30
system/tile_prci_domain/tile_reset_domain_tile/fusion/fgra/fgra/pes_11/alu/fadd/fcmaadd/fadd_s1    3736.8577     0.1     732.8832      0.0000       0.0000 FCMA_ADD_s1_30
system/tile_prci_domain/tile_reset_domain_tile/fusion/fgra/fgra/pes_11/alu/fadd/fcmaadd/fadd_s1/far_path_mods_0     944.0928     0.0     392.5488      0.0000       0.0000 FarPath_30
system/tile_prci_domain/tile_reset_domain_tile/fusion/fgra/fgra/pes_11/alu/fadd/fcmaadd/fadd_s1/far_path_mods_0/shiftRightJam     551.5440     0.0     551.5440      0.0000       0.0000 ShiftRightJam_31
system/tile_prci_domain/tile_reset_domain_tile/fusion/fgra/fgra/pes_11/alu/fadd/fcmaadd/fadd_s1/near_path_mods_0    1021.0032     0.0     741.1152      0.0000       0.0000 NearPath_61
system/tile_prci_domain/tile_reset_domain_tile/fusion/fgra/fgra/pes_11/alu/fadd/fcmaadd/fadd_s1/near_path_mods_0/lza_ab     161.3472     0.0     161.3472      0.0000       0.0000 LZA_62
system/tile_prci_domain/tile_reset_domain_tile/fusion/fgra/fgra/pes_11/alu/fadd/fcmaadd/fadd_s1/near_path_mods_0/lzc_clz     118.5408     0.0     118.5408      0.0000       0.0000 CLZ_63
system/tile_prci_domain/tile_reset_domain_tile/fusion/fgra/fgra/pes_11/alu/fadd/fcmaadd/fadd_s1/near_path_mods_1    1038.8784     0.0     770.2800      0.0000       0.0000 NearPath_60
system/tile_prci_domain/tile_reset_domain_tile/fusion/fgra/fgra/pes_11/alu/fadd/fcmaadd/fadd_s1/near_path_mods_1/lza_ab     164.1696     0.0     164.1696      0.0000       0.0000 LZA_61
system/tile_prci_domain/tile_reset_domain_tile/fusion/fgra/fgra/pes_11/alu/fadd/fcmaadd/fadd_s1/near_path_mods_1/lzc_clz     104.4288     0.0     104.4288      0.0000       0.0000 CLZ_62
system/tile_prci_domain/tile_reset_domain_tile/fusion/fgra/fgra/pes_11/alu/fadd/fcmaadd/fadd_s2    1765.6464     0.1    1288.4256      0.0000       0.0000 FCMA_ADD_s2_30
system/tile_prci_domain/tile_reset_domain_tile/fusion/fgra/fgra/pes_11/alu/fadd/fcmaadd/fadd_s2/far_path_rounder     254.2512     0.0     254.2512      0.0000       0.0000 RoundingUnit_185
system/tile_prci_domain/tile_reset_domain_tile/fusion/fgra/fgra/pes_11/alu/fadd/fcmaadd/fadd_s2/near_path_rounder     222.9696     0.0     222.9696      0.0000       0.0000 RoundingUnit_184
system/tile_prci_domain/tile_reset_domain_tile/fusion/fgra/fgra/pes_11/alu/fmax     278.7120     0.0     278.7120      0.0000       0.0000 FCMP_66
system/tile_prci_domain/tile_reset_domain_tile/fusion/fgra/fgra/pes_11/alu/fmin     278.7120     0.0     278.7120      0.0000       0.0000 FCMP_67
system/tile_prci_domain/tile_reset_domain_tile/fusion/fgra/fgra/pes_11/alu/fmul    2416.9152     0.1      18.1104    556.2480       0.0000 FMUL_share_22
system/tile_prci_domain/tile_reset_domain_tile/fusion/fgra/fgra/pes_11/alu/fmul/fmul_s1     464.2848     0.0     384.3168      0.0000       0.0000 FMUL_s1_22
system/tile_prci_domain/tile_reset_domain_tile/fusion/fgra/fgra/pes_11/alu/fmul/fmul_s1/lzc_clz      79.9680     0.0      79.9680      0.0000       0.0000 CLZ_2_22
system/tile_prci_domain/tile_reset_domain_tile/fusion/fgra/fgra/pes_11/alu/fmul/fmul_s2    1173.4128     0.0    1173.4128      0.0000       0.0000 FMUL_s2_22
system/tile_prci_domain/tile_reset_domain_tile/fusion/fgra/fgra/pes_11/alu/fmul/fmul_s3     204.8592     0.0     104.1936      0.0000       0.0000 FMUL_s3_22
system/tile_prci_domain/tile_reset_domain_tile/fusion/fgra/fgra/pes_11/alu/fmul/fmul_s3/rounder     100.6656     0.0     100.6656      0.0000       0.0000 RoundingUnit_248
system/tile_prci_domain/tile_reset_domain_tile/fusion/fgra/fgra/pes_11/alu/fp2si     958.9104     0.0       1.8816      0.0000       0.0000 FPToInt_22
system/tile_prci_domain/tile_reset_domain_tile/fusion/fgra/fgra/pes_11/alu/fp2si/s1     106.7808     0.0     106.7808      0.0000       0.0000 FPToInt_s1_22
system/tile_prci_domain/tile_reset_domain_tile/fusion/fgra/fgra/pes_11/alu/fp2si/s2     850.2480     0.0     584.9424      0.0000       0.0000 FPToInt_s2_22
system/tile_prci_domain/tile_reset_domain_tile/fusion/fgra/fgra/pes_11/alu/fp2si/s2/rpath_rounder      22.5792     0.0      22.5792      0.0000       0.0000 RoundingUnit_6_22
system/tile_prci_domain/tile_reset_domain_tile/fusion/fgra/fgra/pes_11/alu/fp2si/s2/shiftRightJam     242.7264     0.0     242.7264      0.0000       0.0000 ShiftRightJam_1_22
system/tile_prci_domain/tile_reset_domain_tile/fusion/fgra/fgra/pes_11/alu/logic_0     231.2016     0.0      11.2896      0.0000       0.0000 LOGIC_22
system/tile_prci_domain/tile_reset_domain_tile/fusion/fgra/fgra/pes_11/alu/logic_0/logicUnit       7.5264     0.0       7.5264      0.0000       0.0000 UnifiedCom_735
system/tile_prci_domain/tile_reset_domain_tile/fusion/fgra/fgra/pes_11/alu/logic_0/logicUnit_1       6.3504     0.0       6.3504      0.0000       0.0000 UnifiedCom_734
system/tile_prci_domain/tile_reset_domain_tile/fusion/fgra/fgra/pes_11/alu/logic_0/logicUnit_10       7.0560     0.0       7.0560      0.0000       0.0000 UnifiedCom_725
system/tile_prci_domain/tile_reset_domain_tile/fusion/fgra/fgra/pes_11/alu/logic_0/logicUnit_11       7.0560     0.0       7.0560      0.0000       0.0000 UnifiedCom_724
system/tile_prci_domain/tile_reset_domain_tile/fusion/fgra/fgra/pes_11/alu/logic_0/logicUnit_12       7.0560     0.0       7.0560      0.0000       0.0000 UnifiedCom_723
system/tile_prci_domain/tile_reset_domain_tile/fusion/fgra/fgra/pes_11/alu/logic_0/logicUnit_13       7.0560     0.0       7.0560      0.0000       0.0000 UnifiedCom_722
system/tile_prci_domain/tile_reset_domain_tile/fusion/fgra/fgra/pes_11/alu/logic_0/logicUnit_14       6.3504     0.0       6.3504      0.0000       0.0000 UnifiedCom_721
system/tile_prci_domain/tile_reset_domain_tile/fusion/fgra/fgra/pes_11/alu/logic_0/logicUnit_15       7.0560     0.0       7.0560      0.0000       0.0000 UnifiedCom_720
system/tile_prci_domain/tile_reset_domain_tile/fusion/fgra/fgra/pes_11/alu/logic_0/logicUnit_16       7.0560     0.0       7.0560      0.0000       0.0000 UnifiedCom_719
system/tile_prci_domain/tile_reset_domain_tile/fusion/fgra/fgra/pes_11/alu/logic_0/logicUnit_17       6.3504     0.0       6.3504      0.0000       0.0000 UnifiedCom_718
system/tile_prci_domain/tile_reset_domain_tile/fusion/fgra/fgra/pes_11/alu/logic_0/logicUnit_18       7.0560     0.0       7.0560      0.0000       0.0000 UnifiedCom_717
system/tile_prci_domain/tile_reset_domain_tile/fusion/fgra/fgra/pes_11/alu/logic_0/logicUnit_19       7.0560     0.0       7.0560      0.0000       0.0000 UnifiedCom_716
system/tile_prci_domain/tile_reset_domain_tile/fusion/fgra/fgra/pes_11/alu/logic_0/logicUnit_2       6.3504     0.0       6.3504      0.0000       0.0000 UnifiedCom_733
system/tile_prci_domain/tile_reset_domain_tile/fusion/fgra/fgra/pes_11/alu/logic_0/logicUnit_20       7.0560     0.0       7.0560      0.0000       0.0000 UnifiedCom_715
system/tile_prci_domain/tile_reset_domain_tile/fusion/fgra/fgra/pes_11/alu/logic_0/logicUnit_21       7.0560     0.0       7.0560      0.0000       0.0000 UnifiedCom_714
system/tile_prci_domain/tile_reset_domain_tile/fusion/fgra/fgra/pes_11/alu/logic_0/logicUnit_22       6.3504     0.0       6.3504      0.0000       0.0000 UnifiedCom_713
system/tile_prci_domain/tile_reset_domain_tile/fusion/fgra/fgra/pes_11/alu/logic_0/logicUnit_23       7.0560     0.0       7.0560      0.0000       0.0000 UnifiedCom_712
system/tile_prci_domain/tile_reset_domain_tile/fusion/fgra/fgra/pes_11/alu/logic_0/logicUnit_24       7.0560     0.0       7.0560      0.0000       0.0000 UnifiedCom_711
system/tile_prci_domain/tile_reset_domain_tile/fusion/fgra/fgra/pes_11/alu/logic_0/logicUnit_25       6.3504     0.0       6.3504      0.0000       0.0000 UnifiedCom_710
system/tile_prci_domain/tile_reset_domain_tile/fusion/fgra/fgra/pes_11/alu/logic_0/logicUnit_26       7.0560     0.0       7.0560      0.0000       0.0000 UnifiedCom_709
system/tile_prci_domain/tile_reset_domain_tile/fusion/fgra/fgra/pes_11/alu/logic_0/logicUnit_27       7.0560     0.0       7.0560      0.0000       0.0000 UnifiedCom_708
system/tile_prci_domain/tile_reset_domain_tile/fusion/fgra/fgra/pes_11/alu/logic_0/logicUnit_28       6.3504     0.0       6.3504      0.0000       0.0000 UnifiedCom_707
system/tile_prci_domain/tile_reset_domain_tile/fusion/fgra/fgra/pes_11/alu/logic_0/logicUnit_29       7.0560     0.0       7.0560      0.0000       0.0000 UnifiedCom_706
system/tile_prci_domain/tile_reset_domain_tile/fusion/fgra/fgra/pes_11/alu/logic_0/logicUnit_3       6.3504     0.0       6.3504      0.0000       0.0000 UnifiedCom_732
system/tile_prci_domain/tile_reset_domain_tile/fusion/fgra/fgra/pes_11/alu/logic_0/logicUnit_30       7.0560     0.0       7.0560      0.0000       0.0000 UnifiedCom_705
system/tile_prci_domain/tile_reset_domain_tile/fusion/fgra/fgra/pes_11/alu/logic_0/logicUnit_31       7.0560     0.0       7.0560      0.0000       0.0000 UnifiedCom_704
system/tile_prci_domain/tile_reset_domain_tile/fusion/fgra/fgra/pes_11/alu/logic_0/logicUnit_4       7.0560     0.0       7.0560      0.0000       0.0000 UnifiedCom_731
system/tile_prci_domain/tile_reset_domain_tile/fusion/fgra/fgra/pes_11/alu/logic_0/logicUnit_5       7.0560     0.0       7.0560      0.0000       0.0000 UnifiedCom_730
system/tile_prci_domain/tile_reset_domain_tile/fusion/fgra/fgra/pes_11/alu/logic_0/logicUnit_6       7.0560     0.0       7.0560      0.0000       0.0000 UnifiedCom_729
system/tile_prci_domain/tile_reset_domain_tile/fusion/fgra/fgra/pes_11/alu/logic_0/logicUnit_7       7.0560     0.0       7.0560      0.0000       0.0000 UnifiedCom_728
system/tile_prci_domain/tile_reset_domain_tile/fusion/fgra/fgra/pes_11/alu/logic_0/logicUnit_8       6.3504     0.0       6.3504      0.0000       0.0000 UnifiedCom_727
system/tile_prci_domain/tile_reset_domain_tile/fusion/fgra/fgra/pes_11/alu/logic_0/logicUnit_9       7.0560     0.0       7.0560      0.0000       0.0000 UnifiedCom_726
system/tile_prci_domain/tile_reset_domain_tile/fusion/fgra/fgra/pes_11/alu/multipler    6136.3681     0.2    6136.3681      0.0000       0.0000 Mul_22
system/tile_prci_domain/tile_reset_domain_tile/fusion/fgra/fgra/pes_11/alu/shift     692.1936     0.0     692.1936      0.0000       0.0000 SHIFT_22
system/tile_prci_domain/tile_reset_domain_tile/fusion/fgra/fgra/pes_11/alu/si2fp     472.9872     0.0       0.0000      0.0000       0.0000 IntToFP_22
system/tile_prci_domain/tile_reset_domain_tile/fusion/fgra/fgra/pes_11/alu/si2fp/post_norm      42.8064     0.0      21.1680      0.0000       0.0000 IntToFP_postnorm_22
system/tile_prci_domain/tile_reset_domain_tile/fusion/fgra/fgra/pes_11/alu/si2fp/post_norm/rounder      21.6384     0.0      21.6384      0.0000       0.0000 RoundingUnit_247
system/tile_prci_domain/tile_reset_domain_tile/fusion/fgra/fgra/pes_11/alu/si2fp/pre_norm     430.1808     0.0     338.4528      0.0000       0.0000 IntToFP_prenorm_22
system/tile_prci_domain/tile_reset_domain_tile/fusion/fgra/fgra/pes_11/alu/si2fp/pre_norm/pos_lzc_clz      91.7280     0.0      91.7280      0.0000       0.0000 CLZ_3_45
system/tile_prci_domain/tile_reset_domain_tile/fusion/fgra/fgra/pes_11/cfg    1322.7648     0.0     458.4048    864.3600       0.0000 ConfigMem_24_0
system/tile_prci_domain/tile_reset_domain_tile/fusion/fgra/fgra/pes_11/delayPipeCG    7154.3137     0.2    4290.5185   2863.7952       0.0000 SharedDelayPipe_12_15
system/tile_prci_domain/tile_reset_domain_tile/fusion/fgra/fgra/pes_11/delayPipeFG     538.6080     0.0     430.4160    108.1920       0.0000 SharedDelayPipe_31_6
system/tile_prci_domain/tile_reset_domain_tile/fusion/fgra/fgra/pes_11/dmr    1360.6320     0.0       0.0000      0.0000       0.0000 DualModeReg_6_0
system/tile_prci_domain/tile_reset_domain_tile/fusion/fgra/fgra/pes_11/dmr/acr    1360.6320     0.0     824.1408    536.4912       0.0000 CtrlReg_0
system/tile_prci_domain/tile_reset_domain_tile/fusion/fgra/fgra/pes_11/lut       5.8800     0.0       5.8800      0.0000       0.0000 LUT_6
system/tile_prci_domain/tile_reset_domain_tile/fusion/fgra/fgra/pes_11/rf4alu       8.2320     0.0       3.5280      4.7040       0.0000 RF_21
system/tile_prci_domain/tile_reset_domain_tile/fusion/fgra/fgra/pes_11/rf4lut       8.4672     0.0       3.7632      4.7040       0.0000 RF_20
system/tile_prci_domain/tile_reset_domain_tile/fusion/fgra/fgra/pes_12   26502.3363     0.8       7.9968      0.0000       0.0000 GPE_12
system/tile_prci_domain/tile_reset_domain_tile/fusion/fgra/fgra/pes_12/Muxn     256.1328     0.0     256.1328      0.0000       0.0000 Muxn_24_129
system/tile_prci_domain/tile_reset_domain_tile/fusion/fgra/fgra/pes_12/Muxn_1     258.0144     0.0     258.0144      0.0000       0.0000 Muxn_24_128
system/tile_prci_domain/tile_reset_domain_tile/fusion/fgra/fgra/pes_12/Muxn_2       7.5264     0.0       7.5264      0.0000       0.0000 Muxn_26_28
system/tile_prci_domain/tile_reset_domain_tile/fusion/fgra/fgra/pes_12/alu   17968.1042     0.5     744.1728      0.0000       0.0000 ALU_8
system/tile_prci_domain/tile_reset_domain_tile/fusion/fgra/fgra/pes_12/alu/arith     422.8896     0.0     422.8896      0.0000       0.0000 ARITH_21
system/tile_prci_domain/tile_reset_domain_tile/fusion/fgra/fgra/pes_12/alu/fadd    5272.7137     0.2       0.0000      0.0000       0.0000 FADD_29
system/tile_prci_domain/tile_reset_domain_tile/fusion/fgra/fgra/pes_12/alu/fadd/fcmaadd    5272.7137     0.2       2.3520      0.0000       0.0000 FCMA_ADD_29
system/tile_prci_domain/tile_reset_domain_tile/fusion/fgra/fgra/pes_12/alu/fadd/fcmaadd/fadd_s1    3582.0961     0.1     698.0736      0.0000       0.0000 FCMA_ADD_s1_29
system/tile_prci_domain/tile_reset_domain_tile/fusion/fgra/fgra/pes_12/alu/fadd/fcmaadd/fadd_s1/far_path_mods_0     886.7040     0.0     409.4832      0.0000       0.0000 FarPath_29
system/tile_prci_domain/tile_reset_domain_tile/fusion/fgra/fgra/pes_12/alu/fadd/fcmaadd/fadd_s1/far_path_mods_0/shiftRightJam     477.2208     0.0     477.2208      0.0000       0.0000 ShiftRightJam_30
system/tile_prci_domain/tile_reset_domain_tile/fusion/fgra/fgra/pes_12/alu/fadd/fcmaadd/fadd_s1/near_path_mods_0     993.4848     0.0     751.4640      0.0000       0.0000 NearPath_59
system/tile_prci_domain/tile_reset_domain_tile/fusion/fgra/fgra/pes_12/alu/fadd/fcmaadd/fadd_s1/near_path_mods_0/lza_ab     141.5904     0.0     141.5904      0.0000       0.0000 LZA_60
system/tile_prci_domain/tile_reset_domain_tile/fusion/fgra/fgra/pes_12/alu/fadd/fcmaadd/fadd_s1/near_path_mods_0/lzc_clz     100.4304     0.0     100.4304      0.0000       0.0000 CLZ_61
system/tile_prci_domain/tile_reset_domain_tile/fusion/fgra/fgra/pes_12/alu/fadd/fcmaadd/fadd_s1/near_path_mods_1    1003.8336     0.0     755.2272      0.0000       0.0000 NearPath_58
system/tile_prci_domain/tile_reset_domain_tile/fusion/fgra/fgra/pes_12/alu/fadd/fcmaadd/fadd_s1/near_path_mods_1/lza_ab     140.4144     0.0     140.4144      0.0000       0.0000 LZA_59
system/tile_prci_domain/tile_reset_domain_tile/fusion/fgra/fgra/pes_12/alu/fadd/fcmaadd/fadd_s1/near_path_mods_1/lzc_clz     108.1920     0.0     108.1920      0.0000       0.0000 CLZ_60
system/tile_prci_domain/tile_reset_domain_tile/fusion/fgra/fgra/pes_12/alu/fadd/fcmaadd/fadd_s2    1688.2656     0.0    1238.5632      0.0000       0.0000 FCMA_ADD_s2_29
system/tile_prci_domain/tile_reset_domain_tile/fusion/fgra/fgra/pes_12/alu/fadd/fcmaadd/fadd_s2/far_path_rounder     255.4272     0.0     255.4272      0.0000       0.0000 RoundingUnit_182
system/tile_prci_domain/tile_reset_domain_tile/fusion/fgra/fgra/pes_12/alu/fadd/fcmaadd/fadd_s2/near_path_rounder     194.2752     0.0     194.2752      0.0000       0.0000 RoundingUnit_181
system/tile_prci_domain/tile_reset_domain_tile/fusion/fgra/fgra/pes_12/alu/fcmp     290.4720     0.0     290.4720      0.0000       0.0000 FCMP_65
system/tile_prci_domain/tile_reset_domain_tile/fusion/fgra/fgra/pes_12/alu/fmax     273.5376     0.0     273.5376      0.0000       0.0000 FCMP_63
system/tile_prci_domain/tile_reset_domain_tile/fusion/fgra/fgra/pes_12/alu/fmin     270.2448     0.0     270.2448      0.0000       0.0000 FCMP_64
system/tile_prci_domain/tile_reset_domain_tile/fusion/fgra/fgra/pes_12/alu/fmul    2403.7440     0.1      14.5824    555.5424       0.0000 FMUL_share_21
system/tile_prci_domain/tile_reset_domain_tile/fusion/fgra/fgra/pes_12/alu/fmul/fmul_s1     503.5632     0.0     415.1280      0.0000       0.0000 FMUL_s1_21
system/tile_prci_domain/tile_reset_domain_tile/fusion/fgra/fgra/pes_12/alu/fmul/fmul_s1/lzc_clz      88.4352     0.0      88.4352      0.0000       0.0000 CLZ_2_21
system/tile_prci_domain/tile_reset_domain_tile/fusion/fgra/fgra/pes_12/alu/fmul/fmul_s2    1125.1968     0.0    1125.1968      0.0000       0.0000 FMUL_s2_21
system/tile_prci_domain/tile_reset_domain_tile/fusion/fgra/fgra/pes_12/alu/fmul/fmul_s3     204.8592     0.0     104.1936      0.0000       0.0000 FMUL_s3_21
system/tile_prci_domain/tile_reset_domain_tile/fusion/fgra/fgra/pes_12/alu/fmul/fmul_s3/rounder     100.6656     0.0     100.6656      0.0000       0.0000 RoundingUnit_246
system/tile_prci_domain/tile_reset_domain_tile/fusion/fgra/fgra/pes_12/alu/fp2si     958.2048     0.0       0.0000      0.0000       0.0000 FPToInt_21
system/tile_prci_domain/tile_reset_domain_tile/fusion/fgra/fgra/pes_12/alu/fp2si/s1     108.1920     0.0     108.1920      0.0000       0.0000 FPToInt_s1_21
system/tile_prci_domain/tile_reset_domain_tile/fusion/fgra/fgra/pes_12/alu/fp2si/s2     850.0128     0.0     584.2368      0.0000       0.0000 FPToInt_s2_21
system/tile_prci_domain/tile_reset_domain_tile/fusion/fgra/fgra/pes_12/alu/fp2si/s2/rpath_rounder      22.5792     0.0      22.5792      0.0000       0.0000 RoundingUnit_6_21
system/tile_prci_domain/tile_reset_domain_tile/fusion/fgra/fgra/pes_12/alu/fp2si/s2/shiftRightJam     243.1968     0.0     243.1968      0.0000       0.0000 ShiftRightJam_1_21
system/tile_prci_domain/tile_reset_domain_tile/fusion/fgra/fgra/pes_12/alu/logic_0     233.5536     0.0      10.3488      0.0000       0.0000 LOGIC_21
system/tile_prci_domain/tile_reset_domain_tile/fusion/fgra/fgra/pes_12/alu/logic_0/logicUnit       6.3504     0.0       6.3504      0.0000       0.0000 UnifiedCom_703
system/tile_prci_domain/tile_reset_domain_tile/fusion/fgra/fgra/pes_12/alu/logic_0/logicUnit_1       6.3504     0.0       6.3504      0.0000       0.0000 UnifiedCom_702
system/tile_prci_domain/tile_reset_domain_tile/fusion/fgra/fgra/pes_12/alu/logic_0/logicUnit_10       7.0560     0.0       7.0560      0.0000       0.0000 UnifiedCom_693
system/tile_prci_domain/tile_reset_domain_tile/fusion/fgra/fgra/pes_12/alu/logic_0/logicUnit_11       7.0560     0.0       7.0560      0.0000       0.0000 UnifiedCom_692
system/tile_prci_domain/tile_reset_domain_tile/fusion/fgra/fgra/pes_12/alu/logic_0/logicUnit_12       6.3504     0.0       6.3504      0.0000       0.0000 UnifiedCom_691
system/tile_prci_domain/tile_reset_domain_tile/fusion/fgra/fgra/pes_12/alu/logic_0/logicUnit_13       7.0560     0.0       7.0560      0.0000       0.0000 UnifiedCom_690
system/tile_prci_domain/tile_reset_domain_tile/fusion/fgra/fgra/pes_12/alu/logic_0/logicUnit_14       7.0560     0.0       7.0560      0.0000       0.0000 UnifiedCom_689
system/tile_prci_domain/tile_reset_domain_tile/fusion/fgra/fgra/pes_12/alu/logic_0/logicUnit_15       7.0560     0.0       7.0560      0.0000       0.0000 UnifiedCom_688
system/tile_prci_domain/tile_reset_domain_tile/fusion/fgra/fgra/pes_12/alu/logic_0/logicUnit_16       7.0560     0.0       7.0560      0.0000       0.0000 UnifiedCom_687
system/tile_prci_domain/tile_reset_domain_tile/fusion/fgra/fgra/pes_12/alu/logic_0/logicUnit_17       6.3504     0.0       6.3504      0.0000       0.0000 UnifiedCom_686
system/tile_prci_domain/tile_reset_domain_tile/fusion/fgra/fgra/pes_12/alu/logic_0/logicUnit_18       7.0560     0.0       7.0560      0.0000       0.0000 UnifiedCom_685
system/tile_prci_domain/tile_reset_domain_tile/fusion/fgra/fgra/pes_12/alu/logic_0/logicUnit_19       7.0560     0.0       7.0560      0.0000       0.0000 UnifiedCom_684
system/tile_prci_domain/tile_reset_domain_tile/fusion/fgra/fgra/pes_12/alu/logic_0/logicUnit_2       7.0560     0.0       7.0560      0.0000       0.0000 UnifiedCom_701
system/tile_prci_domain/tile_reset_domain_tile/fusion/fgra/fgra/pes_12/alu/logic_0/logicUnit_20       7.0560     0.0       7.0560      0.0000       0.0000 UnifiedCom_683
system/tile_prci_domain/tile_reset_domain_tile/fusion/fgra/fgra/pes_12/alu/logic_0/logicUnit_21       7.0560     0.0       7.0560      0.0000       0.0000 UnifiedCom_682
system/tile_prci_domain/tile_reset_domain_tile/fusion/fgra/fgra/pes_12/alu/logic_0/logicUnit_22       7.0560     0.0       7.0560      0.0000       0.0000 UnifiedCom_681
system/tile_prci_domain/tile_reset_domain_tile/fusion/fgra/fgra/pes_12/alu/logic_0/logicUnit_23       7.0560     0.0       7.0560      0.0000       0.0000 UnifiedCom_680
system/tile_prci_domain/tile_reset_domain_tile/fusion/fgra/fgra/pes_12/alu/logic_0/logicUnit_24       7.0560     0.0       7.0560      0.0000       0.0000 UnifiedCom_679
system/tile_prci_domain/tile_reset_domain_tile/fusion/fgra/fgra/pes_12/alu/logic_0/logicUnit_25       7.0560     0.0       7.0560      0.0000       0.0000 UnifiedCom_678
system/tile_prci_domain/tile_reset_domain_tile/fusion/fgra/fgra/pes_12/alu/logic_0/logicUnit_26       7.0560     0.0       7.0560      0.0000       0.0000 UnifiedCom_677
system/tile_prci_domain/tile_reset_domain_tile/fusion/fgra/fgra/pes_12/alu/logic_0/logicUnit_27       7.0560     0.0       7.0560      0.0000       0.0000 UnifiedCom_676
system/tile_prci_domain/tile_reset_domain_tile/fusion/fgra/fgra/pes_12/alu/logic_0/logicUnit_28       7.0560     0.0       7.0560      0.0000       0.0000 UnifiedCom_675
system/tile_prci_domain/tile_reset_domain_tile/fusion/fgra/fgra/pes_12/alu/logic_0/logicUnit_29       7.0560     0.0       7.0560      0.0000       0.0000 UnifiedCom_674
system/tile_prci_domain/tile_reset_domain_tile/fusion/fgra/fgra/pes_12/alu/logic_0/logicUnit_3       7.0560     0.0       7.0560      0.0000       0.0000 UnifiedCom_700
system/tile_prci_domain/tile_reset_domain_tile/fusion/fgra/fgra/pes_12/alu/logic_0/logicUnit_30       7.0560     0.0       7.0560      0.0000       0.0000 UnifiedCom_673
system/tile_prci_domain/tile_reset_domain_tile/fusion/fgra/fgra/pes_12/alu/logic_0/logicUnit_31       7.0560     0.0       7.0560      0.0000       0.0000 UnifiedCom_672
system/tile_prci_domain/tile_reset_domain_tile/fusion/fgra/fgra/pes_12/alu/logic_0/logicUnit_4       6.3504     0.0       6.3504      0.0000       0.0000 UnifiedCom_699
system/tile_prci_domain/tile_reset_domain_tile/fusion/fgra/fgra/pes_12/alu/logic_0/logicUnit_5       7.0560     0.0       7.0560      0.0000       0.0000 UnifiedCom_698
system/tile_prci_domain/tile_reset_domain_tile/fusion/fgra/fgra/pes_12/alu/logic_0/logicUnit_6       8.2320     0.0       8.2320      0.0000       0.0000 UnifiedCom_697
system/tile_prci_domain/tile_reset_domain_tile/fusion/fgra/fgra/pes_12/alu/logic_0/logicUnit_7       8.2320     0.0       8.2320      0.0000       0.0000 UnifiedCom_696
system/tile_prci_domain/tile_reset_domain_tile/fusion/fgra/fgra/pes_12/alu/logic_0/logicUnit_8       6.3504     0.0       6.3504      0.0000       0.0000 UnifiedCom_695
system/tile_prci_domain/tile_reset_domain_tile/fusion/fgra/fgra/pes_12/alu/logic_0/logicUnit_9       6.3504     0.0       6.3504      0.0000       0.0000 UnifiedCom_694
system/tile_prci_domain/tile_reset_domain_tile/fusion/fgra/fgra/pes_12/alu/multipler    5935.2721     0.2    5935.2721      0.0000       0.0000 Mul_21
system/tile_prci_domain/tile_reset_domain_tile/fusion/fgra/fgra/pes_12/alu/shift     689.1360     0.0     689.1360      0.0000       0.0000 SHIFT_21
system/tile_prci_domain/tile_reset_domain_tile/fusion/fgra/fgra/pes_12/alu/si2fp     474.1632     0.0       0.0000      0.0000       0.0000 IntToFP_21
system/tile_prci_domain/tile_reset_domain_tile/fusion/fgra/fgra/pes_12/alu/si2fp/post_norm      41.8656     0.0      20.2272      0.0000       0.0000 IntToFP_postnorm_21
system/tile_prci_domain/tile_reset_domain_tile/fusion/fgra/fgra/pes_12/alu/si2fp/post_norm/rounder      21.6384     0.0      21.6384      0.0000       0.0000 RoundingUnit_245
system/tile_prci_domain/tile_reset_domain_tile/fusion/fgra/fgra/pes_12/alu/si2fp/pre_norm     432.2976     0.0     338.9232      0.0000       0.0000 IntToFP_prenorm_21
system/tile_prci_domain/tile_reset_domain_tile/fusion/fgra/fgra/pes_12/alu/si2fp/pre_norm/pos_lzc_clz      93.3744     0.0      93.3744      0.0000       0.0000 CLZ_3_43
system/tile_prci_domain/tile_reset_domain_tile/fusion/fgra/fgra/pes_12/cfg     545.6640     0.0     153.8208    391.8432       0.0000 ConfigMem_12_7
system/tile_prci_domain/tile_reset_domain_tile/fusion/fgra/fgra/pes_12/delayPipeCG    7123.9729     0.2    4279.9345   2844.0384       0.0000 SharedDelayPipe_12_14
system/tile_prci_domain/tile_reset_domain_tile/fusion/fgra/fgra/pes_12/delayPipeFG     173.5776     0.0     112.4256     61.1520       0.0000 SharedDelayPipe_13_7
system/tile_prci_domain/tile_reset_domain_tile/fusion/fgra/fgra/pes_12/dmr     153.3504     0.0       0.0000    153.3504       0.0000 DualModeReg_14
system/tile_prci_domain/tile_reset_domain_tile/fusion/fgra/fgra/pes_12/rf4alu       7.9968     0.0       3.2928      4.7040       0.0000 RF_19
system/tile_prci_domain/tile_reset_domain_tile/fusion/fgra/fgra/pes_13   26540.9091     0.8       6.8208      0.0000       0.0000 GPE_13
system/tile_prci_domain/tile_reset_domain_tile/fusion/fgra/fgra/pes_13/Muxn     244.3728     0.0     244.3728      0.0000       0.0000 Muxn_24_125
system/tile_prci_domain/tile_reset_domain_tile/fusion/fgra/fgra/pes_13/Muxn_1     294.2352     0.0     294.2352      0.0000       0.0000 Muxn_24_124
system/tile_prci_domain/tile_reset_domain_tile/fusion/fgra/fgra/pes_13/Muxn_2       7.5264     0.0       7.5264      0.0000       0.0000 Muxn_26_27
system/tile_prci_domain/tile_reset_domain_tile/fusion/fgra/fgra/pes_13/alu   17994.4466     0.5     744.6432      0.0000       0.0000 ALU_7
system/tile_prci_domain/tile_reset_domain_tile/fusion/fgra/fgra/pes_13/alu/arith     422.4192     0.0     422.4192      0.0000       0.0000 ARITH_20
system/tile_prci_domain/tile_reset_domain_tile/fusion/fgra/fgra/pes_13/alu/fadd    5369.8513     0.2       0.0000      0.0000       0.0000 FADD_28
system/tile_prci_domain/tile_reset_domain_tile/fusion/fgra/fgra/pes_13/alu/fadd/fcmaadd    5369.8513     0.2       2.3520      0.0000       0.0000 FCMA_ADD_28
system/tile_prci_domain/tile_reset_domain_tile/fusion/fgra/fgra/pes_13/alu/fadd/fcmaadd/fadd_s1    3676.8817     0.1     684.6672      0.0000       0.0000 FCMA_ADD_s1_28
system/tile_prci_domain/tile_reset_domain_tile/fusion/fgra/fgra/pes_13/alu/fadd/fcmaadd/fadd_s1/far_path_mods_0     925.5120     0.0     397.4880      0.0000       0.0000 FarPath_28
system/tile_prci_domain/tile_reset_domain_tile/fusion/fgra/fgra/pes_13/alu/fadd/fcmaadd/fadd_s1/far_path_mods_0/shiftRightJam     528.0240     0.0     528.0240      0.0000       0.0000 ShiftRightJam_29
system/tile_prci_domain/tile_reset_domain_tile/fusion/fgra/fgra/pes_13/alu/fadd/fcmaadd/fadd_s1/near_path_mods_0    1043.1120     0.0     777.3360      0.0000       0.0000 NearPath_57
system/tile_prci_domain/tile_reset_domain_tile/fusion/fgra/fgra/pes_13/alu/fadd/fcmaadd/fadd_s1/near_path_mods_0/lza_ab     158.5248     0.0     158.5248      0.0000       0.0000 LZA_58
system/tile_prci_domain/tile_reset_domain_tile/fusion/fgra/fgra/pes_13/alu/fadd/fcmaadd/fadd_s1/near_path_mods_0/lzc_clz     107.2512     0.0     107.2512      0.0000       0.0000 CLZ_59
system/tile_prci_domain/tile_reset_domain_tile/fusion/fgra/fgra/pes_13/alu/fadd/fcmaadd/fadd_s1/near_path_mods_1    1023.5904     0.0     758.5200      0.0000       0.0000 NearPath_56
system/tile_prci_domain/tile_reset_domain_tile/fusion/fgra/fgra/pes_13/alu/fadd/fcmaadd/fadd_s1/near_path_mods_1/lza_ab     163.2288     0.0     163.2288      0.0000       0.0000 LZA_57
system/tile_prci_domain/tile_reset_domain_tile/fusion/fgra/fgra/pes_13/alu/fadd/fcmaadd/fadd_s1/near_path_mods_1/lzc_clz     101.8416     0.0     101.8416      0.0000       0.0000 CLZ_58
system/tile_prci_domain/tile_reset_domain_tile/fusion/fgra/fgra/pes_13/alu/fadd/fcmaadd/fadd_s2    1690.6176     0.0    1243.9728      0.0000       0.0000 FCMA_ADD_s2_28
system/tile_prci_domain/tile_reset_domain_tile/fusion/fgra/fgra/pes_13/alu/fadd/fcmaadd/fadd_s2/far_path_rounder     246.9600     0.0     246.9600      0.0000       0.0000 RoundingUnit_179
system/tile_prci_domain/tile_reset_domain_tile/fusion/fgra/fgra/pes_13/alu/fadd/fcmaadd/fadd_s2/near_path_rounder     199.6848     0.0     199.6848      0.0000       0.0000 RoundingUnit_178
system/tile_prci_domain/tile_reset_domain_tile/fusion/fgra/fgra/pes_13/alu/fcmp     291.1776     0.0     291.1776      0.0000       0.0000 FCMP_62
system/tile_prci_domain/tile_reset_domain_tile/fusion/fgra/fgra/pes_13/alu/fmax     274.0080     0.0     274.0080      0.0000       0.0000 FCMP_60
system/tile_prci_domain/tile_reset_domain_tile/fusion/fgra/fgra/pes_13/alu/fmin     274.4784     0.0     274.4784      0.0000       0.0000 FCMP_61
system/tile_prci_domain/tile_reset_domain_tile/fusion/fgra/fgra/pes_13/alu/fmul    2372.2272     0.1      13.6416    555.3072       0.0000 FMUL_share_20
system/tile_prci_domain/tile_reset_domain_tile/fusion/fgra/fgra/pes_13/alu/fmul/fmul_s1     479.8080     0.0     396.3120      0.0000       0.0000 FMUL_s1_20
system/tile_prci_domain/tile_reset_domain_tile/fusion/fgra/fgra/pes_13/alu/fmul/fmul_s1/lzc_clz      83.4960     0.0      83.4960      0.0000       0.0000 CLZ_2_20
system/tile_prci_domain/tile_reset_domain_tile/fusion/fgra/fgra/pes_13/alu/fmul/fmul_s2    1118.6112     0.0    1118.6112      0.0000       0.0000 FMUL_s2_20
system/tile_prci_domain/tile_reset_domain_tile/fusion/fgra/fgra/pes_13/alu/fmul/fmul_s3     204.8592     0.0     104.1936      0.0000       0.0000 FMUL_s3_20
system/tile_prci_domain/tile_reset_domain_tile/fusion/fgra/fgra/pes_13/alu/fmul/fmul_s3/rounder     100.6656     0.0     100.6656      0.0000       0.0000 RoundingUnit_244
system/tile_prci_domain/tile_reset_domain_tile/fusion/fgra/fgra/pes_13/alu/fp2si     957.0288     0.0       0.0000      0.0000       0.0000 FPToInt_20
system/tile_prci_domain/tile_reset_domain_tile/fusion/fgra/fgra/pes_13/alu/fp2si/s1     107.2512     0.0     107.2512      0.0000       0.0000 FPToInt_s1_20
system/tile_prci_domain/tile_reset_domain_tile/fusion/fgra/fgra/pes_13/alu/fp2si/s2     849.7776     0.0     582.3552      0.0000       0.0000 FPToInt_s2_20
system/tile_prci_domain/tile_reset_domain_tile/fusion/fgra/fgra/pes_13/alu/fp2si/s2/rpath_rounder      22.5792     0.0      22.5792      0.0000       0.0000 RoundingUnit_6_20
system/tile_prci_domain/tile_reset_domain_tile/fusion/fgra/fgra/pes_13/alu/fp2si/s2/shiftRightJam     244.8432     0.0     244.8432      0.0000       0.0000 ShiftRightJam_1_20
system/tile_prci_domain/tile_reset_domain_tile/fusion/fgra/fgra/pes_13/alu/logic_0     233.5536     0.0      10.3488      0.0000       0.0000 LOGIC_20
system/tile_prci_domain/tile_reset_domain_tile/fusion/fgra/fgra/pes_13/alu/logic_0/logicUnit       6.3504     0.0       6.3504      0.0000       0.0000 UnifiedCom_671
system/tile_prci_domain/tile_reset_domain_tile/fusion/fgra/fgra/pes_13/alu/logic_0/logicUnit_1       6.3504     0.0       6.3504      0.0000       0.0000 UnifiedCom_670
system/tile_prci_domain/tile_reset_domain_tile/fusion/fgra/fgra/pes_13/alu/logic_0/logicUnit_10       7.0560     0.0       7.0560      0.0000       0.0000 UnifiedCom_661
system/tile_prci_domain/tile_reset_domain_tile/fusion/fgra/fgra/pes_13/alu/logic_0/logicUnit_11       7.0560     0.0       7.0560      0.0000       0.0000 UnifiedCom_660
system/tile_prci_domain/tile_reset_domain_tile/fusion/fgra/fgra/pes_13/alu/logic_0/logicUnit_12       6.3504     0.0       6.3504      0.0000       0.0000 UnifiedCom_659
system/tile_prci_domain/tile_reset_domain_tile/fusion/fgra/fgra/pes_13/alu/logic_0/logicUnit_13       7.0560     0.0       7.0560      0.0000       0.0000 UnifiedCom_658
system/tile_prci_domain/tile_reset_domain_tile/fusion/fgra/fgra/pes_13/alu/logic_0/logicUnit_14       7.0560     0.0       7.0560      0.0000       0.0000 UnifiedCom_657
system/tile_prci_domain/tile_reset_domain_tile/fusion/fgra/fgra/pes_13/alu/logic_0/logicUnit_15       7.0560     0.0       7.0560      0.0000       0.0000 UnifiedCom_656
system/tile_prci_domain/tile_reset_domain_tile/fusion/fgra/fgra/pes_13/alu/logic_0/logicUnit_16       7.0560     0.0       7.0560      0.0000       0.0000 UnifiedCom_655
system/tile_prci_domain/tile_reset_domain_tile/fusion/fgra/fgra/pes_13/alu/logic_0/logicUnit_17       7.0560     0.0       7.0560      0.0000       0.0000 UnifiedCom_654
system/tile_prci_domain/tile_reset_domain_tile/fusion/fgra/fgra/pes_13/alu/logic_0/logicUnit_18       7.0560     0.0       7.0560      0.0000       0.0000 UnifiedCom_653
system/tile_prci_domain/tile_reset_domain_tile/fusion/fgra/fgra/pes_13/alu/logic_0/logicUnit_19       7.0560     0.0       7.0560      0.0000       0.0000 UnifiedCom_652
system/tile_prci_domain/tile_reset_domain_tile/fusion/fgra/fgra/pes_13/alu/logic_0/logicUnit_2       7.0560     0.0       7.0560      0.0000       0.0000 UnifiedCom_669
system/tile_prci_domain/tile_reset_domain_tile/fusion/fgra/fgra/pes_13/alu/logic_0/logicUnit_20       7.0560     0.0       7.0560      0.0000       0.0000 UnifiedCom_651
system/tile_prci_domain/tile_reset_domain_tile/fusion/fgra/fgra/pes_13/alu/logic_0/logicUnit_21       7.0560     0.0       7.0560      0.0000       0.0000 UnifiedCom_650
system/tile_prci_domain/tile_reset_domain_tile/fusion/fgra/fgra/pes_13/alu/logic_0/logicUnit_22       7.0560     0.0       7.0560      0.0000       0.0000 UnifiedCom_649
system/tile_prci_domain/tile_reset_domain_tile/fusion/fgra/fgra/pes_13/alu/logic_0/logicUnit_23       7.0560     0.0       7.0560      0.0000       0.0000 UnifiedCom_648
system/tile_prci_domain/tile_reset_domain_tile/fusion/fgra/fgra/pes_13/alu/logic_0/logicUnit_24       7.0560     0.0       7.0560      0.0000       0.0000 UnifiedCom_647
system/tile_prci_domain/tile_reset_domain_tile/fusion/fgra/fgra/pes_13/alu/logic_0/logicUnit_25       7.0560     0.0       7.0560      0.0000       0.0000 UnifiedCom_646
system/tile_prci_domain/tile_reset_domain_tile/fusion/fgra/fgra/pes_13/alu/logic_0/logicUnit_26       7.0560     0.0       7.0560      0.0000       0.0000 UnifiedCom_645
system/tile_prci_domain/tile_reset_domain_tile/fusion/fgra/fgra/pes_13/alu/logic_0/logicUnit_27       6.3504     0.0       6.3504      0.0000       0.0000 UnifiedCom_644
system/tile_prci_domain/tile_reset_domain_tile/fusion/fgra/fgra/pes_13/alu/logic_0/logicUnit_28       7.0560     0.0       7.0560      0.0000       0.0000 UnifiedCom_643
system/tile_prci_domain/tile_reset_domain_tile/fusion/fgra/fgra/pes_13/alu/logic_0/logicUnit_29       7.0560     0.0       7.0560      0.0000       0.0000 UnifiedCom_642
system/tile_prci_domain/tile_reset_domain_tile/fusion/fgra/fgra/pes_13/alu/logic_0/logicUnit_3       8.7024     0.0       8.7024      0.0000       0.0000 UnifiedCom_668
system/tile_prci_domain/tile_reset_domain_tile/fusion/fgra/fgra/pes_13/alu/logic_0/logicUnit_30       7.0560     0.0       7.0560      0.0000       0.0000 UnifiedCom_641
system/tile_prci_domain/tile_reset_domain_tile/fusion/fgra/fgra/pes_13/alu/logic_0/logicUnit_31       7.0560     0.0       7.0560      0.0000       0.0000 UnifiedCom_640
system/tile_prci_domain/tile_reset_domain_tile/fusion/fgra/fgra/pes_13/alu/logic_0/logicUnit_4       7.0560     0.0       7.0560      0.0000       0.0000 UnifiedCom_667
system/tile_prci_domain/tile_reset_domain_tile/fusion/fgra/fgra/pes_13/alu/logic_0/logicUnit_5       7.0560     0.0       7.0560      0.0000       0.0000 UnifiedCom_666
system/tile_prci_domain/tile_reset_domain_tile/fusion/fgra/fgra/pes_13/alu/logic_0/logicUnit_6       7.0560     0.0       7.0560      0.0000       0.0000 UnifiedCom_665
system/tile_prci_domain/tile_reset_domain_tile/fusion/fgra/fgra/pes_13/alu/logic_0/logicUnit_7       7.0560     0.0       7.0560      0.0000       0.0000 UnifiedCom_664
system/tile_prci_domain/tile_reset_domain_tile/fusion/fgra/fgra/pes_13/alu/logic_0/logicUnit_8       6.3504     0.0       6.3504      0.0000       0.0000 UnifiedCom_663
system/tile_prci_domain/tile_reset_domain_tile/fusion/fgra/fgra/pes_13/alu/logic_0/logicUnit_9       6.3504     0.0       6.3504      0.0000       0.0000 UnifiedCom_662
system/tile_prci_domain/tile_reset_domain_tile/fusion/fgra/fgra/pes_13/alu/multipler    5888.7025     0.2    5888.7025      0.0000       0.0000 Mul_20
system/tile_prci_domain/tile_reset_domain_tile/fusion/fgra/fgra/pes_13/alu/shift     690.3120     0.0     690.3120      0.0000       0.0000 SHIFT_20
system/tile_prci_domain/tile_reset_domain_tile/fusion/fgra/fgra/pes_13/alu/si2fp     476.0448     0.0       0.0000      0.0000       0.0000 IntToFP_20
system/tile_prci_domain/tile_reset_domain_tile/fusion/fgra/fgra/pes_13/alu/si2fp/post_norm      41.6304     0.0      19.9920      0.0000       0.0000 IntToFP_postnorm_20
system/tile_prci_domain/tile_reset_domain_tile/fusion/fgra/fgra/pes_13/alu/si2fp/post_norm/rounder      21.6384     0.0      21.6384      0.0000       0.0000 RoundingUnit_243
system/tile_prci_domain/tile_reset_domain_tile/fusion/fgra/fgra/pes_13/alu/si2fp/pre_norm     434.4144     0.0     334.9248      0.0000       0.0000 IntToFP_prenorm_20
system/tile_prci_domain/tile_reset_domain_tile/fusion/fgra/fgra/pes_13/alu/si2fp/pre_norm/pos_lzc_clz      99.4896     0.0      99.4896      0.0000       0.0000 CLZ_3_41
system/tile_prci_domain/tile_reset_domain_tile/fusion/fgra/fgra/pes_13/cfg     537.9024     0.0     153.8208    384.0816       0.0000 ConfigMem_12_6
system/tile_prci_domain/tile_reset_domain_tile/fusion/fgra/fgra/pes_13/delayPipeCG    7118.0929     0.2    4274.0545   2844.0384       0.0000 SharedDelayPipe_12_12
system/tile_prci_domain/tile_reset_domain_tile/fusion/fgra/fgra/pes_13/delayPipeFG     173.5776     0.0     112.4256     61.1520       0.0000 SharedDelayPipe_13_6
system/tile_prci_domain/tile_reset_domain_tile/fusion/fgra/fgra/pes_13/dmr     155.9376     0.0       0.0000    155.9376       0.0000 DualModeReg_13
system/tile_prci_domain/tile_reset_domain_tile/fusion/fgra/fgra/pes_13/rf4alu       7.9968     0.0       3.2928      4.7040       0.0000 RF_18
system/tile_prci_domain/tile_reset_domain_tile/fusion/fgra/fgra/pes_14   41105.4340     1.2       7.9968      0.0000       0.0000 GPE_14
system/tile_prci_domain/tile_reset_domain_tile/fusion/fgra/fgra/pes_14/Muxn     277.3008     0.0     277.3008      0.0000       0.0000 Muxn_24_123
system/tile_prci_domain/tile_reset_domain_tile/fusion/fgra/fgra/pes_14/Muxn_1     269.5392     0.0     269.5392      0.0000       0.0000 Muxn_24_122
system/tile_prci_domain/tile_reset_domain_tile/fusion/fgra/fgra/pes_14/Muxn_2      10.1136     0.0      10.1136      0.0000       0.0000 Muxn_91_37
system/tile_prci_domain/tile_reset_domain_tile/fusion/fgra/fgra/pes_14/Muxn_3      10.1136     0.0      10.1136      0.0000       0.0000 Muxn_91_36
system/tile_prci_domain/tile_reset_domain_tile/fusion/fgra/fgra/pes_14/Muxn_4      10.1136     0.0      10.1136      0.0000       0.0000 Muxn_91_35
system/tile_prci_domain/tile_reset_domain_tile/fusion/fgra/fgra/pes_14/alu   31926.5187     0.9     794.7408      0.0000       0.0000 ALU_14_1
system/tile_prci_domain/tile_reset_domain_tile/fusion/fgra/fgra/pes_14/alu/arith     425.0064     0.0     425.0064      0.0000       0.0000 ARITH_19
system/tile_prci_domain/tile_reset_domain_tile/fusion/fgra/fgra/pes_14/alu/fadd    5249.8993     0.1       0.0000      0.0000       0.0000 FADD_27
system/tile_prci_domain/tile_reset_domain_tile/fusion/fgra/fgra/pes_14/alu/fadd/fcmaadd    5249.8993     0.1       2.3520      0.0000       0.0000 FCMA_ADD_27
system/tile_prci_domain/tile_reset_domain_tile/fusion/fgra/fgra/pes_14/alu/fadd/fcmaadd/fadd_s1    3599.9713     0.1     667.9680      0.0000       0.0000 FCMA_ADD_s1_27
system/tile_prci_domain/tile_reset_domain_tile/fusion/fgra/fgra/pes_14/alu/fadd/fcmaadd/fadd_s1/far_path_mods_0     849.3072     0.0     373.4976      0.0000       0.0000 FarPath_27
system/tile_prci_domain/tile_reset_domain_tile/fusion/fgra/fgra/pes_14/alu/fadd/fcmaadd/fadd_s1/far_path_mods_0/shiftRightJam     475.8096     0.0     475.8096      0.0000       0.0000 ShiftRightJam_28
system/tile_prci_domain/tile_reset_domain_tile/fusion/fgra/fgra/pes_14/alu/fadd/fcmaadd/fadd_s1/near_path_mods_0    1069.6896     0.0     784.3920      0.0000       0.0000 NearPath_55
system/tile_prci_domain/tile_reset_domain_tile/fusion/fgra/fgra/pes_14/alu/fadd/fcmaadd/fadd_s1/near_path_mods_0/lza_ab     175.4592     0.0     175.4592      0.0000       0.0000 LZA_56
system/tile_prci_domain/tile_reset_domain_tile/fusion/fgra/fgra/pes_14/alu/fadd/fcmaadd/fadd_s1/near_path_mods_0/lzc_clz     109.8384     0.0     109.8384      0.0000       0.0000 CLZ_57
system/tile_prci_domain/tile_reset_domain_tile/fusion/fgra/fgra/pes_14/alu/fadd/fcmaadd/fadd_s1/near_path_mods_1    1013.0064     0.0     749.8176      0.0000       0.0000 NearPath_54
system/tile_prci_domain/tile_reset_domain_tile/fusion/fgra/fgra/pes_14/alu/fadd/fcmaadd/fadd_s1/near_path_mods_1/lza_ab     164.8752     0.0     164.8752      0.0000       0.0000 LZA_55
system/tile_prci_domain/tile_reset_domain_tile/fusion/fgra/fgra/pes_14/alu/fadd/fcmaadd/fadd_s1/near_path_mods_1/lzc_clz      98.3136     0.0      98.3136      0.0000       0.0000 CLZ_56
system/tile_prci_domain/tile_reset_domain_tile/fusion/fgra/fgra/pes_14/alu/fadd/fcmaadd/fadd_s2    1647.5760     0.0    1206.8112      0.0000       0.0000 FCMA_ADD_s2_27
system/tile_prci_domain/tile_reset_domain_tile/fusion/fgra/fgra/pes_14/alu/fadd/fcmaadd/fadd_s2/far_path_rounder     232.3776     0.0     232.3776      0.0000       0.0000 RoundingUnit_176
system/tile_prci_domain/tile_reset_domain_tile/fusion/fgra/fgra/pes_14/alu/fadd/fcmaadd/fadd_s2/near_path_rounder     208.3872     0.0     208.3872      0.0000       0.0000 RoundingUnit_175
system/tile_prci_domain/tile_reset_domain_tile/fusion/fgra/fgra/pes_14/alu/fdiv   14332.6177     0.4     139.0032    884.5872       0.0000 fpDiv_19
system/tile_prci_domain/tile_reset_domain_tile/fusion/fgra/fgra/pes_14/alu/fdiv/inverter    9842.1793     0.3    1402.0272    884.5872       0.0000 fpInverter_19
system/tile_prci_domain/tile_reset_domain_tile/fusion/fgra/fgra/pes_14/alu/fdiv/inverter/adder     112.8960     0.0     112.8960      0.0000       0.0000 VarSizeAdder_19
system/tile_prci_domain/tile_reset_domain_tile/fusion/fgra/fgra/pes_14/alu/fdiv/inverter/mul1    1780.9344     0.1    1780.9344      0.0000       0.0000 VarSizeMul_19
system/tile_prci_domain/tile_reset_domain_tile/fusion/fgra/fgra/pes_14/alu/fdiv/inverter/mul2    1609.0032     0.0    1609.0032      0.0000       0.0000 mul2_19
system/tile_prci_domain/tile_reset_domain_tile/fusion/fgra/fgra/pes_14/alu/fdiv/inverter/mul3    2977.3968     0.1    2977.3968      0.0000       0.0000 mul3_19
system/tile_prci_domain/tile_reset_domain_tile/fusion/fgra/fgra/pes_14/alu/fdiv/inverter/sub2     139.4736     0.0     139.4736      0.0000       0.0000 VarSizeSub_19
system/tile_prci_domain/tile_reset_domain_tile/fusion/fgra/fgra/pes_14/alu/fdiv/inverter/tableC     186.9840     0.0     186.9840      0.0000       0.0000 lookupC_19
system/tile_prci_domain/tile_reset_domain_tile/fusion/fgra/fgra/pes_14/alu/fdiv/inverter/tableJ     284.3568     0.0     284.3568      0.0000       0.0000 lookupJ_19
system/tile_prci_domain/tile_reset_domain_tile/fusion/fgra/fgra/pes_14/alu/fdiv/inverter/tableL     464.5200     0.0     337.5120    127.0080       0.0000 lookupL_19
system/tile_prci_domain/tile_reset_domain_tile/fusion/fgra/fgra/pes_14/alu/fdiv/multiplier    3466.8480     0.1    3280.5696    164.6400       0.0000 FPMult_19
system/tile_prci_domain/tile_reset_domain_tile/fusion/fgra/fgra/pes_14/alu/fdiv/multiplier/rounder      21.6384     0.0      21.6384      0.0000       0.0000 MantissaRounder_19
system/tile_prci_domain/tile_reset_domain_tile/fusion/fgra/fgra/pes_14/alu/fmax     272.8320     0.0     272.8320      0.0000       0.0000 FCMP_57
system/tile_prci_domain/tile_reset_domain_tile/fusion/fgra/fgra/pes_14/alu/fmin     273.0672     0.0     273.0672      0.0000       0.0000 FCMP_58
system/tile_prci_domain/tile_reset_domain_tile/fusion/fgra/fgra/pes_14/alu/fmul    2349.1776     0.1      17.8752    555.7776       0.0000 FMUL_share_19
system/tile_prci_domain/tile_reset_domain_tile/fusion/fgra/fgra/pes_14/alu/fmul/fmul_s1     481.2192     0.0     396.3120      0.0000       0.0000 FMUL_s1_19
system/tile_prci_domain/tile_reset_domain_tile/fusion/fgra/fgra/pes_14/alu/fmul/fmul_s1/lzc_clz      84.9072     0.0      84.9072      0.0000       0.0000 CLZ_2_19
system/tile_prci_domain/tile_reset_domain_tile/fusion/fgra/fgra/pes_14/alu/fmul/fmul_s2    1089.4464     0.0    1089.4464      0.0000       0.0000 FMUL_s2_19
system/tile_prci_domain/tile_reset_domain_tile/fusion/fgra/fgra/pes_14/alu/fmul/fmul_s3     204.8592     0.0     104.1936      0.0000       0.0000 FMUL_s3_19
system/tile_prci_domain/tile_reset_domain_tile/fusion/fgra/fgra/pes_14/alu/fmul/fmul_s3/rounder     100.6656     0.0     100.6656      0.0000       0.0000 RoundingUnit_242
system/tile_prci_domain/tile_reset_domain_tile/fusion/fgra/fgra/pes_14/alu/fp2si     960.5568     0.0       0.0000      0.0000       0.0000 FPToInt_19
system/tile_prci_domain/tile_reset_domain_tile/fusion/fgra/fgra/pes_14/alu/fp2si/s1     108.1920     0.0     108.1920      0.0000       0.0000 FPToInt_s1_19
system/tile_prci_domain/tile_reset_domain_tile/fusion/fgra/fgra/pes_14/alu/fp2si/s2     852.3648     0.0     584.2368      0.0000       0.0000 FPToInt_s2_19
system/tile_prci_domain/tile_reset_domain_tile/fusion/fgra/fgra/pes_14/alu/fp2si/s2/rpath_rounder      22.5792     0.0      22.5792      0.0000       0.0000 RoundingUnit_6_19
system/tile_prci_domain/tile_reset_domain_tile/fusion/fgra/fgra/pes_14/alu/fp2si/s2/shiftRightJam     245.5488     0.0     245.5488      0.0000       0.0000 ShiftRightJam_1_19
system/tile_prci_domain/tile_reset_domain_tile/fusion/fgra/fgra/pes_14/alu/logic_0     233.7888     0.0       9.4080      0.0000       0.0000 LOGIC_19
system/tile_prci_domain/tile_reset_domain_tile/fusion/fgra/fgra/pes_14/alu/logic_0/logicUnit       7.5264     0.0       7.5264      0.0000       0.0000 UnifiedCom_639
system/tile_prci_domain/tile_reset_domain_tile/fusion/fgra/fgra/pes_14/alu/logic_0/logicUnit_1       6.3504     0.0       6.3504      0.0000       0.0000 UnifiedCom_638
system/tile_prci_domain/tile_reset_domain_tile/fusion/fgra/fgra/pes_14/alu/logic_0/logicUnit_10       7.0560     0.0       7.0560      0.0000       0.0000 UnifiedCom_629
system/tile_prci_domain/tile_reset_domain_tile/fusion/fgra/fgra/pes_14/alu/logic_0/logicUnit_11       7.0560     0.0       7.0560      0.0000       0.0000 UnifiedCom_628
system/tile_prci_domain/tile_reset_domain_tile/fusion/fgra/fgra/pes_14/alu/logic_0/logicUnit_12       7.0560     0.0       7.0560      0.0000       0.0000 UnifiedCom_627
system/tile_prci_domain/tile_reset_domain_tile/fusion/fgra/fgra/pes_14/alu/logic_0/logicUnit_13       7.0560     0.0       7.0560      0.0000       0.0000 UnifiedCom_626
system/tile_prci_domain/tile_reset_domain_tile/fusion/fgra/fgra/pes_14/alu/logic_0/logicUnit_14       7.0560     0.0       7.0560      0.0000       0.0000 UnifiedCom_625
system/tile_prci_domain/tile_reset_domain_tile/fusion/fgra/fgra/pes_14/alu/logic_0/logicUnit_15       7.0560     0.0       7.0560      0.0000       0.0000 UnifiedCom_624
system/tile_prci_domain/tile_reset_domain_tile/fusion/fgra/fgra/pes_14/alu/logic_0/logicUnit_16       7.0560     0.0       7.0560      0.0000       0.0000 UnifiedCom_623
system/tile_prci_domain/tile_reset_domain_tile/fusion/fgra/fgra/pes_14/alu/logic_0/logicUnit_17       7.0560     0.0       7.0560      0.0000       0.0000 UnifiedCom_622
system/tile_prci_domain/tile_reset_domain_tile/fusion/fgra/fgra/pes_14/alu/logic_0/logicUnit_18       7.0560     0.0       7.0560      0.0000       0.0000 UnifiedCom_621
system/tile_prci_domain/tile_reset_domain_tile/fusion/fgra/fgra/pes_14/alu/logic_0/logicUnit_19       7.0560     0.0       7.0560      0.0000       0.0000 UnifiedCom_620
system/tile_prci_domain/tile_reset_domain_tile/fusion/fgra/fgra/pes_14/alu/logic_0/logicUnit_2       7.0560     0.0       7.0560      0.0000       0.0000 UnifiedCom_637
system/tile_prci_domain/tile_reset_domain_tile/fusion/fgra/fgra/pes_14/alu/logic_0/logicUnit_20       7.0560     0.0       7.0560      0.0000       0.0000 UnifiedCom_619
system/tile_prci_domain/tile_reset_domain_tile/fusion/fgra/fgra/pes_14/alu/logic_0/logicUnit_21       6.3504     0.0       6.3504      0.0000       0.0000 UnifiedCom_618
system/tile_prci_domain/tile_reset_domain_tile/fusion/fgra/fgra/pes_14/alu/logic_0/logicUnit_22       7.0560     0.0       7.0560      0.0000       0.0000 UnifiedCom_617
system/tile_prci_domain/tile_reset_domain_tile/fusion/fgra/fgra/pes_14/alu/logic_0/logicUnit_23       7.0560     0.0       7.0560      0.0000       0.0000 UnifiedCom_616
system/tile_prci_domain/tile_reset_domain_tile/fusion/fgra/fgra/pes_14/alu/logic_0/logicUnit_24       7.0560     0.0       7.0560      0.0000       0.0000 UnifiedCom_615
system/tile_prci_domain/tile_reset_domain_tile/fusion/fgra/fgra/pes_14/alu/logic_0/logicUnit_25       7.0560     0.0       7.0560      0.0000       0.0000 UnifiedCom_614
system/tile_prci_domain/tile_reset_domain_tile/fusion/fgra/fgra/pes_14/alu/logic_0/logicUnit_26       7.0560     0.0       7.0560      0.0000       0.0000 UnifiedCom_613
system/tile_prci_domain/tile_reset_domain_tile/fusion/fgra/fgra/pes_14/alu/logic_0/logicUnit_27       7.0560     0.0       7.0560      0.0000       0.0000 UnifiedCom_612
system/tile_prci_domain/tile_reset_domain_tile/fusion/fgra/fgra/pes_14/alu/logic_0/logicUnit_28       7.0560     0.0       7.0560      0.0000       0.0000 UnifiedCom_611
system/tile_prci_domain/tile_reset_domain_tile/fusion/fgra/fgra/pes_14/alu/logic_0/logicUnit_29       7.0560     0.0       7.0560      0.0000       0.0000 UnifiedCom_610
system/tile_prci_domain/tile_reset_domain_tile/fusion/fgra/fgra/pes_14/alu/logic_0/logicUnit_3       6.3504     0.0       6.3504      0.0000       0.0000 UnifiedCom_636
system/tile_prci_domain/tile_reset_domain_tile/fusion/fgra/fgra/pes_14/alu/logic_0/logicUnit_30       7.0560     0.0       7.0560      0.0000       0.0000 UnifiedCom_609
system/tile_prci_domain/tile_reset_domain_tile/fusion/fgra/fgra/pes_14/alu/logic_0/logicUnit_31       6.3504     0.0       6.3504      0.0000       0.0000 UnifiedCom_608
system/tile_prci_domain/tile_reset_domain_tile/fusion/fgra/fgra/pes_14/alu/logic_0/logicUnit_4       7.0560     0.0       7.0560      0.0000       0.0000 UnifiedCom_635
system/tile_prci_domain/tile_reset_domain_tile/fusion/fgra/fgra/pes_14/alu/logic_0/logicUnit_5       7.0560     0.0       7.0560      0.0000       0.0000 UnifiedCom_634
system/tile_prci_domain/tile_reset_domain_tile/fusion/fgra/fgra/pes_14/alu/logic_0/logicUnit_6       7.0560     0.0       7.0560      0.0000       0.0000 UnifiedCom_633
system/tile_prci_domain/tile_reset_domain_tile/fusion/fgra/fgra/pes_14/alu/logic_0/logicUnit_7       6.3504     0.0       6.3504      0.0000       0.0000 UnifiedCom_632
system/tile_prci_domain/tile_reset_domain_tile/fusion/fgra/fgra/pes_14/alu/logic_0/logicUnit_8       8.7024     0.0       8.7024      0.0000       0.0000 UnifiedCom_631
system/tile_prci_domain/tile_reset_domain_tile/fusion/fgra/fgra/pes_14/alu/logic_0/logicUnit_9       7.0560     0.0       7.0560      0.0000       0.0000 UnifiedCom_630
system/tile_prci_domain/tile_reset_domain_tile/fusion/fgra/fgra/pes_14/alu/multipler    5888.2321     0.2    5888.2321      0.0000       0.0000 Mul_19
system/tile_prci_domain/tile_reset_domain_tile/fusion/fgra/fgra/pes_14/alu/shift     689.6064     0.0     689.6064      0.0000       0.0000 SHIFT_19
system/tile_prci_domain/tile_reset_domain_tile/fusion/fgra/fgra/pes_14/alu/si2fp     456.9936     0.0       0.0000      0.0000       0.0000 IntToFP_19
system/tile_prci_domain/tile_reset_domain_tile/fusion/fgra/fgra/pes_14/alu/si2fp/post_norm      42.8064     0.0      21.1680      0.0000       0.0000 IntToFP_postnorm_19
system/tile_prci_domain/tile_reset_domain_tile/fusion/fgra/fgra/pes_14/alu/si2fp/post_norm/rounder      21.6384     0.0      21.6384      0.0000       0.0000 RoundingUnit_241
system/tile_prci_domain/tile_reset_domain_tile/fusion/fgra/fgra/pes_14/alu/si2fp/pre_norm     414.1872     0.0     321.0480      0.0000       0.0000 IntToFP_prenorm_19
system/tile_prci_domain/tile_reset_domain_tile/fusion/fgra/fgra/pes_14/alu/si2fp/pre_norm/pos_lzc_clz      93.1392     0.0      93.1392      0.0000       0.0000 CLZ_3_39
system/tile_prci_domain/tile_reset_domain_tile/fusion/fgra/fgra/pes_14/cfg     675.7296     0.0     194.2752    481.4544       0.0000 ConfigMem_36_5
system/tile_prci_domain/tile_reset_domain_tile/fusion/fgra/fgra/pes_14/delayPipeCG    7200.4129     0.2    4341.5569   2858.8560       0.0000 SharedDelayPipe_12_11
system/tile_prci_domain/tile_reset_domain_tile/fusion/fgra/fgra/pes_14/delayPipeFG     538.6080     0.0     430.4160    108.1920       0.0000 SharedDelayPipe_31_5
system/tile_prci_domain/tile_reset_domain_tile/fusion/fgra/fgra/pes_14/dmr     155.7024     0.0       0.0000    155.7024       0.0000 DualModeReg_12
system/tile_prci_domain/tile_reset_domain_tile/fusion/fgra/fgra/pes_14/lut       5.8800     0.0       5.8800      0.0000       0.0000 LUT_5
system/tile_prci_domain/tile_reset_domain_tile/fusion/fgra/fgra/pes_14/rf4alu       8.9376     0.0       3.9984      4.9392       0.0000 RF_17
system/tile_prci_domain/tile_reset_domain_tile/fusion/fgra/fgra/pes_14/rf4lut       8.4672     0.0       3.7632      4.7040       0.0000 RF_16
system/tile_prci_domain/tile_reset_domain_tile/fusion/fgra/fgra/pes_15   35265.4179     1.0       7.2912      0.0000       0.0000 GPE_15
system/tile_prci_domain/tile_reset_domain_tile/fusion/fgra/fgra/pes_15/Muxn     231.2016     0.0     231.2016      0.0000       0.0000 Muxn_24_121
system/tile_prci_domain/tile_reset_domain_tile/fusion/fgra/fgra/pes_15/Muxn_1     254.9568     0.0     254.9568      0.0000       0.0000 Muxn_24_120
system/tile_prci_domain/tile_reset_domain_tile/fusion/fgra/fgra/pes_15/Muxn_2      10.1136     0.0      10.1136      0.0000       0.0000 Muxn_91_34
system/tile_prci_domain/tile_reset_domain_tile/fusion/fgra/fgra/pes_15/Muxn_3      10.1136     0.0      10.1136      0.0000       0.0000 Muxn_91_33
system/tile_prci_domain/tile_reset_domain_tile/fusion/fgra/fgra/pes_15/Muxn_4      10.1136     0.0      10.1136      0.0000       0.0000 Muxn_91_32
system/tile_prci_domain/tile_reset_domain_tile/fusion/fgra/fgra/pes_15/alu   26350.3971     0.8     658.7952      0.0000       0.0000 ALU_15_3
system/tile_prci_domain/tile_reset_domain_tile/fusion/fgra/fgra/pes_15/alu/arith     425.4768     0.0     425.4768      0.0000       0.0000 ARITH_18
system/tile_prci_domain/tile_reset_domain_tile/fusion/fgra/fgra/pes_15/alu/fadd    5267.0689     0.2       0.0000      0.0000       0.0000 FADD_26
system/tile_prci_domain/tile_reset_domain_tile/fusion/fgra/fgra/pes_15/alu/fadd/fcmaadd    5267.0689     0.2       2.3520      0.0000       0.0000 FCMA_ADD_26
system/tile_prci_domain/tile_reset_domain_tile/fusion/fgra/fgra/pes_15/alu/fadd/fcmaadd/fadd_s1    3575.7457     0.1     667.9680      0.0000       0.0000 FCMA_ADD_s1_26
system/tile_prci_domain/tile_reset_domain_tile/fusion/fgra/fgra/pes_15/alu/fadd/fcmaadd/fadd_s1/far_path_mods_0     900.3456     0.0     367.1472      0.0000       0.0000 FarPath_26
system/tile_prci_domain/tile_reset_domain_tile/fusion/fgra/fgra/pes_15/alu/fadd/fcmaadd/fadd_s1/far_path_mods_0/shiftRightJam     533.1984     0.0     533.1984      0.0000       0.0000 ShiftRightJam_27
system/tile_prci_domain/tile_reset_domain_tile/fusion/fgra/fgra/pes_15/alu/fadd/fcmaadd/fadd_s1/near_path_mods_0    1000.3056     0.0     738.5280      0.0000       0.0000 NearPath_53
system/tile_prci_domain/tile_reset_domain_tile/fusion/fgra/fgra/pes_15/alu/fadd/fcmaadd/fadd_s1/near_path_mods_0/lza_ab     150.9984     0.0     150.9984      0.0000       0.0000 LZA_54
system/tile_prci_domain/tile_reset_domain_tile/fusion/fgra/fgra/pes_15/alu/fadd/fcmaadd/fadd_s1/near_path_mods_0/lzc_clz     110.7792     0.0     110.7792      0.0000       0.0000 CLZ_55
system/tile_prci_domain/tile_reset_domain_tile/fusion/fgra/fgra/pes_15/alu/fadd/fcmaadd/fadd_s1/near_path_mods_1    1007.1264     0.0     757.3440      0.0000       0.0000 NearPath_52
system/tile_prci_domain/tile_reset_domain_tile/fusion/fgra/fgra/pes_15/alu/fadd/fcmaadd/fadd_s1/near_path_mods_1/lza_ab     139.4736     0.0     139.4736      0.0000       0.0000 LZA_53
system/tile_prci_domain/tile_reset_domain_tile/fusion/fgra/fgra/pes_15/alu/fadd/fcmaadd/fadd_s1/near_path_mods_1/lzc_clz     110.3088     0.0     110.3088      0.0000       0.0000 CLZ_54
system/tile_prci_domain/tile_reset_domain_tile/fusion/fgra/fgra/pes_15/alu/fadd/fcmaadd/fadd_s2    1688.9712     0.0    1221.8640      0.0000       0.0000 FCMA_ADD_s2_26
system/tile_prci_domain/tile_reset_domain_tile/fusion/fgra/fgra/pes_15/alu/fadd/fcmaadd/fadd_s2/far_path_rounder     266.2464     0.0     266.2464      0.0000       0.0000 RoundingUnit_173
system/tile_prci_domain/tile_reset_domain_tile/fusion/fgra/fgra/pes_15/alu/fadd/fcmaadd/fadd_s2/near_path_rounder     200.8608     0.0     200.8608      0.0000       0.0000 RoundingUnit_172
system/tile_prci_domain/tile_reset_domain_tile/fusion/fgra/fgra/pes_15/alu/fdiv   14251.7089     0.4     138.5328    884.5872       0.0000 fpDiv_18
system/tile_prci_domain/tile_reset_domain_tile/fusion/fgra/fgra/pes_15/alu/fdiv/inverter    9761.2705     0.3    1373.0976    885.0576       0.0000 fpInverter_18
system/tile_prci_domain/tile_reset_domain_tile/fusion/fgra/fgra/pes_15/alu/fdiv/inverter/adder     112.8960     0.0     112.8960      0.0000       0.0000 VarSizeAdder_18
system/tile_prci_domain/tile_reset_domain_tile/fusion/fgra/fgra/pes_15/alu/fdiv/inverter/mul1    1736.2464     0.0    1736.2464      0.0000       0.0000 VarSizeMul_18
system/tile_prci_domain/tile_reset_domain_tile/fusion/fgra/fgra/pes_15/alu/fdiv/inverter/mul2    1592.3040     0.0    1592.3040      0.0000       0.0000 mul2_18
system/tile_prci_domain/tile_reset_domain_tile/fusion/fgra/fgra/pes_15/alu/fdiv/inverter/mul3    2981.6304     0.1    2981.6304      0.0000       0.0000 mul3_18
system/tile_prci_domain/tile_reset_domain_tile/fusion/fgra/fgra/pes_15/alu/fdiv/inverter/sub2     139.4736     0.0     139.4736      0.0000       0.0000 VarSizeSub_18
system/tile_prci_domain/tile_reset_domain_tile/fusion/fgra/fgra/pes_15/alu/fdiv/inverter/tableC     189.1008     0.0     189.1008      0.0000       0.0000 lookupC_18
system/tile_prci_domain/tile_reset_domain_tile/fusion/fgra/fgra/pes_15/alu/fdiv/inverter/tableJ     286.9440     0.0     286.9440      0.0000       0.0000 lookupJ_18
system/tile_prci_domain/tile_reset_domain_tile/fusion/fgra/fgra/pes_15/alu/fdiv/inverter/tableL     464.5200     0.0     337.5120    127.0080       0.0000 lookupL_18
system/tile_prci_domain/tile_reset_domain_tile/fusion/fgra/fgra/pes_15/alu/fdiv/multiplier    3467.3184     0.1    3281.0400    164.6400       0.0000 FPMult_18
system/tile_prci_domain/tile_reset_domain_tile/fusion/fgra/fgra/pes_15/alu/fdiv/multiplier/rounder      21.6384     0.0      21.6384      0.0000       0.0000 MantissaRounder_18
system/tile_prci_domain/tile_reset_domain_tile/fusion/fgra/fgra/pes_15/alu/fmax     273.3024     0.0     273.3024      0.0000       0.0000 FCMP_54
system/tile_prci_domain/tile_reset_domain_tile/fusion/fgra/fgra/pes_15/alu/fmin     272.1264     0.0     272.1264      0.0000       0.0000 FCMP_55
system/tile_prci_domain/tile_reset_domain_tile/fusion/fgra/fgra/pes_15/alu/fp2si     951.1488     0.0       0.0000      0.0000       0.0000 FPToInt_18
system/tile_prci_domain/tile_reset_domain_tile/fusion/fgra/fgra/pes_15/alu/fp2si/s1     104.8992     0.0     104.8992      0.0000       0.0000 FPToInt_s1_18
system/tile_prci_domain/tile_reset_domain_tile/fusion/fgra/fgra/pes_15/alu/fp2si/s2     846.2496     0.0     580.0032      0.0000       0.0000 FPToInt_s2_18
system/tile_prci_domain/tile_reset_domain_tile/fusion/fgra/fgra/pes_15/alu/fp2si/s2/rpath_rounder      23.0496     0.0      23.0496      0.0000       0.0000 RoundingUnit_6_18
system/tile_prci_domain/tile_reset_domain_tile/fusion/fgra/fgra/pes_15/alu/fp2si/s2/shiftRightJam     243.1968     0.0     243.1968      0.0000       0.0000 ShiftRightJam_1_18
system/tile_prci_domain/tile_reset_domain_tile/fusion/fgra/fgra/pes_15/alu/logic_0     234.4944     0.0       9.4080      0.0000       0.0000 LOGIC_18
system/tile_prci_domain/tile_reset_domain_tile/fusion/fgra/fgra/pes_15/alu/logic_0/logicUnit       6.3504     0.0       6.3504      0.0000       0.0000 UnifiedCom_607
system/tile_prci_domain/tile_reset_domain_tile/fusion/fgra/fgra/pes_15/alu/logic_0/logicUnit_1       7.5264     0.0       7.5264      0.0000       0.0000 UnifiedCom_606
system/tile_prci_domain/tile_reset_domain_tile/fusion/fgra/fgra/pes_15/alu/logic_0/logicUnit_10       7.0560     0.0       7.0560      0.0000       0.0000 UnifiedCom_597
system/tile_prci_domain/tile_reset_domain_tile/fusion/fgra/fgra/pes_15/alu/logic_0/logicUnit_11       6.3504     0.0       6.3504      0.0000       0.0000 UnifiedCom_596
system/tile_prci_domain/tile_reset_domain_tile/fusion/fgra/fgra/pes_15/alu/logic_0/logicUnit_12       7.0560     0.0       7.0560      0.0000       0.0000 UnifiedCom_595
system/tile_prci_domain/tile_reset_domain_tile/fusion/fgra/fgra/pes_15/alu/logic_0/logicUnit_13       7.0560     0.0       7.0560      0.0000       0.0000 UnifiedCom_594
system/tile_prci_domain/tile_reset_domain_tile/fusion/fgra/fgra/pes_15/alu/logic_0/logicUnit_14       7.0560     0.0       7.0560      0.0000       0.0000 UnifiedCom_593
system/tile_prci_domain/tile_reset_domain_tile/fusion/fgra/fgra/pes_15/alu/logic_0/logicUnit_15       7.0560     0.0       7.0560      0.0000       0.0000 UnifiedCom_592
system/tile_prci_domain/tile_reset_domain_tile/fusion/fgra/fgra/pes_15/alu/logic_0/logicUnit_16       6.3504     0.0       6.3504      0.0000       0.0000 UnifiedCom_591
system/tile_prci_domain/tile_reset_domain_tile/fusion/fgra/fgra/pes_15/alu/logic_0/logicUnit_17       7.0560     0.0       7.0560      0.0000       0.0000 UnifiedCom_590
system/tile_prci_domain/tile_reset_domain_tile/fusion/fgra/fgra/pes_15/alu/logic_0/logicUnit_18       6.3504     0.0       6.3504      0.0000       0.0000 UnifiedCom_589
system/tile_prci_domain/tile_reset_domain_tile/fusion/fgra/fgra/pes_15/alu/logic_0/logicUnit_19       7.0560     0.0       7.0560      0.0000       0.0000 UnifiedCom_588
system/tile_prci_domain/tile_reset_domain_tile/fusion/fgra/fgra/pes_15/alu/logic_0/logicUnit_2       8.7024     0.0       8.7024      0.0000       0.0000 UnifiedCom_605
system/tile_prci_domain/tile_reset_domain_tile/fusion/fgra/fgra/pes_15/alu/logic_0/logicUnit_20       7.0560     0.0       7.0560      0.0000       0.0000 UnifiedCom_587
system/tile_prci_domain/tile_reset_domain_tile/fusion/fgra/fgra/pes_15/alu/logic_0/logicUnit_21       6.3504     0.0       6.3504      0.0000       0.0000 UnifiedCom_586
system/tile_prci_domain/tile_reset_domain_tile/fusion/fgra/fgra/pes_15/alu/logic_0/logicUnit_22       7.0560     0.0       7.0560      0.0000       0.0000 UnifiedCom_585
system/tile_prci_domain/tile_reset_domain_tile/fusion/fgra/fgra/pes_15/alu/logic_0/logicUnit_23       6.3504     0.0       6.3504      0.0000       0.0000 UnifiedCom_584
system/tile_prci_domain/tile_reset_domain_tile/fusion/fgra/fgra/pes_15/alu/logic_0/logicUnit_24       7.0560     0.0       7.0560      0.0000       0.0000 UnifiedCom_583
system/tile_prci_domain/tile_reset_domain_tile/fusion/fgra/fgra/pes_15/alu/logic_0/logicUnit_25       7.0560     0.0       7.0560      0.0000       0.0000 UnifiedCom_582
system/tile_prci_domain/tile_reset_domain_tile/fusion/fgra/fgra/pes_15/alu/logic_0/logicUnit_26       7.0560     0.0       7.0560      0.0000       0.0000 UnifiedCom_581
system/tile_prci_domain/tile_reset_domain_tile/fusion/fgra/fgra/pes_15/alu/logic_0/logicUnit_27       7.0560     0.0       7.0560      0.0000       0.0000 UnifiedCom_580
system/tile_prci_domain/tile_reset_domain_tile/fusion/fgra/fgra/pes_15/alu/logic_0/logicUnit_28       7.0560     0.0       7.0560      0.0000       0.0000 UnifiedCom_579
system/tile_prci_domain/tile_reset_domain_tile/fusion/fgra/fgra/pes_15/alu/logic_0/logicUnit_29       7.0560     0.0       7.0560      0.0000       0.0000 UnifiedCom_578
system/tile_prci_domain/tile_reset_domain_tile/fusion/fgra/fgra/pes_15/alu/logic_0/logicUnit_3       6.3504     0.0       6.3504      0.0000       0.0000 UnifiedCom_604
system/tile_prci_domain/tile_reset_domain_tile/fusion/fgra/fgra/pes_15/alu/logic_0/logicUnit_30       8.2320     0.0       8.2320      0.0000       0.0000 UnifiedCom_577
system/tile_prci_domain/tile_reset_domain_tile/fusion/fgra/fgra/pes_15/alu/logic_0/logicUnit_31       7.0560     0.0       7.0560      0.0000       0.0000 UnifiedCom_576
system/tile_prci_domain/tile_reset_domain_tile/fusion/fgra/fgra/pes_15/alu/logic_0/logicUnit_4       7.0560     0.0       7.0560      0.0000       0.0000 UnifiedCom_603
system/tile_prci_domain/tile_reset_domain_tile/fusion/fgra/fgra/pes_15/alu/logic_0/logicUnit_5       7.0560     0.0       7.0560      0.0000       0.0000 UnifiedCom_602
system/tile_prci_domain/tile_reset_domain_tile/fusion/fgra/fgra/pes_15/alu/logic_0/logicUnit_6       6.3504     0.0       6.3504      0.0000       0.0000 UnifiedCom_601
system/tile_prci_domain/tile_reset_domain_tile/fusion/fgra/fgra/pes_15/alu/logic_0/logicUnit_7       7.0560     0.0       7.0560      0.0000       0.0000 UnifiedCom_600
system/tile_prci_domain/tile_reset_domain_tile/fusion/fgra/fgra/pes_15/alu/logic_0/logicUnit_8       8.7024     0.0       8.7024      0.0000       0.0000 UnifiedCom_599
system/tile_prci_domain/tile_reset_domain_tile/fusion/fgra/fgra/pes_15/alu/logic_0/logicUnit_9       7.0560     0.0       7.0560      0.0000       0.0000 UnifiedCom_598
system/tile_prci_domain/tile_reset_domain_tile/fusion/fgra/fgra/pes_15/alu/multipler    2872.0272     0.1    2872.0272      0.0000       0.0000 Mul_18
system/tile_prci_domain/tile_reset_domain_tile/fusion/fgra/fgra/pes_15/alu/shift     689.8416     0.0     689.8416      0.0000       0.0000 SHIFT_18
system/tile_prci_domain/tile_reset_domain_tile/fusion/fgra/fgra/pes_15/alu/si2fp     454.4064     0.0       0.0000      0.0000       0.0000 IntToFP_18
system/tile_prci_domain/tile_reset_domain_tile/fusion/fgra/fgra/pes_15/alu/si2fp/post_norm      41.6304     0.0      19.9920      0.0000       0.0000 IntToFP_postnorm_18
system/tile_prci_domain/tile_reset_domain_tile/fusion/fgra/fgra/pes_15/alu/si2fp/post_norm/rounder      21.6384     0.0      21.6384      0.0000       0.0000 RoundingUnit_239
system/tile_prci_domain/tile_reset_domain_tile/fusion/fgra/fgra/pes_15/alu/si2fp/pre_norm     412.7760     0.0     319.8720      0.0000       0.0000 IntToFP_prenorm_18
system/tile_prci_domain/tile_reset_domain_tile/fusion/fgra/fgra/pes_15/alu/si2fp/pre_norm/pos_lzc_clz      92.9040     0.0      92.9040      0.0000       0.0000 CLZ_3_37
system/tile_prci_domain/tile_reset_domain_tile/fusion/fgra/fgra/pes_15/cfg     663.0288     0.0     194.2752    468.7536       0.0000 ConfigMem_36_4
system/tile_prci_domain/tile_reset_domain_tile/fusion/fgra/fgra/pes_15/delayPipeCG    7008.4897     0.2    4164.4513   2844.0384       0.0000 SharedDelayPipe_12_10
system/tile_prci_domain/tile_reset_domain_tile/fusion/fgra/fgra/pes_15/delayPipeFG     539.3136     0.0     431.1216    108.1920       0.0000 SharedDelayPipe_31_4
system/tile_prci_domain/tile_reset_domain_tile/fusion/fgra/fgra/pes_15/dmr     157.3488     0.0       0.0000    157.3488       0.0000 DualModeReg_11
system/tile_prci_domain/tile_reset_domain_tile/fusion/fgra/fgra/pes_15/lut       5.8800     0.0       5.8800      0.0000       0.0000 LUT_4
system/tile_prci_domain/tile_reset_domain_tile/fusion/fgra/fgra/pes_15/rf4alu       8.2320     0.0       3.5280      4.7040       0.0000 RF_15
system/tile_prci_domain/tile_reset_domain_tile/fusion/fgra/fgra/pes_15/rf4lut       8.9376     0.0       4.2336      4.7040       0.0000 RF_14
system/tile_prci_domain/tile_reset_domain_tile/fusion/fgra/fgra/pes_16   35181.4515     1.0       9.4080      0.0000       0.0000 GPE_16
system/tile_prci_domain/tile_reset_domain_tile/fusion/fgra/fgra/pes_16/Muxn     237.5520     0.0     237.5520      0.0000       0.0000 Muxn_24_119
system/tile_prci_domain/tile_reset_domain_tile/fusion/fgra/fgra/pes_16/Muxn_1     254.9568     0.0     254.9568      0.0000       0.0000 Muxn_24_118
system/tile_prci_domain/tile_reset_domain_tile/fusion/fgra/fgra/pes_16/Muxn_2      10.1136     0.0      10.1136      0.0000       0.0000 Muxn_91_31
system/tile_prci_domain/tile_reset_domain_tile/fusion/fgra/fgra/pes_16/Muxn_3      10.1136     0.0      10.1136      0.0000       0.0000 Muxn_91_30
system/tile_prci_domain/tile_reset_domain_tile/fusion/fgra/fgra/pes_16/Muxn_4      10.1136     0.0      10.1136      0.0000       0.0000 Muxn_91_29
system/tile_prci_domain/tile_reset_domain_tile/fusion/fgra/fgra/pes_16/alu   26273.9571     0.7     653.8560      0.0000       0.0000 ALU_15_2
system/tile_prci_domain/tile_reset_domain_tile/fusion/fgra/fgra/pes_16/alu/arith     421.9488     0.0     421.9488      0.0000       0.0000 ARITH_17
system/tile_prci_domain/tile_reset_domain_tile/fusion/fgra/fgra/pes_16/alu/fadd    5272.4785     0.2       0.0000      0.0000       0.0000 FADD_25
system/tile_prci_domain/tile_reset_domain_tile/fusion/fgra/fgra/pes_16/alu/fadd/fcmaadd    5272.4785     0.2       3.5280      0.0000       0.0000 FCMA_ADD_25
system/tile_prci_domain/tile_reset_domain_tile/fusion/fgra/fgra/pes_16/alu/fadd/fcmaadd/fadd_s1    3594.5617     0.1     663.7344      0.0000       0.0000 FCMA_ADD_s1_25
system/tile_prci_domain/tile_reset_domain_tile/fusion/fgra/fgra/pes_16/alu/fadd/fcmaadd/fadd_s1/far_path_mods_0     910.6944     0.0     382.6704      0.0000       0.0000 FarPath_25
system/tile_prci_domain/tile_reset_domain_tile/fusion/fgra/fgra/pes_16/alu/fadd/fcmaadd/fadd_s1/far_path_mods_0/shiftRightJam     528.0240     0.0     528.0240      0.0000       0.0000 ShiftRightJam_26
system/tile_prci_domain/tile_reset_domain_tile/fusion/fgra/fgra/pes_16/alu/fadd/fcmaadd/fadd_s1/near_path_mods_0    1025.2368     0.0     760.4016      0.0000       0.0000 NearPath_51
system/tile_prci_domain/tile_reset_domain_tile/fusion/fgra/fgra/pes_16/alu/fadd/fcmaadd/fadd_s1/near_path_mods_0/lza_ab     153.8208     0.0     153.8208      0.0000       0.0000 LZA_52
system/tile_prci_domain/tile_reset_domain_tile/fusion/fgra/fgra/pes_16/alu/fadd/fcmaadd/fadd_s1/near_path_mods_0/lzc_clz     111.0144     0.0     111.0144      0.0000       0.0000 CLZ_53
system/tile_prci_domain/tile_reset_domain_tile/fusion/fgra/fgra/pes_16/alu/fadd/fcmaadd/fadd_s1/near_path_mods_1     994.8960     0.0     746.2896      0.0000       0.0000 NearPath_50
system/tile_prci_domain/tile_reset_domain_tile/fusion/fgra/fgra/pes_16/alu/fadd/fcmaadd/fadd_s1/near_path_mods_1/lza_ab     161.8176     0.0     161.8176      0.0000       0.0000 LZA_51
system/tile_prci_domain/tile_reset_domain_tile/fusion/fgra/fgra/pes_16/alu/fadd/fcmaadd/fadd_s1/near_path_mods_1/lzc_clz      86.7888     0.0      86.7888      0.0000       0.0000 CLZ_52
system/tile_prci_domain/tile_reset_domain_tile/fusion/fgra/fgra/pes_16/alu/fadd/fcmaadd/fadd_s2    1674.3888     0.0    1235.7408      0.0000       0.0000 FCMA_ADD_s2_25
system/tile_prci_domain/tile_reset_domain_tile/fusion/fgra/fgra/pes_16/alu/fadd/fcmaadd/fadd_s2/far_path_rounder     242.7264     0.0     242.7264      0.0000       0.0000 RoundingUnit_170
system/tile_prci_domain/tile_reset_domain_tile/fusion/fgra/fgra/pes_16/alu/fadd/fcmaadd/fadd_s2/near_path_rounder     195.9216     0.0     195.9216      0.0000       0.0000 RoundingUnit_169
system/tile_prci_domain/tile_reset_domain_tile/fusion/fgra/fgra/pes_16/alu/fdiv   14169.1537     0.4     138.2976    884.5872       0.0000 fpDiv_17
system/tile_prci_domain/tile_reset_domain_tile/fusion/fgra/fgra/pes_16/alu/fdiv/inverter    9680.1265     0.3    1354.0464    883.8816       0.0000 fpInverter_17
system/tile_prci_domain/tile_reset_domain_tile/fusion/fgra/fgra/pes_16/alu/fdiv/inverter/adder     112.8960     0.0     112.8960      0.0000       0.0000 VarSizeAdder_17
system/tile_prci_domain/tile_reset_domain_tile/fusion/fgra/fgra/pes_16/alu/fdiv/inverter/mul1    1724.4864     0.0    1724.4864      0.0000       0.0000 VarSizeMul_17
system/tile_prci_domain/tile_reset_domain_tile/fusion/fgra/fgra/pes_16/alu/fdiv/inverter/mul2    1559.1408     0.0    1559.1408      0.0000       0.0000 mul2_17
system/tile_prci_domain/tile_reset_domain_tile/fusion/fgra/fgra/pes_16/alu/fdiv/inverter/mul3    2980.4544     0.1    2980.4544      0.0000       0.0000 mul3_17
system/tile_prci_domain/tile_reset_domain_tile/fusion/fgra/fgra/pes_16/alu/fdiv/inverter/sub2     139.4736     0.0     139.4736      0.0000       0.0000 VarSizeSub_17
system/tile_prci_domain/tile_reset_domain_tile/fusion/fgra/fgra/pes_16/alu/fdiv/inverter/tableC     184.3968     0.0     184.3968      0.0000       0.0000 lookupC_17
system/tile_prci_domain/tile_reset_domain_tile/fusion/fgra/fgra/pes_16/alu/fdiv/inverter/tableJ     276.8304     0.0     276.8304      0.0000       0.0000 lookupJ_17
system/tile_prci_domain/tile_reset_domain_tile/fusion/fgra/fgra/pes_16/alu/fdiv/inverter/tableL     464.5200     0.0     337.5120    127.0080       0.0000 lookupL_17
system/tile_prci_domain/tile_reset_domain_tile/fusion/fgra/fgra/pes_16/alu/fdiv/multiplier    3466.1424     0.1    3279.8640    164.6400       0.0000 FPMult_17
system/tile_prci_domain/tile_reset_domain_tile/fusion/fgra/fgra/pes_16/alu/fdiv/multiplier/rounder      21.6384     0.0      21.6384      0.0000       0.0000 MantissaRounder_17
system/tile_prci_domain/tile_reset_domain_tile/fusion/fgra/fgra/pes_16/alu/fmax     273.3024     0.0     273.3024      0.0000       0.0000 FCMP_51
system/tile_prci_domain/tile_reset_domain_tile/fusion/fgra/fgra/pes_16/alu/fmin     272.8320     0.0     272.8320      0.0000       0.0000 FCMP_52
system/tile_prci_domain/tile_reset_domain_tile/fusion/fgra/fgra/pes_16/alu/fp2si     955.6176     0.0       0.0000      0.0000       0.0000 FPToInt_17
system/tile_prci_domain/tile_reset_domain_tile/fusion/fgra/fgra/pes_16/alu/fp2si/s1     103.9584     0.0     103.9584      0.0000       0.0000 FPToInt_s1_17
system/tile_prci_domain/tile_reset_domain_tile/fusion/fgra/fgra/pes_16/alu/fp2si/s2     851.6592     0.0     582.5904      0.0000       0.0000 FPToInt_s2_17
system/tile_prci_domain/tile_reset_domain_tile/fusion/fgra/fgra/pes_16/alu/fp2si/s2/rpath_rounder      22.5792     0.0      22.5792      0.0000       0.0000 RoundingUnit_6_17
system/tile_prci_domain/tile_reset_domain_tile/fusion/fgra/fgra/pes_16/alu/fp2si/s2/shiftRightJam     246.4896     0.0     246.4896      0.0000       0.0000 ShiftRightJam_1_17
system/tile_prci_domain/tile_reset_domain_tile/fusion/fgra/fgra/pes_16/alu/logic_0     226.7328     0.0       9.4080      0.0000       0.0000 LOGIC_17
system/tile_prci_domain/tile_reset_domain_tile/fusion/fgra/fgra/pes_16/alu/logic_0/logicUnit       6.3504     0.0       6.3504      0.0000       0.0000 UnifiedCom_575
system/tile_prci_domain/tile_reset_domain_tile/fusion/fgra/fgra/pes_16/alu/logic_0/logicUnit_1       6.3504     0.0       6.3504      0.0000       0.0000 UnifiedCom_574
system/tile_prci_domain/tile_reset_domain_tile/fusion/fgra/fgra/pes_16/alu/logic_0/logicUnit_10       7.0560     0.0       7.0560      0.0000       0.0000 UnifiedCom_565
system/tile_prci_domain/tile_reset_domain_tile/fusion/fgra/fgra/pes_16/alu/logic_0/logicUnit_11       6.3504     0.0       6.3504      0.0000       0.0000 UnifiedCom_564
system/tile_prci_domain/tile_reset_domain_tile/fusion/fgra/fgra/pes_16/alu/logic_0/logicUnit_12       7.0560     0.0       7.0560      0.0000       0.0000 UnifiedCom_563
system/tile_prci_domain/tile_reset_domain_tile/fusion/fgra/fgra/pes_16/alu/logic_0/logicUnit_13       7.0560     0.0       7.0560      0.0000       0.0000 UnifiedCom_562
system/tile_prci_domain/tile_reset_domain_tile/fusion/fgra/fgra/pes_16/alu/logic_0/logicUnit_14       6.3504     0.0       6.3504      0.0000       0.0000 UnifiedCom_561
system/tile_prci_domain/tile_reset_domain_tile/fusion/fgra/fgra/pes_16/alu/logic_0/logicUnit_15       6.3504     0.0       6.3504      0.0000       0.0000 UnifiedCom_560
system/tile_prci_domain/tile_reset_domain_tile/fusion/fgra/fgra/pes_16/alu/logic_0/logicUnit_16       6.3504     0.0       6.3504      0.0000       0.0000 UnifiedCom_559
system/tile_prci_domain/tile_reset_domain_tile/fusion/fgra/fgra/pes_16/alu/logic_0/logicUnit_17       7.0560     0.0       7.0560      0.0000       0.0000 UnifiedCom_558
system/tile_prci_domain/tile_reset_domain_tile/fusion/fgra/fgra/pes_16/alu/logic_0/logicUnit_18       6.3504     0.0       6.3504      0.0000       0.0000 UnifiedCom_557
system/tile_prci_domain/tile_reset_domain_tile/fusion/fgra/fgra/pes_16/alu/logic_0/logicUnit_19       6.3504     0.0       6.3504      0.0000       0.0000 UnifiedCom_556
system/tile_prci_domain/tile_reset_domain_tile/fusion/fgra/fgra/pes_16/alu/logic_0/logicUnit_2       6.3504     0.0       6.3504      0.0000       0.0000 UnifiedCom_573
system/tile_prci_domain/tile_reset_domain_tile/fusion/fgra/fgra/pes_16/alu/logic_0/logicUnit_20       7.0560     0.0       7.0560      0.0000       0.0000 UnifiedCom_555
system/tile_prci_domain/tile_reset_domain_tile/fusion/fgra/fgra/pes_16/alu/logic_0/logicUnit_21       7.0560     0.0       7.0560      0.0000       0.0000 UnifiedCom_554
system/tile_prci_domain/tile_reset_domain_tile/fusion/fgra/fgra/pes_16/alu/logic_0/logicUnit_22       7.0560     0.0       7.0560      0.0000       0.0000 UnifiedCom_553
system/tile_prci_domain/tile_reset_domain_tile/fusion/fgra/fgra/pes_16/alu/logic_0/logicUnit_23       7.0560     0.0       7.0560      0.0000       0.0000 UnifiedCom_552
system/tile_prci_domain/tile_reset_domain_tile/fusion/fgra/fgra/pes_16/alu/logic_0/logicUnit_24       7.0560     0.0       7.0560      0.0000       0.0000 UnifiedCom_551
system/tile_prci_domain/tile_reset_domain_tile/fusion/fgra/fgra/pes_16/alu/logic_0/logicUnit_25       7.0560     0.0       7.0560      0.0000       0.0000 UnifiedCom_550
system/tile_prci_domain/tile_reset_domain_tile/fusion/fgra/fgra/pes_16/alu/logic_0/logicUnit_26       7.0560     0.0       7.0560      0.0000       0.0000 UnifiedCom_549
system/tile_prci_domain/tile_reset_domain_tile/fusion/fgra/fgra/pes_16/alu/logic_0/logicUnit_27       7.0560     0.0       7.0560      0.0000       0.0000 UnifiedCom_548
system/tile_prci_domain/tile_reset_domain_tile/fusion/fgra/fgra/pes_16/alu/logic_0/logicUnit_28       6.3504     0.0       6.3504      0.0000       0.0000 UnifiedCom_547
system/tile_prci_domain/tile_reset_domain_tile/fusion/fgra/fgra/pes_16/alu/logic_0/logicUnit_29       7.0560     0.0       7.0560      0.0000       0.0000 UnifiedCom_546
system/tile_prci_domain/tile_reset_domain_tile/fusion/fgra/fgra/pes_16/alu/logic_0/logicUnit_3       6.3504     0.0       6.3504      0.0000       0.0000 UnifiedCom_572
system/tile_prci_domain/tile_reset_domain_tile/fusion/fgra/fgra/pes_16/alu/logic_0/logicUnit_30       7.0560     0.0       7.0560      0.0000       0.0000 UnifiedCom_545
system/tile_prci_domain/tile_reset_domain_tile/fusion/fgra/fgra/pes_16/alu/logic_0/logicUnit_31       7.0560     0.0       7.0560      0.0000       0.0000 UnifiedCom_544
system/tile_prci_domain/tile_reset_domain_tile/fusion/fgra/fgra/pes_16/alu/logic_0/logicUnit_4       7.0560     0.0       7.0560      0.0000       0.0000 UnifiedCom_571
system/tile_prci_domain/tile_reset_domain_tile/fusion/fgra/fgra/pes_16/alu/logic_0/logicUnit_5       7.0560     0.0       7.0560      0.0000       0.0000 UnifiedCom_570
system/tile_prci_domain/tile_reset_domain_tile/fusion/fgra/fgra/pes_16/alu/logic_0/logicUnit_6       7.0560     0.0       7.0560      0.0000       0.0000 UnifiedCom_569
system/tile_prci_domain/tile_reset_domain_tile/fusion/fgra/fgra/pes_16/alu/logic_0/logicUnit_7       7.0560     0.0       7.0560      0.0000       0.0000 UnifiedCom_568
system/tile_prci_domain/tile_reset_domain_tile/fusion/fgra/fgra/pes_16/alu/logic_0/logicUnit_8       6.3504     0.0       6.3504      0.0000       0.0000 UnifiedCom_567
system/tile_prci_domain/tile_reset_domain_tile/fusion/fgra/fgra/pes_16/alu/logic_0/logicUnit_9       7.0560     0.0       7.0560      0.0000       0.0000 UnifiedCom_566
system/tile_prci_domain/tile_reset_domain_tile/fusion/fgra/fgra/pes_16/alu/multipler    2871.0864     0.1    2871.0864      0.0000       0.0000 Mul_17
system/tile_prci_domain/tile_reset_domain_tile/fusion/fgra/fgra/pes_16/alu/shift     690.5472     0.0     690.5472      0.0000       0.0000 SHIFT_17
system/tile_prci_domain/tile_reset_domain_tile/fusion/fgra/fgra/pes_16/alu/si2fp     466.4016     0.0       0.0000      0.0000       0.0000 IntToFP_17
system/tile_prci_domain/tile_reset_domain_tile/fusion/fgra/fgra/pes_16/alu/si2fp/post_norm      42.5712     0.0      20.9328      0.0000       0.0000 IntToFP_postnorm_17
system/tile_prci_domain/tile_reset_domain_tile/fusion/fgra/fgra/pes_16/alu/si2fp/post_norm/rounder      21.6384     0.0      21.6384      0.0000       0.0000 RoundingUnit_237
system/tile_prci_domain/tile_reset_domain_tile/fusion/fgra/fgra/pes_16/alu/si2fp/pre_norm     423.8304     0.0     331.3968      0.0000       0.0000 IntToFP_prenorm_17
system/tile_prci_domain/tile_reset_domain_tile/fusion/fgra/fgra/pes_16/alu/si2fp/pre_norm/pos_lzc_clz      92.4336     0.0      92.4336      0.0000       0.0000 CLZ_3_35
system/tile_prci_domain/tile_reset_domain_tile/fusion/fgra/fgra/pes_16/cfg     663.0288     0.0     194.2752    468.7536       0.0000 ConfigMem_36_3
system/tile_prci_domain/tile_reset_domain_tile/fusion/fgra/fgra/pes_16/delayPipeCG    6994.1425     0.2    4145.1649   2848.9776       0.0000 SharedDelayPipe_12_9
system/tile_prci_domain/tile_reset_domain_tile/fusion/fgra/fgra/pes_16/delayPipeFG     538.6080     0.0     430.4160    108.1920       0.0000 SharedDelayPipe_31_3
system/tile_prci_domain/tile_reset_domain_tile/fusion/fgra/fgra/pes_16/dmr     156.8784     0.0       0.0000    156.8784       0.0000 DualModeReg_10
system/tile_prci_domain/tile_reset_domain_tile/fusion/fgra/fgra/pes_16/lut       5.8800     0.0       5.8800      0.0000       0.0000 LUT_3
system/tile_prci_domain/tile_reset_domain_tile/fusion/fgra/fgra/pes_16/rf4alu       8.2320     0.0       3.5280      4.7040       0.0000 RF_13
system/tile_prci_domain/tile_reset_domain_tile/fusion/fgra/fgra/pes_16/rf4lut       8.4672     0.0       3.7632      4.7040       0.0000 RF_12
system/tile_prci_domain/tile_reset_domain_tile/fusion/fgra/fgra/pes_17   35463.4563     1.0      10.1136      0.0000       0.0000 GPE_17
system/tile_prci_domain/tile_reset_domain_tile/fusion/fgra/fgra/pes_17/Muxn     242.2560     0.0     242.2560      0.0000       0.0000 Muxn_24_117
system/tile_prci_domain/tile_reset_domain_tile/fusion/fgra/fgra/pes_17/Muxn_1     253.5456     0.0     253.5456      0.0000       0.0000 Muxn_24_116
system/tile_prci_domain/tile_reset_domain_tile/fusion/fgra/fgra/pes_17/Muxn_2      10.1136     0.0      10.1136      0.0000       0.0000 Muxn_91_28
system/tile_prci_domain/tile_reset_domain_tile/fusion/fgra/fgra/pes_17/Muxn_3      10.1136     0.0      10.1136      0.0000       0.0000 Muxn_91_27
system/tile_prci_domain/tile_reset_domain_tile/fusion/fgra/fgra/pes_17/Muxn_4      10.1136     0.0      10.1136      0.0000       0.0000 Muxn_91_26
system/tile_prci_domain/tile_reset_domain_tile/fusion/fgra/fgra/pes_17/alu   26314.6467     0.8     662.0880      0.0000       0.0000 ALU_15_1
system/tile_prci_domain/tile_reset_domain_tile/fusion/fgra/fgra/pes_17/alu/arith     425.4768     0.0     425.4768      0.0000       0.0000 ARITH_16
system/tile_prci_domain/tile_reset_domain_tile/fusion/fgra/fgra/pes_17/alu/fadd    5197.6849     0.1       0.0000      0.0000       0.0000 FADD_24
system/tile_prci_domain/tile_reset_domain_tile/fusion/fgra/fgra/pes_17/alu/fadd/fcmaadd    5197.6849     0.1       4.2336      0.0000       0.0000 FCMA_ADD_24
system/tile_prci_domain/tile_reset_domain_tile/fusion/fgra/fgra/pes_17/alu/fadd/fcmaadd/fadd_s1    3560.6929     0.1     683.0208      0.0000       0.0000 FCMA_ADD_s1_24
system/tile_prci_domain/tile_reset_domain_tile/fusion/fgra/fgra/pes_17/alu/fadd/fcmaadd/fadd_s1/far_path_mods_0     872.5920     0.0     371.6160      0.0000       0.0000 FarPath_24
system/tile_prci_domain/tile_reset_domain_tile/fusion/fgra/fgra/pes_17/alu/fadd/fcmaadd/fadd_s1/far_path_mods_0/shiftRightJam     500.9760     0.0     500.9760      0.0000       0.0000 ShiftRightJam_25
system/tile_prci_domain/tile_reset_domain_tile/fusion/fgra/fgra/pes_17/alu/fadd/fcmaadd/fadd_s1/near_path_mods_0     997.0128     0.0     739.2336      0.0000       0.0000 NearPath_49
system/tile_prci_domain/tile_reset_domain_tile/fusion/fgra/fgra/pes_17/alu/fadd/fcmaadd/fadd_s1/near_path_mods_0/lza_ab     163.9344     0.0     163.9344      0.0000       0.0000 LZA_50
system/tile_prci_domain/tile_reset_domain_tile/fusion/fgra/fgra/pes_17/alu/fadd/fcmaadd/fadd_s1/near_path_mods_0/lzc_clz      93.8448     0.0      93.8448      0.0000       0.0000 CLZ_51
system/tile_prci_domain/tile_reset_domain_tile/fusion/fgra/fgra/pes_17/alu/fadd/fcmaadd/fadd_s1/near_path_mods_1    1008.0672     0.0     749.8176      0.0000       0.0000 NearPath_48
system/tile_prci_domain/tile_reset_domain_tile/fusion/fgra/fgra/pes_17/alu/fadd/fcmaadd/fadd_s1/near_path_mods_1/lza_ab     156.6432     0.0     156.6432      0.0000       0.0000 LZA_49
system/tile_prci_domain/tile_reset_domain_tile/fusion/fgra/fgra/pes_17/alu/fadd/fcmaadd/fadd_s1/near_path_mods_1/lzc_clz     101.6064     0.0     101.6064      0.0000       0.0000 CLZ_50
system/tile_prci_domain/tile_reset_domain_tile/fusion/fgra/fgra/pes_17/alu/fadd/fcmaadd/fadd_s2    1632.7584     0.0    1210.8096      0.0000       0.0000 FCMA_ADD_s2_24
system/tile_prci_domain/tile_reset_domain_tile/fusion/fgra/fgra/pes_17/alu/fadd/fcmaadd/fadd_s2/far_path_rounder     222.0288     0.0     222.0288      0.0000       0.0000 RoundingUnit_167
system/tile_prci_domain/tile_reset_domain_tile/fusion/fgra/fgra/pes_17/alu/fadd/fcmaadd/fadd_s2/near_path_rounder     199.9200     0.0     199.9200      0.0000       0.0000 RoundingUnit_166
system/tile_prci_domain/tile_reset_domain_tile/fusion/fgra/fgra/pes_17/alu/fdiv   14273.8177     0.4     137.8272    884.5872       0.0000 fpDiv_16
system/tile_prci_domain/tile_reset_domain_tile/fusion/fgra/fgra/pes_17/alu/fdiv/inverter    9781.7329     0.3    1420.1376    891.6432       0.0000 fpInverter_16
system/tile_prci_domain/tile_reset_domain_tile/fusion/fgra/fgra/pes_17/alu/fdiv/inverter/adder     112.8960     0.0     112.8960      0.0000       0.0000 VarSizeAdder_16
system/tile_prci_domain/tile_reset_domain_tile/fusion/fgra/fgra/pes_17/alu/fdiv/inverter/mul1    1730.6016     0.0    1730.6016      0.0000       0.0000 VarSizeMul_16
system/tile_prci_domain/tile_reset_domain_tile/fusion/fgra/fgra/pes_17/alu/fdiv/inverter/mul2    1573.4880     0.0    1573.4880      0.0000       0.0000 mul2_16
system/tile_prci_domain/tile_reset_domain_tile/fusion/fgra/fgra/pes_17/alu/fdiv/inverter/mul3    2979.0432     0.1    2979.0432      0.0000       0.0000 mul3_16
system/tile_prci_domain/tile_reset_domain_tile/fusion/fgra/fgra/pes_17/alu/fdiv/inverter/sub2     139.4736     0.0     139.4736      0.0000       0.0000 VarSizeSub_16
system/tile_prci_domain/tile_reset_domain_tile/fusion/fgra/fgra/pes_17/alu/fdiv/inverter/tableC     185.1024     0.0     185.1024      0.0000       0.0000 lookupC_16
system/tile_prci_domain/tile_reset_domain_tile/fusion/fgra/fgra/pes_17/alu/fdiv/inverter/tableJ     284.8272     0.0     284.8272      0.0000       0.0000 lookupJ_16
system/tile_prci_domain/tile_reset_domain_tile/fusion/fgra/fgra/pes_17/alu/fdiv/inverter/tableL     464.5200     0.0     337.5120    127.0080       0.0000 lookupL_16
system/tile_prci_domain/tile_reset_domain_tile/fusion/fgra/fgra/pes_17/alu/fdiv/multiplier    3469.6704     0.1    3283.3920    164.6400       0.0000 FPMult_16
system/tile_prci_domain/tile_reset_domain_tile/fusion/fgra/fgra/pes_17/alu/fdiv/multiplier/rounder      21.6384     0.0      21.6384      0.0000       0.0000 MantissaRounder_16
system/tile_prci_domain/tile_reset_domain_tile/fusion/fgra/fgra/pes_17/alu/fmax     271.6560     0.0     271.6560      0.0000       0.0000 FCMP_48
system/tile_prci_domain/tile_reset_domain_tile/fusion/fgra/fgra/pes_17/alu/fmin     271.4208     0.0     271.4208      0.0000       0.0000 FCMP_49
system/tile_prci_domain/tile_reset_domain_tile/fusion/fgra/fgra/pes_17/alu/fp2si     948.5616     0.0       0.0000      0.0000       0.0000 FPToInt_16
system/tile_prci_domain/tile_reset_domain_tile/fusion/fgra/fgra/pes_17/alu/fp2si/s1     102.0768     0.0     102.0768      0.0000       0.0000 FPToInt_s1_16
system/tile_prci_domain/tile_reset_domain_tile/fusion/fgra/fgra/pes_17/alu/fp2si/s2     846.4848     0.0     580.7088      0.0000       0.0000 FPToInt_s2_16
system/tile_prci_domain/tile_reset_domain_tile/fusion/fgra/fgra/pes_17/alu/fp2si/s2/rpath_rounder      22.5792     0.0      22.5792      0.0000       0.0000 RoundingUnit_6_16
system/tile_prci_domain/tile_reset_domain_tile/fusion/fgra/fgra/pes_17/alu/fp2si/s2/shiftRightJam     243.1968     0.0     243.1968      0.0000       0.0000 ShiftRightJam_1_16
system/tile_prci_domain/tile_reset_domain_tile/fusion/fgra/fgra/pes_17/alu/logic_0     227.2032     0.0       9.4080      0.0000       0.0000 LOGIC_16
system/tile_prci_domain/tile_reset_domain_tile/fusion/fgra/fgra/pes_17/alu/logic_0/logicUnit       7.5264     0.0       7.5264      0.0000       0.0000 UnifiedCom_543
system/tile_prci_domain/tile_reset_domain_tile/fusion/fgra/fgra/pes_17/alu/logic_0/logicUnit_1       6.3504     0.0       6.3504      0.0000       0.0000 UnifiedCom_542
system/tile_prci_domain/tile_reset_domain_tile/fusion/fgra/fgra/pes_17/alu/logic_0/logicUnit_10       7.0560     0.0       7.0560      0.0000       0.0000 UnifiedCom_533
system/tile_prci_domain/tile_reset_domain_tile/fusion/fgra/fgra/pes_17/alu/logic_0/logicUnit_11       6.3504     0.0       6.3504      0.0000       0.0000 UnifiedCom_532
system/tile_prci_domain/tile_reset_domain_tile/fusion/fgra/fgra/pes_17/alu/logic_0/logicUnit_12       7.0560     0.0       7.0560      0.0000       0.0000 UnifiedCom_531
system/tile_prci_domain/tile_reset_domain_tile/fusion/fgra/fgra/pes_17/alu/logic_0/logicUnit_13       7.0560     0.0       7.0560      0.0000       0.0000 UnifiedCom_530
system/tile_prci_domain/tile_reset_domain_tile/fusion/fgra/fgra/pes_17/alu/logic_0/logicUnit_14       6.3504     0.0       6.3504      0.0000       0.0000 UnifiedCom_529
system/tile_prci_domain/tile_reset_domain_tile/fusion/fgra/fgra/pes_17/alu/logic_0/logicUnit_15       7.0560     0.0       7.0560      0.0000       0.0000 UnifiedCom_528
system/tile_prci_domain/tile_reset_domain_tile/fusion/fgra/fgra/pes_17/alu/logic_0/logicUnit_16       6.3504     0.0       6.3504      0.0000       0.0000 UnifiedCom_527
system/tile_prci_domain/tile_reset_domain_tile/fusion/fgra/fgra/pes_17/alu/logic_0/logicUnit_17       7.0560     0.0       7.0560      0.0000       0.0000 UnifiedCom_526
system/tile_prci_domain/tile_reset_domain_tile/fusion/fgra/fgra/pes_17/alu/logic_0/logicUnit_18       7.0560     0.0       7.0560      0.0000       0.0000 UnifiedCom_525
system/tile_prci_domain/tile_reset_domain_tile/fusion/fgra/fgra/pes_17/alu/logic_0/logicUnit_19       7.0560     0.0       7.0560      0.0000       0.0000 UnifiedCom_524
system/tile_prci_domain/tile_reset_domain_tile/fusion/fgra/fgra/pes_17/alu/logic_0/logicUnit_2       6.3504     0.0       6.3504      0.0000       0.0000 UnifiedCom_541
system/tile_prci_domain/tile_reset_domain_tile/fusion/fgra/fgra/pes_17/alu/logic_0/logicUnit_20       6.3504     0.0       6.3504      0.0000       0.0000 UnifiedCom_523
system/tile_prci_domain/tile_reset_domain_tile/fusion/fgra/fgra/pes_17/alu/logic_0/logicUnit_21       6.3504     0.0       6.3504      0.0000       0.0000 UnifiedCom_522
system/tile_prci_domain/tile_reset_domain_tile/fusion/fgra/fgra/pes_17/alu/logic_0/logicUnit_22       7.0560     0.0       7.0560      0.0000       0.0000 UnifiedCom_521
system/tile_prci_domain/tile_reset_domain_tile/fusion/fgra/fgra/pes_17/alu/logic_0/logicUnit_23       7.0560     0.0       7.0560      0.0000       0.0000 UnifiedCom_520
system/tile_prci_domain/tile_reset_domain_tile/fusion/fgra/fgra/pes_17/alu/logic_0/logicUnit_24       7.0560     0.0       7.0560      0.0000       0.0000 UnifiedCom_519
system/tile_prci_domain/tile_reset_domain_tile/fusion/fgra/fgra/pes_17/alu/logic_0/logicUnit_25       7.0560     0.0       7.0560      0.0000       0.0000 UnifiedCom_518
system/tile_prci_domain/tile_reset_domain_tile/fusion/fgra/fgra/pes_17/alu/logic_0/logicUnit_26       6.3504     0.0       6.3504      0.0000       0.0000 UnifiedCom_517
system/tile_prci_domain/tile_reset_domain_tile/fusion/fgra/fgra/pes_17/alu/logic_0/logicUnit_27       7.0560     0.0       7.0560      0.0000       0.0000 UnifiedCom_516
system/tile_prci_domain/tile_reset_domain_tile/fusion/fgra/fgra/pes_17/alu/logic_0/logicUnit_28       6.3504     0.0       6.3504      0.0000       0.0000 UnifiedCom_515
system/tile_prci_domain/tile_reset_domain_tile/fusion/fgra/fgra/pes_17/alu/logic_0/logicUnit_29       7.0560     0.0       7.0560      0.0000       0.0000 UnifiedCom_514
system/tile_prci_domain/tile_reset_domain_tile/fusion/fgra/fgra/pes_17/alu/logic_0/logicUnit_3       6.3504     0.0       6.3504      0.0000       0.0000 UnifiedCom_540
system/tile_prci_domain/tile_reset_domain_tile/fusion/fgra/fgra/pes_17/alu/logic_0/logicUnit_30       7.0560     0.0       7.0560      0.0000       0.0000 UnifiedCom_513
system/tile_prci_domain/tile_reset_domain_tile/fusion/fgra/fgra/pes_17/alu/logic_0/logicUnit_31       6.3504     0.0       6.3504      0.0000       0.0000 UnifiedCom_512
system/tile_prci_domain/tile_reset_domain_tile/fusion/fgra/fgra/pes_17/alu/logic_0/logicUnit_4       7.0560     0.0       7.0560      0.0000       0.0000 UnifiedCom_539
system/tile_prci_domain/tile_reset_domain_tile/fusion/fgra/fgra/pes_17/alu/logic_0/logicUnit_5       7.0560     0.0       7.0560      0.0000       0.0000 UnifiedCom_538
system/tile_prci_domain/tile_reset_domain_tile/fusion/fgra/fgra/pes_17/alu/logic_0/logicUnit_6       7.0560     0.0       7.0560      0.0000       0.0000 UnifiedCom_537
system/tile_prci_domain/tile_reset_domain_tile/fusion/fgra/fgra/pes_17/alu/logic_0/logicUnit_7       7.0560     0.0       7.0560      0.0000       0.0000 UnifiedCom_536
system/tile_prci_domain/tile_reset_domain_tile/fusion/fgra/fgra/pes_17/alu/logic_0/logicUnit_8       6.3504     0.0       6.3504      0.0000       0.0000 UnifiedCom_535
system/tile_prci_domain/tile_reset_domain_tile/fusion/fgra/fgra/pes_17/alu/logic_0/logicUnit_9       7.0560     0.0       7.0560      0.0000       0.0000 UnifiedCom_534
system/tile_prci_domain/tile_reset_domain_tile/fusion/fgra/fgra/pes_17/alu/multipler    2887.3152     0.1    2887.3152      0.0000       0.0000 Mul_16
system/tile_prci_domain/tile_reset_domain_tile/fusion/fgra/fgra/pes_17/alu/shift     691.4880     0.0     691.4880      0.0000       0.0000 SHIFT_16
system/tile_prci_domain/tile_reset_domain_tile/fusion/fgra/fgra/pes_17/alu/si2fp     457.9344     0.0       0.0000      0.0000       0.0000 IntToFP_16
system/tile_prci_domain/tile_reset_domain_tile/fusion/fgra/fgra/pes_17/alu/si2fp/post_norm      41.8656     0.0      20.2272      0.0000       0.0000 IntToFP_postnorm_16
system/tile_prci_domain/tile_reset_domain_tile/fusion/fgra/fgra/pes_17/alu/si2fp/post_norm/rounder      21.6384     0.0      21.6384      0.0000       0.0000 RoundingUnit_235
system/tile_prci_domain/tile_reset_domain_tile/fusion/fgra/fgra/pes_17/alu/si2fp/pre_norm     416.0688     0.0     321.5184      0.0000       0.0000 IntToFP_prenorm_16
system/tile_prci_domain/tile_reset_domain_tile/fusion/fgra/fgra/pes_17/alu/si2fp/pre_norm/pos_lzc_clz      94.5504     0.0      94.5504      0.0000       0.0000 CLZ_3_33
system/tile_prci_domain/tile_reset_domain_tile/fusion/fgra/fgra/pes_17/cfg     677.8464     0.0     194.2752    483.5712       0.0000 ConfigMem_36_2
system/tile_prci_domain/tile_reset_domain_tile/fusion/fgra/fgra/pes_17/delayPipeCG    7200.4129     0.2    4351.4353   2848.9776       0.0000 SharedDelayPipe_12_8
system/tile_prci_domain/tile_reset_domain_tile/fusion/fgra/fgra/pes_17/delayPipeFG     539.3136     0.0     431.1216    108.1920       0.0000 SharedDelayPipe_31_2
system/tile_prci_domain/tile_reset_domain_tile/fusion/fgra/fgra/pes_17/dmr     172.4016     0.0       0.0000    172.4016       0.0000 DualModeReg_9
system/tile_prci_domain/tile_reset_domain_tile/fusion/fgra/fgra/pes_17/lut       5.8800     0.0       5.8800      0.0000       0.0000 LUT_2
system/tile_prci_domain/tile_reset_domain_tile/fusion/fgra/fgra/pes_17/rf4alu       8.2320     0.0       3.5280      4.7040       0.0000 RF_11
system/tile_prci_domain/tile_reset_domain_tile/fusion/fgra/fgra/pes_17/rf4lut       8.4672     0.0       3.7632      4.7040       0.0000 RF_10
system/tile_prci_domain/tile_reset_domain_tile/fusion/fgra/fgra/pes_18   35237.6643     1.0       9.1728      0.0000       0.0000 GPE_18
system/tile_prci_domain/tile_reset_domain_tile/fusion/fgra/fgra/pes_18/Muxn     226.2624     0.0     226.2624      0.0000       0.0000 Muxn_24_115
system/tile_prci_domain/tile_reset_domain_tile/fusion/fgra/fgra/pes_18/Muxn_1     238.0224     0.0     238.0224      0.0000       0.0000 Muxn_24_114
system/tile_prci_domain/tile_reset_domain_tile/fusion/fgra/fgra/pes_18/Muxn_2      10.1136     0.0      10.1136      0.0000       0.0000 Muxn_91_25
system/tile_prci_domain/tile_reset_domain_tile/fusion/fgra/fgra/pes_18/Muxn_3      10.1136     0.0      10.1136      0.0000       0.0000 Muxn_91_24
system/tile_prci_domain/tile_reset_domain_tile/fusion/fgra/fgra/pes_18/Muxn_4      10.1136     0.0      10.1136      0.0000       0.0000 Muxn_91_23
system/tile_prci_domain/tile_reset_domain_tile/fusion/fgra/fgra/pes_18/alu   26274.6627     0.7     662.5584      0.0000       0.0000 ALU_15_0
system/tile_prci_domain/tile_reset_domain_tile/fusion/fgra/fgra/pes_18/alu/arith     421.9488     0.0     421.9488      0.0000       0.0000 ARITH_15
system/tile_prci_domain/tile_reset_domain_tile/fusion/fgra/fgra/pes_18/alu/fadd    5243.3137     0.1       0.0000      0.0000       0.0000 FADD_23
system/tile_prci_domain/tile_reset_domain_tile/fusion/fgra/fgra/pes_18/alu/fadd/fcmaadd    5243.3137     0.1       2.3520      0.0000       0.0000 FCMA_ADD_23
system/tile_prci_domain/tile_reset_domain_tile/fusion/fgra/fgra/pes_18/alu/fadd/fcmaadd/fadd_s1    3541.6416     0.1     646.3296      0.0000       0.0000 FCMA_ADD_s1_23
system/tile_prci_domain/tile_reset_domain_tile/fusion/fgra/fgra/pes_18/alu/fadd/fcmaadd/fadd_s1/far_path_mods_0     862.4784     0.0     362.2080      0.0000       0.0000 FarPath_23
system/tile_prci_domain/tile_reset_domain_tile/fusion/fgra/fgra/pes_18/alu/fadd/fcmaadd/fadd_s1/far_path_mods_0/shiftRightJam     500.2704     0.0     500.2704      0.0000       0.0000 ShiftRightJam_24
system/tile_prci_domain/tile_reset_domain_tile/fusion/fgra/fgra/pes_18/alu/fadd/fcmaadd/fadd_s1/near_path_mods_0    1022.4144     0.0     758.5200      0.0000       0.0000 NearPath_47
system/tile_prci_domain/tile_reset_domain_tile/fusion/fgra/fgra/pes_18/alu/fadd/fcmaadd/fadd_s1/near_path_mods_0/lza_ab     161.5824     0.0     161.5824      0.0000       0.0000 LZA_48
system/tile_prci_domain/tile_reset_domain_tile/fusion/fgra/fgra/pes_18/alu/fadd/fcmaadd/fadd_s1/near_path_mods_0/lzc_clz     102.3120     0.0     102.3120      0.0000       0.0000 CLZ_49
system/tile_prci_domain/tile_reset_domain_tile/fusion/fgra/fgra/pes_18/alu/fadd/fcmaadd/fadd_s1/near_path_mods_1    1010.4192     0.0     751.2288      0.0000       0.0000 NearPath_46
system/tile_prci_domain/tile_reset_domain_tile/fusion/fgra/fgra/pes_18/alu/fadd/fcmaadd/fadd_s1/near_path_mods_1/lza_ab     161.1120     0.0     161.1120      0.0000       0.0000 LZA_47
system/tile_prci_domain/tile_reset_domain_tile/fusion/fgra/fgra/pes_18/alu/fadd/fcmaadd/fadd_s1/near_path_mods_1/lzc_clz      98.0784     0.0      98.0784      0.0000       0.0000 CLZ_48
system/tile_prci_domain/tile_reset_domain_tile/fusion/fgra/fgra/pes_18/alu/fadd/fcmaadd/fadd_s2    1699.3200     0.0    1254.3216      0.0000       0.0000 FCMA_ADD_s2_23
system/tile_prci_domain/tile_reset_domain_tile/fusion/fgra/fgra/pes_18/alu/fadd/fcmaadd/fadd_s2/far_path_rounder     240.3744     0.0     240.3744      0.0000       0.0000 RoundingUnit_164
system/tile_prci_domain/tile_reset_domain_tile/fusion/fgra/fgra/pes_18/alu/fadd/fcmaadd/fadd_s2/near_path_rounder     204.6240     0.0     204.6240      0.0000       0.0000 RoundingUnit_163
system/tile_prci_domain/tile_reset_domain_tile/fusion/fgra/fgra/pes_18/alu/fdiv   14217.6049     0.4     139.9440    884.5872       0.0000 fpDiv_15
system/tile_prci_domain/tile_reset_domain_tile/fusion/fgra/fgra/pes_18/alu/fdiv/inverter    9725.7553     0.3    1379.9184    884.5872       0.0000 fpInverter_15
system/tile_prci_domain/tile_reset_domain_tile/fusion/fgra/fgra/pes_18/alu/fdiv/inverter/adder     112.8960     0.0     112.8960      0.0000       0.0000 VarSizeAdder_15
system/tile_prci_domain/tile_reset_domain_tile/fusion/fgra/fgra/pes_18/alu/fdiv/inverter/mul1    1741.1856     0.0    1741.1856      0.0000       0.0000 VarSizeMul_15
system/tile_prci_domain/tile_reset_domain_tile/fusion/fgra/fgra/pes_18/alu/fdiv/inverter/mul2    1547.6160     0.0    1547.6160      0.0000       0.0000 mul2_15
system/tile_prci_domain/tile_reset_domain_tile/fusion/fgra/fgra/pes_18/alu/fdiv/inverter/mul3    2978.5728     0.1    2978.5728      0.0000       0.0000 mul3_15
system/tile_prci_domain/tile_reset_domain_tile/fusion/fgra/fgra/pes_18/alu/fdiv/inverter/sub2     139.4736     0.0     139.4736      0.0000       0.0000 VarSizeSub_15
system/tile_prci_domain/tile_reset_domain_tile/fusion/fgra/fgra/pes_18/alu/fdiv/inverter/tableC     182.7504     0.0     182.7504      0.0000       0.0000 lookupC_15
system/tile_prci_domain/tile_reset_domain_tile/fusion/fgra/fgra/pes_18/alu/fdiv/inverter/tableJ     294.2352     0.0     294.2352      0.0000       0.0000 lookupJ_15
system/tile_prci_domain/tile_reset_domain_tile/fusion/fgra/fgra/pes_18/alu/fdiv/inverter/tableL     464.5200     0.0     337.5120    127.0080       0.0000 lookupL_15
system/tile_prci_domain/tile_reset_domain_tile/fusion/fgra/fgra/pes_18/alu/fdiv/multiplier    3467.3184     0.1    3281.0400    164.6400       0.0000 FPMult_15
system/tile_prci_domain/tile_reset_domain_tile/fusion/fgra/fgra/pes_18/alu/fdiv/multiplier/rounder      21.6384     0.0      21.6384      0.0000       0.0000 MantissaRounder_15
system/tile_prci_domain/tile_reset_domain_tile/fusion/fgra/fgra/pes_18/alu/fmax     273.3024     0.0     273.3024      0.0000       0.0000 FCMP_45
system/tile_prci_domain/tile_reset_domain_tile/fusion/fgra/fgra/pes_18/alu/fmin     273.7728     0.0     273.7728      0.0000       0.0000 FCMP_46
system/tile_prci_domain/tile_reset_domain_tile/fusion/fgra/fgra/pes_18/alu/fp2si     945.0336     0.0       2.1168      0.0000       0.0000 FPToInt_15
system/tile_prci_domain/tile_reset_domain_tile/fusion/fgra/fgra/pes_18/alu/fp2si/s1     100.1952     0.0     100.1952      0.0000       0.0000 FPToInt_s1_15
system/tile_prci_domain/tile_reset_domain_tile/fusion/fgra/fgra/pes_18/alu/fp2si/s2     842.7216     0.0     579.2976      0.0000       0.0000 FPToInt_s2_15
system/tile_prci_domain/tile_reset_domain_tile/fusion/fgra/fgra/pes_18/alu/fp2si/s2/rpath_rounder      22.5792     0.0      22.5792      0.0000       0.0000 RoundingUnit_6_15
system/tile_prci_domain/tile_reset_domain_tile/fusion/fgra/fgra/pes_18/alu/fp2si/s2/shiftRightJam     240.8448     0.0     240.8448      0.0000       0.0000 ShiftRightJam_1_15
system/tile_prci_domain/tile_reset_domain_tile/fusion/fgra/fgra/pes_18/alu/logic_0     227.2032     0.0       9.4080      0.0000       0.0000 LOGIC_15
system/tile_prci_domain/tile_reset_domain_tile/fusion/fgra/fgra/pes_18/alu/logic_0/logicUnit       6.3504     0.0       6.3504      0.0000       0.0000 UnifiedCom_511
system/tile_prci_domain/tile_reset_domain_tile/fusion/fgra/fgra/pes_18/alu/logic_0/logicUnit_1       6.3504     0.0       6.3504      0.0000       0.0000 UnifiedCom_510
system/tile_prci_domain/tile_reset_domain_tile/fusion/fgra/fgra/pes_18/alu/logic_0/logicUnit_10       7.0560     0.0       7.0560      0.0000       0.0000 UnifiedCom_501
system/tile_prci_domain/tile_reset_domain_tile/fusion/fgra/fgra/pes_18/alu/logic_0/logicUnit_11       6.3504     0.0       6.3504      0.0000       0.0000 UnifiedCom_500
system/tile_prci_domain/tile_reset_domain_tile/fusion/fgra/fgra/pes_18/alu/logic_0/logicUnit_12       7.0560     0.0       7.0560      0.0000       0.0000 UnifiedCom_499
system/tile_prci_domain/tile_reset_domain_tile/fusion/fgra/fgra/pes_18/alu/logic_0/logicUnit_13       7.0560     0.0       7.0560      0.0000       0.0000 UnifiedCom_498
system/tile_prci_domain/tile_reset_domain_tile/fusion/fgra/fgra/pes_18/alu/logic_0/logicUnit_14       6.3504     0.0       6.3504      0.0000       0.0000 UnifiedCom_497
system/tile_prci_domain/tile_reset_domain_tile/fusion/fgra/fgra/pes_18/alu/logic_0/logicUnit_15       7.0560     0.0       7.0560      0.0000       0.0000 UnifiedCom_496
system/tile_prci_domain/tile_reset_domain_tile/fusion/fgra/fgra/pes_18/alu/logic_0/logicUnit_16       6.3504     0.0       6.3504      0.0000       0.0000 UnifiedCom_495
system/tile_prci_domain/tile_reset_domain_tile/fusion/fgra/fgra/pes_18/alu/logic_0/logicUnit_17       7.0560     0.0       7.0560      0.0000       0.0000 UnifiedCom_494
system/tile_prci_domain/tile_reset_domain_tile/fusion/fgra/fgra/pes_18/alu/logic_0/logicUnit_18       6.3504     0.0       6.3504      0.0000       0.0000 UnifiedCom_493
system/tile_prci_domain/tile_reset_domain_tile/fusion/fgra/fgra/pes_18/alu/logic_0/logicUnit_19       6.3504     0.0       6.3504      0.0000       0.0000 UnifiedCom_492
system/tile_prci_domain/tile_reset_domain_tile/fusion/fgra/fgra/pes_18/alu/logic_0/logicUnit_2       6.3504     0.0       6.3504      0.0000       0.0000 UnifiedCom_509
system/tile_prci_domain/tile_reset_domain_tile/fusion/fgra/fgra/pes_18/alu/logic_0/logicUnit_20       6.3504     0.0       6.3504      0.0000       0.0000 UnifiedCom_491
system/tile_prci_domain/tile_reset_domain_tile/fusion/fgra/fgra/pes_18/alu/logic_0/logicUnit_21       7.0560     0.0       7.0560      0.0000       0.0000 UnifiedCom_490
system/tile_prci_domain/tile_reset_domain_tile/fusion/fgra/fgra/pes_18/alu/logic_0/logicUnit_22       7.0560     0.0       7.0560      0.0000       0.0000 UnifiedCom_489
system/tile_prci_domain/tile_reset_domain_tile/fusion/fgra/fgra/pes_18/alu/logic_0/logicUnit_23       7.0560     0.0       7.0560      0.0000       0.0000 UnifiedCom_488
system/tile_prci_domain/tile_reset_domain_tile/fusion/fgra/fgra/pes_18/alu/logic_0/logicUnit_24       6.3504     0.0       6.3504      0.0000       0.0000 UnifiedCom_487
system/tile_prci_domain/tile_reset_domain_tile/fusion/fgra/fgra/pes_18/alu/logic_0/logicUnit_25       7.0560     0.0       7.0560      0.0000       0.0000 UnifiedCom_486
system/tile_prci_domain/tile_reset_domain_tile/fusion/fgra/fgra/pes_18/alu/logic_0/logicUnit_26       7.0560     0.0       7.0560      0.0000       0.0000 UnifiedCom_485
system/tile_prci_domain/tile_reset_domain_tile/fusion/fgra/fgra/pes_18/alu/logic_0/logicUnit_27       7.0560     0.0       7.0560      0.0000       0.0000 UnifiedCom_484
system/tile_prci_domain/tile_reset_domain_tile/fusion/fgra/fgra/pes_18/alu/logic_0/logicUnit_28       7.0560     0.0       7.0560      0.0000       0.0000 UnifiedCom_483
system/tile_prci_domain/tile_reset_domain_tile/fusion/fgra/fgra/pes_18/alu/logic_0/logicUnit_29       7.0560     0.0       7.0560      0.0000       0.0000 UnifiedCom_482
system/tile_prci_domain/tile_reset_domain_tile/fusion/fgra/fgra/pes_18/alu/logic_0/logicUnit_3       6.3504     0.0       6.3504      0.0000       0.0000 UnifiedCom_508
system/tile_prci_domain/tile_reset_domain_tile/fusion/fgra/fgra/pes_18/alu/logic_0/logicUnit_30       8.2320     0.0       8.2320      0.0000       0.0000 UnifiedCom_481
system/tile_prci_domain/tile_reset_domain_tile/fusion/fgra/fgra/pes_18/alu/logic_0/logicUnit_31       7.0560     0.0       7.0560      0.0000       0.0000 UnifiedCom_480
system/tile_prci_domain/tile_reset_domain_tile/fusion/fgra/fgra/pes_18/alu/logic_0/logicUnit_4       7.0560     0.0       7.0560      0.0000       0.0000 UnifiedCom_507
system/tile_prci_domain/tile_reset_domain_tile/fusion/fgra/fgra/pes_18/alu/logic_0/logicUnit_5       7.0560     0.0       7.0560      0.0000       0.0000 UnifiedCom_506
system/tile_prci_domain/tile_reset_domain_tile/fusion/fgra/fgra/pes_18/alu/logic_0/logicUnit_6       7.0560     0.0       7.0560      0.0000       0.0000 UnifiedCom_505
system/tile_prci_domain/tile_reset_domain_tile/fusion/fgra/fgra/pes_18/alu/logic_0/logicUnit_7       7.0560     0.0       7.0560      0.0000       0.0000 UnifiedCom_504
system/tile_prci_domain/tile_reset_domain_tile/fusion/fgra/fgra/pes_18/alu/logic_0/logicUnit_8       6.3504     0.0       6.3504      0.0000       0.0000 UnifiedCom_503
system/tile_prci_domain/tile_reset_domain_tile/fusion/fgra/fgra/pes_18/alu/logic_0/logicUnit_9       6.3504     0.0       6.3504      0.0000       0.0000 UnifiedCom_502
system/tile_prci_domain/tile_reset_domain_tile/fusion/fgra/fgra/pes_18/alu/multipler    2867.3232     0.1    2867.3232      0.0000       0.0000 Mul_15
system/tile_prci_domain/tile_reset_domain_tile/fusion/fgra/fgra/pes_18/alu/shift     689.8416     0.0     689.8416      0.0000       0.0000 SHIFT_15
system/tile_prci_domain/tile_reset_domain_tile/fusion/fgra/fgra/pes_18/alu/si2fp     452.7600     0.0       0.0000      0.0000       0.0000 IntToFP_15
system/tile_prci_domain/tile_reset_domain_tile/fusion/fgra/fgra/pes_18/alu/si2fp/post_norm      41.6304     0.0      19.9920      0.0000       0.0000 IntToFP_postnorm_15
system/tile_prci_domain/tile_reset_domain_tile/fusion/fgra/fgra/pes_18/alu/si2fp/post_norm/rounder      21.6384     0.0      21.6384      0.0000       0.0000 RoundingUnit_233
system/tile_prci_domain/tile_reset_domain_tile/fusion/fgra/fgra/pes_18/alu/si2fp/pre_norm     411.1296     0.0     319.8720      0.0000       0.0000 IntToFP_prenorm_15
system/tile_prci_domain/tile_reset_domain_tile/fusion/fgra/fgra/pes_18/alu/si2fp/pre_norm/pos_lzc_clz      91.2576     0.0      91.2576      0.0000       0.0000 CLZ_3_31
system/tile_prci_domain/tile_reset_domain_tile/fusion/fgra/fgra/pes_18/cfg     682.7856     0.0     194.2752    488.5104       0.0000 ConfigMem_36_1
system/tile_prci_domain/tile_reset_domain_tile/fusion/fgra/fgra/pes_18/delayPipeCG    7057.4113     0.2    4208.4337   2848.9776       0.0000 SharedDelayPipe_12_7
system/tile_prci_domain/tile_reset_domain_tile/fusion/fgra/fgra/pes_18/delayPipeFG     538.6080     0.0     430.4160    108.1920       0.0000 SharedDelayPipe_31_1
system/tile_prci_domain/tile_reset_domain_tile/fusion/fgra/fgra/pes_18/dmr     157.3488     0.0       0.0000    157.3488       0.0000 DualModeReg_8
system/tile_prci_domain/tile_reset_domain_tile/fusion/fgra/fgra/pes_18/lut       5.8800     0.0       5.8800      0.0000       0.0000 LUT_1
system/tile_prci_domain/tile_reset_domain_tile/fusion/fgra/fgra/pes_18/rf4alu       8.2320     0.0       3.5280      4.7040       0.0000 RF_9
system/tile_prci_domain/tile_reset_domain_tile/fusion/fgra/fgra/pes_18/rf4lut       8.9376     0.0       4.2336      4.7040       0.0000 RF_8
system/tile_prci_domain/tile_reset_domain_tile/fusion/fgra/fgra/pes_19   41088.4996     1.2      10.1136      0.0000       0.0000 GPE_19
system/tile_prci_domain/tile_reset_domain_tile/fusion/fgra/fgra/pes_19/Muxn     250.0176     0.0     250.0176      0.0000       0.0000 Muxn_24_113
system/tile_prci_domain/tile_reset_domain_tile/fusion/fgra/fgra/pes_19/Muxn_1     254.2512     0.0     254.2512      0.0000       0.0000 Muxn_24_112
system/tile_prci_domain/tile_reset_domain_tile/fusion/fgra/fgra/pes_19/Muxn_2      10.1136     0.0      10.1136      0.0000       0.0000 Muxn_91_22
system/tile_prci_domain/tile_reset_domain_tile/fusion/fgra/fgra/pes_19/Muxn_3      10.1136     0.0      10.1136      0.0000       0.0000 Muxn_91_21
system/tile_prci_domain/tile_reset_domain_tile/fusion/fgra/fgra/pes_19/Muxn_4      10.1136     0.0      10.1136      0.0000       0.0000 Muxn_91_20
system/tile_prci_domain/tile_reset_domain_tile/fusion/fgra/fgra/pes_19/alu   31874.5395     0.9     809.0880      0.0000       0.0000 ALU_14_0
system/tile_prci_domain/tile_reset_domain_tile/fusion/fgra/fgra/pes_19/alu/arith     419.8320     0.0     419.8320      0.0000       0.0000 ARITH_14
system/tile_prci_domain/tile_reset_domain_tile/fusion/fgra/fgra/pes_19/alu/fadd    5298.5857     0.2       0.0000      0.0000       0.0000 FADD_22
system/tile_prci_domain/tile_reset_domain_tile/fusion/fgra/fgra/pes_19/alu/fadd/fcmaadd    5298.5857     0.2       2.3520      0.0000       0.0000 FCMA_ADD_22
system/tile_prci_domain/tile_reset_domain_tile/fusion/fgra/fgra/pes_19/alu/fadd/fcmaadd/fadd_s1    3563.9857     0.1     677.8464      0.0000       0.0000 FCMA_ADD_s1_22
system/tile_prci_domain/tile_reset_domain_tile/fusion/fgra/fgra/pes_19/alu/fadd/fcmaadd/fadd_s1/far_path_mods_0     867.1824     0.0     373.0272      0.0000       0.0000 FarPath_22
system/tile_prci_domain/tile_reset_domain_tile/fusion/fgra/fgra/pes_19/alu/fadd/fcmaadd/fadd_s1/far_path_mods_0/shiftRightJam     494.1552     0.0     494.1552      0.0000       0.0000 ShiftRightJam_23
system/tile_prci_domain/tile_reset_domain_tile/fusion/fgra/fgra/pes_19/alu/fadd/fcmaadd/fadd_s1/near_path_mods_0    1009.7136     0.0     739.4688      0.0000       0.0000 NearPath_45
system/tile_prci_domain/tile_reset_domain_tile/fusion/fgra/fgra/pes_19/alu/fadd/fcmaadd/fadd_s1/near_path_mods_0/lza_ab     165.8160     0.0     165.8160      0.0000       0.0000 LZA_46
system/tile_prci_domain/tile_reset_domain_tile/fusion/fgra/fgra/pes_19/alu/fadd/fcmaadd/fadd_s1/near_path_mods_0/lzc_clz     104.4288     0.0     104.4288      0.0000       0.0000 CLZ_47
system/tile_prci_domain/tile_reset_domain_tile/fusion/fgra/fgra/pes_19/alu/fadd/fcmaadd/fadd_s1/near_path_mods_1    1009.2432     0.0     754.9920      0.0000       0.0000 NearPath_44
system/tile_prci_domain/tile_reset_domain_tile/fusion/fgra/fgra/pes_19/alu/fadd/fcmaadd/fadd_s1/near_path_mods_1/lza_ab     149.3520     0.0     149.3520      0.0000       0.0000 LZA_45
system/tile_prci_domain/tile_reset_domain_tile/fusion/fgra/fgra/pes_19/alu/fadd/fcmaadd/fadd_s1/near_path_mods_1/lzc_clz     104.8992     0.0     104.8992      0.0000       0.0000 CLZ_46
system/tile_prci_domain/tile_reset_domain_tile/fusion/fgra/fgra/pes_19/alu/fadd/fcmaadd/fadd_s2    1732.2480     0.0    1248.6768      0.0000       0.0000 FCMA_ADD_s2_22
system/tile_prci_domain/tile_reset_domain_tile/fusion/fgra/fgra/pes_19/alu/fadd/fcmaadd/fadd_s2/far_path_rounder     279.1824     0.0     279.1824      0.0000       0.0000 RoundingUnit_161
system/tile_prci_domain/tile_reset_domain_tile/fusion/fgra/fgra/pes_19/alu/fadd/fcmaadd/fadd_s2/near_path_rounder     204.3888     0.0     204.3888      0.0000       0.0000 RoundingUnit_160
system/tile_prci_domain/tile_reset_domain_tile/fusion/fgra/fgra/pes_19/alu/fdiv   14225.3665     0.4     139.7088    884.5872       0.0000 fpDiv_14
system/tile_prci_domain/tile_reset_domain_tile/fusion/fgra/fgra/pes_19/alu/fdiv/inverter    9734.9281     0.3    1358.2800    882.4704       0.0000 fpInverter_14
system/tile_prci_domain/tile_reset_domain_tile/fusion/fgra/fgra/pes_19/alu/fdiv/inverter/adder     112.8960     0.0     112.8960      0.0000       0.0000 VarSizeAdder_14
system/tile_prci_domain/tile_reset_domain_tile/fusion/fgra/fgra/pes_19/alu/fdiv/inverter/mul1    1742.3616     0.0    1742.3616      0.0000       0.0000 VarSizeMul_14
system/tile_prci_domain/tile_reset_domain_tile/fusion/fgra/fgra/pes_19/alu/fdiv/inverter/mul2    1585.7184     0.0    1585.7184      0.0000       0.0000 mul2_14
system/tile_prci_domain/tile_reset_domain_tile/fusion/fgra/fgra/pes_19/alu/fdiv/inverter/mul3    2978.1024     0.1    2978.1024      0.0000       0.0000 mul3_14
system/tile_prci_domain/tile_reset_domain_tile/fusion/fgra/fgra/pes_19/alu/fdiv/inverter/sub2     139.4736     0.0     139.4736      0.0000       0.0000 VarSizeSub_14
system/tile_prci_domain/tile_reset_domain_tile/fusion/fgra/fgra/pes_19/alu/fdiv/inverter/tableC     183.9264     0.0     183.9264      0.0000       0.0000 lookupC_14
system/tile_prci_domain/tile_reset_domain_tile/fusion/fgra/fgra/pes_19/alu/fdiv/inverter/tableJ     287.1792     0.0     287.1792      0.0000       0.0000 lookupJ_14
system/tile_prci_domain/tile_reset_domain_tile/fusion/fgra/fgra/pes_19/alu/fdiv/inverter/tableL     464.5200     0.0     337.5120    127.0080       0.0000 lookupL_14
system/tile_prci_domain/tile_reset_domain_tile/fusion/fgra/fgra/pes_19/alu/fdiv/multiplier    3466.1424     0.1    3279.8640    164.6400       0.0000 FPMult_14
system/tile_prci_domain/tile_reset_domain_tile/fusion/fgra/fgra/pes_19/alu/fdiv/multiplier/rounder      21.6384     0.0      21.6384      0.0000       0.0000 MantissaRounder_14
system/tile_prci_domain/tile_reset_domain_tile/fusion/fgra/fgra/pes_19/alu/fmax     275.6544     0.0     275.6544      0.0000       0.0000 FCMP_42
system/tile_prci_domain/tile_reset_domain_tile/fusion/fgra/fgra/pes_19/alu/fmin     271.1856     0.0     271.1856      0.0000       0.0000 FCMP_43
system/tile_prci_domain/tile_reset_domain_tile/fusion/fgra/fgra/pes_19/alu/fmul    2329.1856     0.1      15.9936    555.3072       0.0000 FMUL_share_14
system/tile_prci_domain/tile_reset_domain_tile/fusion/fgra/fgra/pes_19/alu/fmul/fmul_s1     419.1264     0.0     337.5120      0.0000       0.0000 FMUL_s1_14
system/tile_prci_domain/tile_reset_domain_tile/fusion/fgra/fgra/pes_19/alu/fmul/fmul_s1/lzc_clz      81.6144     0.0      81.6144      0.0000       0.0000 CLZ_2_14
system/tile_prci_domain/tile_reset_domain_tile/fusion/fgra/fgra/pes_19/alu/fmul/fmul_s2    1133.8992     0.0    1133.8992      0.0000       0.0000 FMUL_s2_14
system/tile_prci_domain/tile_reset_domain_tile/fusion/fgra/fgra/pes_19/alu/fmul/fmul_s3     204.8592     0.0     104.1936      0.0000       0.0000 FMUL_s3_14
system/tile_prci_domain/tile_reset_domain_tile/fusion/fgra/fgra/pes_19/alu/fmul/fmul_s3/rounder     100.6656     0.0     100.6656      0.0000       0.0000 RoundingUnit_232
system/tile_prci_domain/tile_reset_domain_tile/fusion/fgra/fgra/pes_19/alu/fp2si     959.8512     0.0       0.0000      0.0000       0.0000 FPToInt_14
system/tile_prci_domain/tile_reset_domain_tile/fusion/fgra/fgra/pes_19/alu/fp2si/s1     102.3120     0.0     102.3120      0.0000       0.0000 FPToInt_s1_14
system/tile_prci_domain/tile_reset_domain_tile/fusion/fgra/fgra/pes_19/alu/fp2si/s2     857.5392     0.0     590.8224      0.0000       0.0000 FPToInt_s2_14
system/tile_prci_domain/tile_reset_domain_tile/fusion/fgra/fgra/pes_19/alu/fp2si/s2/rpath_rounder      22.5792     0.0      22.5792      0.0000       0.0000 RoundingUnit_6_14
system/tile_prci_domain/tile_reset_domain_tile/fusion/fgra/fgra/pes_19/alu/fp2si/s2/shiftRightJam     244.1376     0.0     244.1376      0.0000       0.0000 ShiftRightJam_1_14
system/tile_prci_domain/tile_reset_domain_tile/fusion/fgra/fgra/pes_19/alu/logic_0     229.7904     0.0      10.3488      0.0000       0.0000 LOGIC_14
system/tile_prci_domain/tile_reset_domain_tile/fusion/fgra/fgra/pes_19/alu/logic_0/logicUnit       6.3504     0.0       6.3504      0.0000       0.0000 UnifiedCom_479
system/tile_prci_domain/tile_reset_domain_tile/fusion/fgra/fgra/pes_19/alu/logic_0/logicUnit_1       6.3504     0.0       6.3504      0.0000       0.0000 UnifiedCom_478
system/tile_prci_domain/tile_reset_domain_tile/fusion/fgra/fgra/pes_19/alu/logic_0/logicUnit_10       7.0560     0.0       7.0560      0.0000       0.0000 UnifiedCom_469
system/tile_prci_domain/tile_reset_domain_tile/fusion/fgra/fgra/pes_19/alu/logic_0/logicUnit_11       7.0560     0.0       7.0560      0.0000       0.0000 UnifiedCom_468
system/tile_prci_domain/tile_reset_domain_tile/fusion/fgra/fgra/pes_19/alu/logic_0/logicUnit_12       7.0560     0.0       7.0560      0.0000       0.0000 UnifiedCom_467
system/tile_prci_domain/tile_reset_domain_tile/fusion/fgra/fgra/pes_19/alu/logic_0/logicUnit_13       7.0560     0.0       7.0560      0.0000       0.0000 UnifiedCom_466
system/tile_prci_domain/tile_reset_domain_tile/fusion/fgra/fgra/pes_19/alu/logic_0/logicUnit_14       7.0560     0.0       7.0560      0.0000       0.0000 UnifiedCom_465
system/tile_prci_domain/tile_reset_domain_tile/fusion/fgra/fgra/pes_19/alu/logic_0/logicUnit_15       7.0560     0.0       7.0560      0.0000       0.0000 UnifiedCom_464
system/tile_prci_domain/tile_reset_domain_tile/fusion/fgra/fgra/pes_19/alu/logic_0/logicUnit_16       7.0560     0.0       7.0560      0.0000       0.0000 UnifiedCom_463
system/tile_prci_domain/tile_reset_domain_tile/fusion/fgra/fgra/pes_19/alu/logic_0/logicUnit_17       7.0560     0.0       7.0560      0.0000       0.0000 UnifiedCom_462
system/tile_prci_domain/tile_reset_domain_tile/fusion/fgra/fgra/pes_19/alu/logic_0/logicUnit_18       7.0560     0.0       7.0560      0.0000       0.0000 UnifiedCom_461
system/tile_prci_domain/tile_reset_domain_tile/fusion/fgra/fgra/pes_19/alu/logic_0/logicUnit_19       6.3504     0.0       6.3504      0.0000       0.0000 UnifiedCom_460
system/tile_prci_domain/tile_reset_domain_tile/fusion/fgra/fgra/pes_19/alu/logic_0/logicUnit_2       6.3504     0.0       6.3504      0.0000       0.0000 UnifiedCom_477
system/tile_prci_domain/tile_reset_domain_tile/fusion/fgra/fgra/pes_19/alu/logic_0/logicUnit_20       7.0560     0.0       7.0560      0.0000       0.0000 UnifiedCom_459
system/tile_prci_domain/tile_reset_domain_tile/fusion/fgra/fgra/pes_19/alu/logic_0/logicUnit_21       6.3504     0.0       6.3504      0.0000       0.0000 UnifiedCom_458
system/tile_prci_domain/tile_reset_domain_tile/fusion/fgra/fgra/pes_19/alu/logic_0/logicUnit_22       7.0560     0.0       7.0560      0.0000       0.0000 UnifiedCom_457
system/tile_prci_domain/tile_reset_domain_tile/fusion/fgra/fgra/pes_19/alu/logic_0/logicUnit_23       6.3504     0.0       6.3504      0.0000       0.0000 UnifiedCom_456
system/tile_prci_domain/tile_reset_domain_tile/fusion/fgra/fgra/pes_19/alu/logic_0/logicUnit_24       7.0560     0.0       7.0560      0.0000       0.0000 UnifiedCom_455
system/tile_prci_domain/tile_reset_domain_tile/fusion/fgra/fgra/pes_19/alu/logic_0/logicUnit_25       6.3504     0.0       6.3504      0.0000       0.0000 UnifiedCom_454
system/tile_prci_domain/tile_reset_domain_tile/fusion/fgra/fgra/pes_19/alu/logic_0/logicUnit_26       7.0560     0.0       7.0560      0.0000       0.0000 UnifiedCom_453
system/tile_prci_domain/tile_reset_domain_tile/fusion/fgra/fgra/pes_19/alu/logic_0/logicUnit_27       7.0560     0.0       7.0560      0.0000       0.0000 UnifiedCom_452
system/tile_prci_domain/tile_reset_domain_tile/fusion/fgra/fgra/pes_19/alu/logic_0/logicUnit_28       6.3504     0.0       6.3504      0.0000       0.0000 UnifiedCom_451
system/tile_prci_domain/tile_reset_domain_tile/fusion/fgra/fgra/pes_19/alu/logic_0/logicUnit_29       7.0560     0.0       7.0560      0.0000       0.0000 UnifiedCom_450
system/tile_prci_domain/tile_reset_domain_tile/fusion/fgra/fgra/pes_19/alu/logic_0/logicUnit_3       7.0560     0.0       7.0560      0.0000       0.0000 UnifiedCom_476
system/tile_prci_domain/tile_reset_domain_tile/fusion/fgra/fgra/pes_19/alu/logic_0/logicUnit_30       7.0560     0.0       7.0560      0.0000       0.0000 UnifiedCom_449
system/tile_prci_domain/tile_reset_domain_tile/fusion/fgra/fgra/pes_19/alu/logic_0/logicUnit_31       7.0560     0.0       7.0560      0.0000       0.0000 UnifiedCom_448
system/tile_prci_domain/tile_reset_domain_tile/fusion/fgra/fgra/pes_19/alu/logic_0/logicUnit_4       7.0560     0.0       7.0560      0.0000       0.0000 UnifiedCom_475
system/tile_prci_domain/tile_reset_domain_tile/fusion/fgra/fgra/pes_19/alu/logic_0/logicUnit_5       7.0560     0.0       7.0560      0.0000       0.0000 UnifiedCom_474
system/tile_prci_domain/tile_reset_domain_tile/fusion/fgra/fgra/pes_19/alu/logic_0/logicUnit_6       7.0560     0.0       7.0560      0.0000       0.0000 UnifiedCom_473
system/tile_prci_domain/tile_reset_domain_tile/fusion/fgra/fgra/pes_19/alu/logic_0/logicUnit_7       7.0560     0.0       7.0560      0.0000       0.0000 UnifiedCom_472
system/tile_prci_domain/tile_reset_domain_tile/fusion/fgra/fgra/pes_19/alu/logic_0/logicUnit_8       6.3504     0.0       6.3504      0.0000       0.0000 UnifiedCom_471
system/tile_prci_domain/tile_reset_domain_tile/fusion/fgra/fgra/pes_19/alu/logic_0/logicUnit_9       7.0560     0.0       7.0560      0.0000       0.0000 UnifiedCom_470
system/tile_prci_domain/tile_reset_domain_tile/fusion/fgra/fgra/pes_19/alu/multipler    5903.9905     0.2    5903.9905      0.0000       0.0000 Mul_14
system/tile_prci_domain/tile_reset_domain_tile/fusion/fgra/fgra/pes_19/alu/shift     690.7824     0.0     690.7824      0.0000       0.0000 SHIFT_14
system/tile_prci_domain/tile_reset_domain_tile/fusion/fgra/fgra/pes_19/alu/si2fp     461.2272     0.0       0.0000      0.0000       0.0000 IntToFP_14
system/tile_prci_domain/tile_reset_domain_tile/fusion/fgra/fgra/pes_19/alu/si2fp/post_norm      42.5712     0.0      20.9328      0.0000       0.0000 IntToFP_postnorm_14
system/tile_prci_domain/tile_reset_domain_tile/fusion/fgra/fgra/pes_19/alu/si2fp/post_norm/rounder      21.6384     0.0      21.6384      0.0000       0.0000 RoundingUnit_231
system/tile_prci_domain/tile_reset_domain_tile/fusion/fgra/fgra/pes_19/alu/si2fp/pre_norm     418.6560     0.0     319.8720      0.0000       0.0000 IntToFP_prenorm_14
system/tile_prci_domain/tile_reset_domain_tile/fusion/fgra/fgra/pes_19/alu/si2fp/pre_norm/pos_lzc_clz      98.7840     0.0      98.7840      0.0000       0.0000 CLZ_3_29
system/tile_prci_domain/tile_reset_domain_tile/fusion/fgra/fgra/pes_19/cfg     700.4256     0.0     194.2752    506.1504       0.0000 ConfigMem_36_0
system/tile_prci_domain/tile_reset_domain_tile/fusion/fgra/fgra/pes_19/delayPipeCG    7247.4529     0.2    4388.5969   2858.8560       0.0000 SharedDelayPipe_12_6
system/tile_prci_domain/tile_reset_domain_tile/fusion/fgra/fgra/pes_19/delayPipeFG     538.6080     0.0     430.4160    108.1920       0.0000 SharedDelayPipe_31_0
system/tile_prci_domain/tile_reset_domain_tile/fusion/fgra/fgra/pes_19/dmr     159.4656     0.0       0.0000    159.4656       0.0000 DualModeReg_7
system/tile_prci_domain/tile_reset_domain_tile/fusion/fgra/fgra/pes_19/lut       5.8800     0.0       5.8800      0.0000       0.0000 LUT_0
system/tile_prci_domain/tile_reset_domain_tile/fusion/fgra/fgra/pes_19/rf4alu       8.9376     0.0       3.9984      4.9392       0.0000 RF_7
system/tile_prci_domain/tile_reset_domain_tile/fusion/fgra/fgra/pes_19/rf4lut       8.4672     0.0       3.7632      4.7040       0.0000 RF_6
system/tile_prci_domain/tile_reset_domain_tile/fusion/fgra/fgra/pes_2   26806.2147     0.8       7.0560      0.0000       0.0000 GPE_2
system/tile_prci_domain/tile_reset_domain_tile/fusion/fgra/fgra/pes_2/Muxn     269.3040     0.0     269.3040      0.0000       0.0000 Muxn_24_151
system/tile_prci_domain/tile_reset_domain_tile/fusion/fgra/fgra/pes_2/Muxn_1     252.1344     0.0     252.1344      0.0000       0.0000 Muxn_24_150
system/tile_prci_domain/tile_reset_domain_tile/fusion/fgra/fgra/pes_2/Muxn_2       7.5264     0.0       7.5264      0.0000       0.0000 Muxn_26_32
system/tile_prci_domain/tile_reset_domain_tile/fusion/fgra/fgra/pes_2/alu   18142.3874     0.5     783.4512      0.0000       0.0000 ALU_12
system/tile_prci_domain/tile_reset_domain_tile/fusion/fgra/fgra/pes_2/alu/arith     425.0064     0.0     425.0064      0.0000       0.0000 ARITH_31
system/tile_prci_domain/tile_reset_domain_tile/fusion/fgra/fgra/pes_2/alu/fadd    5243.5489     0.1       0.0000      0.0000       0.0000 FADD_39
system/tile_prci_domain/tile_reset_domain_tile/fusion/fgra/fgra/pes_2/alu/fadd/fcmaadd    5243.5489     0.1       2.3520      0.0000       0.0000 FCMA_ADD_39
system/tile_prci_domain/tile_reset_domain_tile/fusion/fgra/fgra/pes_2/alu/fadd/fcmaadd/fadd_s1    3566.3376     0.1     684.4320      0.0000       0.0000 FCMA_ADD_s1_39
system/tile_prci_domain/tile_reset_domain_tile/fusion/fgra/fgra/pes_2/alu/fadd/fcmaadd/fadd_s1/far_path_mods_0     900.3456     0.0     378.2016      0.0000       0.0000 FarPath_39
system/tile_prci_domain/tile_reset_domain_tile/fusion/fgra/fgra/pes_2/alu/fadd/fcmaadd/fadd_s1/far_path_mods_0/shiftRightJam     522.1440     0.0     522.1440      0.0000       0.0000 ShiftRightJam_40
system/tile_prci_domain/tile_reset_domain_tile/fusion/fgra/fgra/pes_2/alu/fadd/fcmaadd/fadd_s1/near_path_mods_0    1000.5408     0.0     761.8128      0.0000       0.0000 NearPath_79
system/tile_prci_domain/tile_reset_domain_tile/fusion/fgra/fgra/pes_2/alu/fadd/fcmaadd/fadd_s1/near_path_mods_0/lza_ab     143.4720     0.0     143.4720      0.0000       0.0000 LZA_80
system/tile_prci_domain/tile_reset_domain_tile/fusion/fgra/fgra/pes_2/alu/fadd/fcmaadd/fadd_s1/near_path_mods_0/lzc_clz      95.2560     0.0      95.2560      0.0000       0.0000 CLZ_81
system/tile_prci_domain/tile_reset_domain_tile/fusion/fgra/fgra/pes_2/alu/fadd/fcmaadd/fadd_s1/near_path_mods_1     981.0192     0.0     737.8224      0.0000       0.0000 NearPath_78
system/tile_prci_domain/tile_reset_domain_tile/fusion/fgra/fgra/pes_2/alu/fadd/fcmaadd/fadd_s1/near_path_mods_1/lza_ab     144.6480     0.0     144.6480      0.0000       0.0000 LZA_79
system/tile_prci_domain/tile_reset_domain_tile/fusion/fgra/fgra/pes_2/alu/fadd/fcmaadd/fadd_s1/near_path_mods_1/lzc_clz      98.5488     0.0      98.5488      0.0000       0.0000 CLZ_80
system/tile_prci_domain/tile_reset_domain_tile/fusion/fgra/fgra/pes_2/alu/fadd/fcmaadd/fadd_s2    1674.8592     0.0    1217.1600      0.0000       0.0000 FCMA_ADD_s2_39
system/tile_prci_domain/tile_reset_domain_tile/fusion/fgra/fgra/pes_2/alu/fadd/fcmaadd/fadd_s2/far_path_rounder     254.2512     0.0     254.2512      0.0000       0.0000 RoundingUnit_212
system/tile_prci_domain/tile_reset_domain_tile/fusion/fgra/fgra/pes_2/alu/fadd/fcmaadd/fadd_s2/near_path_rounder     203.4480     0.0     203.4480      0.0000       0.0000 RoundingUnit_211
system/tile_prci_domain/tile_reset_domain_tile/fusion/fgra/fgra/pes_2/alu/fcmp     292.1184     0.0     292.1184      0.0000       0.0000 FCMP_95
system/tile_prci_domain/tile_reset_domain_tile/fusion/fgra/fgra/pes_2/alu/fmax     272.8320     0.0     272.8320      0.0000       0.0000 FCMP_93
system/tile_prci_domain/tile_reset_domain_tile/fusion/fgra/fgra/pes_2/alu/fmin     272.5968     0.0     272.5968      0.0000       0.0000 FCMP_94
system/tile_prci_domain/tile_reset_domain_tile/fusion/fgra/fgra/pes_2/alu/fmul    2362.3488     0.1      18.8160    563.3040       0.0000 FMUL_share_31
system/tile_prci_domain/tile_reset_domain_tile/fusion/fgra/fgra/pes_2/alu/fmul/fmul_s1     487.8048     0.0     407.8368      0.0000       0.0000 FMUL_s1_31
system/tile_prci_domain/tile_reset_domain_tile/fusion/fgra/fgra/pes_2/alu/fmul/fmul_s1/lzc_clz      79.9680     0.0      79.9680      0.0000       0.0000 CLZ_2_31
system/tile_prci_domain/tile_reset_domain_tile/fusion/fgra/fgra/pes_2/alu/fmul/fmul_s2    1087.5648     0.0    1087.5648      0.0000       0.0000 FMUL_s2_31
system/tile_prci_domain/tile_reset_domain_tile/fusion/fgra/fgra/pes_2/alu/fmul/fmul_s3     204.8592     0.0     104.1936      0.0000       0.0000 FMUL_s3_31
system/tile_prci_domain/tile_reset_domain_tile/fusion/fgra/fgra/pes_2/alu/fmul/fmul_s3/rounder     100.6656     0.0     100.6656      0.0000       0.0000 RoundingUnit_266
system/tile_prci_domain/tile_reset_domain_tile/fusion/fgra/fgra/pes_2/alu/fp2si     952.0896     0.0       0.0000      0.0000       0.0000 FPToInt_31
system/tile_prci_domain/tile_reset_domain_tile/fusion/fgra/fgra/pes_2/alu/fp2si/s1     106.7808     0.0     106.7808      0.0000       0.0000 FPToInt_s1_31
system/tile_prci_domain/tile_reset_domain_tile/fusion/fgra/fgra/pes_2/alu/fp2si/s2     845.3088     0.0     577.8864      0.0000       0.0000 FPToInt_s2_31
system/tile_prci_domain/tile_reset_domain_tile/fusion/fgra/fgra/pes_2/alu/fp2si/s2/rpath_rounder      22.5792     0.0      22.5792      0.0000       0.0000 RoundingUnit_6_31
system/tile_prci_domain/tile_reset_domain_tile/fusion/fgra/fgra/pes_2/alu/fp2si/s2/shiftRightJam     244.8432     0.0     244.8432      0.0000       0.0000 ShiftRightJam_1_31
system/tile_prci_domain/tile_reset_domain_tile/fusion/fgra/fgra/pes_2/alu/logic_0     233.7888     0.0      11.2896      0.0000       0.0000 LOGIC_31
system/tile_prci_domain/tile_reset_domain_tile/fusion/fgra/fgra/pes_2/alu/logic_0/logicUnit       6.3504     0.0       6.3504      0.0000       0.0000 UnifiedCom_1023
system/tile_prci_domain/tile_reset_domain_tile/fusion/fgra/fgra/pes_2/alu/logic_0/logicUnit_1       7.0560     0.0       7.0560      0.0000       0.0000 UnifiedCom_1022
system/tile_prci_domain/tile_reset_domain_tile/fusion/fgra/fgra/pes_2/alu/logic_0/logicUnit_10       7.0560     0.0       7.0560      0.0000       0.0000 UnifiedCom_1013
system/tile_prci_domain/tile_reset_domain_tile/fusion/fgra/fgra/pes_2/alu/logic_0/logicUnit_11       7.0560     0.0       7.0560      0.0000       0.0000 UnifiedCom_1012
system/tile_prci_domain/tile_reset_domain_tile/fusion/fgra/fgra/pes_2/alu/logic_0/logicUnit_12       6.3504     0.0       6.3504      0.0000       0.0000 UnifiedCom_1011
system/tile_prci_domain/tile_reset_domain_tile/fusion/fgra/fgra/pes_2/alu/logic_0/logicUnit_13       7.0560     0.0       7.0560      0.0000       0.0000 UnifiedCom_1010
system/tile_prci_domain/tile_reset_domain_tile/fusion/fgra/fgra/pes_2/alu/logic_0/logicUnit_14       7.0560     0.0       7.0560      0.0000       0.0000 UnifiedCom_1009
system/tile_prci_domain/tile_reset_domain_tile/fusion/fgra/fgra/pes_2/alu/logic_0/logicUnit_15       7.0560     0.0       7.0560      0.0000       0.0000 UnifiedCom_1008
system/tile_prci_domain/tile_reset_domain_tile/fusion/fgra/fgra/pes_2/alu/logic_0/logicUnit_16       7.0560     0.0       7.0560      0.0000       0.0000 UnifiedCom_1007
system/tile_prci_domain/tile_reset_domain_tile/fusion/fgra/fgra/pes_2/alu/logic_0/logicUnit_17       7.0560     0.0       7.0560      0.0000       0.0000 UnifiedCom_1006
system/tile_prci_domain/tile_reset_domain_tile/fusion/fgra/fgra/pes_2/alu/logic_0/logicUnit_18       7.0560     0.0       7.0560      0.0000       0.0000 UnifiedCom_1005
system/tile_prci_domain/tile_reset_domain_tile/fusion/fgra/fgra/pes_2/alu/logic_0/logicUnit_19       7.0560     0.0       7.0560      0.0000       0.0000 UnifiedCom_1004
system/tile_prci_domain/tile_reset_domain_tile/fusion/fgra/fgra/pes_2/alu/logic_0/logicUnit_2       6.3504     0.0       6.3504      0.0000       0.0000 UnifiedCom_1021
system/tile_prci_domain/tile_reset_domain_tile/fusion/fgra/fgra/pes_2/alu/logic_0/logicUnit_20       7.0560     0.0       7.0560      0.0000       0.0000 UnifiedCom_1003
system/tile_prci_domain/tile_reset_domain_tile/fusion/fgra/fgra/pes_2/alu/logic_0/logicUnit_21       7.0560     0.0       7.0560      0.0000       0.0000 UnifiedCom_1002
system/tile_prci_domain/tile_reset_domain_tile/fusion/fgra/fgra/pes_2/alu/logic_0/logicUnit_22       7.0560     0.0       7.0560      0.0000       0.0000 UnifiedCom_1001
system/tile_prci_domain/tile_reset_domain_tile/fusion/fgra/fgra/pes_2/alu/logic_0/logicUnit_23       7.0560     0.0       7.0560      0.0000       0.0000 UnifiedCom_1000
system/tile_prci_domain/tile_reset_domain_tile/fusion/fgra/fgra/pes_2/alu/logic_0/logicUnit_24       6.3504     0.0       6.3504      0.0000       0.0000 UnifiedCom_999
system/tile_prci_domain/tile_reset_domain_tile/fusion/fgra/fgra/pes_2/alu/logic_0/logicUnit_25       7.0560     0.0       7.0560      0.0000       0.0000 UnifiedCom_998
system/tile_prci_domain/tile_reset_domain_tile/fusion/fgra/fgra/pes_2/alu/logic_0/logicUnit_26       7.0560     0.0       7.0560      0.0000       0.0000 UnifiedCom_997
system/tile_prci_domain/tile_reset_domain_tile/fusion/fgra/fgra/pes_2/alu/logic_0/logicUnit_27       6.3504     0.0       6.3504      0.0000       0.0000 UnifiedCom_996
system/tile_prci_domain/tile_reset_domain_tile/fusion/fgra/fgra/pes_2/alu/logic_0/logicUnit_28       7.0560     0.0       7.0560      0.0000       0.0000 UnifiedCom_995
system/tile_prci_domain/tile_reset_domain_tile/fusion/fgra/fgra/pes_2/alu/logic_0/logicUnit_29       7.0560     0.0       7.0560      0.0000       0.0000 UnifiedCom_994
system/tile_prci_domain/tile_reset_domain_tile/fusion/fgra/fgra/pes_2/alu/logic_0/logicUnit_3       7.0560     0.0       7.0560      0.0000       0.0000 UnifiedCom_1020
system/tile_prci_domain/tile_reset_domain_tile/fusion/fgra/fgra/pes_2/alu/logic_0/logicUnit_30       6.3504     0.0       6.3504      0.0000       0.0000 UnifiedCom_993
system/tile_prci_domain/tile_reset_domain_tile/fusion/fgra/fgra/pes_2/alu/logic_0/logicUnit_31       7.0560     0.0       7.0560      0.0000       0.0000 UnifiedCom_992
system/tile_prci_domain/tile_reset_domain_tile/fusion/fgra/fgra/pes_2/alu/logic_0/logicUnit_4       7.0560     0.0       7.0560      0.0000       0.0000 UnifiedCom_1019
system/tile_prci_domain/tile_reset_domain_tile/fusion/fgra/fgra/pes_2/alu/logic_0/logicUnit_5       7.0560     0.0       7.0560      0.0000       0.0000 UnifiedCom_1018
system/tile_prci_domain/tile_reset_domain_tile/fusion/fgra/fgra/pes_2/alu/logic_0/logicUnit_6       7.0560     0.0       7.0560      0.0000       0.0000 UnifiedCom_1017
system/tile_prci_domain/tile_reset_domain_tile/fusion/fgra/fgra/pes_2/alu/logic_0/logicUnit_7       7.0560     0.0       7.0560      0.0000       0.0000 UnifiedCom_1016
system/tile_prci_domain/tile_reset_domain_tile/fusion/fgra/fgra/pes_2/alu/logic_0/logicUnit_8       8.7024     0.0       8.7024      0.0000       0.0000 UnifiedCom_1015
system/tile_prci_domain/tile_reset_domain_tile/fusion/fgra/fgra/pes_2/alu/logic_0/logicUnit_9       6.3504     0.0       6.3504      0.0000       0.0000 UnifiedCom_1014
system/tile_prci_domain/tile_reset_domain_tile/fusion/fgra/fgra/pes_2/alu/multipler    6154.0081     0.2    6154.0081      0.0000       0.0000 Mul_31
system/tile_prci_domain/tile_reset_domain_tile/fusion/fgra/fgra/pes_2/alu/shift     689.8416     0.0     689.8416      0.0000       0.0000 SHIFT_31
system/tile_prci_domain/tile_reset_domain_tile/fusion/fgra/fgra/pes_2/alu/si2fp     460.7568     0.0       0.0000      0.0000       0.0000 IntToFP_31
system/tile_prci_domain/tile_reset_domain_tile/fusion/fgra/fgra/pes_2/alu/si2fp/post_norm      40.9248     0.0      19.2864      0.0000       0.0000 IntToFP_postnorm_31
system/tile_prci_domain/tile_reset_domain_tile/fusion/fgra/fgra/pes_2/alu/si2fp/post_norm/rounder      21.6384     0.0      21.6384      0.0000       0.0000 RoundingUnit_265
system/tile_prci_domain/tile_reset_domain_tile/fusion/fgra/fgra/pes_2/alu/si2fp/pre_norm     419.8320     0.0     324.3408      0.0000       0.0000 IntToFP_prenorm_31
system/tile_prci_domain/tile_reset_domain_tile/fusion/fgra/fgra/pes_2/alu/si2fp/pre_norm/pos_lzc_clz      95.4912     0.0      95.4912      0.0000       0.0000 CLZ_3_63
system/tile_prci_domain/tile_reset_domain_tile/fusion/fgra/fgra/pes_2/cfg     552.7200     0.0     153.8208    398.8992       0.0000 ConfigMem_12_11
system/tile_prci_domain/tile_reset_domain_tile/fusion/fgra/fgra/pes_2/delayPipeCG    7240.1617     0.2    4391.1841   2848.9776       0.0000 SharedDelayPipe_12_25
system/tile_prci_domain/tile_reset_domain_tile/fusion/fgra/fgra/pes_2/delayPipeFG     173.5776     0.0     112.4256     61.1520       0.0000 SharedDelayPipe_13_11
system/tile_prci_domain/tile_reset_domain_tile/fusion/fgra/fgra/pes_2/dmr     153.3504     0.0       0.0000    153.3504       0.0000 DualModeReg_18
system/tile_prci_domain/tile_reset_domain_tile/fusion/fgra/fgra/pes_2/rf4alu       7.9968     0.0       3.2928      4.7040       0.0000 RF_35
system/tile_prci_domain/tile_reset_domain_tile/fusion/fgra/fgra/pes_20   26577.8355     0.8       5.1744      0.0000       0.0000 GPE_20
system/tile_prci_domain/tile_reset_domain_tile/fusion/fgra/fgra/pes_20/Muxn     202.5072     0.0     202.5072      0.0000       0.0000 Muxn_24_111
system/tile_prci_domain/tile_reset_domain_tile/fusion/fgra/fgra/pes_20/Muxn_1     203.2128     0.0     203.2128      0.0000       0.0000 Muxn_24_110
system/tile_prci_domain/tile_reset_domain_tile/fusion/fgra/fgra/pes_20/Muxn_2       6.3504     0.0       6.3504      0.0000       0.0000 Muxn_26_26
system/tile_prci_domain/tile_reset_domain_tile/fusion/fgra/fgra/pes_20/alu   18092.7602     0.5     777.8064      0.0000       0.0000 ALU_5
system/tile_prci_domain/tile_reset_domain_tile/fusion/fgra/fgra/pes_20/alu/arith     423.8304     0.0     423.8304      0.0000       0.0000 ARITH_13
system/tile_prci_domain/tile_reset_domain_tile/fusion/fgra/fgra/pes_20/alu/fadd    5387.4913     0.2       0.0000      0.0000       0.0000 FADD_21
system/tile_prci_domain/tile_reset_domain_tile/fusion/fgra/fgra/pes_20/alu/fadd/fcmaadd    5387.4913     0.2       2.3520      0.0000       0.0000 FCMA_ADD_21
system/tile_prci_domain/tile_reset_domain_tile/fusion/fgra/fgra/pes_20/alu/fadd/fcmaadd/fadd_s1    3624.6672     0.1     685.8432      0.0000       0.0000 FCMA_ADD_s1_21
system/tile_prci_domain/tile_reset_domain_tile/fusion/fgra/fgra/pes_20/alu/fadd/fcmaadd/fadd_s1/far_path_mods_0     912.5760     0.0     405.7200      0.0000       0.0000 FarPath_21
system/tile_prci_domain/tile_reset_domain_tile/fusion/fgra/fgra/pes_20/alu/fadd/fcmaadd/fadd_s1/far_path_mods_0/shiftRightJam     506.8560     0.0     506.8560      0.0000       0.0000 ShiftRightJam_22
system/tile_prci_domain/tile_reset_domain_tile/fusion/fgra/fgra/pes_20/alu/fadd/fcmaadd/fadd_s1/near_path_mods_0    1012.5360     0.0     769.8096      0.0000       0.0000 NearPath_43
system/tile_prci_domain/tile_reset_domain_tile/fusion/fgra/fgra/pes_20/alu/fadd/fcmaadd/fadd_s1/near_path_mods_0/lza_ab     141.3552     0.0     141.3552      0.0000       0.0000 LZA_44
system/tile_prci_domain/tile_reset_domain_tile/fusion/fgra/fgra/pes_20/alu/fadd/fcmaadd/fadd_s1/near_path_mods_0/lzc_clz     101.3712     0.0     101.3712      0.0000       0.0000 CLZ_45
system/tile_prci_domain/tile_reset_domain_tile/fusion/fgra/fgra/pes_20/alu/fadd/fcmaadd/fadd_s1/near_path_mods_1    1013.7120     0.0     756.6384      0.0000       0.0000 NearPath_42
system/tile_prci_domain/tile_reset_domain_tile/fusion/fgra/fgra/pes_20/alu/fadd/fcmaadd/fadd_s1/near_path_mods_1/lza_ab     157.1136     0.0     157.1136      0.0000       0.0000 LZA_43
system/tile_prci_domain/tile_reset_domain_tile/fusion/fgra/fgra/pes_20/alu/fadd/fcmaadd/fadd_s1/near_path_mods_1/lzc_clz      99.9600     0.0      99.9600      0.0000       0.0000 CLZ_44
system/tile_prci_domain/tile_reset_domain_tile/fusion/fgra/fgra/pes_20/alu/fadd/fcmaadd/fadd_s2    1760.4720     0.1    1273.6080      0.0000       0.0000 FCMA_ADD_s2_21
system/tile_prci_domain/tile_reset_domain_tile/fusion/fgra/fgra/pes_20/alu/fadd/fcmaadd/fadd_s2/far_path_rounder     275.8896     0.0     275.8896      0.0000       0.0000 RoundingUnit_158
system/tile_prci_domain/tile_reset_domain_tile/fusion/fgra/fgra/pes_20/alu/fadd/fcmaadd/fadd_s2/near_path_rounder     210.9744     0.0     210.9744      0.0000       0.0000 RoundingUnit_157
system/tile_prci_domain/tile_reset_domain_tile/fusion/fgra/fgra/pes_20/alu/fcmp     291.1776     0.0     291.1776      0.0000       0.0000 FCMP_41
system/tile_prci_domain/tile_reset_domain_tile/fusion/fgra/fgra/pes_20/alu/fmax     273.5376     0.0     273.5376      0.0000       0.0000 FCMP_39
system/tile_prci_domain/tile_reset_domain_tile/fusion/fgra/fgra/pes_20/alu/fmin     270.7152     0.0     270.7152      0.0000       0.0000 FCMP_40
system/tile_prci_domain/tile_reset_domain_tile/fusion/fgra/fgra/pes_20/alu/fmul    2370.3456     0.1      14.5824    555.3072       0.0000 FMUL_share_13
system/tile_prci_domain/tile_reset_domain_tile/fusion/fgra/fgra/pes_20/alu/fmul/fmul_s1     480.5136     0.0     397.2528      0.0000       0.0000 FMUL_s1_13
system/tile_prci_domain/tile_reset_domain_tile/fusion/fgra/fgra/pes_20/alu/fmul/fmul_s1/lzc_clz      83.2608     0.0      83.2608      0.0000       0.0000 CLZ_2_13
system/tile_prci_domain/tile_reset_domain_tile/fusion/fgra/fgra/pes_20/alu/fmul/fmul_s2    1115.0832     0.0    1115.0832      0.0000       0.0000 FMUL_s2_13
system/tile_prci_domain/tile_reset_domain_tile/fusion/fgra/fgra/pes_20/alu/fmul/fmul_s3     204.8592     0.0     104.1936      0.0000       0.0000 FMUL_s3_13
system/tile_prci_domain/tile_reset_domain_tile/fusion/fgra/fgra/pes_20/alu/fmul/fmul_s3/rounder     100.6656     0.0     100.6656      0.0000       0.0000 RoundingUnit_230
system/tile_prci_domain/tile_reset_domain_tile/fusion/fgra/fgra/pes_20/alu/fp2si     958.6752     0.0       0.0000      0.0000       0.0000 FPToInt_13
system/tile_prci_domain/tile_reset_domain_tile/fusion/fgra/fgra/pes_20/alu/fp2si/s1     107.0160     0.0     107.0160      0.0000       0.0000 FPToInt_s1_13
system/tile_prci_domain/tile_reset_domain_tile/fusion/fgra/fgra/pes_20/alu/fp2si/s2     851.6592     0.0     584.9424      0.0000       0.0000 FPToInt_s2_13
system/tile_prci_domain/tile_reset_domain_tile/fusion/fgra/fgra/pes_20/alu/fp2si/s2/rpath_rounder      22.5792     0.0      22.5792      0.0000       0.0000 RoundingUnit_6_13
system/tile_prci_domain/tile_reset_domain_tile/fusion/fgra/fgra/pes_20/alu/fp2si/s2/shiftRightJam     244.1376     0.0     244.1376      0.0000       0.0000 ShiftRightJam_1_13
system/tile_prci_domain/tile_reset_domain_tile/fusion/fgra/fgra/pes_20/alu/logic_0     237.3168     0.0      10.3488      0.0000       0.0000 LOGIC_13
system/tile_prci_domain/tile_reset_domain_tile/fusion/fgra/fgra/pes_20/alu/logic_0/logicUnit       6.3504     0.0       6.3504      0.0000       0.0000 UnifiedCom_447
system/tile_prci_domain/tile_reset_domain_tile/fusion/fgra/fgra/pes_20/alu/logic_0/logicUnit_1       6.3504     0.0       6.3504      0.0000       0.0000 UnifiedCom_446
system/tile_prci_domain/tile_reset_domain_tile/fusion/fgra/fgra/pes_20/alu/logic_0/logicUnit_10       7.0560     0.0       7.0560      0.0000       0.0000 UnifiedCom_437
system/tile_prci_domain/tile_reset_domain_tile/fusion/fgra/fgra/pes_20/alu/logic_0/logicUnit_11       7.0560     0.0       7.0560      0.0000       0.0000 UnifiedCom_436
system/tile_prci_domain/tile_reset_domain_tile/fusion/fgra/fgra/pes_20/alu/logic_0/logicUnit_12       7.0560     0.0       7.0560      0.0000       0.0000 UnifiedCom_435
system/tile_prci_domain/tile_reset_domain_tile/fusion/fgra/fgra/pes_20/alu/logic_0/logicUnit_13       7.0560     0.0       7.0560      0.0000       0.0000 UnifiedCom_434
system/tile_prci_domain/tile_reset_domain_tile/fusion/fgra/fgra/pes_20/alu/logic_0/logicUnit_14       7.0560     0.0       7.0560      0.0000       0.0000 UnifiedCom_433
system/tile_prci_domain/tile_reset_domain_tile/fusion/fgra/fgra/pes_20/alu/logic_0/logicUnit_15       7.0560     0.0       7.0560      0.0000       0.0000 UnifiedCom_432
system/tile_prci_domain/tile_reset_domain_tile/fusion/fgra/fgra/pes_20/alu/logic_0/logicUnit_16       7.0560     0.0       7.0560      0.0000       0.0000 UnifiedCom_431
system/tile_prci_domain/tile_reset_domain_tile/fusion/fgra/fgra/pes_20/alu/logic_0/logicUnit_17       8.2320     0.0       8.2320      0.0000       0.0000 UnifiedCom_430
system/tile_prci_domain/tile_reset_domain_tile/fusion/fgra/fgra/pes_20/alu/logic_0/logicUnit_18       7.0560     0.0       7.0560      0.0000       0.0000 UnifiedCom_429
system/tile_prci_domain/tile_reset_domain_tile/fusion/fgra/fgra/pes_20/alu/logic_0/logicUnit_19       7.0560     0.0       7.0560      0.0000       0.0000 UnifiedCom_428
system/tile_prci_domain/tile_reset_domain_tile/fusion/fgra/fgra/pes_20/alu/logic_0/logicUnit_2       8.2320     0.0       8.2320      0.0000       0.0000 UnifiedCom_445
system/tile_prci_domain/tile_reset_domain_tile/fusion/fgra/fgra/pes_20/alu/logic_0/logicUnit_20       7.0560     0.0       7.0560      0.0000       0.0000 UnifiedCom_427
system/tile_prci_domain/tile_reset_domain_tile/fusion/fgra/fgra/pes_20/alu/logic_0/logicUnit_21       7.0560     0.0       7.0560      0.0000       0.0000 UnifiedCom_426
system/tile_prci_domain/tile_reset_domain_tile/fusion/fgra/fgra/pes_20/alu/logic_0/logicUnit_22       7.0560     0.0       7.0560      0.0000       0.0000 UnifiedCom_425
system/tile_prci_domain/tile_reset_domain_tile/fusion/fgra/fgra/pes_20/alu/logic_0/logicUnit_23       7.0560     0.0       7.0560      0.0000       0.0000 UnifiedCom_424
system/tile_prci_domain/tile_reset_domain_tile/fusion/fgra/fgra/pes_20/alu/logic_0/logicUnit_24       7.0560     0.0       7.0560      0.0000       0.0000 UnifiedCom_423
system/tile_prci_domain/tile_reset_domain_tile/fusion/fgra/fgra/pes_20/alu/logic_0/logicUnit_25       7.0560     0.0       7.0560      0.0000       0.0000 UnifiedCom_422
system/tile_prci_domain/tile_reset_domain_tile/fusion/fgra/fgra/pes_20/alu/logic_0/logicUnit_26       7.0560     0.0       7.0560      0.0000       0.0000 UnifiedCom_421
system/tile_prci_domain/tile_reset_domain_tile/fusion/fgra/fgra/pes_20/alu/logic_0/logicUnit_27       8.7024     0.0       8.7024      0.0000       0.0000 UnifiedCom_420
system/tile_prci_domain/tile_reset_domain_tile/fusion/fgra/fgra/pes_20/alu/logic_0/logicUnit_28       7.0560     0.0       7.0560      0.0000       0.0000 UnifiedCom_419
system/tile_prci_domain/tile_reset_domain_tile/fusion/fgra/fgra/pes_20/alu/logic_0/logicUnit_29       7.0560     0.0       7.0560      0.0000       0.0000 UnifiedCom_418
system/tile_prci_domain/tile_reset_domain_tile/fusion/fgra/fgra/pes_20/alu/logic_0/logicUnit_3       7.0560     0.0       7.0560      0.0000       0.0000 UnifiedCom_444
system/tile_prci_domain/tile_reset_domain_tile/fusion/fgra/fgra/pes_20/alu/logic_0/logicUnit_30       7.0560     0.0       7.0560      0.0000       0.0000 UnifiedCom_417
system/tile_prci_domain/tile_reset_domain_tile/fusion/fgra/fgra/pes_20/alu/logic_0/logicUnit_31       7.0560     0.0       7.0560      0.0000       0.0000 UnifiedCom_416
system/tile_prci_domain/tile_reset_domain_tile/fusion/fgra/fgra/pes_20/alu/logic_0/logicUnit_4       7.0560     0.0       7.0560      0.0000       0.0000 UnifiedCom_443
system/tile_prci_domain/tile_reset_domain_tile/fusion/fgra/fgra/pes_20/alu/logic_0/logicUnit_5       7.0560     0.0       7.0560      0.0000       0.0000 UnifiedCom_442
system/tile_prci_domain/tile_reset_domain_tile/fusion/fgra/fgra/pes_20/alu/logic_0/logicUnit_6       7.0560     0.0       7.0560      0.0000       0.0000 UnifiedCom_441
system/tile_prci_domain/tile_reset_domain_tile/fusion/fgra/fgra/pes_20/alu/logic_0/logicUnit_7       7.0560     0.0       7.0560      0.0000       0.0000 UnifiedCom_440
system/tile_prci_domain/tile_reset_domain_tile/fusion/fgra/fgra/pes_20/alu/logic_0/logicUnit_8       6.3504     0.0       6.3504      0.0000       0.0000 UnifiedCom_439
system/tile_prci_domain/tile_reset_domain_tile/fusion/fgra/fgra/pes_20/alu/logic_0/logicUnit_9       6.3504     0.0       6.3504      0.0000       0.0000 UnifiedCom_438
system/tile_prci_domain/tile_reset_domain_tile/fusion/fgra/fgra/pes_20/alu/multipler    5951.2657     0.2    5951.2657      0.0000       0.0000 Mul_13
system/tile_prci_domain/tile_reset_domain_tile/fusion/fgra/fgra/pes_20/alu/shift     690.0768     0.0     690.0768      0.0000       0.0000 SHIFT_13
system/tile_prci_domain/tile_reset_domain_tile/fusion/fgra/fgra/pes_20/alu/si2fp     460.5216     0.0       0.0000      0.0000       0.0000 IntToFP_13
system/tile_prci_domain/tile_reset_domain_tile/fusion/fgra/fgra/pes_20/alu/si2fp/post_norm      41.8656     0.0      20.2272      0.0000       0.0000 IntToFP_postnorm_13
system/tile_prci_domain/tile_reset_domain_tile/fusion/fgra/fgra/pes_20/alu/si2fp/post_norm/rounder      21.6384     0.0      21.6384      0.0000       0.0000 RoundingUnit_229
system/tile_prci_domain/tile_reset_domain_tile/fusion/fgra/fgra/pes_20/alu/si2fp/pre_norm     418.6560     0.0     324.1056      0.0000       0.0000 IntToFP_prenorm_13
system/tile_prci_domain/tile_reset_domain_tile/fusion/fgra/fgra/pes_20/alu/si2fp/pre_norm/pos_lzc_clz      94.5504     0.0      94.5504      0.0000       0.0000 CLZ_3_27
system/tile_prci_domain/tile_reset_domain_tile/fusion/fgra/fgra/pes_20/cfg     562.5984     0.0     153.8208    408.7776       0.0000 ConfigMem_12_5
system/tile_prci_domain/tile_reset_domain_tile/fusion/fgra/fgra/pes_20/delayPipeCG    7172.8945     0.2    4309.0993   2863.7952       0.0000 SharedDelayPipe_12_5
system/tile_prci_domain/tile_reset_domain_tile/fusion/fgra/fgra/pes_20/delayPipeFG     173.5776     0.0     112.4256     61.1520       0.0000 SharedDelayPipe_13_5
system/tile_prci_domain/tile_reset_domain_tile/fusion/fgra/fgra/pes_20/dmr     150.7632     0.0       0.0000    150.7632       0.0000 DualModeReg_5
system/tile_prci_domain/tile_reset_domain_tile/fusion/fgra/fgra/pes_20/rf4alu       7.9968     0.0       3.2928      4.7040       0.0000 RF_5
system/tile_prci_domain/tile_reset_domain_tile/fusion/fgra/fgra/pes_21   26726.4819     0.8       5.4096      0.0000       0.0000 GPE_21
system/tile_prci_domain/tile_reset_domain_tile/fusion/fgra/fgra/pes_21/Muxn     273.7728     0.0     273.7728      0.0000       0.0000 Muxn_24_109
system/tile_prci_domain/tile_reset_domain_tile/fusion/fgra/fgra/pes_21/Muxn_1     262.9536     0.0     262.9536      0.0000       0.0000 Muxn_24_108
system/tile_prci_domain/tile_reset_domain_tile/fusion/fgra/fgra/pes_21/Muxn_2       7.5264     0.0       7.5264      0.0000       0.0000 Muxn_26_25
system/tile_prci_domain/tile_reset_domain_tile/fusion/fgra/fgra/pes_21/alu   18122.1602     0.5     746.5248      0.0000       0.0000 ALU_4
system/tile_prci_domain/tile_reset_domain_tile/fusion/fgra/fgra/pes_21/alu/arith     425.7120     0.0     425.7120      0.0000       0.0000 ARITH_12
system/tile_prci_domain/tile_reset_domain_tile/fusion/fgra/fgra/pes_21/alu/fadd    5220.9697     0.1       0.0000      0.0000       0.0000 FADD_20
system/tile_prci_domain/tile_reset_domain_tile/fusion/fgra/fgra/pes_21/alu/fadd/fcmaadd    5220.9697     0.1       2.3520      0.0000       0.0000 FCMA_ADD_20
system/tile_prci_domain/tile_reset_domain_tile/fusion/fgra/fgra/pes_21/alu/fadd/fcmaadd/fadd_s1    3568.9248     0.1     689.3712      0.0000       0.0000 FCMA_ADD_s1_20
system/tile_prci_domain/tile_reset_domain_tile/fusion/fgra/fgra/pes_21/alu/fadd/fcmaadd/fadd_s1/far_path_mods_0     874.0032     0.0     388.7856      0.0000       0.0000 FarPath_20
system/tile_prci_domain/tile_reset_domain_tile/fusion/fgra/fgra/pes_21/alu/fadd/fcmaadd/fadd_s1/far_path_mods_0/shiftRightJam     485.2176     0.0     485.2176      0.0000       0.0000 ShiftRightJam_21
system/tile_prci_domain/tile_reset_domain_tile/fusion/fgra/fgra/pes_21/alu/fadd/fcmaadd/fadd_s1/near_path_mods_0    1017.2400     0.0     762.5184      0.0000       0.0000 NearPath_41
system/tile_prci_domain/tile_reset_domain_tile/fusion/fgra/fgra/pes_21/alu/fadd/fcmaadd/fadd_s1/near_path_mods_0/lza_ab     150.5280     0.0     150.5280      0.0000       0.0000 LZA_42
system/tile_prci_domain/tile_reset_domain_tile/fusion/fgra/fgra/pes_21/alu/fadd/fcmaadd/fadd_s1/near_path_mods_0/lzc_clz     104.1936     0.0     104.1936      0.0000       0.0000 CLZ_43
system/tile_prci_domain/tile_reset_domain_tile/fusion/fgra/fgra/pes_21/alu/fadd/fcmaadd/fadd_s1/near_path_mods_1     988.3104     0.0     739.2336      0.0000       0.0000 NearPath_40
system/tile_prci_domain/tile_reset_domain_tile/fusion/fgra/fgra/pes_21/alu/fadd/fcmaadd/fadd_s1/near_path_mods_1/lza_ab     152.1744     0.0     152.1744      0.0000       0.0000 LZA_41
system/tile_prci_domain/tile_reset_domain_tile/fusion/fgra/fgra/pes_21/alu/fadd/fcmaadd/fadd_s1/near_path_mods_1/lzc_clz      96.9024     0.0      96.9024      0.0000       0.0000 CLZ_42
system/tile_prci_domain/tile_reset_domain_tile/fusion/fgra/fgra/pes_21/alu/fadd/fcmaadd/fadd_s2    1649.6928     0.0    1193.4048      0.0000       0.0000 FCMA_ADD_s2_20
system/tile_prci_domain/tile_reset_domain_tile/fusion/fgra/fgra/pes_21/alu/fadd/fcmaadd/fadd_s2/far_path_rounder     253.3104     0.0     253.3104      0.0000       0.0000 RoundingUnit_155
system/tile_prci_domain/tile_reset_domain_tile/fusion/fgra/fgra/pes_21/alu/fadd/fcmaadd/fadd_s2/near_path_rounder     202.9776     0.0     202.9776      0.0000       0.0000 RoundingUnit_154
system/tile_prci_domain/tile_reset_domain_tile/fusion/fgra/fgra/pes_21/alu/fcmp     291.1776     0.0     291.1776      0.0000       0.0000 FCMP_38
system/tile_prci_domain/tile_reset_domain_tile/fusion/fgra/fgra/pes_21/alu/fmax     273.5376     0.0     273.5376      0.0000       0.0000 FCMP_36
system/tile_prci_domain/tile_reset_domain_tile/fusion/fgra/fgra/pes_21/alu/fmin     271.1856     0.0     271.1856      0.0000       0.0000 FCMP_37
system/tile_prci_domain/tile_reset_domain_tile/fusion/fgra/fgra/pes_21/alu/fmul    2395.7472     0.1      12.2304    555.5424       0.0000 FMUL_share_12
system/tile_prci_domain/tile_reset_domain_tile/fusion/fgra/fgra/pes_21/alu/fmul/fmul_s1     490.3920     0.0     404.7792      0.0000       0.0000 FMUL_s1_12
system/tile_prci_domain/tile_reset_domain_tile/fusion/fgra/fgra/pes_21/alu/fmul/fmul_s1/lzc_clz      85.6128     0.0      85.6128      0.0000       0.0000 CLZ_2_12
system/tile_prci_domain/tile_reset_domain_tile/fusion/fgra/fgra/pes_21/alu/fmul/fmul_s2    1132.7232     0.0    1132.7232      0.0000       0.0000 FMUL_s2_12
system/tile_prci_domain/tile_reset_domain_tile/fusion/fgra/fgra/pes_21/alu/fmul/fmul_s3     204.8592     0.0     104.1936      0.0000       0.0000 FMUL_s3_12
system/tile_prci_domain/tile_reset_domain_tile/fusion/fgra/fgra/pes_21/alu/fmul/fmul_s3/rounder     100.6656     0.0     100.6656      0.0000       0.0000 RoundingUnit_228
system/tile_prci_domain/tile_reset_domain_tile/fusion/fgra/fgra/pes_21/alu/fp2si     954.4416     0.0       0.0000      0.0000       0.0000 FPToInt_12
system/tile_prci_domain/tile_reset_domain_tile/fusion/fgra/fgra/pes_21/alu/fp2si/s1     106.3104     0.0     106.3104      0.0000       0.0000 FPToInt_s1_12
system/tile_prci_domain/tile_reset_domain_tile/fusion/fgra/fgra/pes_21/alu/fp2si/s2     848.1312     0.0     582.3552      0.0000       0.0000 FPToInt_s2_12
system/tile_prci_domain/tile_reset_domain_tile/fusion/fgra/fgra/pes_21/alu/fp2si/s2/rpath_rounder      22.5792     0.0      22.5792      0.0000       0.0000 RoundingUnit_6_12
system/tile_prci_domain/tile_reset_domain_tile/fusion/fgra/fgra/pes_21/alu/fp2si/s2/shiftRightJam     243.1968     0.0     243.1968      0.0000       0.0000 ShiftRightJam_1_12
system/tile_prci_domain/tile_reset_domain_tile/fusion/fgra/fgra/pes_21/alu/logic_0     228.6144     0.0      11.2896      0.0000       0.0000 LOGIC_12
system/tile_prci_domain/tile_reset_domain_tile/fusion/fgra/fgra/pes_21/alu/logic_0/logicUnit       6.3504     0.0       6.3504      0.0000       0.0000 UnifiedCom_415
system/tile_prci_domain/tile_reset_domain_tile/fusion/fgra/fgra/pes_21/alu/logic_0/logicUnit_1       6.3504     0.0       6.3504      0.0000       0.0000 UnifiedCom_414
system/tile_prci_domain/tile_reset_domain_tile/fusion/fgra/fgra/pes_21/alu/logic_0/logicUnit_10       7.0560     0.0       7.0560      0.0000       0.0000 UnifiedCom_405
system/tile_prci_domain/tile_reset_domain_tile/fusion/fgra/fgra/pes_21/alu/logic_0/logicUnit_11       7.0560     0.0       7.0560      0.0000       0.0000 UnifiedCom_404
system/tile_prci_domain/tile_reset_domain_tile/fusion/fgra/fgra/pes_21/alu/logic_0/logicUnit_12       7.0560     0.0       7.0560      0.0000       0.0000 UnifiedCom_403
system/tile_prci_domain/tile_reset_domain_tile/fusion/fgra/fgra/pes_21/alu/logic_0/logicUnit_13       7.0560     0.0       7.0560      0.0000       0.0000 UnifiedCom_402
system/tile_prci_domain/tile_reset_domain_tile/fusion/fgra/fgra/pes_21/alu/logic_0/logicUnit_14       7.0560     0.0       7.0560      0.0000       0.0000 UnifiedCom_401
system/tile_prci_domain/tile_reset_domain_tile/fusion/fgra/fgra/pes_21/alu/logic_0/logicUnit_15       7.0560     0.0       7.0560      0.0000       0.0000 UnifiedCom_400
system/tile_prci_domain/tile_reset_domain_tile/fusion/fgra/fgra/pes_21/alu/logic_0/logicUnit_16       7.0560     0.0       7.0560      0.0000       0.0000 UnifiedCom_399
system/tile_prci_domain/tile_reset_domain_tile/fusion/fgra/fgra/pes_21/alu/logic_0/logicUnit_17       7.0560     0.0       7.0560      0.0000       0.0000 UnifiedCom_398
system/tile_prci_domain/tile_reset_domain_tile/fusion/fgra/fgra/pes_21/alu/logic_0/logicUnit_18       7.0560     0.0       7.0560      0.0000       0.0000 UnifiedCom_397
system/tile_prci_domain/tile_reset_domain_tile/fusion/fgra/fgra/pes_21/alu/logic_0/logicUnit_19       7.0560     0.0       7.0560      0.0000       0.0000 UnifiedCom_396
system/tile_prci_domain/tile_reset_domain_tile/fusion/fgra/fgra/pes_21/alu/logic_0/logicUnit_2       7.0560     0.0       7.0560      0.0000       0.0000 UnifiedCom_413
system/tile_prci_domain/tile_reset_domain_tile/fusion/fgra/fgra/pes_21/alu/logic_0/logicUnit_20       7.0560     0.0       7.0560      0.0000       0.0000 UnifiedCom_395
system/tile_prci_domain/tile_reset_domain_tile/fusion/fgra/fgra/pes_21/alu/logic_0/logicUnit_21       7.0560     0.0       7.0560      0.0000       0.0000 UnifiedCom_394
system/tile_prci_domain/tile_reset_domain_tile/fusion/fgra/fgra/pes_21/alu/logic_0/logicUnit_22       7.0560     0.0       7.0560      0.0000       0.0000 UnifiedCom_393
system/tile_prci_domain/tile_reset_domain_tile/fusion/fgra/fgra/pes_21/alu/logic_0/logicUnit_23       7.0560     0.0       7.0560      0.0000       0.0000 UnifiedCom_392
system/tile_prci_domain/tile_reset_domain_tile/fusion/fgra/fgra/pes_21/alu/logic_0/logicUnit_24       6.3504     0.0       6.3504      0.0000       0.0000 UnifiedCom_391
system/tile_prci_domain/tile_reset_domain_tile/fusion/fgra/fgra/pes_21/alu/logic_0/logicUnit_25       7.0560     0.0       7.0560      0.0000       0.0000 UnifiedCom_390
system/tile_prci_domain/tile_reset_domain_tile/fusion/fgra/fgra/pes_21/alu/logic_0/logicUnit_26       7.0560     0.0       7.0560      0.0000       0.0000 UnifiedCom_389
system/tile_prci_domain/tile_reset_domain_tile/fusion/fgra/fgra/pes_21/alu/logic_0/logicUnit_27       6.3504     0.0       6.3504      0.0000       0.0000 UnifiedCom_388
system/tile_prci_domain/tile_reset_domain_tile/fusion/fgra/fgra/pes_21/alu/logic_0/logicUnit_28       7.0560     0.0       7.0560      0.0000       0.0000 UnifiedCom_387
system/tile_prci_domain/tile_reset_domain_tile/fusion/fgra/fgra/pes_21/alu/logic_0/logicUnit_29       6.3504     0.0       6.3504      0.0000       0.0000 UnifiedCom_386
system/tile_prci_domain/tile_reset_domain_tile/fusion/fgra/fgra/pes_21/alu/logic_0/logicUnit_3       6.3504     0.0       6.3504      0.0000       0.0000 UnifiedCom_412
system/tile_prci_domain/tile_reset_domain_tile/fusion/fgra/fgra/pes_21/alu/logic_0/logicUnit_30       6.3504     0.0       6.3504      0.0000       0.0000 UnifiedCom_385
system/tile_prci_domain/tile_reset_domain_tile/fusion/fgra/fgra/pes_21/alu/logic_0/logicUnit_31       7.0560     0.0       7.0560      0.0000       0.0000 UnifiedCom_384
system/tile_prci_domain/tile_reset_domain_tile/fusion/fgra/fgra/pes_21/alu/logic_0/logicUnit_4       6.3504     0.0       6.3504      0.0000       0.0000 UnifiedCom_411
system/tile_prci_domain/tile_reset_domain_tile/fusion/fgra/fgra/pes_21/alu/logic_0/logicUnit_5       6.3504     0.0       6.3504      0.0000       0.0000 UnifiedCom_410
system/tile_prci_domain/tile_reset_domain_tile/fusion/fgra/fgra/pes_21/alu/logic_0/logicUnit_6       7.0560     0.0       7.0560      0.0000       0.0000 UnifiedCom_409
system/tile_prci_domain/tile_reset_domain_tile/fusion/fgra/fgra/pes_21/alu/logic_0/logicUnit_7       6.3504     0.0       6.3504      0.0000       0.0000 UnifiedCom_408
system/tile_prci_domain/tile_reset_domain_tile/fusion/fgra/fgra/pes_21/alu/logic_0/logicUnit_8       6.3504     0.0       6.3504      0.0000       0.0000 UnifiedCom_407
system/tile_prci_domain/tile_reset_domain_tile/fusion/fgra/fgra/pes_21/alu/logic_0/logicUnit_9       6.3504     0.0       6.3504      0.0000       0.0000 UnifiedCom_406
system/tile_prci_domain/tile_reset_domain_tile/fusion/fgra/fgra/pes_21/alu/multipler    6143.8945     0.2    6143.8945      0.0000       0.0000 Mul_12
system/tile_prci_domain/tile_reset_domain_tile/fusion/fgra/fgra/pes_21/alu/shift     689.8416     0.0     689.8416      0.0000       0.0000 SHIFT_12
system/tile_prci_domain/tile_reset_domain_tile/fusion/fgra/fgra/pes_21/alu/si2fp     480.5136     0.0       0.0000      0.0000       0.0000 IntToFP_12
system/tile_prci_domain/tile_reset_domain_tile/fusion/fgra/fgra/pes_21/alu/si2fp/post_norm      41.6304     0.0      19.9920      0.0000       0.0000 IntToFP_postnorm_12
system/tile_prci_domain/tile_reset_domain_tile/fusion/fgra/fgra/pes_21/alu/si2fp/post_norm/rounder      21.6384     0.0      21.6384      0.0000       0.0000 RoundingUnit_227
system/tile_prci_domain/tile_reset_domain_tile/fusion/fgra/fgra/pes_21/alu/si2fp/pre_norm     438.8832     0.0     340.0992      0.0000       0.0000 IntToFP_prenorm_12
system/tile_prci_domain/tile_reset_domain_tile/fusion/fgra/fgra/pes_21/alu/si2fp/pre_norm/pos_lzc_clz      98.7840     0.0      98.7840      0.0000       0.0000 CLZ_3_25
system/tile_prci_domain/tile_reset_domain_tile/fusion/fgra/fgra/pes_21/cfg     547.7808     0.0     153.8208    393.9600       0.0000 ConfigMem_12_4
system/tile_prci_domain/tile_reset_domain_tile/fusion/fgra/fgra/pes_21/delayPipeCG    7172.6593     0.2    4318.7425   2853.9168       0.0000 SharedDelayPipe_12_4
system/tile_prci_domain/tile_reset_domain_tile/fusion/fgra/fgra/pes_21/delayPipeFG     173.5776     0.0     112.4256     61.1520       0.0000 SharedDelayPipe_13_4
system/tile_prci_domain/tile_reset_domain_tile/fusion/fgra/fgra/pes_21/dmr     150.9984     0.0       0.0000    150.9984       0.0000 DualModeReg_4
system/tile_prci_domain/tile_reset_domain_tile/fusion/fgra/fgra/pes_21/rf4alu       9.6432     0.0       4.7040      4.9392       0.0000 RF_4
system/tile_prci_domain/tile_reset_domain_tile/fusion/fgra/fgra/pes_22   26639.4579     0.8       6.5856      0.0000       0.0000 GPE_22
system/tile_prci_domain/tile_reset_domain_tile/fusion/fgra/fgra/pes_22/Muxn     261.5424     0.0     261.5424      0.0000       0.0000 Muxn_24_107
system/tile_prci_domain/tile_reset_domain_tile/fusion/fgra/fgra/pes_22/Muxn_1     239.6688     0.0     239.6688      0.0000       0.0000 Muxn_24_106
system/tile_prci_domain/tile_reset_domain_tile/fusion/fgra/fgra/pes_22/Muxn_2       7.5264     0.0       7.5264      0.0000       0.0000 Muxn_26_24
system/tile_prci_domain/tile_reset_domain_tile/fusion/fgra/fgra/pes_22/alu   18062.4194     0.5     765.1056      0.0000       0.0000 ALU_3
system/tile_prci_domain/tile_reset_domain_tile/fusion/fgra/fgra/pes_22/alu/arith     423.1248     0.0     423.1248      0.0000       0.0000 ARITH_11
system/tile_prci_domain/tile_reset_domain_tile/fusion/fgra/fgra/pes_22/alu/fadd    5415.0097     0.2       0.0000      0.0000       0.0000 FADD_19
system/tile_prci_domain/tile_reset_domain_tile/fusion/fgra/fgra/pes_22/alu/fadd/fcmaadd    5415.0097     0.2       2.3520      0.0000       0.0000 FCMA_ADD_19
system/tile_prci_domain/tile_reset_domain_tile/fusion/fgra/fgra/pes_22/alu/fadd/fcmaadd/fadd_s1    3678.7633     0.1     701.8368      0.0000       0.0000 FCMA_ADD_s1_19
system/tile_prci_domain/tile_reset_domain_tile/fusion/fgra/fgra/pes_22/alu/fadd/fcmaadd/fadd_s1/far_path_mods_0     931.1568     0.0     403.8384      0.0000       0.0000 FarPath_19
system/tile_prci_domain/tile_reset_domain_tile/fusion/fgra/fgra/pes_22/alu/fadd/fcmaadd/fadd_s1/far_path_mods_0/shiftRightJam     527.3184     0.0     527.3184      0.0000       0.0000 ShiftRightJam_20
system/tile_prci_domain/tile_reset_domain_tile/fusion/fgra/fgra/pes_22/alu/fadd/fcmaadd/fadd_s1/near_path_mods_0    1034.1744     0.0     767.9280      0.0000       0.0000 NearPath_39
system/tile_prci_domain/tile_reset_domain_tile/fusion/fgra/fgra/pes_22/alu/fadd/fcmaadd/fadd_s1/near_path_mods_0/lza_ab     158.5248     0.0     158.5248      0.0000       0.0000 LZA_40
system/tile_prci_domain/tile_reset_domain_tile/fusion/fgra/fgra/pes_22/alu/fadd/fcmaadd/fadd_s1/near_path_mods_0/lzc_clz     107.7216     0.0     107.7216      0.0000       0.0000 CLZ_41
system/tile_prci_domain/tile_reset_domain_tile/fusion/fgra/fgra/pes_22/alu/fadd/fcmaadd/fadd_s1/near_path_mods_1    1011.5952     0.0     754.9920      0.0000       0.0000 NearPath_38
system/tile_prci_domain/tile_reset_domain_tile/fusion/fgra/fgra/pes_22/alu/fadd/fcmaadd/fadd_s1/near_path_mods_1/lza_ab     157.3488     0.0     157.3488      0.0000       0.0000 LZA_39
system/tile_prci_domain/tile_reset_domain_tile/fusion/fgra/fgra/pes_22/alu/fadd/fcmaadd/fadd_s1/near_path_mods_1/lzc_clz      99.2544     0.0      99.2544      0.0000       0.0000 CLZ_40
system/tile_prci_domain/tile_reset_domain_tile/fusion/fgra/fgra/pes_22/alu/fadd/fcmaadd/fadd_s2    1733.8944     0.0    1276.4304      0.0000       0.0000 FCMA_ADD_s2_19
system/tile_prci_domain/tile_reset_domain_tile/fusion/fgra/fgra/pes_22/alu/fadd/fcmaadd/fadd_s2/far_path_rounder     250.9584     0.0     250.9584      0.0000       0.0000 RoundingUnit_152
system/tile_prci_domain/tile_reset_domain_tile/fusion/fgra/fgra/pes_22/alu/fadd/fcmaadd/fadd_s2/near_path_rounder     206.5056     0.0     206.5056      0.0000       0.0000 RoundingUnit_151
system/tile_prci_domain/tile_reset_domain_tile/fusion/fgra/fgra/pes_22/alu/fcmp     292.1184     0.0     292.1184      0.0000       0.0000 FCMP_35
system/tile_prci_domain/tile_reset_domain_tile/fusion/fgra/fgra/pes_22/alu/fmax     274.4784     0.0     274.4784      0.0000       0.0000 FCMP_33
system/tile_prci_domain/tile_reset_domain_tile/fusion/fgra/fgra/pes_22/alu/fmin     273.3024     0.0     273.3024      0.0000       0.0000 FCMP_34
system/tile_prci_domain/tile_reset_domain_tile/fusion/fgra/fgra/pes_22/alu/fmul    2340.2400     0.1      23.0496    563.3040       0.0000 FMUL_share_11
system/tile_prci_domain/tile_reset_domain_tile/fusion/fgra/fgra/pes_22/alu/fmul/fmul_s1     476.0448     0.0     394.9008      0.0000       0.0000 FMUL_s1_11
system/tile_prci_domain/tile_reset_domain_tile/fusion/fgra/fgra/pes_22/alu/fmul/fmul_s1/lzc_clz      81.1440     0.0      81.1440      0.0000       0.0000 CLZ_2_11
system/tile_prci_domain/tile_reset_domain_tile/fusion/fgra/fgra/pes_22/alu/fmul/fmul_s2    1072.9824     0.0    1072.9824      0.0000       0.0000 FMUL_s2_11
system/tile_prci_domain/tile_reset_domain_tile/fusion/fgra/fgra/pes_22/alu/fmul/fmul_s3     204.8592     0.0     104.1936      0.0000       0.0000 FMUL_s3_11
system/tile_prci_domain/tile_reset_domain_tile/fusion/fgra/fgra/pes_22/alu/fmul/fmul_s3/rounder     100.6656     0.0     100.6656      0.0000       0.0000 RoundingUnit_226
system/tile_prci_domain/tile_reset_domain_tile/fusion/fgra/fgra/pes_22/alu/fp2si     949.5024     0.0       0.0000      0.0000       0.0000 FPToInt_11
system/tile_prci_domain/tile_reset_domain_tile/fusion/fgra/fgra/pes_22/alu/fp2si/s1     103.0176     0.0     103.0176      0.0000       0.0000 FPToInt_s1_11
system/tile_prci_domain/tile_reset_domain_tile/fusion/fgra/fgra/pes_22/alu/fp2si/s2     846.4848     0.0     580.0032      0.0000       0.0000 FPToInt_s2_11
system/tile_prci_domain/tile_reset_domain_tile/fusion/fgra/fgra/pes_22/alu/fp2si/s2/rpath_rounder      23.0496     0.0      23.0496      0.0000       0.0000 RoundingUnit_6_11
system/tile_prci_domain/tile_reset_domain_tile/fusion/fgra/fgra/pes_22/alu/fp2si/s2/shiftRightJam     243.4320     0.0     243.4320      0.0000       0.0000 ShiftRightJam_1_11
system/tile_prci_domain/tile_reset_domain_tile/fusion/fgra/fgra/pes_22/alu/logic_0     232.6128     0.0      10.3488      0.0000       0.0000 LOGIC_11
system/tile_prci_domain/tile_reset_domain_tile/fusion/fgra/fgra/pes_22/alu/logic_0/logicUnit       6.3504     0.0       6.3504      0.0000       0.0000 UnifiedCom_383
system/tile_prci_domain/tile_reset_domain_tile/fusion/fgra/fgra/pes_22/alu/logic_0/logicUnit_1       7.0560     0.0       7.0560      0.0000       0.0000 UnifiedCom_382
system/tile_prci_domain/tile_reset_domain_tile/fusion/fgra/fgra/pes_22/alu/logic_0/logicUnit_10       7.0560     0.0       7.0560      0.0000       0.0000 UnifiedCom_373
system/tile_prci_domain/tile_reset_domain_tile/fusion/fgra/fgra/pes_22/alu/logic_0/logicUnit_11       7.0560     0.0       7.0560      0.0000       0.0000 UnifiedCom_372
system/tile_prci_domain/tile_reset_domain_tile/fusion/fgra/fgra/pes_22/alu/logic_0/logicUnit_12       7.0560     0.0       7.0560      0.0000       0.0000 UnifiedCom_371
system/tile_prci_domain/tile_reset_domain_tile/fusion/fgra/fgra/pes_22/alu/logic_0/logicUnit_13       7.0560     0.0       7.0560      0.0000       0.0000 UnifiedCom_370
system/tile_prci_domain/tile_reset_domain_tile/fusion/fgra/fgra/pes_22/alu/logic_0/logicUnit_14       7.0560     0.0       7.0560      0.0000       0.0000 UnifiedCom_369
system/tile_prci_domain/tile_reset_domain_tile/fusion/fgra/fgra/pes_22/alu/logic_0/logicUnit_15       7.0560     0.0       7.0560      0.0000       0.0000 UnifiedCom_368
system/tile_prci_domain/tile_reset_domain_tile/fusion/fgra/fgra/pes_22/alu/logic_0/logicUnit_16       7.0560     0.0       7.0560      0.0000       0.0000 UnifiedCom_367
system/tile_prci_domain/tile_reset_domain_tile/fusion/fgra/fgra/pes_22/alu/logic_0/logicUnit_17       7.0560     0.0       7.0560      0.0000       0.0000 UnifiedCom_366
system/tile_prci_domain/tile_reset_domain_tile/fusion/fgra/fgra/pes_22/alu/logic_0/logicUnit_18       7.0560     0.0       7.0560      0.0000       0.0000 UnifiedCom_365
system/tile_prci_domain/tile_reset_domain_tile/fusion/fgra/fgra/pes_22/alu/logic_0/logicUnit_19       7.0560     0.0       7.0560      0.0000       0.0000 UnifiedCom_364
system/tile_prci_domain/tile_reset_domain_tile/fusion/fgra/fgra/pes_22/alu/logic_0/logicUnit_2       7.0560     0.0       7.0560      0.0000       0.0000 UnifiedCom_381
system/tile_prci_domain/tile_reset_domain_tile/fusion/fgra/fgra/pes_22/alu/logic_0/logicUnit_20       7.0560     0.0       7.0560      0.0000       0.0000 UnifiedCom_363
system/tile_prci_domain/tile_reset_domain_tile/fusion/fgra/fgra/pes_22/alu/logic_0/logicUnit_21       7.0560     0.0       7.0560      0.0000       0.0000 UnifiedCom_362
system/tile_prci_domain/tile_reset_domain_tile/fusion/fgra/fgra/pes_22/alu/logic_0/logicUnit_22       7.0560     0.0       7.0560      0.0000       0.0000 UnifiedCom_361
system/tile_prci_domain/tile_reset_domain_tile/fusion/fgra/fgra/pes_22/alu/logic_0/logicUnit_23       7.0560     0.0       7.0560      0.0000       0.0000 UnifiedCom_360
system/tile_prci_domain/tile_reset_domain_tile/fusion/fgra/fgra/pes_22/alu/logic_0/logicUnit_24       6.3504     0.0       6.3504      0.0000       0.0000 UnifiedCom_359
system/tile_prci_domain/tile_reset_domain_tile/fusion/fgra/fgra/pes_22/alu/logic_0/logicUnit_25       7.0560     0.0       7.0560      0.0000       0.0000 UnifiedCom_358
system/tile_prci_domain/tile_reset_domain_tile/fusion/fgra/fgra/pes_22/alu/logic_0/logicUnit_26       6.3504     0.0       6.3504      0.0000       0.0000 UnifiedCom_357
system/tile_prci_domain/tile_reset_domain_tile/fusion/fgra/fgra/pes_22/alu/logic_0/logicUnit_27       7.0560     0.0       7.0560      0.0000       0.0000 UnifiedCom_356
system/tile_prci_domain/tile_reset_domain_tile/fusion/fgra/fgra/pes_22/alu/logic_0/logicUnit_28       7.0560     0.0       7.0560      0.0000       0.0000 UnifiedCom_355
system/tile_prci_domain/tile_reset_domain_tile/fusion/fgra/fgra/pes_22/alu/logic_0/logicUnit_29       7.0560     0.0       7.0560      0.0000       0.0000 UnifiedCom_354
system/tile_prci_domain/tile_reset_domain_tile/fusion/fgra/fgra/pes_22/alu/logic_0/logicUnit_3       7.0560     0.0       7.0560      0.0000       0.0000 UnifiedCom_380
system/tile_prci_domain/tile_reset_domain_tile/fusion/fgra/fgra/pes_22/alu/logic_0/logicUnit_30       6.3504     0.0       6.3504      0.0000       0.0000 UnifiedCom_353
system/tile_prci_domain/tile_reset_domain_tile/fusion/fgra/fgra/pes_22/alu/logic_0/logicUnit_31       7.0560     0.0       7.0560      0.0000       0.0000 UnifiedCom_352
system/tile_prci_domain/tile_reset_domain_tile/fusion/fgra/fgra/pes_22/alu/logic_0/logicUnit_4       7.0560     0.0       7.0560      0.0000       0.0000 UnifiedCom_379
system/tile_prci_domain/tile_reset_domain_tile/fusion/fgra/fgra/pes_22/alu/logic_0/logicUnit_5       7.0560     0.0       7.0560      0.0000       0.0000 UnifiedCom_378
system/tile_prci_domain/tile_reset_domain_tile/fusion/fgra/fgra/pes_22/alu/logic_0/logicUnit_6       7.0560     0.0       7.0560      0.0000       0.0000 UnifiedCom_377
system/tile_prci_domain/tile_reset_domain_tile/fusion/fgra/fgra/pes_22/alu/logic_0/logicUnit_7       7.0560     0.0       7.0560      0.0000       0.0000 UnifiedCom_376
system/tile_prci_domain/tile_reset_domain_tile/fusion/fgra/fgra/pes_22/alu/logic_0/logicUnit_8       6.3504     0.0       6.3504      0.0000       0.0000 UnifiedCom_375
system/tile_prci_domain/tile_reset_domain_tile/fusion/fgra/fgra/pes_22/alu/logic_0/logicUnit_9       7.0560     0.0       7.0560      0.0000       0.0000 UnifiedCom_374
system/tile_prci_domain/tile_reset_domain_tile/fusion/fgra/fgra/pes_22/alu/multipler    5946.3265     0.2    5946.3265      0.0000       0.0000 Mul_11
system/tile_prci_domain/tile_reset_domain_tile/fusion/fgra/fgra/pes_22/alu/shift     691.7232     0.0     691.7232      0.0000       0.0000 SHIFT_11
system/tile_prci_domain/tile_reset_domain_tile/fusion/fgra/fgra/pes_22/alu/si2fp     458.8752     0.0       0.0000      0.0000       0.0000 IntToFP_11
system/tile_prci_domain/tile_reset_domain_tile/fusion/fgra/fgra/pes_22/alu/si2fp/post_norm      41.8656     0.0      20.2272      0.0000       0.0000 IntToFP_postnorm_11
system/tile_prci_domain/tile_reset_domain_tile/fusion/fgra/fgra/pes_22/alu/si2fp/post_norm/rounder      21.6384     0.0      21.6384      0.0000       0.0000 RoundingUnit_225
system/tile_prci_domain/tile_reset_domain_tile/fusion/fgra/fgra/pes_22/alu/si2fp/pre_norm     417.0096     0.0     321.7536      0.0000       0.0000 IntToFP_prenorm_11
system/tile_prci_domain/tile_reset_domain_tile/fusion/fgra/fgra/pes_22/alu/si2fp/pre_norm/pos_lzc_clz      95.2560     0.0      95.2560      0.0000       0.0000 CLZ_3_23
system/tile_prci_domain/tile_reset_domain_tile/fusion/fgra/fgra/pes_22/cfg     560.4816     0.0     153.8208    406.6608       0.0000 ConfigMem_12_3
system/tile_prci_domain/tile_reset_domain_tile/fusion/fgra/fgra/pes_22/delayPipeCG    7166.0737     0.2    4307.2177   2858.8560       0.0000 SharedDelayPipe_12_3
system/tile_prci_domain/tile_reset_domain_tile/fusion/fgra/fgra/pes_22/delayPipeFG     173.5776     0.0     112.4256     61.1520       0.0000 SharedDelayPipe_13_3
system/tile_prci_domain/tile_reset_domain_tile/fusion/fgra/fgra/pes_22/dmr     151.9392     0.0       0.0000    151.9392       0.0000 DualModeReg_3
system/tile_prci_domain/tile_reset_domain_tile/fusion/fgra/fgra/pes_22/rf4alu       9.6432     0.0       4.7040      4.9392       0.0000 RF_3
system/tile_prci_domain/tile_reset_domain_tile/fusion/fgra/fgra/pes_23   26485.8723     0.8       7.7616      0.0000       0.0000 GPE_23
system/tile_prci_domain/tile_reset_domain_tile/fusion/fgra/fgra/pes_23/Muxn     257.5440     0.0     257.5440      0.0000       0.0000 Muxn_24_105
system/tile_prci_domain/tile_reset_domain_tile/fusion/fgra/fgra/pes_23/Muxn_1     263.8944     0.0     263.8944      0.0000       0.0000 Muxn_24_104
system/tile_prci_domain/tile_reset_domain_tile/fusion/fgra/fgra/pes_23/Muxn_2       7.5264     0.0       7.5264      0.0000       0.0000 Muxn_26_23
system/tile_prci_domain/tile_reset_domain_tile/fusion/fgra/fgra/pes_23/alu   17860.1474     0.5     738.9984      0.0000       0.0000 ALU_2
system/tile_prci_domain/tile_reset_domain_tile/fusion/fgra/fgra/pes_23/alu/arith     426.6528     0.0     426.6528      0.0000       0.0000 ARITH_10
system/tile_prci_domain/tile_reset_domain_tile/fusion/fgra/fgra/pes_23/alu/fadd    5336.4529     0.2       0.0000      0.0000       0.0000 FADD_18
system/tile_prci_domain/tile_reset_domain_tile/fusion/fgra/fgra/pes_23/alu/fadd/fcmaadd    5336.4529     0.2       2.3520      0.0000       0.0000 FCMA_ADD_18
system/tile_prci_domain/tile_reset_domain_tile/fusion/fgra/fgra/pes_23/alu/fadd/fcmaadd/fadd_s1    3626.3136     0.1     695.4864      0.0000       0.0000 FCMA_ADD_s1_18
system/tile_prci_domain/tile_reset_domain_tile/fusion/fgra/fgra/pes_23/alu/fadd/fcmaadd/fadd_s1/far_path_mods_0     879.8832     0.0     398.1936      0.0000       0.0000 FarPath_18
system/tile_prci_domain/tile_reset_domain_tile/fusion/fgra/fgra/pes_23/alu/fadd/fcmaadd/fadd_s1/far_path_mods_0/shiftRightJam     481.6896     0.0     481.6896      0.0000       0.0000 ShiftRightJam_19
system/tile_prci_domain/tile_reset_domain_tile/fusion/fgra/fgra/pes_23/alu/fadd/fcmaadd/fadd_s1/near_path_mods_0    1022.1792     0.0     751.9344      0.0000       0.0000 NearPath_37
system/tile_prci_domain/tile_reset_domain_tile/fusion/fgra/fgra/pes_23/alu/fadd/fcmaadd/fadd_s1/near_path_mods_0/lza_ab     159.9360     0.0     159.9360      0.0000       0.0000 LZA_38
system/tile_prci_domain/tile_reset_domain_tile/fusion/fgra/fgra/pes_23/alu/fadd/fcmaadd/fadd_s1/near_path_mods_0/lzc_clz     110.3088     0.0     110.3088      0.0000       0.0000 CLZ_39
system/tile_prci_domain/tile_reset_domain_tile/fusion/fgra/fgra/pes_23/alu/fadd/fcmaadd/fadd_s1/near_path_mods_1    1028.7648     0.0     774.0432      0.0000       0.0000 NearPath_36
system/tile_prci_domain/tile_reset_domain_tile/fusion/fgra/fgra/pes_23/alu/fadd/fcmaadd/fadd_s1/near_path_mods_1/lza_ab     158.5248     0.0     158.5248      0.0000       0.0000 LZA_37
system/tile_prci_domain/tile_reset_domain_tile/fusion/fgra/fgra/pes_23/alu/fadd/fcmaadd/fadd_s1/near_path_mods_1/lzc_clz      96.1968     0.0      96.1968      0.0000       0.0000 CLZ_38
system/tile_prci_domain/tile_reset_domain_tile/fusion/fgra/fgra/pes_23/alu/fadd/fcmaadd/fadd_s2    1707.7872     0.0    1256.4384      0.0000       0.0000 FCMA_ADD_s2_18
system/tile_prci_domain/tile_reset_domain_tile/fusion/fgra/fgra/pes_23/alu/fadd/fcmaadd/fadd_s2/far_path_rounder     247.4304     0.0     247.4304      0.0000       0.0000 RoundingUnit_149
system/tile_prci_domain/tile_reset_domain_tile/fusion/fgra/fgra/pes_23/alu/fadd/fcmaadd/fadd_s2/near_path_rounder     203.9184     0.0     203.9184      0.0000       0.0000 RoundingUnit_148
system/tile_prci_domain/tile_reset_domain_tile/fusion/fgra/fgra/pes_23/alu/fcmp     292.1184     0.0     292.1184      0.0000       0.0000 FCMP_32
system/tile_prci_domain/tile_reset_domain_tile/fusion/fgra/fgra/pes_23/alu/fmax     274.2432     0.0     274.2432      0.0000       0.0000 FCMP_30
system/tile_prci_domain/tile_reset_domain_tile/fusion/fgra/fgra/pes_23/alu/fmin     275.8896     0.0     275.8896      0.0000       0.0000 FCMP_31
system/tile_prci_domain/tile_reset_domain_tile/fusion/fgra/fgra/pes_23/alu/fmul    2280.9696     0.1      19.5216    555.5424       0.0000 FMUL_share_10
system/tile_prci_domain/tile_reset_domain_tile/fusion/fgra/fgra/pes_23/alu/fmul/fmul_s1     407.1312     0.0     325.2816      0.0000       0.0000 FMUL_s1_10
system/tile_prci_domain/tile_reset_domain_tile/fusion/fgra/fgra/pes_23/alu/fmul/fmul_s1/lzc_clz      81.8496     0.0      81.8496      0.0000       0.0000 CLZ_2_10
system/tile_prci_domain/tile_reset_domain_tile/fusion/fgra/fgra/pes_23/alu/fmul/fmul_s2    1093.9152     0.0    1093.9152      0.0000       0.0000 FMUL_s2_10
system/tile_prci_domain/tile_reset_domain_tile/fusion/fgra/fgra/pes_23/alu/fmul/fmul_s3     204.8592     0.0     104.1936      0.0000       0.0000 FMUL_s3_10
system/tile_prci_domain/tile_reset_domain_tile/fusion/fgra/fgra/pes_23/alu/fmul/fmul_s3/rounder     100.6656     0.0     100.6656      0.0000       0.0000 RoundingUnit_224
system/tile_prci_domain/tile_reset_domain_tile/fusion/fgra/fgra/pes_23/alu/fp2si     959.1456     0.0       0.0000      0.0000       0.0000 FPToInt_10
system/tile_prci_domain/tile_reset_domain_tile/fusion/fgra/fgra/pes_23/alu/fp2si/s1     107.2512     0.0     107.2512      0.0000       0.0000 FPToInt_s1_10
system/tile_prci_domain/tile_reset_domain_tile/fusion/fgra/fgra/pes_23/alu/fp2si/s2     851.8944     0.0     585.8832      0.0000       0.0000 FPToInt_s2_10
system/tile_prci_domain/tile_reset_domain_tile/fusion/fgra/fgra/pes_23/alu/fp2si/s2/rpath_rounder      22.5792     0.0      22.5792      0.0000       0.0000 RoundingUnit_6_10
system/tile_prci_domain/tile_reset_domain_tile/fusion/fgra/fgra/pes_23/alu/fp2si/s2/shiftRightJam     243.4320     0.0     243.4320      0.0000       0.0000 ShiftRightJam_1_10
system/tile_prci_domain/tile_reset_domain_tile/fusion/fgra/fgra/pes_23/alu/logic_0     231.9072     0.0      10.3488      0.0000       0.0000 LOGIC_10
system/tile_prci_domain/tile_reset_domain_tile/fusion/fgra/fgra/pes_23/alu/logic_0/logicUnit       6.3504     0.0       6.3504      0.0000       0.0000 UnifiedCom_351
system/tile_prci_domain/tile_reset_domain_tile/fusion/fgra/fgra/pes_23/alu/logic_0/logicUnit_1       7.0560     0.0       7.0560      0.0000       0.0000 UnifiedCom_350
system/tile_prci_domain/tile_reset_domain_tile/fusion/fgra/fgra/pes_23/alu/logic_0/logicUnit_10       7.0560     0.0       7.0560      0.0000       0.0000 UnifiedCom_341
system/tile_prci_domain/tile_reset_domain_tile/fusion/fgra/fgra/pes_23/alu/logic_0/logicUnit_11       7.0560     0.0       7.0560      0.0000       0.0000 UnifiedCom_340
system/tile_prci_domain/tile_reset_domain_tile/fusion/fgra/fgra/pes_23/alu/logic_0/logicUnit_12       7.0560     0.0       7.0560      0.0000       0.0000 UnifiedCom_339
system/tile_prci_domain/tile_reset_domain_tile/fusion/fgra/fgra/pes_23/alu/logic_0/logicUnit_13       7.0560     0.0       7.0560      0.0000       0.0000 UnifiedCom_338
system/tile_prci_domain/tile_reset_domain_tile/fusion/fgra/fgra/pes_23/alu/logic_0/logicUnit_14       7.0560     0.0       7.0560      0.0000       0.0000 UnifiedCom_337
system/tile_prci_domain/tile_reset_domain_tile/fusion/fgra/fgra/pes_23/alu/logic_0/logicUnit_15       7.0560     0.0       7.0560      0.0000       0.0000 UnifiedCom_336
system/tile_prci_domain/tile_reset_domain_tile/fusion/fgra/fgra/pes_23/alu/logic_0/logicUnit_16       7.0560     0.0       7.0560      0.0000       0.0000 UnifiedCom_335
system/tile_prci_domain/tile_reset_domain_tile/fusion/fgra/fgra/pes_23/alu/logic_0/logicUnit_17       7.0560     0.0       7.0560      0.0000       0.0000 UnifiedCom_334
system/tile_prci_domain/tile_reset_domain_tile/fusion/fgra/fgra/pes_23/alu/logic_0/logicUnit_18       7.0560     0.0       7.0560      0.0000       0.0000 UnifiedCom_333
system/tile_prci_domain/tile_reset_domain_tile/fusion/fgra/fgra/pes_23/alu/logic_0/logicUnit_19       7.0560     0.0       7.0560      0.0000       0.0000 UnifiedCom_332
system/tile_prci_domain/tile_reset_domain_tile/fusion/fgra/fgra/pes_23/alu/logic_0/logicUnit_2       6.3504     0.0       6.3504      0.0000       0.0000 UnifiedCom_349
system/tile_prci_domain/tile_reset_domain_tile/fusion/fgra/fgra/pes_23/alu/logic_0/logicUnit_20       7.0560     0.0       7.0560      0.0000       0.0000 UnifiedCom_331
system/tile_prci_domain/tile_reset_domain_tile/fusion/fgra/fgra/pes_23/alu/logic_0/logicUnit_21       7.0560     0.0       7.0560      0.0000       0.0000 UnifiedCom_330
system/tile_prci_domain/tile_reset_domain_tile/fusion/fgra/fgra/pes_23/alu/logic_0/logicUnit_22       7.0560     0.0       7.0560      0.0000       0.0000 UnifiedCom_329
system/tile_prci_domain/tile_reset_domain_tile/fusion/fgra/fgra/pes_23/alu/logic_0/logicUnit_23       7.0560     0.0       7.0560      0.0000       0.0000 UnifiedCom_328
system/tile_prci_domain/tile_reset_domain_tile/fusion/fgra/fgra/pes_23/alu/logic_0/logicUnit_24       7.0560     0.0       7.0560      0.0000       0.0000 UnifiedCom_327
system/tile_prci_domain/tile_reset_domain_tile/fusion/fgra/fgra/pes_23/alu/logic_0/logicUnit_25       7.0560     0.0       7.0560      0.0000       0.0000 UnifiedCom_326
system/tile_prci_domain/tile_reset_domain_tile/fusion/fgra/fgra/pes_23/alu/logic_0/logicUnit_26       7.0560     0.0       7.0560      0.0000       0.0000 UnifiedCom_325
system/tile_prci_domain/tile_reset_domain_tile/fusion/fgra/fgra/pes_23/alu/logic_0/logicUnit_27       6.3504     0.0       6.3504      0.0000       0.0000 UnifiedCom_324
system/tile_prci_domain/tile_reset_domain_tile/fusion/fgra/fgra/pes_23/alu/logic_0/logicUnit_28       7.0560     0.0       7.0560      0.0000       0.0000 UnifiedCom_323
system/tile_prci_domain/tile_reset_domain_tile/fusion/fgra/fgra/pes_23/alu/logic_0/logicUnit_29       7.0560     0.0       7.0560      0.0000       0.0000 UnifiedCom_322
system/tile_prci_domain/tile_reset_domain_tile/fusion/fgra/fgra/pes_23/alu/logic_0/logicUnit_3       7.0560     0.0       7.0560      0.0000       0.0000 UnifiedCom_348
system/tile_prci_domain/tile_reset_domain_tile/fusion/fgra/fgra/pes_23/alu/logic_0/logicUnit_30       6.3504     0.0       6.3504      0.0000       0.0000 UnifiedCom_321
system/tile_prci_domain/tile_reset_domain_tile/fusion/fgra/fgra/pes_23/alu/logic_0/logicUnit_31       7.0560     0.0       7.0560      0.0000       0.0000 UnifiedCom_320
system/tile_prci_domain/tile_reset_domain_tile/fusion/fgra/fgra/pes_23/alu/logic_0/logicUnit_4       7.0560     0.0       7.0560      0.0000       0.0000 UnifiedCom_347
system/tile_prci_domain/tile_reset_domain_tile/fusion/fgra/fgra/pes_23/alu/logic_0/logicUnit_5       7.0560     0.0       7.0560      0.0000       0.0000 UnifiedCom_346
system/tile_prci_domain/tile_reset_domain_tile/fusion/fgra/fgra/pes_23/alu/logic_0/logicUnit_6       7.0560     0.0       7.0560      0.0000       0.0000 UnifiedCom_345
system/tile_prci_domain/tile_reset_domain_tile/fusion/fgra/fgra/pes_23/alu/logic_0/logicUnit_7       7.0560     0.0       7.0560      0.0000       0.0000 UnifiedCom_344
system/tile_prci_domain/tile_reset_domain_tile/fusion/fgra/fgra/pes_23/alu/logic_0/logicUnit_8       6.3504     0.0       6.3504      0.0000       0.0000 UnifiedCom_343
system/tile_prci_domain/tile_reset_domain_tile/fusion/fgra/fgra/pes_23/alu/logic_0/logicUnit_9       6.3504     0.0       6.3504      0.0000       0.0000 UnifiedCom_342
system/tile_prci_domain/tile_reset_domain_tile/fusion/fgra/fgra/pes_23/alu/multipler    5876.9425     0.2    5876.9425      0.0000       0.0000 Mul_10
system/tile_prci_domain/tile_reset_domain_tile/fusion/fgra/fgra/pes_23/alu/shift     690.0768     0.0     690.0768      0.0000       0.0000 SHIFT_10
system/tile_prci_domain/tile_reset_domain_tile/fusion/fgra/fgra/pes_23/alu/si2fp     476.7504     0.0       0.0000      0.0000       0.0000 IntToFP_10
system/tile_prci_domain/tile_reset_domain_tile/fusion/fgra/fgra/pes_23/alu/si2fp/post_norm      41.6304     0.0      19.9920      0.0000       0.0000 IntToFP_postnorm_10
system/tile_prci_domain/tile_reset_domain_tile/fusion/fgra/fgra/pes_23/alu/si2fp/post_norm/rounder      21.6384     0.0      21.6384      0.0000       0.0000 RoundingUnit_223
system/tile_prci_domain/tile_reset_domain_tile/fusion/fgra/fgra/pes_23/alu/si2fp/pre_norm     435.1200     0.0     338.2176      0.0000       0.0000 IntToFP_prenorm_10
system/tile_prci_domain/tile_reset_domain_tile/fusion/fgra/fgra/pes_23/alu/si2fp/pre_norm/pos_lzc_clz      96.9024     0.0      96.9024      0.0000       0.0000 CLZ_3_21
system/tile_prci_domain/tile_reset_domain_tile/fusion/fgra/fgra/pes_23/cfg     542.8416     0.0     153.8208    389.0208       0.0000 ConfigMem_12_2
system/tile_prci_domain/tile_reset_domain_tile/fusion/fgra/fgra/pes_23/delayPipeCG    7212.4081     0.2    4338.7345   2873.6736       0.0000 SharedDelayPipe_12_2
system/tile_prci_domain/tile_reset_domain_tile/fusion/fgra/fgra/pes_23/delayPipeFG     173.5776     0.0     112.4256     61.1520       0.0000 SharedDelayPipe_13_2
system/tile_prci_domain/tile_reset_domain_tile/fusion/fgra/fgra/pes_23/dmr     150.5280     0.0       0.0000    150.5280       0.0000 DualModeReg_2
system/tile_prci_domain/tile_reset_domain_tile/fusion/fgra/fgra/pes_23/rf4alu       9.6432     0.0       4.7040      4.9392       0.0000 RF_2
system/tile_prci_domain/tile_reset_domain_tile/fusion/fgra/fgra/pes_24   26468.7027     0.8       8.4672      0.0000       0.0000 GPE_24
system/tile_prci_domain/tile_reset_domain_tile/fusion/fgra/fgra/pes_24/Muxn     262.0128     0.0     262.0128      0.0000       0.0000 Muxn_24_103
system/tile_prci_domain/tile_reset_domain_tile/fusion/fgra/fgra/pes_24/Muxn_1     236.6112     0.0     236.6112      0.0000       0.0000 Muxn_24_102
system/tile_prci_domain/tile_reset_domain_tile/fusion/fgra/fgra/pes_24/Muxn_2       7.5264     0.0       7.5264      0.0000       0.0000 Muxn_26_22
system/tile_prci_domain/tile_reset_domain_tile/fusion/fgra/fgra/pes_24/alu   17849.0930     0.5     771.4560      0.0000       0.0000 ALU_1
system/tile_prci_domain/tile_reset_domain_tile/fusion/fgra/fgra/pes_24/alu/arith     427.1232     0.0     427.1232      0.0000       0.0000 ARITH_9
system/tile_prci_domain/tile_reset_domain_tile/fusion/fgra/fgra/pes_24/alu/fadd    5162.4049     0.1       0.0000      0.0000       0.0000 FADD_17
system/tile_prci_domain/tile_reset_domain_tile/fusion/fgra/fgra/pes_24/alu/fadd/fcmaadd    5162.4049     0.1       4.2336      0.0000       0.0000 FCMA_ADD_17
system/tile_prci_domain/tile_reset_domain_tile/fusion/fgra/fgra/pes_24/alu/fadd/fcmaadd/fadd_s1    3563.5153     0.1     681.6096      0.0000       0.0000 FCMA_ADD_s1_17
system/tile_prci_domain/tile_reset_domain_tile/fusion/fgra/fgra/pes_24/alu/fadd/fcmaadd/fadd_s1/far_path_mods_0     890.9376     0.0     370.9104      0.0000       0.0000 FarPath_17
system/tile_prci_domain/tile_reset_domain_tile/fusion/fgra/fgra/pes_24/alu/fadd/fcmaadd/fadd_s1/far_path_mods_0/shiftRightJam     520.0272     0.0     520.0272      0.0000       0.0000 ShiftRightJam_18
system/tile_prci_domain/tile_reset_domain_tile/fusion/fgra/fgra/pes_24/alu/fadd/fcmaadd/fadd_s1/near_path_mods_0    1008.5376     0.0     761.1072      0.0000       0.0000 NearPath_35
system/tile_prci_domain/tile_reset_domain_tile/fusion/fgra/fgra/pes_24/alu/fadd/fcmaadd/fadd_s1/near_path_mods_0/lza_ab     149.1168     0.0     149.1168      0.0000       0.0000 LZA_36
system/tile_prci_domain/tile_reset_domain_tile/fusion/fgra/fgra/pes_24/alu/fadd/fcmaadd/fadd_s1/near_path_mods_0/lzc_clz      98.3136     0.0      98.3136      0.0000       0.0000 CLZ_37
system/tile_prci_domain/tile_reset_domain_tile/fusion/fgra/fgra/pes_24/alu/fadd/fcmaadd/fadd_s1/near_path_mods_1     982.4304     0.0     748.6416      0.0000       0.0000 NearPath_34
system/tile_prci_domain/tile_reset_domain_tile/fusion/fgra/fgra/pes_24/alu/fadd/fcmaadd/fadd_s1/near_path_mods_1/lza_ab     146.5296     0.0     146.5296      0.0000       0.0000 LZA_35
system/tile_prci_domain/tile_reset_domain_tile/fusion/fgra/fgra/pes_24/alu/fadd/fcmaadd/fadd_s1/near_path_mods_1/lzc_clz      87.2592     0.0      87.2592      0.0000       0.0000 CLZ_36
system/tile_prci_domain/tile_reset_domain_tile/fusion/fgra/fgra/pes_24/alu/fadd/fcmaadd/fadd_s2    1594.6560     0.0    1166.5920      0.0000       0.0000 FCMA_ADD_s2_17
system/tile_prci_domain/tile_reset_domain_tile/fusion/fgra/fgra/pes_24/alu/fadd/fcmaadd/fadd_s2/far_path_rounder     218.5008     0.0     218.5008      0.0000       0.0000 RoundingUnit_146
system/tile_prci_domain/tile_reset_domain_tile/fusion/fgra/fgra/pes_24/alu/fadd/fcmaadd/fadd_s2/near_path_rounder     209.5632     0.0     209.5632      0.0000       0.0000 RoundingUnit_145
system/tile_prci_domain/tile_reset_domain_tile/fusion/fgra/fgra/pes_24/alu/fcmp     289.5312     0.0     289.5312      0.0000       0.0000 FCMP_29
system/tile_prci_domain/tile_reset_domain_tile/fusion/fgra/fgra/pes_24/alu/fmax     273.7728     0.0     273.7728      0.0000       0.0000 FCMP_27
system/tile_prci_domain/tile_reset_domain_tile/fusion/fgra/fgra/pes_24/alu/fmin     272.3616     0.0     272.3616      0.0000       0.0000 FCMP_28
system/tile_prci_domain/tile_reset_domain_tile/fusion/fgra/fgra/pes_24/alu/fmul    2379.9888     0.1      12.2304    555.7776       0.0000 FMUL_share_9
system/tile_prci_domain/tile_reset_domain_tile/fusion/fgra/fgra/pes_24/alu/fmul/fmul_s1     482.3952     0.0     400.3104      0.0000       0.0000 FMUL_s1_9
system/tile_prci_domain/tile_reset_domain_tile/fusion/fgra/fgra/pes_24/alu/fmul/fmul_s1/lzc_clz      82.0848     0.0      82.0848      0.0000       0.0000 CLZ_2_9
system/tile_prci_domain/tile_reset_domain_tile/fusion/fgra/fgra/pes_24/alu/fmul/fmul_s2    1124.7264     0.0    1124.7264      0.0000       0.0000 FMUL_s2_9
system/tile_prci_domain/tile_reset_domain_tile/fusion/fgra/fgra/pes_24/alu/fmul/fmul_s3     204.8592     0.0     104.1936      0.0000       0.0000 FMUL_s3_9
system/tile_prci_domain/tile_reset_domain_tile/fusion/fgra/fgra/pes_24/alu/fmul/fmul_s3/rounder     100.6656     0.0     100.6656      0.0000       0.0000 RoundingUnit_222
system/tile_prci_domain/tile_reset_domain_tile/fusion/fgra/fgra/pes_24/alu/fp2si     956.7936     0.0       0.0000      0.0000       0.0000 FPToInt_9
system/tile_prci_domain/tile_reset_domain_tile/fusion/fgra/fgra/pes_24/alu/fp2si/s1     105.3696     0.0     105.3696      0.0000       0.0000 FPToInt_s1_9
system/tile_prci_domain/tile_reset_domain_tile/fusion/fgra/fgra/pes_24/alu/fp2si/s2     851.4240     0.0     583.0608      0.0000       0.0000 FPToInt_s2_9
system/tile_prci_domain/tile_reset_domain_tile/fusion/fgra/fgra/pes_24/alu/fp2si/s2/rpath_rounder      23.0496     0.0      23.0496      0.0000       0.0000 RoundingUnit_6_9
system/tile_prci_domain/tile_reset_domain_tile/fusion/fgra/fgra/pes_24/alu/fp2si/s2/shiftRightJam     245.3136     0.0     245.3136      0.0000       0.0000 ShiftRightJam_1_9
system/tile_prci_domain/tile_reset_domain_tile/fusion/fgra/fgra/pes_24/alu/logic_0     232.3776     0.0      11.2896      0.0000       0.0000 LOGIC_9
system/tile_prci_domain/tile_reset_domain_tile/fusion/fgra/fgra/pes_24/alu/logic_0/logicUnit       6.3504     0.0       6.3504      0.0000       0.0000 UnifiedCom_319
system/tile_prci_domain/tile_reset_domain_tile/fusion/fgra/fgra/pes_24/alu/logic_0/logicUnit_1       6.3504     0.0       6.3504      0.0000       0.0000 UnifiedCom_318
system/tile_prci_domain/tile_reset_domain_tile/fusion/fgra/fgra/pes_24/alu/logic_0/logicUnit_10       7.0560     0.0       7.0560      0.0000       0.0000 UnifiedCom_309
system/tile_prci_domain/tile_reset_domain_tile/fusion/fgra/fgra/pes_24/alu/logic_0/logicUnit_11       6.3504     0.0       6.3504      0.0000       0.0000 UnifiedCom_308
system/tile_prci_domain/tile_reset_domain_tile/fusion/fgra/fgra/pes_24/alu/logic_0/logicUnit_12       7.0560     0.0       7.0560      0.0000       0.0000 UnifiedCom_307
system/tile_prci_domain/tile_reset_domain_tile/fusion/fgra/fgra/pes_24/alu/logic_0/logicUnit_13       7.0560     0.0       7.0560      0.0000       0.0000 UnifiedCom_306
system/tile_prci_domain/tile_reset_domain_tile/fusion/fgra/fgra/pes_24/alu/logic_0/logicUnit_14       6.3504     0.0       6.3504      0.0000       0.0000 UnifiedCom_305
system/tile_prci_domain/tile_reset_domain_tile/fusion/fgra/fgra/pes_24/alu/logic_0/logicUnit_15       7.0560     0.0       7.0560      0.0000       0.0000 UnifiedCom_304
system/tile_prci_domain/tile_reset_domain_tile/fusion/fgra/fgra/pes_24/alu/logic_0/logicUnit_16       7.0560     0.0       7.0560      0.0000       0.0000 UnifiedCom_303
system/tile_prci_domain/tile_reset_domain_tile/fusion/fgra/fgra/pes_24/alu/logic_0/logicUnit_17       8.7024     0.0       8.7024      0.0000       0.0000 UnifiedCom_302
system/tile_prci_domain/tile_reset_domain_tile/fusion/fgra/fgra/pes_24/alu/logic_0/logicUnit_18       7.0560     0.0       7.0560      0.0000       0.0000 UnifiedCom_301
system/tile_prci_domain/tile_reset_domain_tile/fusion/fgra/fgra/pes_24/alu/logic_0/logicUnit_19       7.0560     0.0       7.0560      0.0000       0.0000 UnifiedCom_300
system/tile_prci_domain/tile_reset_domain_tile/fusion/fgra/fgra/pes_24/alu/logic_0/logicUnit_2       6.3504     0.0       6.3504      0.0000       0.0000 UnifiedCom_317
system/tile_prci_domain/tile_reset_domain_tile/fusion/fgra/fgra/pes_24/alu/logic_0/logicUnit_20       7.0560     0.0       7.0560      0.0000       0.0000 UnifiedCom_299
system/tile_prci_domain/tile_reset_domain_tile/fusion/fgra/fgra/pes_24/alu/logic_0/logicUnit_21       7.0560     0.0       7.0560      0.0000       0.0000 UnifiedCom_298
system/tile_prci_domain/tile_reset_domain_tile/fusion/fgra/fgra/pes_24/alu/logic_0/logicUnit_22       7.0560     0.0       7.0560      0.0000       0.0000 UnifiedCom_297
system/tile_prci_domain/tile_reset_domain_tile/fusion/fgra/fgra/pes_24/alu/logic_0/logicUnit_23       7.0560     0.0       7.0560      0.0000       0.0000 UnifiedCom_296
system/tile_prci_domain/tile_reset_domain_tile/fusion/fgra/fgra/pes_24/alu/logic_0/logicUnit_24       7.0560     0.0       7.0560      0.0000       0.0000 UnifiedCom_295
system/tile_prci_domain/tile_reset_domain_tile/fusion/fgra/fgra/pes_24/alu/logic_0/logicUnit_25       7.0560     0.0       7.0560      0.0000       0.0000 UnifiedCom_294
system/tile_prci_domain/tile_reset_domain_tile/fusion/fgra/fgra/pes_24/alu/logic_0/logicUnit_26       7.0560     0.0       7.0560      0.0000       0.0000 UnifiedCom_293
system/tile_prci_domain/tile_reset_domain_tile/fusion/fgra/fgra/pes_24/alu/logic_0/logicUnit_27       7.0560     0.0       7.0560      0.0000       0.0000 UnifiedCom_292
system/tile_prci_domain/tile_reset_domain_tile/fusion/fgra/fgra/pes_24/alu/logic_0/logicUnit_28       7.0560     0.0       7.0560      0.0000       0.0000 UnifiedCom_291
system/tile_prci_domain/tile_reset_domain_tile/fusion/fgra/fgra/pes_24/alu/logic_0/logicUnit_29       6.3504     0.0       6.3504      0.0000       0.0000 UnifiedCom_290
system/tile_prci_domain/tile_reset_domain_tile/fusion/fgra/fgra/pes_24/alu/logic_0/logicUnit_3       7.0560     0.0       7.0560      0.0000       0.0000 UnifiedCom_316
system/tile_prci_domain/tile_reset_domain_tile/fusion/fgra/fgra/pes_24/alu/logic_0/logicUnit_30       7.0560     0.0       7.0560      0.0000       0.0000 UnifiedCom_289
system/tile_prci_domain/tile_reset_domain_tile/fusion/fgra/fgra/pes_24/alu/logic_0/logicUnit_31       7.0560     0.0       7.0560      0.0000       0.0000 UnifiedCom_288
system/tile_prci_domain/tile_reset_domain_tile/fusion/fgra/fgra/pes_24/alu/logic_0/logicUnit_4       7.0560     0.0       7.0560      0.0000       0.0000 UnifiedCom_315
system/tile_prci_domain/tile_reset_domain_tile/fusion/fgra/fgra/pes_24/alu/logic_0/logicUnit_5       6.3504     0.0       6.3504      0.0000       0.0000 UnifiedCom_314
system/tile_prci_domain/tile_reset_domain_tile/fusion/fgra/fgra/pes_24/alu/logic_0/logicUnit_6       7.0560     0.0       7.0560      0.0000       0.0000 UnifiedCom_313
system/tile_prci_domain/tile_reset_domain_tile/fusion/fgra/fgra/pes_24/alu/logic_0/logicUnit_7       7.0560     0.0       7.0560      0.0000       0.0000 UnifiedCom_312
system/tile_prci_domain/tile_reset_domain_tile/fusion/fgra/fgra/pes_24/alu/logic_0/logicUnit_8       6.3504     0.0       6.3504      0.0000       0.0000 UnifiedCom_311
system/tile_prci_domain/tile_reset_domain_tile/fusion/fgra/fgra/pes_24/alu/logic_0/logicUnit_9       6.3504     0.0       6.3504      0.0000       0.0000 UnifiedCom_310
system/tile_prci_domain/tile_reset_domain_tile/fusion/fgra/fgra/pes_24/alu/multipler    5920.2193     0.2    5920.2193      0.0000       0.0000 Mul_9
system/tile_prci_domain/tile_reset_domain_tile/fusion/fgra/fgra/pes_24/alu/shift     689.1360     0.0     689.1360      0.0000       0.0000 SHIFT_9
system/tile_prci_domain/tile_reset_domain_tile/fusion/fgra/fgra/pes_24/alu/si2fp     473.9280     0.0       0.0000      0.0000       0.0000 IntToFP_9
system/tile_prci_domain/tile_reset_domain_tile/fusion/fgra/fgra/pes_24/alu/si2fp/post_norm      41.6304     0.0      19.9920      0.0000       0.0000 IntToFP_postnorm_9
system/tile_prci_domain/tile_reset_domain_tile/fusion/fgra/fgra/pes_24/alu/si2fp/post_norm/rounder      21.6384     0.0      21.6384      0.0000       0.0000 RoundingUnit_221
system/tile_prci_domain/tile_reset_domain_tile/fusion/fgra/fgra/pes_24/alu/si2fp/pre_norm     432.2976     0.0     337.5120      0.0000       0.0000 IntToFP_prenorm_9
system/tile_prci_domain/tile_reset_domain_tile/fusion/fgra/fgra/pes_24/alu/si2fp/pre_norm/pos_lzc_clz      94.7856     0.0      94.7856      0.0000       0.0000 CLZ_3_19
system/tile_prci_domain/tile_reset_domain_tile/fusion/fgra/fgra/pes_24/cfg     552.7200     0.0     153.8208    398.8992       0.0000 ConfigMem_12_1
system/tile_prci_domain/tile_reset_domain_tile/fusion/fgra/fgra/pes_24/delayPipeCG    7217.8177     0.2    4358.9617   2858.8560       0.0000 SharedDelayPipe_12_1
system/tile_prci_domain/tile_reset_domain_tile/fusion/fgra/fgra/pes_24/delayPipeFG     173.5776     0.0     112.4256     61.1520       0.0000 SharedDelayPipe_13_1
system/tile_prci_domain/tile_reset_domain_tile/fusion/fgra/fgra/pes_24/dmr     151.4688     0.0       0.0000    151.4688       0.0000 DualModeReg_1
system/tile_prci_domain/tile_reset_domain_tile/fusion/fgra/fgra/pes_24/rf4alu       9.4080     0.0       4.7040      4.7040       0.0000 RF_1
system/tile_prci_domain/tile_reset_domain_tile/fusion/fgra/fgra/pes_25   26383.5603     0.8       8.4672      0.0000       0.0000 GPE_25
system/tile_prci_domain/tile_reset_domain_tile/fusion/fgra/fgra/pes_25/Muxn     164.6400     0.0     164.6400      0.0000       0.0000 Muxn_24_101
system/tile_prci_domain/tile_reset_domain_tile/fusion/fgra/fgra/pes_25/Muxn_1     242.0208     0.0     242.0208      0.0000       0.0000 Muxn_24_100
system/tile_prci_domain/tile_reset_domain_tile/fusion/fgra/fgra/pes_25/Muxn_2       7.0560     0.0       7.0560      0.0000       0.0000 Muxn_26_21
system/tile_prci_domain/tile_reset_domain_tile/fusion/fgra/fgra/pes_25/alu   17887.9010     0.5     732.1776      0.0000       0.0000 ALU_0
system/tile_prci_domain/tile_reset_domain_tile/fusion/fgra/fgra/pes_25/alu/arith     425.9472     0.0     425.9472      0.0000       0.0000 ARITH_8
system/tile_prci_domain/tile_reset_domain_tile/fusion/fgra/fgra/pes_25/alu/fadd    5320.2241     0.2       0.9408      0.0000       0.0000 FADD_16
system/tile_prci_domain/tile_reset_domain_tile/fusion/fgra/fgra/pes_25/alu/fadd/fcmaadd    5319.2833     0.2       2.3520      0.0000       0.0000 FCMA_ADD_16
system/tile_prci_domain/tile_reset_domain_tile/fusion/fgra/fgra/pes_25/alu/fadd/fcmaadd/fadd_s1    3626.5489     0.1     713.5968      0.0000       0.0000 FCMA_ADD_s1_16
system/tile_prci_domain/tile_reset_domain_tile/fusion/fgra/fgra/pes_25/alu/fadd/fcmaadd/fadd_s1/far_path_mods_0     912.3408     0.0     376.7904      0.0000       0.0000 FarPath_16
system/tile_prci_domain/tile_reset_domain_tile/fusion/fgra/fgra/pes_25/alu/fadd/fcmaadd/fadd_s1/far_path_mods_0/shiftRightJam     535.5504     0.0     535.5504      0.0000       0.0000 ShiftRightJam_17
system/tile_prci_domain/tile_reset_domain_tile/fusion/fgra/fgra/pes_25/alu/fadd/fcmaadd/fadd_s1/near_path_mods_0    1000.5408     0.0     753.3456      0.0000       0.0000 NearPath_33
system/tile_prci_domain/tile_reset_domain_tile/fusion/fgra/fgra/pes_25/alu/fadd/fcmaadd/fadd_s1/near_path_mods_0/lza_ab     144.6480     0.0     144.6480      0.0000       0.0000 LZA_34
system/tile_prci_domain/tile_reset_domain_tile/fusion/fgra/fgra/pes_25/alu/fadd/fcmaadd/fadd_s1/near_path_mods_0/lzc_clz     102.5472     0.0     102.5472      0.0000       0.0000 CLZ_35
system/tile_prci_domain/tile_reset_domain_tile/fusion/fgra/fgra/pes_25/alu/fadd/fcmaadd/fadd_s1/near_path_mods_1    1000.0704     0.0     754.5216      0.0000       0.0000 NearPath_32
system/tile_prci_domain/tile_reset_domain_tile/fusion/fgra/fgra/pes_25/alu/fadd/fcmaadd/fadd_s1/near_path_mods_1/lza_ab     146.5296     0.0     146.5296      0.0000       0.0000 LZA_33
system/tile_prci_domain/tile_reset_domain_tile/fusion/fgra/fgra/pes_25/alu/fadd/fcmaadd/fadd_s1/near_path_mods_1/lzc_clz      99.0192     0.0      99.0192      0.0000       0.0000 CLZ_34
system/tile_prci_domain/tile_reset_domain_tile/fusion/fgra/fgra/pes_25/alu/fadd/fcmaadd/fadd_s2    1690.3824     0.0    1253.3808      0.0000       0.0000 FCMA_ADD_s2_16
system/tile_prci_domain/tile_reset_domain_tile/fusion/fgra/fgra/pes_25/alu/fadd/fcmaadd/fadd_s2/far_path_rounder     227.9088     0.0     227.9088      0.0000       0.0000 RoundingUnit_143
system/tile_prci_domain/tile_reset_domain_tile/fusion/fgra/fgra/pes_25/alu/fadd/fcmaadd/fadd_s2/near_path_rounder     209.0928     0.0     209.0928      0.0000       0.0000 RoundingUnit_142
system/tile_prci_domain/tile_reset_domain_tile/fusion/fgra/fgra/pes_25/alu/fcmp     292.1184     0.0     292.1184      0.0000       0.0000 FCMP_26
system/tile_prci_domain/tile_reset_domain_tile/fusion/fgra/fgra/pes_25/alu/fmax     274.4784     0.0     274.4784      0.0000       0.0000 FCMP_24
system/tile_prci_domain/tile_reset_domain_tile/fusion/fgra/fgra/pes_25/alu/fmin     271.6560     0.0     271.6560      0.0000       0.0000 FCMP_25
system/tile_prci_domain/tile_reset_domain_tile/fusion/fgra/fgra/pes_25/alu/fmul    2366.1120     0.1      14.5824    556.2480       0.0000 FMUL_share_8
system/tile_prci_domain/tile_reset_domain_tile/fusion/fgra/fgra/pes_25/alu/fmul/fmul_s1     485.4528     0.0     401.2512      0.0000       0.0000 FMUL_s1_8
system/tile_prci_domain/tile_reset_domain_tile/fusion/fgra/fgra/pes_25/alu/fmul/fmul_s1/lzc_clz      84.2016     0.0      84.2016      0.0000       0.0000 CLZ_2_8
system/tile_prci_domain/tile_reset_domain_tile/fusion/fgra/fgra/pes_25/alu/fmul/fmul_s2    1104.9696     0.0    1104.9696      0.0000       0.0000 FMUL_s2_8
system/tile_prci_domain/tile_reset_domain_tile/fusion/fgra/fgra/pes_25/alu/fmul/fmul_s3     204.8592     0.0     104.1936      0.0000       0.0000 FMUL_s3_8
system/tile_prci_domain/tile_reset_domain_tile/fusion/fgra/fgra/pes_25/alu/fmul/fmul_s3/rounder     100.6656     0.0     100.6656      0.0000       0.0000 RoundingUnit_220
system/tile_prci_domain/tile_reset_domain_tile/fusion/fgra/fgra/pes_25/alu/fp2si     949.5024     0.0       0.0000      0.0000       0.0000 FPToInt_8
system/tile_prci_domain/tile_reset_domain_tile/fusion/fgra/fgra/pes_25/alu/fp2si/s1     104.1936     0.0     104.1936      0.0000       0.0000 FPToInt_s1_8
system/tile_prci_domain/tile_reset_domain_tile/fusion/fgra/fgra/pes_25/alu/fp2si/s2     845.3088     0.0     580.9440      0.0000       0.0000 FPToInt_s2_8
system/tile_prci_domain/tile_reset_domain_tile/fusion/fgra/fgra/pes_25/alu/fp2si/s2/rpath_rounder      22.5792     0.0      22.5792      0.0000       0.0000 RoundingUnit_6_8
system/tile_prci_domain/tile_reset_domain_tile/fusion/fgra/fgra/pes_25/alu/fp2si/s2/shiftRightJam     241.7856     0.0     241.7856      0.0000       0.0000 ShiftRightJam_1_8
system/tile_prci_domain/tile_reset_domain_tile/fusion/fgra/fgra/pes_25/alu/logic_0     233.5536     0.0      10.3488      0.0000       0.0000 LOGIC_8
system/tile_prci_domain/tile_reset_domain_tile/fusion/fgra/fgra/pes_25/alu/logic_0/logicUnit       6.3504     0.0       6.3504      0.0000       0.0000 UnifiedCom_287
system/tile_prci_domain/tile_reset_domain_tile/fusion/fgra/fgra/pes_25/alu/logic_0/logicUnit_1       7.0560     0.0       7.0560      0.0000       0.0000 UnifiedCom_286
system/tile_prci_domain/tile_reset_domain_tile/fusion/fgra/fgra/pes_25/alu/logic_0/logicUnit_10       7.0560     0.0       7.0560      0.0000       0.0000 UnifiedCom_277
system/tile_prci_domain/tile_reset_domain_tile/fusion/fgra/fgra/pes_25/alu/logic_0/logicUnit_11       7.0560     0.0       7.0560      0.0000       0.0000 UnifiedCom_276
system/tile_prci_domain/tile_reset_domain_tile/fusion/fgra/fgra/pes_25/alu/logic_0/logicUnit_12       6.3504     0.0       6.3504      0.0000       0.0000 UnifiedCom_275
system/tile_prci_domain/tile_reset_domain_tile/fusion/fgra/fgra/pes_25/alu/logic_0/logicUnit_13       7.0560     0.0       7.0560      0.0000       0.0000 UnifiedCom_274
system/tile_prci_domain/tile_reset_domain_tile/fusion/fgra/fgra/pes_25/alu/logic_0/logicUnit_14       7.0560     0.0       7.0560      0.0000       0.0000 UnifiedCom_273
system/tile_prci_domain/tile_reset_domain_tile/fusion/fgra/fgra/pes_25/alu/logic_0/logicUnit_15       7.0560     0.0       7.0560      0.0000       0.0000 UnifiedCom_272
system/tile_prci_domain/tile_reset_domain_tile/fusion/fgra/fgra/pes_25/alu/logic_0/logicUnit_16       7.0560     0.0       7.0560      0.0000       0.0000 UnifiedCom_271
system/tile_prci_domain/tile_reset_domain_tile/fusion/fgra/fgra/pes_25/alu/logic_0/logicUnit_17       7.0560     0.0       7.0560      0.0000       0.0000 UnifiedCom_270
system/tile_prci_domain/tile_reset_domain_tile/fusion/fgra/fgra/pes_25/alu/logic_0/logicUnit_18       7.0560     0.0       7.0560      0.0000       0.0000 UnifiedCom_269
system/tile_prci_domain/tile_reset_domain_tile/fusion/fgra/fgra/pes_25/alu/logic_0/logicUnit_19       7.0560     0.0       7.0560      0.0000       0.0000 UnifiedCom_268
system/tile_prci_domain/tile_reset_domain_tile/fusion/fgra/fgra/pes_25/alu/logic_0/logicUnit_2       7.0560     0.0       7.0560      0.0000       0.0000 UnifiedCom_285
system/tile_prci_domain/tile_reset_domain_tile/fusion/fgra/fgra/pes_25/alu/logic_0/logicUnit_20       7.0560     0.0       7.0560      0.0000       0.0000 UnifiedCom_267
system/tile_prci_domain/tile_reset_domain_tile/fusion/fgra/fgra/pes_25/alu/logic_0/logicUnit_21       7.0560     0.0       7.0560      0.0000       0.0000 UnifiedCom_266
system/tile_prci_domain/tile_reset_domain_tile/fusion/fgra/fgra/pes_25/alu/logic_0/logicUnit_22       7.0560     0.0       7.0560      0.0000       0.0000 UnifiedCom_265
system/tile_prci_domain/tile_reset_domain_tile/fusion/fgra/fgra/pes_25/alu/logic_0/logicUnit_23       6.3504     0.0       6.3504      0.0000       0.0000 UnifiedCom_264
system/tile_prci_domain/tile_reset_domain_tile/fusion/fgra/fgra/pes_25/alu/logic_0/logicUnit_24       6.3504     0.0       6.3504      0.0000       0.0000 UnifiedCom_263
system/tile_prci_domain/tile_reset_domain_tile/fusion/fgra/fgra/pes_25/alu/logic_0/logicUnit_25       7.0560     0.0       7.0560      0.0000       0.0000 UnifiedCom_262
system/tile_prci_domain/tile_reset_domain_tile/fusion/fgra/fgra/pes_25/alu/logic_0/logicUnit_26       7.0560     0.0       7.0560      0.0000       0.0000 UnifiedCom_261
system/tile_prci_domain/tile_reset_domain_tile/fusion/fgra/fgra/pes_25/alu/logic_0/logicUnit_27       7.0560     0.0       7.0560      0.0000       0.0000 UnifiedCom_260
system/tile_prci_domain/tile_reset_domain_tile/fusion/fgra/fgra/pes_25/alu/logic_0/logicUnit_28       7.0560     0.0       7.0560      0.0000       0.0000 UnifiedCom_259
system/tile_prci_domain/tile_reset_domain_tile/fusion/fgra/fgra/pes_25/alu/logic_0/logicUnit_29       7.0560     0.0       7.0560      0.0000       0.0000 UnifiedCom_258
system/tile_prci_domain/tile_reset_domain_tile/fusion/fgra/fgra/pes_25/alu/logic_0/logicUnit_3       7.0560     0.0       7.0560      0.0000       0.0000 UnifiedCom_284
system/tile_prci_domain/tile_reset_domain_tile/fusion/fgra/fgra/pes_25/alu/logic_0/logicUnit_30       6.3504     0.0       6.3504      0.0000       0.0000 UnifiedCom_257
system/tile_prci_domain/tile_reset_domain_tile/fusion/fgra/fgra/pes_25/alu/logic_0/logicUnit_31       7.0560     0.0       7.0560      0.0000       0.0000 UnifiedCom_256
system/tile_prci_domain/tile_reset_domain_tile/fusion/fgra/fgra/pes_25/alu/logic_0/logicUnit_4       8.2320     0.0       8.2320      0.0000       0.0000 UnifiedCom_283
system/tile_prci_domain/tile_reset_domain_tile/fusion/fgra/fgra/pes_25/alu/logic_0/logicUnit_5       7.0560     0.0       7.0560      0.0000       0.0000 UnifiedCom_282
system/tile_prci_domain/tile_reset_domain_tile/fusion/fgra/fgra/pes_25/alu/logic_0/logicUnit_6       7.0560     0.0       7.0560      0.0000       0.0000 UnifiedCom_281
system/tile_prci_domain/tile_reset_domain_tile/fusion/fgra/fgra/pes_25/alu/logic_0/logicUnit_7       8.2320     0.0       8.2320      0.0000       0.0000 UnifiedCom_280
system/tile_prci_domain/tile_reset_domain_tile/fusion/fgra/fgra/pes_25/alu/logic_0/logicUnit_8       6.3504     0.0       6.3504      0.0000       0.0000 UnifiedCom_279
system/tile_prci_domain/tile_reset_domain_tile/fusion/fgra/fgra/pes_25/alu/logic_0/logicUnit_9       6.3504     0.0       6.3504      0.0000       0.0000 UnifiedCom_278
system/tile_prci_domain/tile_reset_domain_tile/fusion/fgra/fgra/pes_25/alu/multipler    5867.2993     0.2    5867.2993      0.0000       0.0000 Mul_8
system/tile_prci_domain/tile_reset_domain_tile/fusion/fgra/fgra/pes_25/alu/shift     690.3120     0.0     690.3120      0.0000       0.0000 SHIFT_8
system/tile_prci_domain/tile_reset_domain_tile/fusion/fgra/fgra/pes_25/alu/si2fp     464.5200     0.0       0.0000      0.0000       0.0000 IntToFP_8
system/tile_prci_domain/tile_reset_domain_tile/fusion/fgra/fgra/pes_25/alu/si2fp/post_norm      41.6304     0.0      19.9920      0.0000       0.0000 IntToFP_postnorm_8
system/tile_prci_domain/tile_reset_domain_tile/fusion/fgra/fgra/pes_25/alu/si2fp/post_norm/rounder      21.6384     0.0      21.6384      0.0000       0.0000 RoundingUnit_219
system/tile_prci_domain/tile_reset_domain_tile/fusion/fgra/fgra/pes_25/alu/si2fp/pre_norm     422.8896     0.0     327.1632      0.0000       0.0000 IntToFP_prenorm_8
system/tile_prci_domain/tile_reset_domain_tile/fusion/fgra/fgra/pes_25/alu/si2fp/pre_norm/pos_lzc_clz      95.7264     0.0      95.7264      0.0000       0.0000 CLZ_3_17
system/tile_prci_domain/tile_reset_domain_tile/fusion/fgra/fgra/pes_25/cfg     542.8416     0.0     153.8208    389.0208       0.0000 ConfigMem_12_0
system/tile_prci_domain/tile_reset_domain_tile/fusion/fgra/fgra/pes_25/delayPipeCG    7198.5313     0.2    4354.4929   2844.0384       0.0000 SharedDelayPipe_12_0
system/tile_prci_domain/tile_reset_domain_tile/fusion/fgra/fgra/pes_25/delayPipeFG     173.5776     0.0     112.4256     61.1520       0.0000 SharedDelayPipe_13_0
system/tile_prci_domain/tile_reset_domain_tile/fusion/fgra/fgra/pes_25/dmr     150.5280     0.0       0.0000    150.5280       0.0000 DualModeReg_0
system/tile_prci_domain/tile_reset_domain_tile/fusion/fgra/fgra/pes_25/rf4alu       7.9968     0.0       3.2928      4.7040       0.0000 RF_0
system/tile_prci_domain/tile_reset_domain_tile/fusion/fgra/fgra/pes_3   26717.5443     0.8       8.2320      0.0000       0.0000 GPE_3
system/tile_prci_domain/tile_reset_domain_tile/fusion/fgra/fgra/pes_3/Muxn     252.6048     0.0     252.6048      0.0000       0.0000 Muxn_24_149
system/tile_prci_domain/tile_reset_domain_tile/fusion/fgra/fgra/pes_3/Muxn_1     250.4880     0.0     250.4880      0.0000       0.0000 Muxn_24_148
system/tile_prci_domain/tile_reset_domain_tile/fusion/fgra/fgra/pes_3/Muxn_2       7.5264     0.0       7.5264      0.0000       0.0000 Muxn_26_31
system/tile_prci_domain/tile_reset_domain_tile/fusion/fgra/fgra/pes_3/alu   18233.1746     0.5     778.0416      0.0000       0.0000 ALU_11
system/tile_prci_domain/tile_reset_domain_tile/fusion/fgra/fgra/pes_3/alu/arith     427.3584     0.0     427.3584      0.0000       0.0000 ARITH_30
system/tile_prci_domain/tile_reset_domain_tile/fusion/fgra/fgra/pes_3/alu/fadd    5447.7025     0.2       0.0000      0.0000       0.0000 FADD_38
system/tile_prci_domain/tile_reset_domain_tile/fusion/fgra/fgra/pes_3/alu/fadd/fcmaadd    5447.7025     0.2       2.3520      0.0000       0.0000 FCMA_ADD_38
system/tile_prci_domain/tile_reset_domain_tile/fusion/fgra/fgra/pes_3/alu/fadd/fcmaadd/fadd_s1    3740.1505     0.1     719.0064      0.0000       0.0000 FCMA_ADD_s1_38
system/tile_prci_domain/tile_reset_domain_tile/fusion/fgra/fgra/pes_3/alu/fadd/fcmaadd/fadd_s1/far_path_mods_0     985.0176     0.0     403.1328      0.0000       0.0000 FarPath_38
system/tile_prci_domain/tile_reset_domain_tile/fusion/fgra/fgra/pes_3/alu/fadd/fcmaadd/fadd_s1/far_path_mods_0/shiftRightJam     581.8848     0.0     581.8848      0.0000       0.0000 ShiftRightJam_39
system/tile_prci_domain/tile_reset_domain_tile/fusion/fgra/fgra/pes_3/alu/fadd/fcmaadd/fadd_s1/near_path_mods_0    1017.2400     0.0     764.6352      0.0000       0.0000 NearPath_77
system/tile_prci_domain/tile_reset_domain_tile/fusion/fgra/fgra/pes_3/alu/fadd/fcmaadd/fadd_s1/near_path_mods_0/lza_ab     148.8816     0.0     148.8816      0.0000       0.0000 LZA_78
system/tile_prci_domain/tile_reset_domain_tile/fusion/fgra/fgra/pes_3/alu/fadd/fcmaadd/fadd_s1/near_path_mods_0/lzc_clz     103.7232     0.0     103.7232      0.0000       0.0000 CLZ_79
system/tile_prci_domain/tile_reset_domain_tile/fusion/fgra/fgra/pes_3/alu/fadd/fcmaadd/fadd_s1/near_path_mods_1    1018.8864     0.0     763.9296      0.0000       0.0000 NearPath_76
system/tile_prci_domain/tile_reset_domain_tile/fusion/fgra/fgra/pes_3/alu/fadd/fcmaadd/fadd_s1/near_path_mods_1/lza_ab     148.1760     0.0     148.1760      0.0000       0.0000 LZA_77
system/tile_prci_domain/tile_reset_domain_tile/fusion/fgra/fgra/pes_3/alu/fadd/fcmaadd/fadd_s1/near_path_mods_1/lzc_clz     106.7808     0.0     106.7808      0.0000       0.0000 CLZ_78
system/tile_prci_domain/tile_reset_domain_tile/fusion/fgra/fgra/pes_3/alu/fadd/fcmaadd/fadd_s2    1705.2000     0.0    1252.9104      0.0000       0.0000 FCMA_ADD_s2_38
system/tile_prci_domain/tile_reset_domain_tile/fusion/fgra/fgra/pes_3/alu/fadd/fcmaadd/fadd_s2/far_path_rounder     246.7248     0.0     246.7248      0.0000       0.0000 RoundingUnit_209
system/tile_prci_domain/tile_reset_domain_tile/fusion/fgra/fgra/pes_3/alu/fadd/fcmaadd/fadd_s2/near_path_rounder     205.5648     0.0     205.5648      0.0000       0.0000 RoundingUnit_208
system/tile_prci_domain/tile_reset_domain_tile/fusion/fgra/fgra/pes_3/alu/fcmp     291.1776     0.0     291.1776      0.0000       0.0000 FCMP_92
system/tile_prci_domain/tile_reset_domain_tile/fusion/fgra/fgra/pes_3/alu/fmax     272.8320     0.0     272.8320      0.0000       0.0000 FCMP_90
system/tile_prci_domain/tile_reset_domain_tile/fusion/fgra/fgra/pes_3/alu/fmin     271.6560     0.0     271.6560      0.0000       0.0000 FCMP_91
system/tile_prci_domain/tile_reset_domain_tile/fusion/fgra/fgra/pes_3/alu/fmul    2361.6432     0.1      18.1104    555.5424       0.0000 FMUL_share_30
system/tile_prci_domain/tile_reset_domain_tile/fusion/fgra/fgra/pes_3/alu/fmul/fmul_s1     478.3968     0.0     398.1936      0.0000       0.0000 FMUL_s1_30
system/tile_prci_domain/tile_reset_domain_tile/fusion/fgra/fgra/pes_3/alu/fmul/fmul_s1/lzc_clz      80.2032     0.0      80.2032      0.0000       0.0000 CLZ_2_30
system/tile_prci_domain/tile_reset_domain_tile/fusion/fgra/fgra/pes_3/alu/fmul/fmul_s2    1104.7344     0.0    1104.7344      0.0000       0.0000 FMUL_s2_30
system/tile_prci_domain/tile_reset_domain_tile/fusion/fgra/fgra/pes_3/alu/fmul/fmul_s3     204.8592     0.0     104.1936      0.0000       0.0000 FMUL_s3_30
system/tile_prci_domain/tile_reset_domain_tile/fusion/fgra/fgra/pes_3/alu/fmul/fmul_s3/rounder     100.6656     0.0     100.6656      0.0000       0.0000 RoundingUnit_264
system/tile_prci_domain/tile_reset_domain_tile/fusion/fgra/fgra/pes_3/alu/fp2si     957.0288     0.0       0.0000      0.0000       0.0000 FPToInt_30
system/tile_prci_domain/tile_reset_domain_tile/fusion/fgra/fgra/pes_3/alu/fp2si/s1     104.1936     0.0     104.1936      0.0000       0.0000 FPToInt_s1_30
system/tile_prci_domain/tile_reset_domain_tile/fusion/fgra/fgra/pes_3/alu/fp2si/s2     852.8352     0.0     588.2352      0.0000       0.0000 FPToInt_s2_30
system/tile_prci_domain/tile_reset_domain_tile/fusion/fgra/fgra/pes_3/alu/fp2si/s2/rpath_rounder      22.5792     0.0      22.5792      0.0000       0.0000 RoundingUnit_6_30
system/tile_prci_domain/tile_reset_domain_tile/fusion/fgra/fgra/pes_3/alu/fp2si/s2/shiftRightJam     242.0208     0.0     242.0208      0.0000       0.0000 ShiftRightJam_1_30
system/tile_prci_domain/tile_reset_domain_tile/fusion/fgra/fgra/pes_3/alu/logic_0     230.0256     0.0      11.2896      0.0000       0.0000 LOGIC_30
system/tile_prci_domain/tile_reset_domain_tile/fusion/fgra/fgra/pes_3/alu/logic_0/logicUnit       6.3504     0.0       6.3504      0.0000       0.0000 UnifiedCom_991
system/tile_prci_domain/tile_reset_domain_tile/fusion/fgra/fgra/pes_3/alu/logic_0/logicUnit_1       7.0560     0.0       7.0560      0.0000       0.0000 UnifiedCom_990
system/tile_prci_domain/tile_reset_domain_tile/fusion/fgra/fgra/pes_3/alu/logic_0/logicUnit_10       7.0560     0.0       7.0560      0.0000       0.0000 UnifiedCom_981
system/tile_prci_domain/tile_reset_domain_tile/fusion/fgra/fgra/pes_3/alu/logic_0/logicUnit_11       7.0560     0.0       7.0560      0.0000       0.0000 UnifiedCom_980
system/tile_prci_domain/tile_reset_domain_tile/fusion/fgra/fgra/pes_3/alu/logic_0/logicUnit_12       7.0560     0.0       7.0560      0.0000       0.0000 UnifiedCom_979
system/tile_prci_domain/tile_reset_domain_tile/fusion/fgra/fgra/pes_3/alu/logic_0/logicUnit_13       7.0560     0.0       7.0560      0.0000       0.0000 UnifiedCom_978
system/tile_prci_domain/tile_reset_domain_tile/fusion/fgra/fgra/pes_3/alu/logic_0/logicUnit_14       6.3504     0.0       6.3504      0.0000       0.0000 UnifiedCom_977
system/tile_prci_domain/tile_reset_domain_tile/fusion/fgra/fgra/pes_3/alu/logic_0/logicUnit_15       7.0560     0.0       7.0560      0.0000       0.0000 UnifiedCom_976
system/tile_prci_domain/tile_reset_domain_tile/fusion/fgra/fgra/pes_3/alu/logic_0/logicUnit_16       7.0560     0.0       7.0560      0.0000       0.0000 UnifiedCom_975
system/tile_prci_domain/tile_reset_domain_tile/fusion/fgra/fgra/pes_3/alu/logic_0/logicUnit_17       7.0560     0.0       7.0560      0.0000       0.0000 UnifiedCom_974
system/tile_prci_domain/tile_reset_domain_tile/fusion/fgra/fgra/pes_3/alu/logic_0/logicUnit_18       7.0560     0.0       7.0560      0.0000       0.0000 UnifiedCom_973
system/tile_prci_domain/tile_reset_domain_tile/fusion/fgra/fgra/pes_3/alu/logic_0/logicUnit_19       7.0560     0.0       7.0560      0.0000       0.0000 UnifiedCom_972
system/tile_prci_domain/tile_reset_domain_tile/fusion/fgra/fgra/pes_3/alu/logic_0/logicUnit_2       7.0560     0.0       7.0560      0.0000       0.0000 UnifiedCom_989
system/tile_prci_domain/tile_reset_domain_tile/fusion/fgra/fgra/pes_3/alu/logic_0/logicUnit_20       7.0560     0.0       7.0560      0.0000       0.0000 UnifiedCom_971
system/tile_prci_domain/tile_reset_domain_tile/fusion/fgra/fgra/pes_3/alu/logic_0/logicUnit_21       7.0560     0.0       7.0560      0.0000       0.0000 UnifiedCom_970
system/tile_prci_domain/tile_reset_domain_tile/fusion/fgra/fgra/pes_3/alu/logic_0/logicUnit_22       7.0560     0.0       7.0560      0.0000       0.0000 UnifiedCom_969
system/tile_prci_domain/tile_reset_domain_tile/fusion/fgra/fgra/pes_3/alu/logic_0/logicUnit_23       6.3504     0.0       6.3504      0.0000       0.0000 UnifiedCom_968
system/tile_prci_domain/tile_reset_domain_tile/fusion/fgra/fgra/pes_3/alu/logic_0/logicUnit_24       6.3504     0.0       6.3504      0.0000       0.0000 UnifiedCom_967
system/tile_prci_domain/tile_reset_domain_tile/fusion/fgra/fgra/pes_3/alu/logic_0/logicUnit_25       7.0560     0.0       7.0560      0.0000       0.0000 UnifiedCom_966
system/tile_prci_domain/tile_reset_domain_tile/fusion/fgra/fgra/pes_3/alu/logic_0/logicUnit_26       7.0560     0.0       7.0560      0.0000       0.0000 UnifiedCom_965
system/tile_prci_domain/tile_reset_domain_tile/fusion/fgra/fgra/pes_3/alu/logic_0/logicUnit_27       7.0560     0.0       7.0560      0.0000       0.0000 UnifiedCom_964
system/tile_prci_domain/tile_reset_domain_tile/fusion/fgra/fgra/pes_3/alu/logic_0/logicUnit_28       7.0560     0.0       7.0560      0.0000       0.0000 UnifiedCom_963
system/tile_prci_domain/tile_reset_domain_tile/fusion/fgra/fgra/pes_3/alu/logic_0/logicUnit_29       6.3504     0.0       6.3504      0.0000       0.0000 UnifiedCom_962
system/tile_prci_domain/tile_reset_domain_tile/fusion/fgra/fgra/pes_3/alu/logic_0/logicUnit_3       6.3504     0.0       6.3504      0.0000       0.0000 UnifiedCom_988
system/tile_prci_domain/tile_reset_domain_tile/fusion/fgra/fgra/pes_3/alu/logic_0/logicUnit_30       6.3504     0.0       6.3504      0.0000       0.0000 UnifiedCom_961
system/tile_prci_domain/tile_reset_domain_tile/fusion/fgra/fgra/pes_3/alu/logic_0/logicUnit_31       7.0560     0.0       7.0560      0.0000       0.0000 UnifiedCom_960
system/tile_prci_domain/tile_reset_domain_tile/fusion/fgra/fgra/pes_3/alu/logic_0/logicUnit_4       6.3504     0.0       6.3504      0.0000       0.0000 UnifiedCom_987
system/tile_prci_domain/tile_reset_domain_tile/fusion/fgra/fgra/pes_3/alu/logic_0/logicUnit_5       6.3504     0.0       6.3504      0.0000       0.0000 UnifiedCom_986
system/tile_prci_domain/tile_reset_domain_tile/fusion/fgra/fgra/pes_3/alu/logic_0/logicUnit_6       7.0560     0.0       7.0560      0.0000       0.0000 UnifiedCom_985
system/tile_prci_domain/tile_reset_domain_tile/fusion/fgra/fgra/pes_3/alu/logic_0/logicUnit_7       7.0560     0.0       7.0560      0.0000       0.0000 UnifiedCom_984
system/tile_prci_domain/tile_reset_domain_tile/fusion/fgra/fgra/pes_3/alu/logic_0/logicUnit_8       6.3504     0.0       6.3504      0.0000       0.0000 UnifiedCom_983
system/tile_prci_domain/tile_reset_domain_tile/fusion/fgra/fgra/pes_3/alu/logic_0/logicUnit_9       7.0560     0.0       7.0560      0.0000       0.0000 UnifiedCom_982
system/tile_prci_domain/tile_reset_domain_tile/fusion/fgra/fgra/pes_3/alu/multipler    6049.3441     0.2    6049.3441      0.0000       0.0000 Mul_30
system/tile_prci_domain/tile_reset_domain_tile/fusion/fgra/fgra/pes_3/alu/shift     690.0768     0.0     690.0768      0.0000       0.0000 SHIFT_30
system/tile_prci_domain/tile_reset_domain_tile/fusion/fgra/fgra/pes_3/alu/si2fp     456.2880     0.0       0.0000      0.0000       0.0000 IntToFP_30
system/tile_prci_domain/tile_reset_domain_tile/fusion/fgra/fgra/pes_3/alu/si2fp/post_norm      41.6304     0.0      19.9920      0.0000       0.0000 IntToFP_postnorm_30
system/tile_prci_domain/tile_reset_domain_tile/fusion/fgra/fgra/pes_3/alu/si2fp/post_norm/rounder      21.6384     0.0      21.6384      0.0000       0.0000 RoundingUnit_263
system/tile_prci_domain/tile_reset_domain_tile/fusion/fgra/fgra/pes_3/alu/si2fp/pre_norm     414.6576     0.0     319.8720      0.0000       0.0000 IntToFP_prenorm_30
system/tile_prci_domain/tile_reset_domain_tile/fusion/fgra/fgra/pes_3/alu/si2fp/pre_norm/pos_lzc_clz      94.7856     0.0      94.7856      0.0000       0.0000 CLZ_3_61
system/tile_prci_domain/tile_reset_domain_tile/fusion/fgra/fgra/pes_3/cfg     550.6032     0.0     153.8208    396.7824       0.0000 ConfigMem_12_10
system/tile_prci_domain/tile_reset_domain_tile/fusion/fgra/fgra/pes_3/delayPipeCG    7082.5777     0.2    4233.6001   2848.9776       0.0000 SharedDelayPipe_12_24
system/tile_prci_domain/tile_reset_domain_tile/fusion/fgra/fgra/pes_3/delayPipeFG     173.5776     0.0     112.4256     61.1520       0.0000 SharedDelayPipe_13_10
system/tile_prci_domain/tile_reset_domain_tile/fusion/fgra/fgra/pes_3/dmr     150.7632     0.0       0.0000    150.7632       0.0000 DualModeReg_17
system/tile_prci_domain/tile_reset_domain_tile/fusion/fgra/fgra/pes_3/rf4alu       7.9968     0.0       3.2928      4.7040       0.0000 RF_34
system/tile_prci_domain/tile_reset_domain_tile/fusion/fgra/fgra/pes_4   26365.2147     0.8       6.8208      0.0000       0.0000 GPE_4
system/tile_prci_domain/tile_reset_domain_tile/fusion/fgra/fgra/pes_4/Muxn     249.0768     0.0     249.0768      0.0000       0.0000 Muxn_24_147
system/tile_prci_domain/tile_reset_domain_tile/fusion/fgra/fgra/pes_4/Muxn_1     246.2544     0.0     246.2544      0.0000       0.0000 Muxn_24_146
system/tile_prci_domain/tile_reset_domain_tile/fusion/fgra/fgra/pes_4/Muxn_2       7.5264     0.0       7.5264      0.0000       0.0000 Muxn_26_30
system/tile_prci_domain/tile_reset_domain_tile/fusion/fgra/fgra/pes_4/alu   17756.1890     0.5     739.2336      0.0000       0.0000 ALU_10
system/tile_prci_domain/tile_reset_domain_tile/fusion/fgra/fgra/pes_4/alu/arith     428.0640     0.0     428.0640      0.0000       0.0000 ARITH_29
system/tile_prci_domain/tile_reset_domain_tile/fusion/fgra/fgra/pes_4/alu/fadd    5218.3825     0.1       0.0000      0.0000       0.0000 FADD_37
system/tile_prci_domain/tile_reset_domain_tile/fusion/fgra/fgra/pes_4/alu/fadd/fcmaadd    5218.3825     0.1       2.3520      0.0000       0.0000 FCMA_ADD_37
system/tile_prci_domain/tile_reset_domain_tile/fusion/fgra/fgra/pes_4/alu/fadd/fcmaadd/fadd_s1    3578.0976     0.1     656.9136      0.0000       0.0000 FCMA_ADD_s1_37
system/tile_prci_domain/tile_reset_domain_tile/fusion/fgra/fgra/pes_4/alu/fadd/fcmaadd/fadd_s1/far_path_mods_0     882.2352     0.0     376.3200      0.0000       0.0000 FarPath_37
system/tile_prci_domain/tile_reset_domain_tile/fusion/fgra/fgra/pes_4/alu/fadd/fcmaadd/fadd_s1/far_path_mods_0/shiftRightJam     505.9152     0.0     505.9152      0.0000       0.0000 ShiftRightJam_38
system/tile_prci_domain/tile_reset_domain_tile/fusion/fgra/fgra/pes_4/alu/fadd/fcmaadd/fadd_s1/near_path_mods_0    1028.5296     0.0     761.5776      0.0000       0.0000 NearPath_75
system/tile_prci_domain/tile_reset_domain_tile/fusion/fgra/fgra/pes_4/alu/fadd/fcmaadd/fadd_s1/near_path_mods_0/lza_ab     162.0528     0.0     162.0528      0.0000       0.0000 LZA_76
system/tile_prci_domain/tile_reset_domain_tile/fusion/fgra/fgra/pes_4/alu/fadd/fcmaadd/fadd_s1/near_path_mods_0/lzc_clz     104.8992     0.0     104.8992      0.0000       0.0000 CLZ_77
system/tile_prci_domain/tile_reset_domain_tile/fusion/fgra/fgra/pes_4/alu/fadd/fcmaadd/fadd_s1/near_path_mods_1    1010.4192     0.0     759.6960      0.0000       0.0000 NearPath_74
system/tile_prci_domain/tile_reset_domain_tile/fusion/fgra/fgra/pes_4/alu/fadd/fcmaadd/fadd_s1/near_path_mods_1/lza_ab     155.4672     0.0     155.4672      0.0000       0.0000 LZA_75
system/tile_prci_domain/tile_reset_domain_tile/fusion/fgra/fgra/pes_4/alu/fadd/fcmaadd/fadd_s1/near_path_mods_1/lzc_clz      95.2560     0.0      95.2560      0.0000       0.0000 CLZ_76
system/tile_prci_domain/tile_reset_domain_tile/fusion/fgra/fgra/pes_4/alu/fadd/fcmaadd/fadd_s2    1637.9328     0.0    1190.5824      0.0000       0.0000 FCMA_ADD_s2_37
system/tile_prci_domain/tile_reset_domain_tile/fusion/fgra/fgra/pes_4/alu/fadd/fcmaadd/fadd_s2/far_path_rounder     243.4320     0.0     243.4320      0.0000       0.0000 RoundingUnit_206
system/tile_prci_domain/tile_reset_domain_tile/fusion/fgra/fgra/pes_4/alu/fadd/fcmaadd/fadd_s2/near_path_rounder     203.9184     0.0     203.9184      0.0000       0.0000 RoundingUnit_205
system/tile_prci_domain/tile_reset_domain_tile/fusion/fgra/fgra/pes_4/alu/fcmp     292.8240     0.0     292.8240      0.0000       0.0000 FCMP_89
system/tile_prci_domain/tile_reset_domain_tile/fusion/fgra/fgra/pes_4/alu/fmax     274.9488     0.0     274.9488      0.0000       0.0000 FCMP_87
system/tile_prci_domain/tile_reset_domain_tile/fusion/fgra/fgra/pes_4/alu/fmin     272.8320     0.0     272.8320      0.0000       0.0000 FCMP_88
system/tile_prci_domain/tile_reset_domain_tile/fusion/fgra/fgra/pes_4/alu/fmul    2375.2848     0.1      13.4064    555.7776       0.0000 FMUL_share_29
system/tile_prci_domain/tile_reset_domain_tile/fusion/fgra/fgra/pes_4/alu/fmul/fmul_s1     474.3984     0.0     393.7248      0.0000       0.0000 FMUL_s1_29
system/tile_prci_domain/tile_reset_domain_tile/fusion/fgra/fgra/pes_4/alu/fmul/fmul_s1/lzc_clz      80.6736     0.0      80.6736      0.0000       0.0000 CLZ_2_29
system/tile_prci_domain/tile_reset_domain_tile/fusion/fgra/fgra/pes_4/alu/fmul/fmul_s2    1126.8432     0.0    1126.8432      0.0000       0.0000 FMUL_s2_29
system/tile_prci_domain/tile_reset_domain_tile/fusion/fgra/fgra/pes_4/alu/fmul/fmul_s3     204.8592     0.0     104.1936      0.0000       0.0000 FMUL_s3_29
system/tile_prci_domain/tile_reset_domain_tile/fusion/fgra/fgra/pes_4/alu/fmul/fmul_s3/rounder     100.6656     0.0     100.6656      0.0000       0.0000 RoundingUnit_262
system/tile_prci_domain/tile_reset_domain_tile/fusion/fgra/fgra/pes_4/alu/fp2si     952.3248     0.0       0.0000      0.0000       0.0000 FPToInt_29
system/tile_prci_domain/tile_reset_domain_tile/fusion/fgra/fgra/pes_4/alu/fp2si/s1     105.1344     0.0     105.1344      0.0000       0.0000 FPToInt_s1_29
system/tile_prci_domain/tile_reset_domain_tile/fusion/fgra/fgra/pes_4/alu/fp2si/s2     847.1904     0.0     581.4144      0.0000       0.0000 FPToInt_s2_29
system/tile_prci_domain/tile_reset_domain_tile/fusion/fgra/fgra/pes_4/alu/fp2si/s2/rpath_rounder      22.5792     0.0      22.5792      0.0000       0.0000 RoundingUnit_6_29
system/tile_prci_domain/tile_reset_domain_tile/fusion/fgra/fgra/pes_4/alu/fp2si/s2/shiftRightJam     243.1968     0.0     243.1968      0.0000       0.0000 ShiftRightJam_1_29
system/tile_prci_domain/tile_reset_domain_tile/fusion/fgra/fgra/pes_4/alu/logic_0     234.0240     0.0      11.2896      0.0000       0.0000 LOGIC_29
system/tile_prci_domain/tile_reset_domain_tile/fusion/fgra/fgra/pes_4/alu/logic_0/logicUnit       6.3504     0.0       6.3504      0.0000       0.0000 UnifiedCom_959
system/tile_prci_domain/tile_reset_domain_tile/fusion/fgra/fgra/pes_4/alu/logic_0/logicUnit_1       7.0560     0.0       7.0560      0.0000       0.0000 UnifiedCom_958
system/tile_prci_domain/tile_reset_domain_tile/fusion/fgra/fgra/pes_4/alu/logic_0/logicUnit_10       7.0560     0.0       7.0560      0.0000       0.0000 UnifiedCom_949
system/tile_prci_domain/tile_reset_domain_tile/fusion/fgra/fgra/pes_4/alu/logic_0/logicUnit_11       7.0560     0.0       7.0560      0.0000       0.0000 UnifiedCom_948
system/tile_prci_domain/tile_reset_domain_tile/fusion/fgra/fgra/pes_4/alu/logic_0/logicUnit_12       6.3504     0.0       6.3504      0.0000       0.0000 UnifiedCom_947
system/tile_prci_domain/tile_reset_domain_tile/fusion/fgra/fgra/pes_4/alu/logic_0/logicUnit_13       6.3504     0.0       6.3504      0.0000       0.0000 UnifiedCom_946
system/tile_prci_domain/tile_reset_domain_tile/fusion/fgra/fgra/pes_4/alu/logic_0/logicUnit_14       7.0560     0.0       7.0560      0.0000       0.0000 UnifiedCom_945
system/tile_prci_domain/tile_reset_domain_tile/fusion/fgra/fgra/pes_4/alu/logic_0/logicUnit_15       7.0560     0.0       7.0560      0.0000       0.0000 UnifiedCom_944
system/tile_prci_domain/tile_reset_domain_tile/fusion/fgra/fgra/pes_4/alu/logic_0/logicUnit_16       7.0560     0.0       7.0560      0.0000       0.0000 UnifiedCom_943
system/tile_prci_domain/tile_reset_domain_tile/fusion/fgra/fgra/pes_4/alu/logic_0/logicUnit_17       7.0560     0.0       7.0560      0.0000       0.0000 UnifiedCom_942
system/tile_prci_domain/tile_reset_domain_tile/fusion/fgra/fgra/pes_4/alu/logic_0/logicUnit_18       7.0560     0.0       7.0560      0.0000       0.0000 UnifiedCom_941
system/tile_prci_domain/tile_reset_domain_tile/fusion/fgra/fgra/pes_4/alu/logic_0/logicUnit_19       7.0560     0.0       7.0560      0.0000       0.0000 UnifiedCom_940
system/tile_prci_domain/tile_reset_domain_tile/fusion/fgra/fgra/pes_4/alu/logic_0/logicUnit_2       8.2320     0.0       8.2320      0.0000       0.0000 UnifiedCom_957
system/tile_prci_domain/tile_reset_domain_tile/fusion/fgra/fgra/pes_4/alu/logic_0/logicUnit_20       7.0560     0.0       7.0560      0.0000       0.0000 UnifiedCom_939
system/tile_prci_domain/tile_reset_domain_tile/fusion/fgra/fgra/pes_4/alu/logic_0/logicUnit_21       7.0560     0.0       7.0560      0.0000       0.0000 UnifiedCom_938
system/tile_prci_domain/tile_reset_domain_tile/fusion/fgra/fgra/pes_4/alu/logic_0/logicUnit_22       7.0560     0.0       7.0560      0.0000       0.0000 UnifiedCom_937
system/tile_prci_domain/tile_reset_domain_tile/fusion/fgra/fgra/pes_4/alu/logic_0/logicUnit_23       6.3504     0.0       6.3504      0.0000       0.0000 UnifiedCom_936
system/tile_prci_domain/tile_reset_domain_tile/fusion/fgra/fgra/pes_4/alu/logic_0/logicUnit_24       6.3504     0.0       6.3504      0.0000       0.0000 UnifiedCom_935
system/tile_prci_domain/tile_reset_domain_tile/fusion/fgra/fgra/pes_4/alu/logic_0/logicUnit_25       7.0560     0.0       7.0560      0.0000       0.0000 UnifiedCom_934
system/tile_prci_domain/tile_reset_domain_tile/fusion/fgra/fgra/pes_4/alu/logic_0/logicUnit_26       7.0560     0.0       7.0560      0.0000       0.0000 UnifiedCom_933
system/tile_prci_domain/tile_reset_domain_tile/fusion/fgra/fgra/pes_4/alu/logic_0/logicUnit_27       7.0560     0.0       7.0560      0.0000       0.0000 UnifiedCom_932
system/tile_prci_domain/tile_reset_domain_tile/fusion/fgra/fgra/pes_4/alu/logic_0/logicUnit_28       7.0560     0.0       7.0560      0.0000       0.0000 UnifiedCom_931
system/tile_prci_domain/tile_reset_domain_tile/fusion/fgra/fgra/pes_4/alu/logic_0/logicUnit_29       7.0560     0.0       7.0560      0.0000       0.0000 UnifiedCom_930
system/tile_prci_domain/tile_reset_domain_tile/fusion/fgra/fgra/pes_4/alu/logic_0/logicUnit_3       7.0560     0.0       7.0560      0.0000       0.0000 UnifiedCom_956
system/tile_prci_domain/tile_reset_domain_tile/fusion/fgra/fgra/pes_4/alu/logic_0/logicUnit_30       7.0560     0.0       7.0560      0.0000       0.0000 UnifiedCom_929
system/tile_prci_domain/tile_reset_domain_tile/fusion/fgra/fgra/pes_4/alu/logic_0/logicUnit_31       7.0560     0.0       7.0560      0.0000       0.0000 UnifiedCom_928
system/tile_prci_domain/tile_reset_domain_tile/fusion/fgra/fgra/pes_4/alu/logic_0/logicUnit_4       7.0560     0.0       7.0560      0.0000       0.0000 UnifiedCom_955
system/tile_prci_domain/tile_reset_domain_tile/fusion/fgra/fgra/pes_4/alu/logic_0/logicUnit_5       7.0560     0.0       7.0560      0.0000       0.0000 UnifiedCom_954
system/tile_prci_domain/tile_reset_domain_tile/fusion/fgra/fgra/pes_4/alu/logic_0/logicUnit_6       7.0560     0.0       7.0560      0.0000       0.0000 UnifiedCom_953
system/tile_prci_domain/tile_reset_domain_tile/fusion/fgra/fgra/pes_4/alu/logic_0/logicUnit_7       7.0560     0.0       7.0560      0.0000       0.0000 UnifiedCom_952
system/tile_prci_domain/tile_reset_domain_tile/fusion/fgra/fgra/pes_4/alu/logic_0/logicUnit_8       6.3504     0.0       6.3504      0.0000       0.0000 UnifiedCom_951
system/tile_prci_domain/tile_reset_domain_tile/fusion/fgra/fgra/pes_4/alu/logic_0/logicUnit_9       7.0560     0.0       7.0560      0.0000       0.0000 UnifiedCom_950
system/tile_prci_domain/tile_reset_domain_tile/fusion/fgra/fgra/pes_4/alu/multipler    5809.6753     0.2    5809.6753      0.0000       0.0000 Mul_29
system/tile_prci_domain/tile_reset_domain_tile/fusion/fgra/fgra/pes_4/alu/shift     689.8416     0.0     689.8416      0.0000       0.0000 SHIFT_29
system/tile_prci_domain/tile_reset_domain_tile/fusion/fgra/fgra/pes_4/alu/si2fp     468.7536     0.0       0.0000      0.0000       0.0000 IntToFP_29
system/tile_prci_domain/tile_reset_domain_tile/fusion/fgra/fgra/pes_4/alu/si2fp/post_norm      41.6304     0.0      19.9920      0.0000       0.0000 IntToFP_postnorm_29
system/tile_prci_domain/tile_reset_domain_tile/fusion/fgra/fgra/pes_4/alu/si2fp/post_norm/rounder      21.6384     0.0      21.6384      0.0000       0.0000 RoundingUnit_261
system/tile_prci_domain/tile_reset_domain_tile/fusion/fgra/fgra/pes_4/alu/si2fp/pre_norm     427.1232     0.0     329.2800      0.0000       0.0000 IntToFP_prenorm_29
system/tile_prci_domain/tile_reset_domain_tile/fusion/fgra/fgra/pes_4/alu/si2fp/pre_norm/pos_lzc_clz      97.8432     0.0      97.8432      0.0000       0.0000 CLZ_3_59
system/tile_prci_domain/tile_reset_domain_tile/fusion/fgra/fgra/pes_4/cfg     552.7200     0.0     153.8208    398.8992       0.0000 ConfigMem_12_9
system/tile_prci_domain/tile_reset_domain_tile/fusion/fgra/fgra/pes_4/delayPipeCG    7213.8193     0.2    4335.2065   2878.6128       0.0000 SharedDelayPipe_12_23
system/tile_prci_domain/tile_reset_domain_tile/fusion/fgra/fgra/pes_4/delayPipeFG     173.5776     0.0     112.4256     61.1520       0.0000 SharedDelayPipe_13_9
system/tile_prci_domain/tile_reset_domain_tile/fusion/fgra/fgra/pes_4/dmr     151.2336     0.0       0.0000    151.2336       0.0000 DualModeReg_16
system/tile_prci_domain/tile_reset_domain_tile/fusion/fgra/fgra/pes_4/rf4alu       7.9968     0.0       3.2928      4.7040       0.0000 RF_33
system/tile_prci_domain/tile_reset_domain_tile/fusion/fgra/fgra/pes_5   26425.6611     0.8       7.0560      0.0000       0.0000 GPE_5
system/tile_prci_domain/tile_reset_domain_tile/fusion/fgra/fgra/pes_5/Muxn     223.6752     0.0     223.6752      0.0000       0.0000 Muxn_24_145
system/tile_prci_domain/tile_reset_domain_tile/fusion/fgra/fgra/pes_5/Muxn_1     200.3904     0.0     200.3904      0.0000       0.0000 Muxn_24_144
system/tile_prci_domain/tile_reset_domain_tile/fusion/fgra/fgra/pes_5/Muxn_2       7.0560     0.0       7.0560      0.0000       0.0000 Muxn_26_29
system/tile_prci_domain/tile_reset_domain_tile/fusion/fgra/fgra/pes_5/alu   17913.3026     0.5     775.4544      0.0000       0.0000 ALU_9
system/tile_prci_domain/tile_reset_domain_tile/fusion/fgra/fgra/pes_5/alu/arith     423.5952     0.0     423.5952      0.0000       0.0000 ARITH_28
system/tile_prci_domain/tile_reset_domain_tile/fusion/fgra/fgra/pes_5/alu/fadd    5285.4145     0.2       0.0000      0.0000       0.0000 FADD_36
system/tile_prci_domain/tile_reset_domain_tile/fusion/fgra/fgra/pes_5/alu/fadd/fcmaadd    5285.4145     0.2       2.3520      0.0000       0.0000 FCMA_ADD_36
system/tile_prci_domain/tile_reset_domain_tile/fusion/fgra/fgra/pes_5/alu/fadd/fcmaadd/fadd_s1    3553.6368     0.1     685.3728      0.0000       0.0000 FCMA_ADD_s1_36
system/tile_prci_domain/tile_reset_domain_tile/fusion/fgra/fgra/pes_5/alu/fadd/fcmaadd/fadd_s1/far_path_mods_0     863.8896     0.0     374.6736      0.0000       0.0000 FarPath_36
system/tile_prci_domain/tile_reset_domain_tile/fusion/fgra/fgra/pes_5/alu/fadd/fcmaadd/fadd_s1/far_path_mods_0/shiftRightJam     489.2160     0.0     489.2160      0.0000       0.0000 ShiftRightJam_37
system/tile_prci_domain/tile_reset_domain_tile/fusion/fgra/fgra/pes_5/alu/fadd/fcmaadd/fadd_s1/near_path_mods_0     989.9568     0.0     756.4032      0.0000       0.0000 NearPath_73
system/tile_prci_domain/tile_reset_domain_tile/fusion/fgra/fgra/pes_5/alu/fadd/fcmaadd/fadd_s1/near_path_mods_0/lza_ab     138.0624     0.0     138.0624      0.0000       0.0000 LZA_74
system/tile_prci_domain/tile_reset_domain_tile/fusion/fgra/fgra/pes_5/alu/fadd/fcmaadd/fadd_s1/near_path_mods_0/lzc_clz      95.4912     0.0      95.4912      0.0000       0.0000 CLZ_75
system/tile_prci_domain/tile_reset_domain_tile/fusion/fgra/fgra/pes_5/alu/fadd/fcmaadd/fadd_s1/near_path_mods_1    1014.4176     0.0     766.7520      0.0000       0.0000 NearPath_72
system/tile_prci_domain/tile_reset_domain_tile/fusion/fgra/fgra/pes_5/alu/fadd/fcmaadd/fadd_s1/near_path_mods_1/lza_ab     147.2352     0.0     147.2352      0.0000       0.0000 LZA_73
system/tile_prci_domain/tile_reset_domain_tile/fusion/fgra/fgra/pes_5/alu/fadd/fcmaadd/fadd_s1/near_path_mods_1/lzc_clz     100.4304     0.0     100.4304      0.0000       0.0000 CLZ_74
system/tile_prci_domain/tile_reset_domain_tile/fusion/fgra/fgra/pes_5/alu/fadd/fcmaadd/fadd_s2    1729.4256     0.0    1251.7344      0.0000       0.0000 FCMA_ADD_s2_36
system/tile_prci_domain/tile_reset_domain_tile/fusion/fgra/fgra/pes_5/alu/fadd/fcmaadd/fadd_s2/far_path_rounder     281.0640     0.0     281.0640      0.0000       0.0000 RoundingUnit_203
system/tile_prci_domain/tile_reset_domain_tile/fusion/fgra/fgra/pes_5/alu/fadd/fcmaadd/fadd_s2/near_path_rounder     196.6272     0.0     196.6272      0.0000       0.0000 RoundingUnit_202
system/tile_prci_domain/tile_reset_domain_tile/fusion/fgra/fgra/pes_5/alu/fcmp     290.4720     0.0     290.4720      0.0000       0.0000 FCMP_86
system/tile_prci_domain/tile_reset_domain_tile/fusion/fgra/fgra/pes_5/alu/fmax     273.5376     0.0     273.5376      0.0000       0.0000 FCMP_84
system/tile_prci_domain/tile_reset_domain_tile/fusion/fgra/fgra/pes_5/alu/fmin     270.0096     0.0     270.0096      0.0000       0.0000 FCMP_85
system/tile_prci_domain/tile_reset_domain_tile/fusion/fgra/fgra/pes_5/alu/fmul    2337.4176     0.1      17.4048    556.2480       0.0000 FMUL_share_28
system/tile_prci_domain/tile_reset_domain_tile/fusion/fgra/fgra/pes_5/alu/fmul/fmul_s1     474.6336     0.0     392.5488      0.0000       0.0000 FMUL_s1_28
system/tile_prci_domain/tile_reset_domain_tile/fusion/fgra/fgra/pes_5/alu/fmul/fmul_s1/lzc_clz      82.0848     0.0      82.0848      0.0000       0.0000 CLZ_2_28
system/tile_prci_domain/tile_reset_domain_tile/fusion/fgra/fgra/pes_5/alu/fmul/fmul_s2    1084.2720     0.0    1084.2720      0.0000       0.0000 FMUL_s2_28
system/tile_prci_domain/tile_reset_domain_tile/fusion/fgra/fgra/pes_5/alu/fmul/fmul_s3     204.8592     0.0     104.1936      0.0000       0.0000 FMUL_s3_28
system/tile_prci_domain/tile_reset_domain_tile/fusion/fgra/fgra/pes_5/alu/fmul/fmul_s3/rounder     100.6656     0.0     100.6656      0.0000       0.0000 RoundingUnit_260
system/tile_prci_domain/tile_reset_domain_tile/fusion/fgra/fgra/pes_5/alu/fp2si     962.2032     0.0       0.0000      0.0000       0.0000 FPToInt_28
system/tile_prci_domain/tile_reset_domain_tile/fusion/fgra/fgra/pes_5/alu/fp2si/s1     107.2512     0.0     107.2512      0.0000       0.0000 FPToInt_s1_28
system/tile_prci_domain/tile_reset_domain_tile/fusion/fgra/fgra/pes_5/alu/fp2si/s2     854.9520     0.0     585.6480      0.0000       0.0000 FPToInt_s2_28
system/tile_prci_domain/tile_reset_domain_tile/fusion/fgra/fgra/pes_5/alu/fp2si/s2/rpath_rounder      22.5792     0.0      22.5792      0.0000       0.0000 RoundingUnit_6_28
system/tile_prci_domain/tile_reset_domain_tile/fusion/fgra/fgra/pes_5/alu/fp2si/s2/shiftRightJam     246.7248     0.0     246.7248      0.0000       0.0000 ShiftRightJam_1_28
system/tile_prci_domain/tile_reset_domain_tile/fusion/fgra/fgra/pes_5/alu/logic_0     226.0272     0.0      10.3488      0.0000       0.0000 LOGIC_28
system/tile_prci_domain/tile_reset_domain_tile/fusion/fgra/fgra/pes_5/alu/logic_0/logicUnit       6.3504     0.0       6.3504      0.0000       0.0000 UnifiedCom_927
system/tile_prci_domain/tile_reset_domain_tile/fusion/fgra/fgra/pes_5/alu/logic_0/logicUnit_1       7.0560     0.0       7.0560      0.0000       0.0000 UnifiedCom_926
system/tile_prci_domain/tile_reset_domain_tile/fusion/fgra/fgra/pes_5/alu/logic_0/logicUnit_10       7.0560     0.0       7.0560      0.0000       0.0000 UnifiedCom_917
system/tile_prci_domain/tile_reset_domain_tile/fusion/fgra/fgra/pes_5/alu/logic_0/logicUnit_11       6.3504     0.0       6.3504      0.0000       0.0000 UnifiedCom_916
system/tile_prci_domain/tile_reset_domain_tile/fusion/fgra/fgra/pes_5/alu/logic_0/logicUnit_12       6.3504     0.0       6.3504      0.0000       0.0000 UnifiedCom_915
system/tile_prci_domain/tile_reset_domain_tile/fusion/fgra/fgra/pes_5/alu/logic_0/logicUnit_13       6.3504     0.0       6.3504      0.0000       0.0000 UnifiedCom_914
system/tile_prci_domain/tile_reset_domain_tile/fusion/fgra/fgra/pes_5/alu/logic_0/logicUnit_14       6.3504     0.0       6.3504      0.0000       0.0000 UnifiedCom_913
system/tile_prci_domain/tile_reset_domain_tile/fusion/fgra/fgra/pes_5/alu/logic_0/logicUnit_15       7.0560     0.0       7.0560      0.0000       0.0000 UnifiedCom_912
system/tile_prci_domain/tile_reset_domain_tile/fusion/fgra/fgra/pes_5/alu/logic_0/logicUnit_16       7.0560     0.0       7.0560      0.0000       0.0000 UnifiedCom_911
system/tile_prci_domain/tile_reset_domain_tile/fusion/fgra/fgra/pes_5/alu/logic_0/logicUnit_17       7.0560     0.0       7.0560      0.0000       0.0000 UnifiedCom_910
system/tile_prci_domain/tile_reset_domain_tile/fusion/fgra/fgra/pes_5/alu/logic_0/logicUnit_18       7.0560     0.0       7.0560      0.0000       0.0000 UnifiedCom_909
system/tile_prci_domain/tile_reset_domain_tile/fusion/fgra/fgra/pes_5/alu/logic_0/logicUnit_19       7.0560     0.0       7.0560      0.0000       0.0000 UnifiedCom_908
system/tile_prci_domain/tile_reset_domain_tile/fusion/fgra/fgra/pes_5/alu/logic_0/logicUnit_2       6.3504     0.0       6.3504      0.0000       0.0000 UnifiedCom_925
system/tile_prci_domain/tile_reset_domain_tile/fusion/fgra/fgra/pes_5/alu/logic_0/logicUnit_20       7.0560     0.0       7.0560      0.0000       0.0000 UnifiedCom_907
system/tile_prci_domain/tile_reset_domain_tile/fusion/fgra/fgra/pes_5/alu/logic_0/logicUnit_21       7.0560     0.0       7.0560      0.0000       0.0000 UnifiedCom_906
system/tile_prci_domain/tile_reset_domain_tile/fusion/fgra/fgra/pes_5/alu/logic_0/logicUnit_22       7.0560     0.0       7.0560      0.0000       0.0000 UnifiedCom_905
system/tile_prci_domain/tile_reset_domain_tile/fusion/fgra/fgra/pes_5/alu/logic_0/logicUnit_23       6.3504     0.0       6.3504      0.0000       0.0000 UnifiedCom_904
system/tile_prci_domain/tile_reset_domain_tile/fusion/fgra/fgra/pes_5/alu/logic_0/logicUnit_24       6.3504     0.0       6.3504      0.0000       0.0000 UnifiedCom_903
system/tile_prci_domain/tile_reset_domain_tile/fusion/fgra/fgra/pes_5/alu/logic_0/logicUnit_25       7.0560     0.0       7.0560      0.0000       0.0000 UnifiedCom_902
system/tile_prci_domain/tile_reset_domain_tile/fusion/fgra/fgra/pes_5/alu/logic_0/logicUnit_26       6.3504     0.0       6.3504      0.0000       0.0000 UnifiedCom_901
system/tile_prci_domain/tile_reset_domain_tile/fusion/fgra/fgra/pes_5/alu/logic_0/logicUnit_27       6.3504     0.0       6.3504      0.0000       0.0000 UnifiedCom_900
system/tile_prci_domain/tile_reset_domain_tile/fusion/fgra/fgra/pes_5/alu/logic_0/logicUnit_28       7.0560     0.0       7.0560      0.0000       0.0000 UnifiedCom_899
system/tile_prci_domain/tile_reset_domain_tile/fusion/fgra/fgra/pes_5/alu/logic_0/logicUnit_29       6.3504     0.0       6.3504      0.0000       0.0000 UnifiedCom_898
system/tile_prci_domain/tile_reset_domain_tile/fusion/fgra/fgra/pes_5/alu/logic_0/logicUnit_3       7.0560     0.0       7.0560      0.0000       0.0000 UnifiedCom_924
system/tile_prci_domain/tile_reset_domain_tile/fusion/fgra/fgra/pes_5/alu/logic_0/logicUnit_30       6.3504     0.0       6.3504      0.0000       0.0000 UnifiedCom_897
system/tile_prci_domain/tile_reset_domain_tile/fusion/fgra/fgra/pes_5/alu/logic_0/logicUnit_31       7.0560     0.0       7.0560      0.0000       0.0000 UnifiedCom_896
system/tile_prci_domain/tile_reset_domain_tile/fusion/fgra/fgra/pes_5/alu/logic_0/logicUnit_4       6.3504     0.0       6.3504      0.0000       0.0000 UnifiedCom_923
system/tile_prci_domain/tile_reset_domain_tile/fusion/fgra/fgra/pes_5/alu/logic_0/logicUnit_5       8.2320     0.0       8.2320      0.0000       0.0000 UnifiedCom_922
system/tile_prci_domain/tile_reset_domain_tile/fusion/fgra/fgra/pes_5/alu/logic_0/logicUnit_6       7.0560     0.0       7.0560      0.0000       0.0000 UnifiedCom_921
system/tile_prci_domain/tile_reset_domain_tile/fusion/fgra/fgra/pes_5/alu/logic_0/logicUnit_7       6.3504     0.0       6.3504      0.0000       0.0000 UnifiedCom_920
system/tile_prci_domain/tile_reset_domain_tile/fusion/fgra/fgra/pes_5/alu/logic_0/logicUnit_8       6.3504     0.0       6.3504      0.0000       0.0000 UnifiedCom_919
system/tile_prci_domain/tile_reset_domain_tile/fusion/fgra/fgra/pes_5/alu/logic_0/logicUnit_9       6.3504     0.0       6.3504      0.0000       0.0000 UnifiedCom_918
system/tile_prci_domain/tile_reset_domain_tile/fusion/fgra/fgra/pes_5/alu/multipler    5920.4545     0.2    5920.4545      0.0000       0.0000 Mul_28
system/tile_prci_domain/tile_reset_domain_tile/fusion/fgra/fgra/pes_5/alu/shift     689.8416     0.0     689.8416      0.0000       0.0000 SHIFT_28
system/tile_prci_domain/tile_reset_domain_tile/fusion/fgra/fgra/pes_5/alu/si2fp     458.8752     0.0       0.0000      0.0000       0.0000 IntToFP_28
system/tile_prci_domain/tile_reset_domain_tile/fusion/fgra/fgra/pes_5/alu/si2fp/post_norm      41.8656     0.0      20.2272      0.0000       0.0000 IntToFP_postnorm_28
system/tile_prci_domain/tile_reset_domain_tile/fusion/fgra/fgra/pes_5/alu/si2fp/post_norm/rounder      21.6384     0.0      21.6384      0.0000       0.0000 RoundingUnit_259
system/tile_prci_domain/tile_reset_domain_tile/fusion/fgra/fgra/pes_5/alu/si2fp/pre_norm     417.0096     0.0     322.6944      0.0000       0.0000 IntToFP_prenorm_28
system/tile_prci_domain/tile_reset_domain_tile/fusion/fgra/fgra/pes_5/alu/si2fp/pre_norm/pos_lzc_clz      94.3152     0.0      94.3152      0.0000       0.0000 CLZ_3_57
system/tile_prci_domain/tile_reset_domain_tile/fusion/fgra/fgra/pes_5/cfg     547.7808     0.0     153.8208    393.9600       0.0000 ConfigMem_12_8
system/tile_prci_domain/tile_reset_domain_tile/fusion/fgra/fgra/pes_5/delayPipeCG    7192.6513     0.2    4323.9169   2868.7344       0.0000 SharedDelayPipe_12_22
system/tile_prci_domain/tile_reset_domain_tile/fusion/fgra/fgra/pes_5/delayPipeFG     173.5776     0.0     112.4256     61.1520       0.0000 SharedDelayPipe_13_8
system/tile_prci_domain/tile_reset_domain_tile/fusion/fgra/fgra/pes_5/dmr     152.1744     0.0       0.0000    152.1744       0.0000 DualModeReg_15
system/tile_prci_domain/tile_reset_domain_tile/fusion/fgra/fgra/pes_5/rf4alu       7.9968     0.0       3.2928      4.7040       0.0000 RF_32
system/tile_prci_domain/tile_reset_domain_tile/fusion/fgra/fgra/pes_6   29400.4707     0.8     302.2320      0.0000       0.0000 GPE_6
system/tile_prci_domain/tile_reset_domain_tile/fusion/fgra/fgra/pes_6/Muxn     253.7808     0.0     253.7808      0.0000       0.0000 Muxn_24_141
system/tile_prci_domain/tile_reset_domain_tile/fusion/fgra/fgra/pes_6/Muxn_1     276.1248     0.0     276.1248      0.0000       0.0000 Muxn_24_140
system/tile_prci_domain/tile_reset_domain_tile/fusion/fgra/fgra/pes_6/Muxn_2      10.1136     0.0      10.1136      0.0000       0.0000 Muxn_91_55
system/tile_prci_domain/tile_reset_domain_tile/fusion/fgra/fgra/pes_6/Muxn_3      10.1136     0.0      10.1136      0.0000       0.0000 Muxn_91_54
system/tile_prci_domain/tile_reset_domain_tile/fusion/fgra/fgra/pes_6/Muxn_4      10.1136     0.0      10.1136      0.0000       0.0000 Muxn_91_53
system/tile_prci_domain/tile_reset_domain_tile/fusion/fgra/fgra/pes_6/alu   18142.1522     0.5     780.3936      0.0000       0.0000 ALU_6_5
system/tile_prci_domain/tile_reset_domain_tile/fusion/fgra/fgra/pes_6/alu/arith     429.0048     0.0     429.0048      0.0000       0.0000 ARITH_27
system/tile_prci_domain/tile_reset_domain_tile/fusion/fgra/fgra/pes_6/alu/fadd    5463.9313     0.2       0.0000      0.0000       0.0000 FADD_35
system/tile_prci_domain/tile_reset_domain_tile/fusion/fgra/fgra/pes_6/alu/fadd/fcmaadd    5463.9313     0.2       2.3520      0.0000       0.0000 FCMA_ADD_35
system/tile_prci_domain/tile_reset_domain_tile/fusion/fgra/fgra/pes_6/alu/fadd/fcmaadd/fadd_s1    3688.6417     0.1     720.8880      0.0000       0.0000 FCMA_ADD_s1_35
system/tile_prci_domain/tile_reset_domain_tile/fusion/fgra/fgra/pes_6/alu/fadd/fcmaadd/fadd_s1/far_path_mods_0     927.1584     0.0     390.4320      0.0000       0.0000 FarPath_35
system/tile_prci_domain/tile_reset_domain_tile/fusion/fgra/fgra/pes_6/alu/fadd/fcmaadd/fadd_s1/far_path_mods_0/shiftRightJam     536.7264     0.0     536.7264      0.0000       0.0000 ShiftRightJam_36
system/tile_prci_domain/tile_reset_domain_tile/fusion/fgra/fgra/pes_6/alu/fadd/fcmaadd/fadd_s1/near_path_mods_0    1025.9424     0.0     758.5200      0.0000       0.0000 NearPath_71
system/tile_prci_domain/tile_reset_domain_tile/fusion/fgra/fgra/pes_6/alu/fadd/fcmaadd/fadd_s1/near_path_mods_0/lza_ab     168.1680     0.0     168.1680      0.0000       0.0000 LZA_72
system/tile_prci_domain/tile_reset_domain_tile/fusion/fgra/fgra/pes_6/alu/fadd/fcmaadd/fadd_s1/near_path_mods_0/lzc_clz      99.2544     0.0      99.2544      0.0000       0.0000 CLZ_73
system/tile_prci_domain/tile_reset_domain_tile/fusion/fgra/fgra/pes_6/alu/fadd/fcmaadd/fadd_s1/near_path_mods_1    1014.6528     0.0     733.8240      0.0000       0.0000 NearPath_70
system/tile_prci_domain/tile_reset_domain_tile/fusion/fgra/fgra/pes_6/alu/fadd/fcmaadd/fadd_s1/near_path_mods_1/lza_ab     174.5184     0.0     174.5184      0.0000       0.0000 LZA_71
system/tile_prci_domain/tile_reset_domain_tile/fusion/fgra/fgra/pes_6/alu/fadd/fcmaadd/fadd_s1/near_path_mods_1/lzc_clz     106.3104     0.0     106.3104      0.0000       0.0000 CLZ_72
system/tile_prci_domain/tile_reset_domain_tile/fusion/fgra/fgra/pes_6/alu/fadd/fcmaadd/fadd_s2    1772.9376     0.1    1295.9520      0.0000       0.0000 FCMA_ADD_s2_35
system/tile_prci_domain/tile_reset_domain_tile/fusion/fgra/fgra/pes_6/alu/fadd/fcmaadd/fadd_s2/far_path_rounder     267.1872     0.0     267.1872      0.0000       0.0000 RoundingUnit_200
system/tile_prci_domain/tile_reset_domain_tile/fusion/fgra/fgra/pes_6/alu/fadd/fcmaadd/fadd_s2/near_path_rounder     209.7984     0.0     209.7984      0.0000       0.0000 RoundingUnit_199
system/tile_prci_domain/tile_reset_domain_tile/fusion/fgra/fgra/pes_6/alu/fmax     274.2432     0.0     274.2432      0.0000       0.0000 FCMP_81
system/tile_prci_domain/tile_reset_domain_tile/fusion/fgra/fgra/pes_6/alu/fmin     274.9488     0.0     274.9488      0.0000       0.0000 FCMP_82
system/tile_prci_domain/tile_reset_domain_tile/fusion/fgra/fgra/pes_6/alu/fmul    2386.1040     0.1      16.6992    555.3072       0.0000 FMUL_share_27
system/tile_prci_domain/tile_reset_domain_tile/fusion/fgra/fgra/pes_6/alu/fmul/fmul_s1     481.4544     0.0     392.7840      0.0000       0.0000 FMUL_s1_27
system/tile_prci_domain/tile_reset_domain_tile/fusion/fgra/fgra/pes_6/alu/fmul/fmul_s1/lzc_clz      88.6704     0.0      88.6704      0.0000       0.0000 CLZ_2_27
system/tile_prci_domain/tile_reset_domain_tile/fusion/fgra/fgra/pes_6/alu/fmul/fmul_s2    1127.7840     0.0    1127.7840      0.0000       0.0000 FMUL_s2_27
system/tile_prci_domain/tile_reset_domain_tile/fusion/fgra/fgra/pes_6/alu/fmul/fmul_s3     204.8592     0.0     104.1936      0.0000       0.0000 FMUL_s3_27
system/tile_prci_domain/tile_reset_domain_tile/fusion/fgra/fgra/pes_6/alu/fmul/fmul_s3/rounder     100.6656     0.0     100.6656      0.0000       0.0000 RoundingUnit_258
system/tile_prci_domain/tile_reset_domain_tile/fusion/fgra/fgra/pes_6/alu/fp2si     955.1472     0.0       0.0000      0.0000       0.0000 FPToInt_27
system/tile_prci_domain/tile_reset_domain_tile/fusion/fgra/fgra/pes_6/alu/fp2si/s1     103.7232     0.0     103.7232      0.0000       0.0000 FPToInt_s1_27
system/tile_prci_domain/tile_reset_domain_tile/fusion/fgra/fgra/pes_6/alu/fp2si/s2     851.4240     0.0     586.1184      0.0000       0.0000 FPToInt_s2_27
system/tile_prci_domain/tile_reset_domain_tile/fusion/fgra/fgra/pes_6/alu/fp2si/s2/rpath_rounder      22.5792     0.0      22.5792      0.0000       0.0000 RoundingUnit_6_27
system/tile_prci_domain/tile_reset_domain_tile/fusion/fgra/fgra/pes_6/alu/fp2si/s2/shiftRightJam     242.7264     0.0     242.7264      0.0000       0.0000 ShiftRightJam_1_27
system/tile_prci_domain/tile_reset_domain_tile/fusion/fgra/fgra/pes_6/alu/logic_0     230.9664     0.0       9.4080      0.0000       0.0000 LOGIC_27
system/tile_prci_domain/tile_reset_domain_tile/fusion/fgra/fgra/pes_6/alu/logic_0/logicUnit       6.3504     0.0       6.3504      0.0000       0.0000 UnifiedCom_895
system/tile_prci_domain/tile_reset_domain_tile/fusion/fgra/fgra/pes_6/alu/logic_0/logicUnit_1       6.3504     0.0       6.3504      0.0000       0.0000 UnifiedCom_894
system/tile_prci_domain/tile_reset_domain_tile/fusion/fgra/fgra/pes_6/alu/logic_0/logicUnit_10       7.0560     0.0       7.0560      0.0000       0.0000 UnifiedCom_885
system/tile_prci_domain/tile_reset_domain_tile/fusion/fgra/fgra/pes_6/alu/logic_0/logicUnit_11       7.0560     0.0       7.0560      0.0000       0.0000 UnifiedCom_884
system/tile_prci_domain/tile_reset_domain_tile/fusion/fgra/fgra/pes_6/alu/logic_0/logicUnit_12       6.3504     0.0       6.3504      0.0000       0.0000 UnifiedCom_883
system/tile_prci_domain/tile_reset_domain_tile/fusion/fgra/fgra/pes_6/alu/logic_0/logicUnit_13       7.0560     0.0       7.0560      0.0000       0.0000 UnifiedCom_882
system/tile_prci_domain/tile_reset_domain_tile/fusion/fgra/fgra/pes_6/alu/logic_0/logicUnit_14       7.0560     0.0       7.0560      0.0000       0.0000 UnifiedCom_881
system/tile_prci_domain/tile_reset_domain_tile/fusion/fgra/fgra/pes_6/alu/logic_0/logicUnit_15       7.0560     0.0       7.0560      0.0000       0.0000 UnifiedCom_880
system/tile_prci_domain/tile_reset_domain_tile/fusion/fgra/fgra/pes_6/alu/logic_0/logicUnit_16       6.3504     0.0       6.3504      0.0000       0.0000 UnifiedCom_879
system/tile_prci_domain/tile_reset_domain_tile/fusion/fgra/fgra/pes_6/alu/logic_0/logicUnit_17       7.0560     0.0       7.0560      0.0000       0.0000 UnifiedCom_878
system/tile_prci_domain/tile_reset_domain_tile/fusion/fgra/fgra/pes_6/alu/logic_0/logicUnit_18       6.3504     0.0       6.3504      0.0000       0.0000 UnifiedCom_877
system/tile_prci_domain/tile_reset_domain_tile/fusion/fgra/fgra/pes_6/alu/logic_0/logicUnit_19       7.0560     0.0       7.0560      0.0000       0.0000 UnifiedCom_876
system/tile_prci_domain/tile_reset_domain_tile/fusion/fgra/fgra/pes_6/alu/logic_0/logicUnit_2       8.7024     0.0       8.7024      0.0000       0.0000 UnifiedCom_893
system/tile_prci_domain/tile_reset_domain_tile/fusion/fgra/fgra/pes_6/alu/logic_0/logicUnit_20       7.0560     0.0       7.0560      0.0000       0.0000 UnifiedCom_875
system/tile_prci_domain/tile_reset_domain_tile/fusion/fgra/fgra/pes_6/alu/logic_0/logicUnit_21       7.0560     0.0       7.0560      0.0000       0.0000 UnifiedCom_874
system/tile_prci_domain/tile_reset_domain_tile/fusion/fgra/fgra/pes_6/alu/logic_0/logicUnit_22       7.0560     0.0       7.0560      0.0000       0.0000 UnifiedCom_873
system/tile_prci_domain/tile_reset_domain_tile/fusion/fgra/fgra/pes_6/alu/logic_0/logicUnit_23       7.0560     0.0       7.0560      0.0000       0.0000 UnifiedCom_872
system/tile_prci_domain/tile_reset_domain_tile/fusion/fgra/fgra/pes_6/alu/logic_0/logicUnit_24       7.0560     0.0       7.0560      0.0000       0.0000 UnifiedCom_871
system/tile_prci_domain/tile_reset_domain_tile/fusion/fgra/fgra/pes_6/alu/logic_0/logicUnit_25       6.3504     0.0       6.3504      0.0000       0.0000 UnifiedCom_870
system/tile_prci_domain/tile_reset_domain_tile/fusion/fgra/fgra/pes_6/alu/logic_0/logicUnit_26       7.0560     0.0       7.0560      0.0000       0.0000 UnifiedCom_869
system/tile_prci_domain/tile_reset_domain_tile/fusion/fgra/fgra/pes_6/alu/logic_0/logicUnit_27       7.0560     0.0       7.0560      0.0000       0.0000 UnifiedCom_868
system/tile_prci_domain/tile_reset_domain_tile/fusion/fgra/fgra/pes_6/alu/logic_0/logicUnit_28       7.0560     0.0       7.0560      0.0000       0.0000 UnifiedCom_867
system/tile_prci_domain/tile_reset_domain_tile/fusion/fgra/fgra/pes_6/alu/logic_0/logicUnit_29       7.0560     0.0       7.0560      0.0000       0.0000 UnifiedCom_866
system/tile_prci_domain/tile_reset_domain_tile/fusion/fgra/fgra/pes_6/alu/logic_0/logicUnit_3       7.5264     0.0       7.5264      0.0000       0.0000 UnifiedCom_892
system/tile_prci_domain/tile_reset_domain_tile/fusion/fgra/fgra/pes_6/alu/logic_0/logicUnit_30       7.0560     0.0       7.0560      0.0000       0.0000 UnifiedCom_865
system/tile_prci_domain/tile_reset_domain_tile/fusion/fgra/fgra/pes_6/alu/logic_0/logicUnit_31       7.0560     0.0       7.0560      0.0000       0.0000 UnifiedCom_864
system/tile_prci_domain/tile_reset_domain_tile/fusion/fgra/fgra/pes_6/alu/logic_0/logicUnit_4       6.3504     0.0       6.3504      0.0000       0.0000 UnifiedCom_891
system/tile_prci_domain/tile_reset_domain_tile/fusion/fgra/fgra/pes_6/alu/logic_0/logicUnit_5       7.0560     0.0       7.0560      0.0000       0.0000 UnifiedCom_890
system/tile_prci_domain/tile_reset_domain_tile/fusion/fgra/fgra/pes_6/alu/logic_0/logicUnit_6       7.0560     0.0       7.0560      0.0000       0.0000 UnifiedCom_889
system/tile_prci_domain/tile_reset_domain_tile/fusion/fgra/fgra/pes_6/alu/logic_0/logicUnit_7       6.3504     0.0       6.3504      0.0000       0.0000 UnifiedCom_888
system/tile_prci_domain/tile_reset_domain_tile/fusion/fgra/fgra/pes_6/alu/logic_0/logicUnit_8       6.3504     0.0       6.3504      0.0000       0.0000 UnifiedCom_887
system/tile_prci_domain/tile_reset_domain_tile/fusion/fgra/fgra/pes_6/alu/logic_0/logicUnit_9       7.0560     0.0       7.0560      0.0000       0.0000 UnifiedCom_886
system/tile_prci_domain/tile_reset_domain_tile/fusion/fgra/fgra/pes_6/alu/multipler    6175.1761     0.2    6175.1761      0.0000       0.0000 Mul_27
system/tile_prci_domain/tile_reset_domain_tile/fusion/fgra/fgra/pes_6/alu/shift     690.0768     0.0     690.0768      0.0000       0.0000 SHIFT_27
system/tile_prci_domain/tile_reset_domain_tile/fusion/fgra/fgra/pes_6/alu/si2fp     482.1600     0.0       0.0000      0.0000       0.0000 IntToFP_27
system/tile_prci_domain/tile_reset_domain_tile/fusion/fgra/fgra/pes_6/alu/si2fp/post_norm      41.8656     0.0      20.2272      0.0000       0.0000 IntToFP_postnorm_27
system/tile_prci_domain/tile_reset_domain_tile/fusion/fgra/fgra/pes_6/alu/si2fp/post_norm/rounder      21.6384     0.0      21.6384      0.0000       0.0000 RoundingUnit_257
system/tile_prci_domain/tile_reset_domain_tile/fusion/fgra/fgra/pes_6/alu/si2fp/pre_norm     440.2944     0.0     341.2752      0.0000       0.0000 IntToFP_prenorm_27
system/tile_prci_domain/tile_reset_domain_tile/fusion/fgra/fgra/pes_6/alu/si2fp/pre_norm/pos_lzc_clz      99.0192     0.0      99.0192      0.0000       0.0000 CLZ_3_55
system/tile_prci_domain/tile_reset_domain_tile/fusion/fgra/fgra/pes_6/cfg    1338.2880     0.0     459.1104    879.1776       0.0000 ConfigMem_24_5
system/tile_prci_domain/tile_reset_domain_tile/fusion/fgra/fgra/pes_6/delayPipeCG    7114.0945     0.2    4250.2993   2863.7952       0.0000 SharedDelayPipe_12_20
system/tile_prci_domain/tile_reset_domain_tile/fusion/fgra/fgra/pes_6/delayPipeFG     538.6080     0.0     430.4160    108.1920       0.0000 SharedDelayPipe_31_11
system/tile_prci_domain/tile_reset_domain_tile/fusion/fgra/fgra/pes_6/dmr    1382.2704     0.0       0.0000      0.0000       0.0000 DualModeReg_6_5
system/tile_prci_domain/tile_reset_domain_tile/fusion/fgra/fgra/pes_6/dmr/acr    1382.2704     0.0     849.3072    532.9632       0.0000 CtrlReg_5
system/tile_prci_domain/tile_reset_domain_tile/fusion/fgra/fgra/pes_6/lut       5.8800     0.0       5.8800      0.0000       0.0000 LUT_11
system/tile_prci_domain/tile_reset_domain_tile/fusion/fgra/fgra/pes_6/rf4alu       8.2320     0.0       3.5280      4.7040       0.0000 RF_31
system/tile_prci_domain/tile_reset_domain_tile/fusion/fgra/fgra/pes_6/rf4lut       8.4672     0.0       3.7632      4.7040       0.0000 RF_30
system/tile_prci_domain/tile_reset_domain_tile/fusion/fgra/fgra/pes_7   29227.5987     0.8     281.0640      0.0000       0.0000 GPE_7
system/tile_prci_domain/tile_reset_domain_tile/fusion/fgra/fgra/pes_7/Muxn     257.3088     0.0     257.3088      0.0000       0.0000 Muxn_24_139
system/tile_prci_domain/tile_reset_domain_tile/fusion/fgra/fgra/pes_7/Muxn_1     298.4688     0.0     298.4688      0.0000       0.0000 Muxn_24_138
system/tile_prci_domain/tile_reset_domain_tile/fusion/fgra/fgra/pes_7/Muxn_2      10.1136     0.0      10.1136      0.0000       0.0000 Muxn_91_52
system/tile_prci_domain/tile_reset_domain_tile/fusion/fgra/fgra/pes_7/Muxn_3      10.1136     0.0      10.1136      0.0000       0.0000 Muxn_91_51
system/tile_prci_domain/tile_reset_domain_tile/fusion/fgra/fgra/pes_7/Muxn_4      10.1136     0.0      10.1136      0.0000       0.0000 Muxn_91_50
system/tile_prci_domain/tile_reset_domain_tile/fusion/fgra/fgra/pes_7/alu   17992.8002     0.5     764.4000      0.0000       0.0000 ALU_6_4
system/tile_prci_domain/tile_reset_domain_tile/fusion/fgra/fgra/pes_7/alu/arith     429.4752     0.0     429.4752      0.0000       0.0000 ARITH_26
system/tile_prci_domain/tile_reset_domain_tile/fusion/fgra/fgra/pes_7/alu/fadd    5515.2049     0.2       0.0000      0.0000       0.0000 FADD_34
system/tile_prci_domain/tile_reset_domain_tile/fusion/fgra/fgra/pes_7/alu/fadd/fcmaadd    5515.2049     0.2       2.3520      0.0000       0.0000 FCMA_ADD_34
system/tile_prci_domain/tile_reset_domain_tile/fusion/fgra/fgra/pes_7/alu/fadd/fcmaadd/fadd_s1    3715.4544     0.1     712.1856      0.0000       0.0000 FCMA_ADD_s1_34
system/tile_prci_domain/tile_reset_domain_tile/fusion/fgra/fgra/pes_7/alu/fadd/fcmaadd/fadd_s1/far_path_mods_0     933.5088     0.0     410.8944      0.0000       0.0000 FarPath_34
system/tile_prci_domain/tile_reset_domain_tile/fusion/fgra/fgra/pes_7/alu/fadd/fcmaadd/fadd_s1/far_path_mods_0/shiftRightJam     522.6144     0.0     522.6144      0.0000       0.0000 ShiftRightJam_35
system/tile_prci_domain/tile_reset_domain_tile/fusion/fgra/fgra/pes_7/alu/fadd/fcmaadd/fadd_s1/near_path_mods_0    1040.0544     0.0     758.7552      0.0000       0.0000 NearPath_69
system/tile_prci_domain/tile_reset_domain_tile/fusion/fgra/fgra/pes_7/alu/fadd/fcmaadd/fadd_s1/near_path_mods_0/lza_ab     173.3424     0.0     173.3424      0.0000       0.0000 LZA_70
system/tile_prci_domain/tile_reset_domain_tile/fusion/fgra/fgra/pes_7/alu/fadd/fcmaadd/fadd_s1/near_path_mods_0/lzc_clz     107.9568     0.0     107.9568      0.0000       0.0000 CLZ_71
system/tile_prci_domain/tile_reset_domain_tile/fusion/fgra/fgra/pes_7/alu/fadd/fcmaadd/fadd_s1/near_path_mods_1    1029.7056     0.0     754.7568      0.0000       0.0000 NearPath_68
system/tile_prci_domain/tile_reset_domain_tile/fusion/fgra/fgra/pes_7/alu/fadd/fcmaadd/fadd_s1/near_path_mods_1/lza_ab     162.5232     0.0     162.5232      0.0000       0.0000 LZA_69
system/tile_prci_domain/tile_reset_domain_tile/fusion/fgra/fgra/pes_7/alu/fadd/fcmaadd/fadd_s1/near_path_mods_1/lzc_clz     112.4256     0.0     112.4256      0.0000       0.0000 CLZ_70
system/tile_prci_domain/tile_reset_domain_tile/fusion/fgra/fgra/pes_7/alu/fadd/fcmaadd/fadd_s2    1797.3984     0.1    1315.0032      0.0000       0.0000 FCMA_ADD_s2_34
system/tile_prci_domain/tile_reset_domain_tile/fusion/fgra/fgra/pes_7/alu/fadd/fcmaadd/fadd_s2/far_path_rounder     274.2432     0.0     274.2432      0.0000       0.0000 RoundingUnit_197
system/tile_prci_domain/tile_reset_domain_tile/fusion/fgra/fgra/pes_7/alu/fadd/fcmaadd/fadd_s2/near_path_rounder     208.1520     0.0     208.1520      0.0000       0.0000 RoundingUnit_196
system/tile_prci_domain/tile_reset_domain_tile/fusion/fgra/fgra/pes_7/alu/fmax     274.2432     0.0     274.2432      0.0000       0.0000 FCMP_78
system/tile_prci_domain/tile_reset_domain_tile/fusion/fgra/fgra/pes_7/alu/fmin     274.7136     0.0     274.7136      0.0000       0.0000 FCMP_79
system/tile_prci_domain/tile_reset_domain_tile/fusion/fgra/fgra/pes_7/alu/fmul    2254.8624     0.1      11.9952    555.5424       0.0000 FMUL_share_26
system/tile_prci_domain/tile_reset_domain_tile/fusion/fgra/fgra/pes_7/alu/fmul/fmul_s1     409.4832     0.0     332.1024      0.0000       0.0000 FMUL_s1_26
system/tile_prci_domain/tile_reset_domain_tile/fusion/fgra/fgra/pes_7/alu/fmul/fmul_s1/lzc_clz      77.3808     0.0      77.3808      0.0000       0.0000 CLZ_2_26
system/tile_prci_domain/tile_reset_domain_tile/fusion/fgra/fgra/pes_7/alu/fmul/fmul_s2    1072.9824     0.0    1072.9824      0.0000       0.0000 FMUL_s2_26
system/tile_prci_domain/tile_reset_domain_tile/fusion/fgra/fgra/pes_7/alu/fmul/fmul_s3     204.8592     0.0     104.1936      0.0000       0.0000 FMUL_s3_26
system/tile_prci_domain/tile_reset_domain_tile/fusion/fgra/fgra/pes_7/alu/fmul/fmul_s3/rounder     100.6656     0.0     100.6656      0.0000       0.0000 RoundingUnit_256
system/tile_prci_domain/tile_reset_domain_tile/fusion/fgra/fgra/pes_7/alu/fp2si     950.9136     0.0       0.0000      0.0000       0.0000 FPToInt_26
system/tile_prci_domain/tile_reset_domain_tile/fusion/fgra/fgra/pes_7/alu/fp2si/s1     106.5456     0.0     106.5456      0.0000       0.0000 FPToInt_s1_26
system/tile_prci_domain/tile_reset_domain_tile/fusion/fgra/fgra/pes_7/alu/fp2si/s2     844.3680     0.0     580.9440      0.0000       0.0000 FPToInt_s2_26
system/tile_prci_domain/tile_reset_domain_tile/fusion/fgra/fgra/pes_7/alu/fp2si/s2/rpath_rounder      22.5792     0.0      22.5792      0.0000       0.0000 RoundingUnit_6_26
system/tile_prci_domain/tile_reset_domain_tile/fusion/fgra/fgra/pes_7/alu/fp2si/s2/shiftRightJam     240.8448     0.0     240.8448      0.0000       0.0000 ShiftRightJam_1_26
system/tile_prci_domain/tile_reset_domain_tile/fusion/fgra/fgra/pes_7/alu/logic_0     229.5552     0.0       9.4080      0.0000       0.0000 LOGIC_26
system/tile_prci_domain/tile_reset_domain_tile/fusion/fgra/fgra/pes_7/alu/logic_0/logicUnit       6.3504     0.0       6.3504      0.0000       0.0000 UnifiedCom_863
system/tile_prci_domain/tile_reset_domain_tile/fusion/fgra/fgra/pes_7/alu/logic_0/logicUnit_1       6.3504     0.0       6.3504      0.0000       0.0000 UnifiedCom_862
system/tile_prci_domain/tile_reset_domain_tile/fusion/fgra/fgra/pes_7/alu/logic_0/logicUnit_10       7.0560     0.0       7.0560      0.0000       0.0000 UnifiedCom_853
system/tile_prci_domain/tile_reset_domain_tile/fusion/fgra/fgra/pes_7/alu/logic_0/logicUnit_11       7.0560     0.0       7.0560      0.0000       0.0000 UnifiedCom_852
system/tile_prci_domain/tile_reset_domain_tile/fusion/fgra/fgra/pes_7/alu/logic_0/logicUnit_12       6.3504     0.0       6.3504      0.0000       0.0000 UnifiedCom_851
system/tile_prci_domain/tile_reset_domain_tile/fusion/fgra/fgra/pes_7/alu/logic_0/logicUnit_13       7.0560     0.0       7.0560      0.0000       0.0000 UnifiedCom_850
system/tile_prci_domain/tile_reset_domain_tile/fusion/fgra/fgra/pes_7/alu/logic_0/logicUnit_14       7.0560     0.0       7.0560      0.0000       0.0000 UnifiedCom_849
system/tile_prci_domain/tile_reset_domain_tile/fusion/fgra/fgra/pes_7/alu/logic_0/logicUnit_15       7.0560     0.0       7.0560      0.0000       0.0000 UnifiedCom_848
system/tile_prci_domain/tile_reset_domain_tile/fusion/fgra/fgra/pes_7/alu/logic_0/logicUnit_16       6.3504     0.0       6.3504      0.0000       0.0000 UnifiedCom_847
system/tile_prci_domain/tile_reset_domain_tile/fusion/fgra/fgra/pes_7/alu/logic_0/logicUnit_17       7.0560     0.0       7.0560      0.0000       0.0000 UnifiedCom_846
system/tile_prci_domain/tile_reset_domain_tile/fusion/fgra/fgra/pes_7/alu/logic_0/logicUnit_18       7.0560     0.0       7.0560      0.0000       0.0000 UnifiedCom_845
system/tile_prci_domain/tile_reset_domain_tile/fusion/fgra/fgra/pes_7/alu/logic_0/logicUnit_19       6.3504     0.0       6.3504      0.0000       0.0000 UnifiedCom_844
system/tile_prci_domain/tile_reset_domain_tile/fusion/fgra/fgra/pes_7/alu/logic_0/logicUnit_2       6.3504     0.0       6.3504      0.0000       0.0000 UnifiedCom_861
system/tile_prci_domain/tile_reset_domain_tile/fusion/fgra/fgra/pes_7/alu/logic_0/logicUnit_20       6.3504     0.0       6.3504      0.0000       0.0000 UnifiedCom_843
system/tile_prci_domain/tile_reset_domain_tile/fusion/fgra/fgra/pes_7/alu/logic_0/logicUnit_21       7.0560     0.0       7.0560      0.0000       0.0000 UnifiedCom_842
system/tile_prci_domain/tile_reset_domain_tile/fusion/fgra/fgra/pes_7/alu/logic_0/logicUnit_22       6.3504     0.0       6.3504      0.0000       0.0000 UnifiedCom_841
system/tile_prci_domain/tile_reset_domain_tile/fusion/fgra/fgra/pes_7/alu/logic_0/logicUnit_23       7.0560     0.0       7.0560      0.0000       0.0000 UnifiedCom_840
system/tile_prci_domain/tile_reset_domain_tile/fusion/fgra/fgra/pes_7/alu/logic_0/logicUnit_24       7.0560     0.0       7.0560      0.0000       0.0000 UnifiedCom_839
system/tile_prci_domain/tile_reset_domain_tile/fusion/fgra/fgra/pes_7/alu/logic_0/logicUnit_25       6.3504     0.0       6.3504      0.0000       0.0000 UnifiedCom_838
system/tile_prci_domain/tile_reset_domain_tile/fusion/fgra/fgra/pes_7/alu/logic_0/logicUnit_26       7.0560     0.0       7.0560      0.0000       0.0000 UnifiedCom_837
system/tile_prci_domain/tile_reset_domain_tile/fusion/fgra/fgra/pes_7/alu/logic_0/logicUnit_27       7.0560     0.0       7.0560      0.0000       0.0000 UnifiedCom_836
system/tile_prci_domain/tile_reset_domain_tile/fusion/fgra/fgra/pes_7/alu/logic_0/logicUnit_28       7.0560     0.0       7.0560      0.0000       0.0000 UnifiedCom_835
system/tile_prci_domain/tile_reset_domain_tile/fusion/fgra/fgra/pes_7/alu/logic_0/logicUnit_29       7.0560     0.0       7.0560      0.0000       0.0000 UnifiedCom_834
system/tile_prci_domain/tile_reset_domain_tile/fusion/fgra/fgra/pes_7/alu/logic_0/logicUnit_3       8.7024     0.0       8.7024      0.0000       0.0000 UnifiedCom_860
system/tile_prci_domain/tile_reset_domain_tile/fusion/fgra/fgra/pes_7/alu/logic_0/logicUnit_30       7.0560     0.0       7.0560      0.0000       0.0000 UnifiedCom_833
system/tile_prci_domain/tile_reset_domain_tile/fusion/fgra/fgra/pes_7/alu/logic_0/logicUnit_31       7.0560     0.0       7.0560      0.0000       0.0000 UnifiedCom_832
system/tile_prci_domain/tile_reset_domain_tile/fusion/fgra/fgra/pes_7/alu/logic_0/logicUnit_4       7.0560     0.0       7.0560      0.0000       0.0000 UnifiedCom_859
system/tile_prci_domain/tile_reset_domain_tile/fusion/fgra/fgra/pes_7/alu/logic_0/logicUnit_5       7.0560     0.0       7.0560      0.0000       0.0000 UnifiedCom_858
system/tile_prci_domain/tile_reset_domain_tile/fusion/fgra/fgra/pes_7/alu/logic_0/logicUnit_6       6.3504     0.0       6.3504      0.0000       0.0000 UnifiedCom_857
system/tile_prci_domain/tile_reset_domain_tile/fusion/fgra/fgra/pes_7/alu/logic_0/logicUnit_7       7.0560     0.0       7.0560      0.0000       0.0000 UnifiedCom_856
system/tile_prci_domain/tile_reset_domain_tile/fusion/fgra/fgra/pes_7/alu/logic_0/logicUnit_8       7.5264     0.0       7.5264      0.0000       0.0000 UnifiedCom_855
system/tile_prci_domain/tile_reset_domain_tile/fusion/fgra/fgra/pes_7/alu/logic_0/logicUnit_9       6.3504     0.0       6.3504      0.0000       0.0000 UnifiedCom_854
system/tile_prci_domain/tile_reset_domain_tile/fusion/fgra/fgra/pes_7/alu/multipler    6134.0161     0.2    6134.0161      0.0000       0.0000 Mul_26
system/tile_prci_domain/tile_reset_domain_tile/fusion/fgra/fgra/pes_7/alu/shift     689.8416     0.0     689.8416      0.0000       0.0000 SHIFT_26
system/tile_prci_domain/tile_reset_domain_tile/fusion/fgra/fgra/pes_7/alu/si2fp     475.5744     0.0       0.0000      0.0000       0.0000 IntToFP_26
system/tile_prci_domain/tile_reset_domain_tile/fusion/fgra/fgra/pes_7/alu/si2fp/post_norm      41.8656     0.0      20.2272      0.0000       0.0000 IntToFP_postnorm_26
system/tile_prci_domain/tile_reset_domain_tile/fusion/fgra/fgra/pes_7/alu/si2fp/post_norm/rounder      21.6384     0.0      21.6384      0.0000       0.0000 RoundingUnit_255
system/tile_prci_domain/tile_reset_domain_tile/fusion/fgra/fgra/pes_7/alu/si2fp/pre_norm     433.7088     0.0     342.2160      0.0000       0.0000 IntToFP_prenorm_26
system/tile_prci_domain/tile_reset_domain_tile/fusion/fgra/fgra/pes_7/alu/si2fp/pre_norm/pos_lzc_clz      91.4928     0.0      91.4928      0.0000       0.0000 CLZ_3_53
system/tile_prci_domain/tile_reset_domain_tile/fusion/fgra/fgra/pes_7/cfg    1345.3440     0.0     458.4048    886.9392       0.0000 ConfigMem_24_4
system/tile_prci_domain/tile_reset_domain_tile/fusion/fgra/fgra/pes_7/delayPipeCG    7080.2257     0.2    4211.4913   2868.7344       0.0000 SharedDelayPipe_12_19
system/tile_prci_domain/tile_reset_domain_tile/fusion/fgra/fgra/pes_7/delayPipeFG     538.6080     0.0     430.4160    108.1920       0.0000 SharedDelayPipe_31_10
system/tile_prci_domain/tile_reset_domain_tile/fusion/fgra/fgra/pes_7/dmr    1380.3888     0.0       0.0000      0.0000       0.0000 DualModeReg_6_4
system/tile_prci_domain/tile_reset_domain_tile/fusion/fgra/fgra/pes_7/dmr/acr    1380.3888     0.0     840.3696    540.0192       0.0000 CtrlReg_4
system/tile_prci_domain/tile_reset_domain_tile/fusion/fgra/fgra/pes_7/lut       5.8800     0.0       5.8800      0.0000       0.0000 LUT_10
system/tile_prci_domain/tile_reset_domain_tile/fusion/fgra/fgra/pes_7/rf4alu       8.7024     0.0       3.9984      4.7040       0.0000 RF_29
system/tile_prci_domain/tile_reset_domain_tile/fusion/fgra/fgra/pes_7/rf4lut       8.4672     0.0       3.7632      4.7040       0.0000 RF_28
system/tile_prci_domain/tile_reset_domain_tile/fusion/fgra/fgra/pes_8   29498.7843     0.8     269.3040      0.0000       0.0000 GPE_8
system/tile_prci_domain/tile_reset_domain_tile/fusion/fgra/fgra/pes_8/Muxn     266.9520     0.0     266.9520      0.0000       0.0000 Muxn_24_137
system/tile_prci_domain/tile_reset_domain_tile/fusion/fgra/fgra/pes_8/Muxn_1     264.6000     0.0     264.6000      0.0000       0.0000 Muxn_24_136
system/tile_prci_domain/tile_reset_domain_tile/fusion/fgra/fgra/pes_8/Muxn_2      10.1136     0.0      10.1136      0.0000       0.0000 Muxn_91_49
system/tile_prci_domain/tile_reset_domain_tile/fusion/fgra/fgra/pes_8/Muxn_3      10.1136     0.0      10.1136      0.0000       0.0000 Muxn_91_48
system/tile_prci_domain/tile_reset_domain_tile/fusion/fgra/fgra/pes_8/Muxn_4      10.1136     0.0      10.1136      0.0000       0.0000 Muxn_91_47
system/tile_prci_domain/tile_reset_domain_tile/fusion/fgra/fgra/pes_8/alu   18262.1042     0.5     759.6960      0.0000       0.0000 ALU_6_3
system/tile_prci_domain/tile_reset_domain_tile/fusion/fgra/fgra/pes_8/alu/arith     433.4736     0.0     433.4736      0.0000       0.0000 ARITH_25
system/tile_prci_domain/tile_reset_domain_tile/fusion/fgra/fgra/pes_8/alu/fadd    5559.6577     0.2       0.9408      0.0000       0.0000 FADD_33
system/tile_prci_domain/tile_reset_domain_tile/fusion/fgra/fgra/pes_8/alu/fadd/fcmaadd    5558.7169     0.2       2.5872      0.0000       0.0000 FCMA_ADD_33
system/tile_prci_domain/tile_reset_domain_tile/fusion/fgra/fgra/pes_8/alu/fadd/fcmaadd/fadd_s1    3737.0929     0.1     691.7232      0.0000       0.0000 FCMA_ADD_s1_33
system/tile_prci_domain/tile_reset_domain_tile/fusion/fgra/fgra/pes_8/alu/fadd/fcmaadd/fadd_s1/far_path_mods_0     896.8176     0.0     387.8448      0.0000       0.0000 FarPath_33
system/tile_prci_domain/tile_reset_domain_tile/fusion/fgra/fgra/pes_8/alu/fadd/fcmaadd/fadd_s1/far_path_mods_0/shiftRightJam     508.9728     0.0     508.9728      0.0000       0.0000 ShiftRightJam_34
system/tile_prci_domain/tile_reset_domain_tile/fusion/fgra/fgra/pes_8/alu/fadd/fcmaadd/fadd_s1/near_path_mods_0    1068.7488     0.0     772.3968      0.0000       0.0000 NearPath_67
system/tile_prci_domain/tile_reset_domain_tile/fusion/fgra/fgra/pes_8/alu/fadd/fcmaadd/fadd_s1/near_path_mods_0/lza_ab     182.0448     0.0     182.0448      0.0000       0.0000 LZA_68
system/tile_prci_domain/tile_reset_domain_tile/fusion/fgra/fgra/pes_8/alu/fadd/fcmaadd/fadd_s1/near_path_mods_0/lzc_clz     114.3072     0.0     114.3072      0.0000       0.0000 CLZ_69
system/tile_prci_domain/tile_reset_domain_tile/fusion/fgra/fgra/pes_8/alu/fadd/fcmaadd/fadd_s1/near_path_mods_1    1079.8032     0.0     775.9248      0.0000       0.0000 NearPath_66
system/tile_prci_domain/tile_reset_domain_tile/fusion/fgra/fgra/pes_8/alu/fadd/fcmaadd/fadd_s1/near_path_mods_1/lza_ab     188.3952     0.0     188.3952      0.0000       0.0000 LZA_67
system/tile_prci_domain/tile_reset_domain_tile/fusion/fgra/fgra/pes_8/alu/fadd/fcmaadd/fadd_s1/near_path_mods_1/lzc_clz     115.4832     0.0     115.4832      0.0000       0.0000 CLZ_68
system/tile_prci_domain/tile_reset_domain_tile/fusion/fgra/fgra/pes_8/alu/fadd/fcmaadd/fadd_s2    1819.0368     0.1    1319.7072      0.0000       0.0000 FCMA_ADD_s2_33
system/tile_prci_domain/tile_reset_domain_tile/fusion/fgra/fgra/pes_8/alu/fadd/fcmaadd/fadd_s2/far_path_rounder     282.7104     0.0     282.7104      0.0000       0.0000 RoundingUnit_194
system/tile_prci_domain/tile_reset_domain_tile/fusion/fgra/fgra/pes_8/alu/fadd/fcmaadd/fadd_s2/near_path_rounder     216.6192     0.0     216.6192      0.0000       0.0000 RoundingUnit_193
system/tile_prci_domain/tile_reset_domain_tile/fusion/fgra/fgra/pes_8/alu/fmax     274.0080     0.0     274.0080      0.0000       0.0000 FCMP_75
system/tile_prci_domain/tile_reset_domain_tile/fusion/fgra/fgra/pes_8/alu/fmin     274.7136     0.0     274.7136      0.0000       0.0000 FCMP_76
system/tile_prci_domain/tile_reset_domain_tile/fusion/fgra/fgra/pes_8/alu/fmul    2418.7968     0.1      22.3440    556.2480       0.0000 FMUL_share_25
system/tile_prci_domain/tile_reset_domain_tile/fusion/fgra/fgra/pes_8/alu/fmul/fmul_s1     470.4000     0.0     393.2544      0.0000       0.0000 FMUL_s1_25
system/tile_prci_domain/tile_reset_domain_tile/fusion/fgra/fgra/pes_8/alu/fmul/fmul_s1/lzc_clz      77.1456     0.0      77.1456      0.0000       0.0000 CLZ_2_25
system/tile_prci_domain/tile_reset_domain_tile/fusion/fgra/fgra/pes_8/alu/fmul/fmul_s2    1164.9456     0.0    1164.9456      0.0000       0.0000 FMUL_s2_25
system/tile_prci_domain/tile_reset_domain_tile/fusion/fgra/fgra/pes_8/alu/fmul/fmul_s3     204.8592     0.0     104.1936      0.0000       0.0000 FMUL_s3_25
system/tile_prci_domain/tile_reset_domain_tile/fusion/fgra/fgra/pes_8/alu/fmul/fmul_s3/rounder     100.6656     0.0     100.6656      0.0000       0.0000 RoundingUnit_254
system/tile_prci_domain/tile_reset_domain_tile/fusion/fgra/fgra/pes_8/alu/fp2si     954.2064     0.0       0.0000      0.0000       0.0000 FPToInt_25
system/tile_prci_domain/tile_reset_domain_tile/fusion/fgra/fgra/pes_8/alu/fp2si/s1     104.6640     0.0     104.6640      0.0000       0.0000 FPToInt_s1_25
system/tile_prci_domain/tile_reset_domain_tile/fusion/fgra/fgra/pes_8/alu/fp2si/s2     849.5424     0.0     583.0608      0.0000       0.0000 FPToInt_s2_25
system/tile_prci_domain/tile_reset_domain_tile/fusion/fgra/fgra/pes_8/alu/fp2si/s2/rpath_rounder      22.5792     0.0      22.5792      0.0000       0.0000 RoundingUnit_6_25
system/tile_prci_domain/tile_reset_domain_tile/fusion/fgra/fgra/pes_8/alu/fp2si/s2/shiftRightJam     243.9024     0.0     243.9024      0.0000       0.0000 ShiftRightJam_1_25
system/tile_prci_domain/tile_reset_domain_tile/fusion/fgra/fgra/pes_8/alu/logic_0     226.2624     0.0      10.3488      0.0000       0.0000 LOGIC_25
system/tile_prci_domain/tile_reset_domain_tile/fusion/fgra/fgra/pes_8/alu/logic_0/logicUnit       6.3504     0.0       6.3504      0.0000       0.0000 UnifiedCom_831
system/tile_prci_domain/tile_reset_domain_tile/fusion/fgra/fgra/pes_8/alu/logic_0/logicUnit_1       6.3504     0.0       6.3504      0.0000       0.0000 UnifiedCom_830
system/tile_prci_domain/tile_reset_domain_tile/fusion/fgra/fgra/pes_8/alu/logic_0/logicUnit_10       7.0560     0.0       7.0560      0.0000       0.0000 UnifiedCom_821
system/tile_prci_domain/tile_reset_domain_tile/fusion/fgra/fgra/pes_8/alu/logic_0/logicUnit_11       7.0560     0.0       7.0560      0.0000       0.0000 UnifiedCom_820
system/tile_prci_domain/tile_reset_domain_tile/fusion/fgra/fgra/pes_8/alu/logic_0/logicUnit_12       6.3504     0.0       6.3504      0.0000       0.0000 UnifiedCom_819
system/tile_prci_domain/tile_reset_domain_tile/fusion/fgra/fgra/pes_8/alu/logic_0/logicUnit_13       7.0560     0.0       7.0560      0.0000       0.0000 UnifiedCom_818
system/tile_prci_domain/tile_reset_domain_tile/fusion/fgra/fgra/pes_8/alu/logic_0/logicUnit_14       7.0560     0.0       7.0560      0.0000       0.0000 UnifiedCom_817
system/tile_prci_domain/tile_reset_domain_tile/fusion/fgra/fgra/pes_8/alu/logic_0/logicUnit_15       7.0560     0.0       7.0560      0.0000       0.0000 UnifiedCom_816
system/tile_prci_domain/tile_reset_domain_tile/fusion/fgra/fgra/pes_8/alu/logic_0/logicUnit_16       6.3504     0.0       6.3504      0.0000       0.0000 UnifiedCom_815
system/tile_prci_domain/tile_reset_domain_tile/fusion/fgra/fgra/pes_8/alu/logic_0/logicUnit_17       6.3504     0.0       6.3504      0.0000       0.0000 UnifiedCom_814
system/tile_prci_domain/tile_reset_domain_tile/fusion/fgra/fgra/pes_8/alu/logic_0/logicUnit_18       6.3504     0.0       6.3504      0.0000       0.0000 UnifiedCom_813
system/tile_prci_domain/tile_reset_domain_tile/fusion/fgra/fgra/pes_8/alu/logic_0/logicUnit_19       6.3504     0.0       6.3504      0.0000       0.0000 UnifiedCom_812
system/tile_prci_domain/tile_reset_domain_tile/fusion/fgra/fgra/pes_8/alu/logic_0/logicUnit_2       6.3504     0.0       6.3504      0.0000       0.0000 UnifiedCom_829
system/tile_prci_domain/tile_reset_domain_tile/fusion/fgra/fgra/pes_8/alu/logic_0/logicUnit_20       6.3504     0.0       6.3504      0.0000       0.0000 UnifiedCom_811
system/tile_prci_domain/tile_reset_domain_tile/fusion/fgra/fgra/pes_8/alu/logic_0/logicUnit_21       6.3504     0.0       6.3504      0.0000       0.0000 UnifiedCom_810
system/tile_prci_domain/tile_reset_domain_tile/fusion/fgra/fgra/pes_8/alu/logic_0/logicUnit_22       6.3504     0.0       6.3504      0.0000       0.0000 UnifiedCom_809
system/tile_prci_domain/tile_reset_domain_tile/fusion/fgra/fgra/pes_8/alu/logic_0/logicUnit_23       7.0560     0.0       7.0560      0.0000       0.0000 UnifiedCom_808
system/tile_prci_domain/tile_reset_domain_tile/fusion/fgra/fgra/pes_8/alu/logic_0/logicUnit_24       7.0560     0.0       7.0560      0.0000       0.0000 UnifiedCom_807
system/tile_prci_domain/tile_reset_domain_tile/fusion/fgra/fgra/pes_8/alu/logic_0/logicUnit_25       6.3504     0.0       6.3504      0.0000       0.0000 UnifiedCom_806
system/tile_prci_domain/tile_reset_domain_tile/fusion/fgra/fgra/pes_8/alu/logic_0/logicUnit_26       7.0560     0.0       7.0560      0.0000       0.0000 UnifiedCom_805
system/tile_prci_domain/tile_reset_domain_tile/fusion/fgra/fgra/pes_8/alu/logic_0/logicUnit_27       7.0560     0.0       7.0560      0.0000       0.0000 UnifiedCom_804
system/tile_prci_domain/tile_reset_domain_tile/fusion/fgra/fgra/pes_8/alu/logic_0/logicUnit_28       7.0560     0.0       7.0560      0.0000       0.0000 UnifiedCom_803
system/tile_prci_domain/tile_reset_domain_tile/fusion/fgra/fgra/pes_8/alu/logic_0/logicUnit_29       7.0560     0.0       7.0560      0.0000       0.0000 UnifiedCom_802
system/tile_prci_domain/tile_reset_domain_tile/fusion/fgra/fgra/pes_8/alu/logic_0/logicUnit_3       6.3504     0.0       6.3504      0.0000       0.0000 UnifiedCom_828
system/tile_prci_domain/tile_reset_domain_tile/fusion/fgra/fgra/pes_8/alu/logic_0/logicUnit_30       7.0560     0.0       7.0560      0.0000       0.0000 UnifiedCom_801
system/tile_prci_domain/tile_reset_domain_tile/fusion/fgra/fgra/pes_8/alu/logic_0/logicUnit_31       7.0560     0.0       7.0560      0.0000       0.0000 UnifiedCom_800
system/tile_prci_domain/tile_reset_domain_tile/fusion/fgra/fgra/pes_8/alu/logic_0/logicUnit_4       7.0560     0.0       7.0560      0.0000       0.0000 UnifiedCom_827
system/tile_prci_domain/tile_reset_domain_tile/fusion/fgra/fgra/pes_8/alu/logic_0/logicUnit_5       7.0560     0.0       7.0560      0.0000       0.0000 UnifiedCom_826
system/tile_prci_domain/tile_reset_domain_tile/fusion/fgra/fgra/pes_8/alu/logic_0/logicUnit_6       7.0560     0.0       7.0560      0.0000       0.0000 UnifiedCom_825
system/tile_prci_domain/tile_reset_domain_tile/fusion/fgra/fgra/pes_8/alu/logic_0/logicUnit_7       7.0560     0.0       7.0560      0.0000       0.0000 UnifiedCom_824
system/tile_prci_domain/tile_reset_domain_tile/fusion/fgra/fgra/pes_8/alu/logic_0/logicUnit_8       6.3504     0.0       6.3504      0.0000       0.0000 UnifiedCom_823
system/tile_prci_domain/tile_reset_domain_tile/fusion/fgra/fgra/pes_8/alu/logic_0/logicUnit_9       7.0560     0.0       7.0560      0.0000       0.0000 UnifiedCom_822
system/tile_prci_domain/tile_reset_domain_tile/fusion/fgra/fgra/pes_8/alu/multipler    6195.6385     0.2    6195.6385      0.0000       0.0000 Mul_25
system/tile_prci_domain/tile_reset_domain_tile/fusion/fgra/fgra/pes_8/alu/shift     689.1360     0.0     689.1360      0.0000       0.0000 SHIFT_25
system/tile_prci_domain/tile_reset_domain_tile/fusion/fgra/fgra/pes_8/alu/si2fp     476.5152     0.0       0.0000      0.0000       0.0000 IntToFP_25
system/tile_prci_domain/tile_reset_domain_tile/fusion/fgra/fgra/pes_8/alu/si2fp/post_norm      41.6304     0.0      19.9920      0.0000       0.0000 IntToFP_postnorm_25
system/tile_prci_domain/tile_reset_domain_tile/fusion/fgra/fgra/pes_8/alu/si2fp/post_norm/rounder      21.6384     0.0      21.6384      0.0000       0.0000 RoundingUnit_253
system/tile_prci_domain/tile_reset_domain_tile/fusion/fgra/fgra/pes_8/alu/si2fp/pre_norm     434.8848     0.0     340.8048      0.0000       0.0000 IntToFP_prenorm_25
system/tile_prci_domain/tile_reset_domain_tile/fusion/fgra/fgra/pes_8/alu/si2fp/pre_norm/pos_lzc_clz      94.0800     0.0      94.0800      0.0000       0.0000 CLZ_3_51
system/tile_prci_domain/tile_reset_domain_tile/fusion/fgra/fgra/pes_8/cfg    1333.3488     0.0     459.1104    874.2384       0.0000 ConfigMem_24_3
system/tile_prci_domain/tile_reset_domain_tile/fusion/fgra/fgra/pes_8/delayPipeCG    7122.0913     0.2    4268.1745   2853.9168       0.0000 SharedDelayPipe_12_18
system/tile_prci_domain/tile_reset_domain_tile/fusion/fgra/fgra/pes_8/delayPipeFG     538.6080     0.0     430.4160    108.1920       0.0000 SharedDelayPipe_31_9
system/tile_prci_domain/tile_reset_domain_tile/fusion/fgra/fgra/pes_8/dmr    1388.3856     0.0       0.0000      0.0000       0.0000 DualModeReg_6_3
system/tile_prci_domain/tile_reset_domain_tile/fusion/fgra/fgra/pes_8/dmr/acr    1388.3856     0.0     836.6064    551.7792       0.0000 CtrlReg_3
system/tile_prci_domain/tile_reset_domain_tile/fusion/fgra/fgra/pes_8/lut       5.8800     0.0       5.8800      0.0000       0.0000 LUT_9
system/tile_prci_domain/tile_reset_domain_tile/fusion/fgra/fgra/pes_8/rf4alu       8.2320     0.0       3.5280      4.7040       0.0000 RF_27
system/tile_prci_domain/tile_reset_domain_tile/fusion/fgra/fgra/pes_8/rf4lut       8.9376     0.0       4.2336      4.7040       0.0000 RF_26
system/tile_prci_domain/tile_reset_domain_tile/fusion/fgra/fgra/pes_9   29413.1715     0.8     294.7056      0.0000       0.0000 GPE_9
system/tile_prci_domain/tile_reset_domain_tile/fusion/fgra/fgra/pes_9/Muxn     242.0208     0.0     242.0208      0.0000       0.0000 Muxn_24_135
system/tile_prci_domain/tile_reset_domain_tile/fusion/fgra/fgra/pes_9/Muxn_1     287.8848     0.0     287.8848      0.0000       0.0000 Muxn_24_134
system/tile_prci_domain/tile_reset_domain_tile/fusion/fgra/fgra/pes_9/Muxn_2      10.1136     0.0      10.1136      0.0000       0.0000 Muxn_91_46
system/tile_prci_domain/tile_reset_domain_tile/fusion/fgra/fgra/pes_9/Muxn_3      10.1136     0.0      10.1136      0.0000       0.0000 Muxn_91_45
system/tile_prci_domain/tile_reset_domain_tile/fusion/fgra/fgra/pes_9/Muxn_4      10.1136     0.0      10.1136      0.0000       0.0000 Muxn_91_44
system/tile_prci_domain/tile_reset_domain_tile/fusion/fgra/fgra/pes_9/alu   18100.5218     0.5     788.8608      0.0000       0.0000 ALU_6_2
system/tile_prci_domain/tile_reset_domain_tile/fusion/fgra/fgra/pes_9/alu/arith     431.1216     0.0     431.1216      0.0000       0.0000 ARITH_24
system/tile_prci_domain/tile_reset_domain_tile/fusion/fgra/fgra/pes_9/alu/fadd    5480.3953     0.2       0.0000      0.0000       0.0000 FADD_32
system/tile_prci_domain/tile_reset_domain_tile/fusion/fgra/fgra/pes_9/alu/fadd/fcmaadd    5480.3953     0.2       3.5280      0.0000       0.0000 FCMA_ADD_32
system/tile_prci_domain/tile_reset_domain_tile/fusion/fgra/fgra/pes_9/alu/fadd/fcmaadd/fadd_s1    3773.5489     0.1     706.7760      0.0000       0.0000 FCMA_ADD_s1_32
system/tile_prci_domain/tile_reset_domain_tile/fusion/fgra/fgra/pes_9/alu/fadd/fcmaadd/fadd_s1/far_path_mods_0     999.3648     0.0     445.7040      0.0000       0.0000 FarPath_32
system/tile_prci_domain/tile_reset_domain_tile/fusion/fgra/fgra/pes_9/alu/fadd/fcmaadd/fadd_s1/far_path_mods_0/shiftRightJam     553.6608     0.0     553.6608      0.0000       0.0000 ShiftRightJam_33
system/tile_prci_domain/tile_reset_domain_tile/fusion/fgra/fgra/pes_9/alu/fadd/fcmaadd/fadd_s1/near_path_mods_0    1000.3056     0.0     748.1712      0.0000       0.0000 NearPath_65
system/tile_prci_domain/tile_reset_domain_tile/fusion/fgra/fgra/pes_9/alu/fadd/fcmaadd/fadd_s1/near_path_mods_0/lza_ab     140.8848     0.0     140.8848      0.0000       0.0000 LZA_66
system/tile_prci_domain/tile_reset_domain_tile/fusion/fgra/fgra/pes_9/alu/fadd/fcmaadd/fadd_s1/near_path_mods_0/lzc_clz     111.2496     0.0     111.2496      0.0000       0.0000 CLZ_67
system/tile_prci_domain/tile_reset_domain_tile/fusion/fgra/fgra/pes_9/alu/fadd/fcmaadd/fadd_s1/near_path_mods_1    1067.1024     0.0     767.9280      0.0000       0.0000 NearPath_64
system/tile_prci_domain/tile_reset_domain_tile/fusion/fgra/fgra/pes_9/alu/fadd/fcmaadd/fadd_s1/near_path_mods_1/lza_ab     179.6928     0.0     179.6928      0.0000       0.0000 LZA_65
system/tile_prci_domain/tile_reset_domain_tile/fusion/fgra/fgra/pes_9/alu/fadd/fcmaadd/fadd_s1/near_path_mods_1/lzc_clz     119.4816     0.0     119.4816      0.0000       0.0000 CLZ_66
system/tile_prci_domain/tile_reset_domain_tile/fusion/fgra/fgra/pes_9/alu/fadd/fcmaadd/fadd_s2    1703.3184     0.0    1259.4960      0.0000       0.0000 FCMA_ADD_s2_32
system/tile_prci_domain/tile_reset_domain_tile/fusion/fgra/fgra/pes_9/alu/fadd/fcmaadd/fadd_s2/far_path_rounder     229.0848     0.0     229.0848      0.0000       0.0000 RoundingUnit_191
system/tile_prci_domain/tile_reset_domain_tile/fusion/fgra/fgra/pes_9/alu/fadd/fcmaadd/fadd_s2/near_path_rounder     214.7376     0.0     214.7376      0.0000       0.0000 RoundingUnit_190
system/tile_prci_domain/tile_reset_domain_tile/fusion/fgra/fgra/pes_9/alu/fmax     275.1840     0.0     275.1840      0.0000       0.0000 FCMP_72
system/tile_prci_domain/tile_reset_domain_tile/fusion/fgra/fgra/pes_9/alu/fmin     277.3008     0.0     277.3008      0.0000       0.0000 FCMP_73
system/tile_prci_domain/tile_reset_domain_tile/fusion/fgra/fgra/pes_9/alu/fmul    2344.7088     0.1      15.5232    556.9536       0.0000 FMUL_share_24
system/tile_prci_domain/tile_reset_domain_tile/fusion/fgra/fgra/pes_9/alu/fmul/fmul_s1     429.0048     0.0     347.3904      0.0000       0.0000 FMUL_s1_24
system/tile_prci_domain/tile_reset_domain_tile/fusion/fgra/fgra/pes_9/alu/fmul/fmul_s1/lzc_clz      81.6144     0.0      81.6144      0.0000       0.0000 CLZ_2_24
system/tile_prci_domain/tile_reset_domain_tile/fusion/fgra/fgra/pes_9/alu/fmul/fmul_s2    1138.3680     0.0    1138.3680      0.0000       0.0000 FMUL_s2_24
system/tile_prci_domain/tile_reset_domain_tile/fusion/fgra/fgra/pes_9/alu/fmul/fmul_s3     204.8592     0.0     104.1936      0.0000       0.0000 FMUL_s3_24
system/tile_prci_domain/tile_reset_domain_tile/fusion/fgra/fgra/pes_9/alu/fmul/fmul_s3/rounder     100.6656     0.0     100.6656      0.0000       0.0000 RoundingUnit_252
system/tile_prci_domain/tile_reset_domain_tile/fusion/fgra/fgra/pes_9/alu/fp2si     955.6176     0.0       0.0000      0.0000       0.0000 FPToInt_24
system/tile_prci_domain/tile_reset_domain_tile/fusion/fgra/fgra/pes_9/alu/fp2si/s1     104.8992     0.0     104.8992      0.0000       0.0000 FPToInt_s1_24
system/tile_prci_domain/tile_reset_domain_tile/fusion/fgra/fgra/pes_9/alu/fp2si/s2     850.7184     0.0     585.6480      0.0000       0.0000 FPToInt_s2_24
system/tile_prci_domain/tile_reset_domain_tile/fusion/fgra/fgra/pes_9/alu/fp2si/s2/rpath_rounder      22.5792     0.0      22.5792      0.0000       0.0000 RoundingUnit_6_24
system/tile_prci_domain/tile_reset_domain_tile/fusion/fgra/fgra/pes_9/alu/fp2si/s2/shiftRightJam     242.4912     0.0     242.4912      0.0000       0.0000 ShiftRightJam_1_24
system/tile_prci_domain/tile_reset_domain_tile/fusion/fgra/fgra/pes_9/alu/logic_0     234.0240     0.0      10.3488      0.0000       0.0000 LOGIC_24
system/tile_prci_domain/tile_reset_domain_tile/fusion/fgra/fgra/pes_9/alu/logic_0/logicUnit       6.3504     0.0       6.3504      0.0000       0.0000 UnifiedCom_799
system/tile_prci_domain/tile_reset_domain_tile/fusion/fgra/fgra/pes_9/alu/logic_0/logicUnit_1       8.7024     0.0       8.7024      0.0000       0.0000 UnifiedCom_798
system/tile_prci_domain/tile_reset_domain_tile/fusion/fgra/fgra/pes_9/alu/logic_0/logicUnit_10       7.0560     0.0       7.0560      0.0000       0.0000 UnifiedCom_789
system/tile_prci_domain/tile_reset_domain_tile/fusion/fgra/fgra/pes_9/alu/logic_0/logicUnit_11       7.0560     0.0       7.0560      0.0000       0.0000 UnifiedCom_788
system/tile_prci_domain/tile_reset_domain_tile/fusion/fgra/fgra/pes_9/alu/logic_0/logicUnit_12       6.3504     0.0       6.3504      0.0000       0.0000 UnifiedCom_787
system/tile_prci_domain/tile_reset_domain_tile/fusion/fgra/fgra/pes_9/alu/logic_0/logicUnit_13       6.3504     0.0       6.3504      0.0000       0.0000 UnifiedCom_786
system/tile_prci_domain/tile_reset_domain_tile/fusion/fgra/fgra/pes_9/alu/logic_0/logicUnit_14       7.0560     0.0       7.0560      0.0000       0.0000 UnifiedCom_785
system/tile_prci_domain/tile_reset_domain_tile/fusion/fgra/fgra/pes_9/alu/logic_0/logicUnit_15       7.0560     0.0       7.0560      0.0000       0.0000 UnifiedCom_784
system/tile_prci_domain/tile_reset_domain_tile/fusion/fgra/fgra/pes_9/alu/logic_0/logicUnit_16       7.0560     0.0       7.0560      0.0000       0.0000 UnifiedCom_783
system/tile_prci_domain/tile_reset_domain_tile/fusion/fgra/fgra/pes_9/alu/logic_0/logicUnit_17       7.0560     0.0       7.0560      0.0000       0.0000 UnifiedCom_782
system/tile_prci_domain/tile_reset_domain_tile/fusion/fgra/fgra/pes_9/alu/logic_0/logicUnit_18       7.0560     0.0       7.0560      0.0000       0.0000 UnifiedCom_781
system/tile_prci_domain/tile_reset_domain_tile/fusion/fgra/fgra/pes_9/alu/logic_0/logicUnit_19       7.0560     0.0       7.0560      0.0000       0.0000 UnifiedCom_780
system/tile_prci_domain/tile_reset_domain_tile/fusion/fgra/fgra/pes_9/alu/logic_0/logicUnit_2       6.3504     0.0       6.3504      0.0000       0.0000 UnifiedCom_797
system/tile_prci_domain/tile_reset_domain_tile/fusion/fgra/fgra/pes_9/alu/logic_0/logicUnit_20       7.0560     0.0       7.0560      0.0000       0.0000 UnifiedCom_779
system/tile_prci_domain/tile_reset_domain_tile/fusion/fgra/fgra/pes_9/alu/logic_0/logicUnit_21       6.3504     0.0       6.3504      0.0000       0.0000 UnifiedCom_778
system/tile_prci_domain/tile_reset_domain_tile/fusion/fgra/fgra/pes_9/alu/logic_0/logicUnit_22       7.0560     0.0       7.0560      0.0000       0.0000 UnifiedCom_777
system/tile_prci_domain/tile_reset_domain_tile/fusion/fgra/fgra/pes_9/alu/logic_0/logicUnit_23       7.0560     0.0       7.0560      0.0000       0.0000 UnifiedCom_776
system/tile_prci_domain/tile_reset_domain_tile/fusion/fgra/fgra/pes_9/alu/logic_0/logicUnit_24       8.7024     0.0       8.7024      0.0000       0.0000 UnifiedCom_775
system/tile_prci_domain/tile_reset_domain_tile/fusion/fgra/fgra/pes_9/alu/logic_0/logicUnit_25       6.3504     0.0       6.3504      0.0000       0.0000 UnifiedCom_774
system/tile_prci_domain/tile_reset_domain_tile/fusion/fgra/fgra/pes_9/alu/logic_0/logicUnit_26       7.0560     0.0       7.0560      0.0000       0.0000 UnifiedCom_773
system/tile_prci_domain/tile_reset_domain_tile/fusion/fgra/fgra/pes_9/alu/logic_0/logicUnit_27       7.0560     0.0       7.0560      0.0000       0.0000 UnifiedCom_772
system/tile_prci_domain/tile_reset_domain_tile/fusion/fgra/fgra/pes_9/alu/logic_0/logicUnit_28       6.3504     0.0       6.3504      0.0000       0.0000 UnifiedCom_771
system/tile_prci_domain/tile_reset_domain_tile/fusion/fgra/fgra/pes_9/alu/logic_0/logicUnit_29       7.0560     0.0       7.0560      0.0000       0.0000 UnifiedCom_770
system/tile_prci_domain/tile_reset_domain_tile/fusion/fgra/fgra/pes_9/alu/logic_0/logicUnit_3       6.3504     0.0       6.3504      0.0000       0.0000 UnifiedCom_796
system/tile_prci_domain/tile_reset_domain_tile/fusion/fgra/fgra/pes_9/alu/logic_0/logicUnit_30       7.0560     0.0       7.0560      0.0000       0.0000 UnifiedCom_769
system/tile_prci_domain/tile_reset_domain_tile/fusion/fgra/fgra/pes_9/alu/logic_0/logicUnit_31       6.3504     0.0       6.3504      0.0000       0.0000 UnifiedCom_768
system/tile_prci_domain/tile_reset_domain_tile/fusion/fgra/fgra/pes_9/alu/logic_0/logicUnit_4       6.3504     0.0       6.3504      0.0000       0.0000 UnifiedCom_795
system/tile_prci_domain/tile_reset_domain_tile/fusion/fgra/fgra/pes_9/alu/logic_0/logicUnit_5       7.0560     0.0       7.0560      0.0000       0.0000 UnifiedCom_794
system/tile_prci_domain/tile_reset_domain_tile/fusion/fgra/fgra/pes_9/alu/logic_0/logicUnit_6       7.0560     0.0       7.0560      0.0000       0.0000 UnifiedCom_793
system/tile_prci_domain/tile_reset_domain_tile/fusion/fgra/fgra/pes_9/alu/logic_0/logicUnit_7       7.0560     0.0       7.0560      0.0000       0.0000 UnifiedCom_792
system/tile_prci_domain/tile_reset_domain_tile/fusion/fgra/fgra/pes_9/alu/logic_0/logicUnit_8       8.7024     0.0       8.7024      0.0000       0.0000 UnifiedCom_791
system/tile_prci_domain/tile_reset_domain_tile/fusion/fgra/fgra/pes_9/alu/logic_0/logicUnit_9       7.0560     0.0       7.0560      0.0000       0.0000 UnifiedCom_790
system/tile_prci_domain/tile_reset_domain_tile/fusion/fgra/fgra/pes_9/alu/multipler    6139.1905     0.2    6139.1905      0.0000       0.0000 Mul_24
system/tile_prci_domain/tile_reset_domain_tile/fusion/fgra/fgra/pes_9/alu/shift     690.7824     0.0     690.7824      0.0000       0.0000 SHIFT_24
system/tile_prci_domain/tile_reset_domain_tile/fusion/fgra/fgra/pes_9/alu/si2fp     483.3360     0.0       0.0000      0.0000       0.0000 IntToFP_24
system/tile_prci_domain/tile_reset_domain_tile/fusion/fgra/fgra/pes_9/alu/si2fp/post_norm      41.8656     0.0      20.2272      0.0000       0.0000 IntToFP_postnorm_24
system/tile_prci_domain/tile_reset_domain_tile/fusion/fgra/fgra/pes_9/alu/si2fp/post_norm/rounder      21.6384     0.0      21.6384      0.0000       0.0000 RoundingUnit_251
system/tile_prci_domain/tile_reset_domain_tile/fusion/fgra/fgra/pes_9/alu/si2fp/pre_norm     441.4704     0.0     345.7440      0.0000       0.0000 IntToFP_prenorm_24
system/tile_prci_domain/tile_reset_domain_tile/fusion/fgra/fgra/pes_9/alu/si2fp/pre_norm/pos_lzc_clz      95.7264     0.0      95.7264      0.0000       0.0000 CLZ_3_49
system/tile_prci_domain/tile_reset_domain_tile/fusion/fgra/fgra/pes_9/cfg    1328.4096     0.0     459.1104    869.2992       0.0000 ConfigMem_24_2
system/tile_prci_domain/tile_reset_domain_tile/fusion/fgra/fgra/pes_9/delayPipeCG    7187.4769     0.2    4308.8641   2878.6128       0.0000 SharedDelayPipe_12_17
system/tile_prci_domain/tile_reset_domain_tile/fusion/fgra/fgra/pes_9/delayPipeFG     538.6080     0.0     430.4160    108.1920       0.0000 SharedDelayPipe_31_8
system/tile_prci_domain/tile_reset_domain_tile/fusion/fgra/fgra/pes_9/dmr    1380.6240     0.0       0.0000      0.0000       0.0000 DualModeReg_6_2
system/tile_prci_domain/tile_reset_domain_tile/fusion/fgra/fgra/pes_9/dmr/acr    1380.6240     0.0     850.7184    529.9056       0.0000 CtrlReg_2
system/tile_prci_domain/tile_reset_domain_tile/fusion/fgra/fgra/pes_9/lut       5.8800     0.0       5.8800      0.0000       0.0000 LUT_8
system/tile_prci_domain/tile_reset_domain_tile/fusion/fgra/fgra/pes_9/rf4alu       8.2320     0.0       3.5280      4.7040       0.0000 RF_25
system/tile_prci_domain/tile_reset_domain_tile/fusion/fgra/fgra/pes_9/rf4lut       8.4672     0.0       3.7632      4.7040       0.0000 RF_24
system/tile_prci_domain/tile_reset_domain_tile/fusion/fgra/fgra/unifiedpes_0   27549.2113     0.8       7.9968      0.0000       0.0000 GPE_Unified
system/tile_prci_domain/tile_reset_domain_tile/fusion/fgra/fgra/unifiedpes_0/Muxn     290.9424     0.0     290.9424      0.0000       0.0000 Muxn_47_31
system/tile_prci_domain/tile_reset_domain_tile/fusion/fgra/fgra/unifiedpes_0/Muxn_1     287.1792     0.0     287.1792      0.0000       0.0000 Muxn_47_30
system/tile_prci_domain/tile_reset_domain_tile/fusion/fgra/fgra/unifiedpes_0/Muxn_2     294.2352     0.0     294.2352      0.0000       0.0000 Muxn_47_29
system/tile_prci_domain/tile_reset_domain_tile/fusion/fgra/fgra/unifiedpes_0/Muxn_3     293.0592     0.0     293.0592      0.0000       0.0000 Muxn_47_28
system/tile_prci_domain/tile_reset_domain_tile/fusion/fgra/fgra/unifiedpes_0/alu   13385.2321     0.4       4.2336      0.0000       0.0000 ALU_Unified_7
system/tile_prci_domain/tile_reset_domain_tile/fusion/fgra/fgra/unifiedpes_0/alu/eus_0    7272.1489     0.2       0.0000    150.5280       0.0000 EU_8
system/tile_prci_domain/tile_reset_domain_tile/fusion/fgra/fgra/unifiedpes_0/alu/eus_0/Muxn     243.4320     0.0     243.4320      0.0000       0.0000 Muxn_42_31
system/tile_prci_domain/tile_reset_domain_tile/fusion/fgra/fgra/unifiedpes_0/alu/eus_0/Muxn_1     174.5184     0.0     174.5184      0.0000       0.0000 Muxn_42_30
system/tile_prci_domain/tile_reset_domain_tile/fusion/fgra/fgra/unifiedpes_0/alu/eus_0/opCore    6703.6705     0.2      13.4064      0.0000       0.0000 Operator_Core_8
system/tile_prci_domain/tile_reset_domain_tile/fusion/fgra/fgra/unifiedpes_0/alu/eus_0/opCore/fmul    2435.2608     0.1     107.4864    555.5424       0.0000 FMUL_share_7
system/tile_prci_domain/tile_reset_domain_tile/fusion/fgra/fgra/unifiedpes_0/alu/eus_0/opCore/fmul/fmul_s1     483.8064     0.0     405.0144      0.0000       0.0000 FMUL_s1_7
system/tile_prci_domain/tile_reset_domain_tile/fusion/fgra/fgra/unifiedpes_0/alu/eus_0/opCore/fmul/fmul_s1/lzc_clz      78.7920     0.0      78.7920      0.0000       0.0000 CLZ_2_7
system/tile_prci_domain/tile_reset_domain_tile/fusion/fgra/fgra/unifiedpes_0/alu/eus_0/opCore/fmul/fmul_s2    1083.5664     0.0    1083.5664      0.0000       0.0000 FMUL_s2_7
system/tile_prci_domain/tile_reset_domain_tile/fusion/fgra/fgra/unifiedpes_0/alu/eus_0/opCore/fmul/fmul_s3     204.8592     0.0     104.1936      0.0000       0.0000 FMUL_s3_7
system/tile_prci_domain/tile_reset_domain_tile/fusion/fgra/fgra/unifiedpes_0/alu/eus_0/opCore/fmul/fmul_s3/rounder     100.6656     0.0     100.6656      0.0000       0.0000 RoundingUnit_128
system/tile_prci_domain/tile_reset_domain_tile/fusion/fgra/fgra/unifiedpes_0/alu/eus_0/opCore/multipler    4255.0032     0.1    4255.0032      0.0000       0.0000 Mul_7
system/tile_prci_domain/tile_reset_domain_tile/fusion/fgra/fgra/unifiedpes_0/alu/eus_1    6008.8897     0.2       0.0000    158.7600       0.0000 EU_1_7
system/tile_prci_domain/tile_reset_domain_tile/fusion/fgra/fgra/unifiedpes_0/alu/eus_1/Muxn     204.8592     0.0     204.8592      0.0000       0.0000 Muxn_42_29
system/tile_prci_domain/tile_reset_domain_tile/fusion/fgra/fgra/unifiedpes_0/alu/eus_1/Muxn_1     187.9248     0.0     187.9248      0.0000       0.0000 Muxn_42_28
system/tile_prci_domain/tile_reset_domain_tile/fusion/fgra/fgra/unifiedpes_0/alu/eus_1/opCore    5457.3457     0.2       0.0000      0.0000       0.0000 Operator_Core_1_7
system/tile_prci_domain/tile_reset_domain_tile/fusion/fgra/fgra/unifiedpes_0/alu/eus_1/opCore/fadd    5457.3457     0.2       0.0000      0.0000       0.0000 FADD_14
system/tile_prci_domain/tile_reset_domain_tile/fusion/fgra/fgra/unifiedpes_0/alu/eus_1/opCore/fadd/fcmaadd    5457.3457     0.2       2.3520      0.0000       0.0000 FCMA_ADD_14
system/tile_prci_domain/tile_reset_domain_tile/fusion/fgra/fgra/unifiedpes_0/alu/eus_1/opCore/fadd/fcmaadd/fadd_s1    3676.8817     0.1     678.5520      0.0000       0.0000 FCMA_ADD_s1_14
system/tile_prci_domain/tile_reset_domain_tile/fusion/fgra/fgra/unifiedpes_0/alu/eus_1/opCore/fadd/fcmaadd/fadd_s1/far_path_mods_0     957.2640     0.0     424.7712      0.0000       0.0000 FarPath_14
system/tile_prci_domain/tile_reset_domain_tile/fusion/fgra/fgra/unifiedpes_0/alu/eus_1/opCore/fadd/fcmaadd/fadd_s1/far_path_mods_0/shiftRightJam     532.4928     0.0     532.4928      0.0000       0.0000 ShiftRightJam_15
system/tile_prci_domain/tile_reset_domain_tile/fusion/fgra/fgra/unifiedpes_0/alu/eus_1/opCore/fadd/fcmaadd/fadd_s1/near_path_mods_0    1014.6528     0.0     758.9904      0.0000       0.0000 NearPath_29
system/tile_prci_domain/tile_reset_domain_tile/fusion/fgra/fgra/unifiedpes_0/alu/eus_1/opCore/fadd/fcmaadd/fadd_s1/near_path_mods_0/lza_ab     153.8208     0.0     153.8208      0.0000       0.0000 LZA_30
system/tile_prci_domain/tile_reset_domain_tile/fusion/fgra/fgra/unifiedpes_0/alu/eus_1/opCore/fadd/fcmaadd/fadd_s1/near_path_mods_0/lzc_clz     101.8416     0.0     101.8416      0.0000       0.0000 CLZ_31
system/tile_prci_domain/tile_reset_domain_tile/fusion/fgra/fgra/unifiedpes_0/alu/eus_1/opCore/fadd/fcmaadd/fadd_s1/near_path_mods_1    1026.4128     0.0     772.1616      0.0000       0.0000 NearPath_28
system/tile_prci_domain/tile_reset_domain_tile/fusion/fgra/fgra/unifiedpes_0/alu/eus_1/opCore/fadd/fcmaadd/fadd_s1/near_path_mods_1/lza_ab     154.0560     0.0     154.0560      0.0000       0.0000 LZA_29
system/tile_prci_domain/tile_reset_domain_tile/fusion/fgra/fgra/unifiedpes_0/alu/eus_1/opCore/fadd/fcmaadd/fadd_s1/near_path_mods_1/lzc_clz     100.1952     0.0     100.1952      0.0000       0.0000 CLZ_30
system/tile_prci_domain/tile_reset_domain_tile/fusion/fgra/fgra/unifiedpes_0/alu/eus_1/opCore/fadd/fcmaadd/fadd_s2    1778.1120     0.1    1350.5184      0.0000       0.0000 FCMA_ADD_s2_14
system/tile_prci_domain/tile_reset_domain_tile/fusion/fgra/fgra/unifiedpes_0/alu/eus_1/opCore/fadd/fcmaadd/fadd_s2/far_path_rounder     230.2608     0.0     230.2608      0.0000       0.0000 RoundingUnit_69
system/tile_prci_domain/tile_reset_domain_tile/fusion/fgra/fgra/unifiedpes_0/alu/eus_1/opCore/fadd/fcmaadd/fadd_s2/near_path_rounder     197.3328     0.0     197.3328      0.0000       0.0000 RoundingUnit_68
system/tile_prci_domain/tile_reset_domain_tile/fusion/fgra/fgra/unifiedpes_0/alu/outMuxCG      99.9600     0.0      99.9600      0.0000       0.0000 Muxn_7
system/tile_prci_domain/tile_reset_domain_tile/fusion/fgra/fgra/unifiedpes_0/cfg     984.0768     0.0     260.3664    723.7104       0.0000 ConfigMem_18_7
system/tile_prci_domain/tile_reset_domain_tile/fusion/fgra/fgra/unifiedpes_0/delayPipeCG   12006.4896     0.3    8697.2256   3309.2640       0.0000 SharedDelayPipe_24_7
system/tile_prci_domain/tile_reset_domain_tile/fusion/fgra/fgra/unifiedpes_1   27637.6465     0.8       5.4096      0.0000       0.0000 GPE_Unified_1
system/tile_prci_domain/tile_reset_domain_tile/fusion/fgra/fgra/unifiedpes_1/Muxn     300.1152     0.0     300.1152      0.0000       0.0000 Muxn_47_27
system/tile_prci_domain/tile_reset_domain_tile/fusion/fgra/fgra/unifiedpes_1/Muxn_1     303.1728     0.0     303.1728      0.0000       0.0000 Muxn_47_26
system/tile_prci_domain/tile_reset_domain_tile/fusion/fgra/fgra/unifiedpes_1/Muxn_2     290.7072     0.0     290.7072      0.0000       0.0000 Muxn_47_25
system/tile_prci_domain/tile_reset_domain_tile/fusion/fgra/fgra/unifiedpes_1/Muxn_3     277.0656     0.0     277.0656      0.0000       0.0000 Muxn_47_24
system/tile_prci_domain/tile_reset_domain_tile/fusion/fgra/fgra/unifiedpes_1/alu   13305.9697     0.4       2.8224      0.0000       0.0000 ALU_Unified_6
system/tile_prci_domain/tile_reset_domain_tile/fusion/fgra/fgra/unifiedpes_1/alu/eus_0    7174.7761     0.2       0.0000    166.0512       0.0000 EU_7
system/tile_prci_domain/tile_reset_domain_tile/fusion/fgra/fgra/unifiedpes_1/alu/eus_0/Muxn     233.5536     0.0     233.5536      0.0000       0.0000 Muxn_42_27
system/tile_prci_domain/tile_reset_domain_tile/fusion/fgra/fgra/unifiedpes_1/alu/eus_0/Muxn_1     166.9920     0.0     166.9920      0.0000       0.0000 Muxn_42_26
system/tile_prci_domain/tile_reset_domain_tile/fusion/fgra/fgra/unifiedpes_1/alu/eus_0/opCore    6608.1793     0.2       8.7024      0.0000       0.0000 Operator_Core_7
system/tile_prci_domain/tile_reset_domain_tile/fusion/fgra/fgra/unifiedpes_1/alu/eus_0/opCore/fmul    2374.5792     0.1     103.2528    556.4832       0.0000 FMUL_share_6
system/tile_prci_domain/tile_reset_domain_tile/fusion/fgra/fgra/unifiedpes_1/alu/eus_0/opCore/fmul/fmul_s1     422.6544     0.0     340.8048      0.0000       0.0000 FMUL_s1_6
system/tile_prci_domain/tile_reset_domain_tile/fusion/fgra/fgra/unifiedpes_1/alu/eus_0/opCore/fmul/fmul_s1/lzc_clz      81.8496     0.0      81.8496      0.0000       0.0000 CLZ_2_6
system/tile_prci_domain/tile_reset_domain_tile/fusion/fgra/fgra/unifiedpes_1/alu/eus_0/opCore/fmul/fmul_s2    1087.3296     0.0    1087.3296      0.0000       0.0000 FMUL_s2_6
system/tile_prci_domain/tile_reset_domain_tile/fusion/fgra/fgra/unifiedpes_1/alu/eus_0/opCore/fmul/fmul_s3     204.8592     0.0     104.1936      0.0000       0.0000 FMUL_s3_6
system/tile_prci_domain/tile_reset_domain_tile/fusion/fgra/fgra/unifiedpes_1/alu/eus_0/opCore/fmul/fmul_s3/rounder     100.6656     0.0     100.6656      0.0000       0.0000 RoundingUnit_126
system/tile_prci_domain/tile_reset_domain_tile/fusion/fgra/fgra/unifiedpes_1/alu/eus_0/opCore/multipler    4224.8976     0.1    4224.8976      0.0000       0.0000 Mul_6
system/tile_prci_domain/tile_reset_domain_tile/fusion/fgra/fgra/unifiedpes_1/alu/eus_1    6035.2321     0.2       0.0000    151.4688       0.0000 EU_1_6
system/tile_prci_domain/tile_reset_domain_tile/fusion/fgra/fgra/unifiedpes_1/alu/eus_1/Muxn     191.9232     0.0     191.9232      0.0000       0.0000 Muxn_42_25
system/tile_prci_domain/tile_reset_domain_tile/fusion/fgra/fgra/unifiedpes_1/alu/eus_1/Muxn_1     194.0400     0.0     194.0400      0.0000       0.0000 Muxn_42_24
system/tile_prci_domain/tile_reset_domain_tile/fusion/fgra/fgra/unifiedpes_1/alu/eus_1/opCore    5497.8001     0.2       0.0000      0.0000       0.0000 Operator_Core_1_6
system/tile_prci_domain/tile_reset_domain_tile/fusion/fgra/fgra/unifiedpes_1/alu/eus_1/opCore/fadd    5497.8001     0.2       0.0000      0.0000       0.0000 FADD_12
system/tile_prci_domain/tile_reset_domain_tile/fusion/fgra/fgra/unifiedpes_1/alu/eus_1/opCore/fadd/fcmaadd    5497.8001     0.2       2.3520      0.0000       0.0000 FCMA_ADD_12
system/tile_prci_domain/tile_reset_domain_tile/fusion/fgra/fgra/unifiedpes_1/alu/eus_1/opCore/fadd/fcmaadd/fadd_s1    3685.8193     0.1     661.6176      0.0000       0.0000 FCMA_ADD_s1_12
system/tile_prci_domain/tile_reset_domain_tile/fusion/fgra/fgra/unifiedpes_1/alu/eus_1/opCore/fadd/fcmaadd/fadd_s1/far_path_mods_0     957.9696     0.0     404.0736      0.0000       0.0000 FarPath_12
system/tile_prci_domain/tile_reset_domain_tile/fusion/fgra/fgra/unifiedpes_1/alu/eus_1/opCore/fadd/fcmaadd/fadd_s1/far_path_mods_0/shiftRightJam     553.8960     0.0     553.8960      0.0000       0.0000 ShiftRightJam_13
system/tile_prci_domain/tile_reset_domain_tile/fusion/fgra/fgra/unifiedpes_1/alu/eus_1/opCore/fadd/fcmaadd/fadd_s1/near_path_mods_0    1041.9360     0.0     767.2224      0.0000       0.0000 NearPath_25
system/tile_prci_domain/tile_reset_domain_tile/fusion/fgra/fgra/unifiedpes_1/alu/eus_1/opCore/fadd/fcmaadd/fadd_s1/near_path_mods_0/lza_ab     167.4624     0.0     167.4624      0.0000       0.0000 LZA_26
system/tile_prci_domain/tile_reset_domain_tile/fusion/fgra/fgra/unifiedpes_1/alu/eus_1/opCore/fadd/fcmaadd/fadd_s1/near_path_mods_0/lzc_clz     107.2512     0.0     107.2512      0.0000       0.0000 CLZ_27
system/tile_prci_domain/tile_reset_domain_tile/fusion/fgra/fgra/unifiedpes_1/alu/eus_1/opCore/fadd/fcmaadd/fadd_s1/near_path_mods_1    1024.2960     0.0     752.8752      0.0000       0.0000 NearPath_24
system/tile_prci_domain/tile_reset_domain_tile/fusion/fgra/fgra/unifiedpes_1/alu/eus_1/opCore/fadd/fcmaadd/fadd_s1/near_path_mods_1/lza_ab     170.0496     0.0     170.0496      0.0000       0.0000 LZA_25
system/tile_prci_domain/tile_reset_domain_tile/fusion/fgra/fgra/unifiedpes_1/alu/eus_1/opCore/fadd/fcmaadd/fadd_s1/near_path_mods_1/lzc_clz     101.3712     0.0     101.3712      0.0000       0.0000 CLZ_26
system/tile_prci_domain/tile_reset_domain_tile/fusion/fgra/fgra/unifiedpes_1/alu/eus_1/opCore/fadd/fcmaadd/fadd_s2    1809.6288     0.1    1348.1664      0.0000       0.0000 FCMA_ADD_s2_12
system/tile_prci_domain/tile_reset_domain_tile/fusion/fgra/fgra/unifiedpes_1/alu/eus_1/opCore/fadd/fcmaadd/fadd_s2/far_path_rounder     255.1920     0.0     255.1920      0.0000       0.0000 RoundingUnit_64
system/tile_prci_domain/tile_reset_domain_tile/fusion/fgra/fgra/unifiedpes_1/alu/eus_1/opCore/fadd/fcmaadd/fadd_s2/near_path_rounder     206.2704     0.0     206.2704      0.0000       0.0000 RoundingUnit_63
system/tile_prci_domain/tile_reset_domain_tile/fusion/fgra/fgra/unifiedpes_1/alu/outMuxCG      93.1392     0.0      93.1392      0.0000       0.0000 Muxn_6
system/tile_prci_domain/tile_reset_domain_tile/fusion/fgra/fgra/unifiedpes_1/cfg     958.9104     0.0     261.0720    697.8384       0.0000 ConfigMem_18_6
system/tile_prci_domain/tile_reset_domain_tile/fusion/fgra/fgra/unifiedpes_1/delayPipeCG   12196.2960     0.3    8894.7936   3301.5024       0.0000 SharedDelayPipe_24_6
system/tile_prci_domain/tile_reset_domain_tile/fusion/fgra/fgra/unifiedpes_2   27759.9505     0.8       7.7616      0.0000       0.0000 GPE_Unified_2
system/tile_prci_domain/tile_reset_domain_tile/fusion/fgra/fgra/unifiedpes_2/Muxn     292.1184     0.0     292.1184      0.0000       0.0000 Muxn_47_23
system/tile_prci_domain/tile_reset_domain_tile/fusion/fgra/fgra/unifiedpes_2/Muxn_1     302.2320     0.0     302.2320      0.0000       0.0000 Muxn_47_22
system/tile_prci_domain/tile_reset_domain_tile/fusion/fgra/fgra/unifiedpes_2/Muxn_2     285.0624     0.0     285.0624      0.0000       0.0000 Muxn_47_21
system/tile_prci_domain/tile_reset_domain_tile/fusion/fgra/fgra/unifiedpes_2/Muxn_3     267.1872     0.0     267.1872      0.0000       0.0000 Muxn_47_20
system/tile_prci_domain/tile_reset_domain_tile/fusion/fgra/fgra/unifiedpes_2/alu   13436.7409     0.4       7.0560      0.0000       0.0000 ALU_Unified_5
system/tile_prci_domain/tile_reset_domain_tile/fusion/fgra/fgra/unifiedpes_2/alu/eus_0    7306.7233     0.2       0.0000    150.5280       0.0000 EU_6
system/tile_prci_domain/tile_reset_domain_tile/fusion/fgra/fgra/unifiedpes_2/alu/eus_0/Muxn     185.8080     0.0     185.8080      0.0000       0.0000 Muxn_42_23
system/tile_prci_domain/tile_reset_domain_tile/fusion/fgra/fgra/unifiedpes_2/alu/eus_0/Muxn_1     169.1088     0.0     169.1088      0.0000       0.0000 Muxn_42_22
system/tile_prci_domain/tile_reset_domain_tile/fusion/fgra/fgra/unifiedpes_2/alu/eus_0/opCore    6801.2785     0.2       0.0000      0.0000       0.0000 Operator_Core_6
system/tile_prci_domain/tile_reset_domain_tile/fusion/fgra/fgra/unifiedpes_2/alu/eus_0/opCore/fmul    2446.7856     0.1     109.3680    555.3072       0.0000 FMUL_share_5
system/tile_prci_domain/tile_reset_domain_tile/fusion/fgra/fgra/unifiedpes_2/alu/eus_0/opCore/fmul/fmul_s1     475.3392     0.0     393.0192      0.0000       0.0000 FMUL_s1_5
system/tile_prci_domain/tile_reset_domain_tile/fusion/fgra/fgra/unifiedpes_2/alu/eus_0/opCore/fmul/fmul_s1/lzc_clz      82.3200     0.0      82.3200      0.0000       0.0000 CLZ_2_5
system/tile_prci_domain/tile_reset_domain_tile/fusion/fgra/fgra/unifiedpes_2/alu/eus_0/opCore/fmul/fmul_s2    1101.9120     0.0    1101.9120      0.0000       0.0000 FMUL_s2_5
system/tile_prci_domain/tile_reset_domain_tile/fusion/fgra/fgra/unifiedpes_2/alu/eus_0/opCore/fmul/fmul_s3     204.8592     0.0     104.1936      0.0000       0.0000 FMUL_s3_5
system/tile_prci_domain/tile_reset_domain_tile/fusion/fgra/fgra/unifiedpes_2/alu/eus_0/opCore/fmul/fmul_s3/rounder     100.6656     0.0     100.6656      0.0000       0.0000 RoundingUnit_124
system/tile_prci_domain/tile_reset_domain_tile/fusion/fgra/fgra/unifiedpes_2/alu/eus_0/opCore/multipler    4354.4928     0.1    4354.4928      0.0000       0.0000 Mul_5
system/tile_prci_domain/tile_reset_domain_tile/fusion/fgra/fgra/unifiedpes_2/alu/eus_1    5982.3121     0.2       0.0000    150.9984       0.0000 EU_1_5
system/tile_prci_domain/tile_reset_domain_tile/fusion/fgra/fgra/unifiedpes_2/alu/eus_1/Muxn     178.9872     0.0     178.9872      0.0000       0.0000 Muxn_42_21
system/tile_prci_domain/tile_reset_domain_tile/fusion/fgra/fgra/unifiedpes_2/alu/eus_1/Muxn_1     185.1024     0.0     185.1024      0.0000       0.0000 Muxn_42_20
system/tile_prci_domain/tile_reset_domain_tile/fusion/fgra/fgra/unifiedpes_2/alu/eus_1/opCore    5467.2241     0.2       0.0000      0.0000       0.0000 Operator_Core_1_5
system/tile_prci_domain/tile_reset_domain_tile/fusion/fgra/fgra/unifiedpes_2/alu/eus_1/opCore/fadd    5467.2241     0.2       0.0000      0.0000       0.0000 FADD_10
system/tile_prci_domain/tile_reset_domain_tile/fusion/fgra/fgra/unifiedpes_2/alu/eus_1/opCore/fadd/fcmaadd    5467.2241     0.2       2.3520      0.0000       0.0000 FCMA_ADD_10
system/tile_prci_domain/tile_reset_domain_tile/fusion/fgra/fgra/unifiedpes_2/alu/eus_1/opCore/fadd/fcmaadd/fadd_s1    3656.4193     0.1     659.2656      0.0000       0.0000 FCMA_ADD_s1_10
system/tile_prci_domain/tile_reset_domain_tile/fusion/fgra/fgra/unifiedpes_2/alu/eus_1/opCore/fadd/fcmaadd/fadd_s1/far_path_mods_0     937.9776     0.0     419.5968      0.0000       0.0000 FarPath_10
system/tile_prci_domain/tile_reset_domain_tile/fusion/fgra/fgra/unifiedpes_2/alu/eus_1/opCore/fadd/fcmaadd/fadd_s1/far_path_mods_0/shiftRightJam     518.3808     0.0     518.3808      0.0000       0.0000 ShiftRightJam_11
system/tile_prci_domain/tile_reset_domain_tile/fusion/fgra/fgra/unifiedpes_2/alu/eus_1/opCore/fadd/fcmaadd/fadd_s1/near_path_mods_0    1021.7088     0.0     757.5792      0.0000       0.0000 NearPath_21
system/tile_prci_domain/tile_reset_domain_tile/fusion/fgra/fgra/unifiedpes_2/alu/eus_1/opCore/fadd/fcmaadd/fadd_s1/near_path_mods_0/lza_ab     154.0560     0.0     154.0560      0.0000       0.0000 LZA_22
system/tile_prci_domain/tile_reset_domain_tile/fusion/fgra/fgra/unifiedpes_2/alu/eus_1/opCore/fadd/fcmaadd/fadd_s1/near_path_mods_0/lzc_clz     110.0736     0.0     110.0736      0.0000       0.0000 CLZ_23
system/tile_prci_domain/tile_reset_domain_tile/fusion/fgra/fgra/unifiedpes_2/alu/eus_1/opCore/fadd/fcmaadd/fadd_s1/near_path_mods_1    1037.4672     0.0     777.3360      0.0000       0.0000 NearPath_20
system/tile_prci_domain/tile_reset_domain_tile/fusion/fgra/fgra/unifiedpes_2/alu/eus_1/opCore/fadd/fcmaadd/fadd_s1/near_path_mods_1/lza_ab     161.3472     0.0     161.3472      0.0000       0.0000 LZA_21
system/tile_prci_domain/tile_reset_domain_tile/fusion/fgra/fgra/unifiedpes_2/alu/eus_1/opCore/fadd/fcmaadd/fadd_s1/near_path_mods_1/lzc_clz      98.7840     0.0      98.7840      0.0000       0.0000 CLZ_22
system/tile_prci_domain/tile_reset_domain_tile/fusion/fgra/fgra/unifiedpes_2/alu/eus_1/opCore/fadd/fcmaadd/fadd_s2    1808.4528     0.1    1333.3488      0.0000       0.0000 FCMA_ADD_s2_10
system/tile_prci_domain/tile_reset_domain_tile/fusion/fgra/fgra/unifiedpes_2/alu/eus_1/opCore/fadd/fcmaadd/fadd_s2/far_path_rounder     258.7200     0.0     258.7200      0.0000       0.0000 RoundingUnit_59
system/tile_prci_domain/tile_reset_domain_tile/fusion/fgra/fgra/unifiedpes_2/alu/eus_1/opCore/fadd/fcmaadd/fadd_s2/near_path_rounder     216.3840     0.0     216.3840      0.0000       0.0000 RoundingUnit_58
system/tile_prci_domain/tile_reset_domain_tile/fusion/fgra/fgra/unifiedpes_2/alu/outMuxCG     140.6496     0.0     140.6496      0.0000       0.0000 Muxn_5
system/tile_prci_domain/tile_reset_domain_tile/fusion/fgra/fgra/unifiedpes_2/cfg     951.6192     0.0     261.0720    690.5472       0.0000 ConfigMem_18_5
system/tile_prci_domain/tile_reset_domain_tile/fusion/fgra/fgra/unifiedpes_2/delayPipeCG   12217.2288     0.3    8920.6656   3296.5632       0.0000 SharedDelayPipe_24_5
system/tile_prci_domain/tile_reset_domain_tile/fusion/fgra/fgra/unifiedpes_3   27269.5585     0.8       5.4096      0.0000       0.0000 GPE_Unified_3
system/tile_prci_domain/tile_reset_domain_tile/fusion/fgra/fgra/unifiedpes_3/Muxn     296.8224     0.0     296.8224      0.0000       0.0000 Muxn_47_19
system/tile_prci_domain/tile_reset_domain_tile/fusion/fgra/fgra/unifiedpes_3/Muxn_1     282.2400     0.0     282.2400      0.0000       0.0000 Muxn_47_18
system/tile_prci_domain/tile_reset_domain_tile/fusion/fgra/fgra/unifiedpes_3/Muxn_2     300.5856     0.0     300.5856      0.0000       0.0000 Muxn_47_17
system/tile_prci_domain/tile_reset_domain_tile/fusion/fgra/fgra/unifiedpes_3/Muxn_3     289.0608     0.0     289.0608      0.0000       0.0000 Muxn_47_16
system/tile_prci_domain/tile_reset_domain_tile/fusion/fgra/fgra/unifiedpes_3/alu   13130.2753     0.4       1.6464      0.0000       0.0000 ALU_Unified_4
system/tile_prci_domain/tile_reset_domain_tile/fusion/fgra/fgra/unifiedpes_3/alu/eus_0    7191.2401     0.2       0.0000    150.5280       0.0000 EU_5
system/tile_prci_domain/tile_reset_domain_tile/fusion/fgra/fgra/unifiedpes_3/alu/eus_0/Muxn     222.9696     0.0     222.9696      0.0000       0.0000 Muxn_42_19
system/tile_prci_domain/tile_reset_domain_tile/fusion/fgra/fgra/unifiedpes_3/alu/eus_0/Muxn_1     187.2192     0.0     187.2192      0.0000       0.0000 Muxn_42_18
system/tile_prci_domain/tile_reset_domain_tile/fusion/fgra/fgra/unifiedpes_3/alu/eus_0/opCore    6630.5233     0.2       5.6448      0.0000       0.0000 Operator_Core_5
system/tile_prci_domain/tile_reset_domain_tile/fusion/fgra/fgra/unifiedpes_3/alu/eus_0/opCore/fmul    2402.3328     0.1     101.3712    555.3072       0.0000 FMUL_share_4
system/tile_prci_domain/tile_reset_domain_tile/fusion/fgra/fgra/unifiedpes_3/alu/eus_0/opCore/fmul/fmul_s1     427.5936     0.0     346.9200      0.0000       0.0000 FMUL_s1_4
system/tile_prci_domain/tile_reset_domain_tile/fusion/fgra/fgra/unifiedpes_3/alu/eus_0/opCore/fmul/fmul_s1/lzc_clz      80.6736     0.0      80.6736      0.0000       0.0000 CLZ_2_4
system/tile_prci_domain/tile_reset_domain_tile/fusion/fgra/fgra/unifiedpes_3/alu/eus_0/opCore/fmul/fmul_s2    1113.2016     0.0    1113.2016      0.0000       0.0000 FMUL_s2_4
system/tile_prci_domain/tile_reset_domain_tile/fusion/fgra/fgra/unifiedpes_3/alu/eus_0/opCore/fmul/fmul_s3     204.8592     0.0     104.1936      0.0000       0.0000 FMUL_s3_4
system/tile_prci_domain/tile_reset_domain_tile/fusion/fgra/fgra/unifiedpes_3/alu/eus_0/opCore/fmul/fmul_s3/rounder     100.6656     0.0     100.6656      0.0000       0.0000 RoundingUnit_122
system/tile_prci_domain/tile_reset_domain_tile/fusion/fgra/fgra/unifiedpes_3/alu/eus_0/opCore/multipler    4222.5456     0.1    4222.5456      0.0000       0.0000 Mul_4
system/tile_prci_domain/tile_reset_domain_tile/fusion/fgra/fgra/unifiedpes_3/alu/eus_1    5848.2481     0.2       0.0000    151.7040       0.0000 EU_1_4
system/tile_prci_domain/tile_reset_domain_tile/fusion/fgra/fgra/unifiedpes_3/alu/eus_1/Muxn     210.7392     0.0     210.7392      0.0000       0.0000 Muxn_42_17
system/tile_prci_domain/tile_reset_domain_tile/fusion/fgra/fgra/unifiedpes_3/alu/eus_1/Muxn_1     189.5712     0.0     189.5712      0.0000       0.0000 Muxn_42_16
system/tile_prci_domain/tile_reset_domain_tile/fusion/fgra/fgra/unifiedpes_3/alu/eus_1/opCore    5296.2337     0.2       0.0000      0.0000       0.0000 Operator_Core_1_4
system/tile_prci_domain/tile_reset_domain_tile/fusion/fgra/fgra/unifiedpes_3/alu/eus_1/opCore/fadd    5296.2337     0.2       0.0000      0.0000       0.0000 FADD_8
system/tile_prci_domain/tile_reset_domain_tile/fusion/fgra/fgra/unifiedpes_3/alu/eus_1/opCore/fadd/fcmaadd    5296.2337     0.2       2.3520      0.0000       0.0000 FCMA_ADD_8
system/tile_prci_domain/tile_reset_domain_tile/fusion/fgra/fgra/unifiedpes_3/alu/eus_1/opCore/fadd/fcmaadd/fadd_s1    3558.8112     0.1     635.5104      0.0000       0.0000 FCMA_ADD_s1_8
system/tile_prci_domain/tile_reset_domain_tile/fusion/fgra/fgra/unifiedpes_3/alu/eus_1/opCore/fadd/fcmaadd/fadd_s1/far_path_mods_0     901.2864     0.0     390.1968      0.0000       0.0000 FarPath_8
system/tile_prci_domain/tile_reset_domain_tile/fusion/fgra/fgra/unifiedpes_3/alu/eus_1/opCore/fadd/fcmaadd/fadd_s1/far_path_mods_0/shiftRightJam     511.0896     0.0     511.0896      0.0000       0.0000 ShiftRightJam_9
system/tile_prci_domain/tile_reset_domain_tile/fusion/fgra/fgra/unifiedpes_3/alu/eus_1/opCore/fadd/fcmaadd/fadd_s1/near_path_mods_0    1017.7104     0.0     756.6384      0.0000       0.0000 NearPath_17
system/tile_prci_domain/tile_reset_domain_tile/fusion/fgra/fgra/unifiedpes_3/alu/eus_1/opCore/fadd/fcmaadd/fadd_s1/near_path_mods_0/lza_ab     158.5248     0.0     158.5248      0.0000       0.0000 LZA_18
system/tile_prci_domain/tile_reset_domain_tile/fusion/fgra/fgra/unifiedpes_3/alu/eus_1/opCore/fadd/fcmaadd/fadd_s1/near_path_mods_0/lzc_clz     102.5472     0.0     102.5472      0.0000       0.0000 CLZ_19
system/tile_prci_domain/tile_reset_domain_tile/fusion/fgra/fgra/unifiedpes_3/alu/eus_1/opCore/fadd/fcmaadd/fadd_s1/near_path_mods_1    1004.3040     0.0     741.3504      0.0000       0.0000 NearPath_16
system/tile_prci_domain/tile_reset_domain_tile/fusion/fgra/fgra/unifiedpes_3/alu/eus_1/opCore/fadd/fcmaadd/fadd_s1/near_path_mods_1/lza_ab     156.8784     0.0     156.8784      0.0000       0.0000 LZA_17
system/tile_prci_domain/tile_reset_domain_tile/fusion/fgra/fgra/unifiedpes_3/alu/eus_1/opCore/fadd/fcmaadd/fadd_s1/near_path_mods_1/lzc_clz     106.0752     0.0     106.0752      0.0000       0.0000 CLZ_18
system/tile_prci_domain/tile_reset_domain_tile/fusion/fgra/fgra/unifiedpes_3/alu/eus_1/opCore/fadd/fcmaadd/fadd_s2    1735.0704     0.0    1309.5936      0.0000       0.0000 FCMA_ADD_s2_8
system/tile_prci_domain/tile_reset_domain_tile/fusion/fgra/fgra/unifiedpes_3/alu/eus_1/opCore/fadd/fcmaadd/fadd_s2/far_path_rounder     234.9648     0.0     234.9648      0.0000       0.0000 RoundingUnit_54
system/tile_prci_domain/tile_reset_domain_tile/fusion/fgra/fgra/unifiedpes_3/alu/eus_1/opCore/fadd/fcmaadd/fadd_s2/near_path_rounder     190.5120     0.0     190.5120      0.0000       0.0000 RoundingUnit_53
system/tile_prci_domain/tile_reset_domain_tile/fusion/fgra/fgra/unifiedpes_3/alu/outMuxCG      89.1408     0.0      89.1408      0.0000       0.0000 Muxn_4
system/tile_prci_domain/tile_reset_domain_tile/fusion/fgra/fgra/unifiedpes_3/cfg     941.7408     0.0     261.0720    680.6688       0.0000 ConfigMem_18_4
system/tile_prci_domain/tile_reset_domain_tile/fusion/fgra/fgra/unifiedpes_3/delayPipeCG   12023.4240     0.3    8699.3424   3324.0816       0.0000 SharedDelayPipe_24_4
system/tile_prci_domain/tile_reset_domain_tile/fusion/fgra/fgra/unifiedpes_4   27801.1106     0.8       5.1744      0.0000       0.0000 GPE_Unified_4
system/tile_prci_domain/tile_reset_domain_tile/fusion/fgra/fgra/unifiedpes_4/Muxn     291.1776     0.0     291.1776      0.0000       0.0000 Muxn_47_15
system/tile_prci_domain/tile_reset_domain_tile/fusion/fgra/fgra/unifiedpes_4/Muxn_1     256.1328     0.0     256.1328      0.0000       0.0000 Muxn_47_14
system/tile_prci_domain/tile_reset_domain_tile/fusion/fgra/fgra/unifiedpes_4/Muxn_2     257.5440     0.0     257.5440      0.0000       0.0000 Muxn_47_13
system/tile_prci_domain/tile_reset_domain_tile/fusion/fgra/fgra/unifiedpes_4/Muxn_3     266.0112     0.0     266.0112      0.0000       0.0000 Muxn_47_12
system/tile_prci_domain/tile_reset_domain_tile/fusion/fgra/fgra/unifiedpes_4/alu   13301.7361     0.4       4.2336      0.0000       0.0000 ALU_Unified_3
system/tile_prci_domain/tile_reset_domain_tile/fusion/fgra/fgra/unifiedpes_4/alu/eus_0    7275.2065     0.2       0.0000    150.5280       0.0000 EU_4
system/tile_prci_domain/tile_reset_domain_tile/fusion/fgra/fgra/unifiedpes_4/alu/eus_0/Muxn     219.4416     0.0     219.4416      0.0000       0.0000 Muxn_42_15
system/tile_prci_domain/tile_reset_domain_tile/fusion/fgra/fgra/unifiedpes_4/alu/eus_0/Muxn_1     163.4640     0.0     163.4640      0.0000       0.0000 Muxn_42_14
system/tile_prci_domain/tile_reset_domain_tile/fusion/fgra/fgra/unifiedpes_4/alu/eus_0/opCore    6741.7729     0.2       0.0000      0.0000       0.0000 Operator_Core_4
system/tile_prci_domain/tile_reset_domain_tile/fusion/fgra/fgra/unifiedpes_4/alu/eus_0/opCore/fmul    2434.0848     0.1     108.6624    555.3072       0.0000 FMUL_share_3
system/tile_prci_domain/tile_reset_domain_tile/fusion/fgra/fgra/unifiedpes_4/alu/eus_0/opCore/fmul/fmul_s1     434.4144     0.0     353.0352      0.0000       0.0000 FMUL_s1_3
system/tile_prci_domain/tile_reset_domain_tile/fusion/fgra/fgra/unifiedpes_4/alu/eus_0/opCore/fmul/fmul_s1/lzc_clz      81.3792     0.0      81.3792      0.0000       0.0000 CLZ_2_3
system/tile_prci_domain/tile_reset_domain_tile/fusion/fgra/fgra/unifiedpes_4/alu/eus_0/opCore/fmul/fmul_s2    1130.8416     0.0    1130.8416      0.0000       0.0000 FMUL_s2_3
system/tile_prci_domain/tile_reset_domain_tile/fusion/fgra/fgra/unifiedpes_4/alu/eus_0/opCore/fmul/fmul_s3     204.8592     0.0     104.1936      0.0000       0.0000 FMUL_s3_3
system/tile_prci_domain/tile_reset_domain_tile/fusion/fgra/fgra/unifiedpes_4/alu/eus_0/opCore/fmul/fmul_s3/rounder     100.6656     0.0     100.6656      0.0000       0.0000 RoundingUnit_120
system/tile_prci_domain/tile_reset_domain_tile/fusion/fgra/fgra/unifiedpes_4/alu/eus_0/opCore/multipler    4307.6880     0.1    4307.6880      0.0000       0.0000 Mul_3
system/tile_prci_domain/tile_reset_domain_tile/fusion/fgra/fgra/unifiedpes_4/alu/eus_1    5929.6273     0.2       0.0000    150.5280       0.0000 EU_1_3
system/tile_prci_domain/tile_reset_domain_tile/fusion/fgra/fgra/unifiedpes_4/alu/eus_1/Muxn     191.9232     0.0     191.9232      0.0000       0.0000 Muxn_42_13
system/tile_prci_domain/tile_reset_domain_tile/fusion/fgra/fgra/unifiedpes_4/alu/eus_1/Muxn_1     174.0480     0.0     174.0480      0.0000       0.0000 Muxn_42_12
system/tile_prci_domain/tile_reset_domain_tile/fusion/fgra/fgra/unifiedpes_4/alu/eus_1/opCore    5413.1281     0.2       0.0000      0.0000       0.0000 Operator_Core_1_3
system/tile_prci_domain/tile_reset_domain_tile/fusion/fgra/fgra/unifiedpes_4/alu/eus_1/opCore/fadd    5413.1281     0.2       0.0000      0.0000       0.0000 FADD_6
system/tile_prci_domain/tile_reset_domain_tile/fusion/fgra/fgra/unifiedpes_4/alu/eus_1/opCore/fadd/fcmaadd    5413.1281     0.2       2.3520      0.0000       0.0000 FCMA_ADD_6
system/tile_prci_domain/tile_reset_domain_tile/fusion/fgra/fgra/unifiedpes_4/alu/eus_1/opCore/fadd/fcmaadd/fadd_s1    3647.7169     0.1     637.8624      0.0000       0.0000 FCMA_ADD_s1_6
system/tile_prci_domain/tile_reset_domain_tile/fusion/fgra/fgra/unifiedpes_4/alu/eus_1/opCore/fadd/fcmaadd/fadd_s1/far_path_mods_0     927.8640     0.0     424.3008      0.0000       0.0000 FarPath_6
system/tile_prci_domain/tile_reset_domain_tile/fusion/fgra/fgra/unifiedpes_4/alu/eus_1/opCore/fadd/fcmaadd/fadd_s1/far_path_mods_0/shiftRightJam     503.5632     0.0     503.5632      0.0000       0.0000 ShiftRightJam_7
system/tile_prci_domain/tile_reset_domain_tile/fusion/fgra/fgra/unifiedpes_4/alu/eus_1/opCore/fadd/fcmaadd/fadd_s1/near_path_mods_0    1034.4096     0.0     763.6944      0.0000       0.0000 NearPath_13
system/tile_prci_domain/tile_reset_domain_tile/fusion/fgra/fgra/unifiedpes_4/alu/eus_1/opCore/fadd/fcmaadd/fadd_s1/near_path_mods_0/lza_ab     162.5232     0.0     162.5232      0.0000       0.0000 LZA_14
system/tile_prci_domain/tile_reset_domain_tile/fusion/fgra/fgra/unifiedpes_4/alu/eus_1/opCore/fadd/fcmaadd/fadd_s1/near_path_mods_0/lzc_clz     108.1920     0.0     108.1920      0.0000       0.0000 CLZ_15
system/tile_prci_domain/tile_reset_domain_tile/fusion/fgra/fgra/unifiedpes_4/alu/eus_1/opCore/fadd/fcmaadd/fadd_s1/near_path_mods_1    1047.5808     0.0     766.5168      0.0000       0.0000 NearPath_12
system/tile_prci_domain/tile_reset_domain_tile/fusion/fgra/fgra/unifiedpes_4/alu/eus_1/opCore/fadd/fcmaadd/fadd_s1/near_path_mods_1/lza_ab     173.5776     0.0     173.5776      0.0000       0.0000 LZA_13
system/tile_prci_domain/tile_reset_domain_tile/fusion/fgra/fgra/unifiedpes_4/alu/eus_1/opCore/fadd/fcmaadd/fadd_s1/near_path_mods_1/lzc_clz     107.4864     0.0     107.4864      0.0000       0.0000 CLZ_14
system/tile_prci_domain/tile_reset_domain_tile/fusion/fgra/fgra/unifiedpes_4/alu/eus_1/opCore/fadd/fcmaadd/fadd_s2    1763.0592     0.1    1296.4224      0.0000       0.0000 FCMA_ADD_s2_6
system/tile_prci_domain/tile_reset_domain_tile/fusion/fgra/fgra/unifiedpes_4/alu/eus_1/opCore/fadd/fcmaadd/fadd_s2/far_path_rounder     260.8368     0.0     260.8368      0.0000       0.0000 RoundingUnit_49
system/tile_prci_domain/tile_reset_domain_tile/fusion/fgra/fgra/unifiedpes_4/alu/eus_1/opCore/fadd/fcmaadd/fadd_s2/near_path_rounder     205.8000     0.0     205.8000      0.0000       0.0000 RoundingUnit_48
system/tile_prci_domain/tile_reset_domain_tile/fusion/fgra/fgra/unifiedpes_4/alu/outMuxCG      92.6688     0.0      92.6688      0.0000       0.0000 Muxn_3
system/tile_prci_domain/tile_reset_domain_tile/fusion/fgra/fgra/unifiedpes_4/cfg     964.3200     0.0     261.0720    703.2480       0.0000 ConfigMem_18_3
system/tile_prci_domain/tile_reset_domain_tile/fusion/fgra/fgra/unifiedpes_4/delayPipeCG   12459.0144     0.4    9172.3296   3286.6848       0.0000 SharedDelayPipe_24_3
system/tile_prci_domain/tile_reset_domain_tile/fusion/fgra/fgra/unifiedpes_5   27338.4721     0.8       5.1744      0.0000       0.0000 GPE_Unified_5
system/tile_prci_domain/tile_reset_domain_tile/fusion/fgra/fgra/unifiedpes_5/Muxn     294.9408     0.0     294.9408      0.0000       0.0000 Muxn_47_11
system/tile_prci_domain/tile_reset_domain_tile/fusion/fgra/fgra/unifiedpes_5/Muxn_1     293.5296     0.0     293.5296      0.0000       0.0000 Muxn_47_10
system/tile_prci_domain/tile_reset_domain_tile/fusion/fgra/fgra/unifiedpes_5/Muxn_2     297.0576     0.0     297.0576      0.0000       0.0000 Muxn_47_9
system/tile_prci_domain/tile_reset_domain_tile/fusion/fgra/fgra/unifiedpes_5/Muxn_3     278.9472     0.0     278.9472      0.0000       0.0000 Muxn_47_8
system/tile_prci_domain/tile_reset_domain_tile/fusion/fgra/fgra/unifiedpes_5/alu   13215.8881     0.4       3.0576      0.0000       0.0000 ALU_Unified_2
system/tile_prci_domain/tile_reset_domain_tile/fusion/fgra/fgra/unifiedpes_5/alu/eus_0    7292.3761     0.2       0.0000    150.7632       0.0000 EU_3
system/tile_prci_domain/tile_reset_domain_tile/fusion/fgra/fgra/unifiedpes_5/alu/eus_0/Muxn     202.5072     0.0     202.5072      0.0000       0.0000 Muxn_42_11
system/tile_prci_domain/tile_reset_domain_tile/fusion/fgra/fgra/unifiedpes_5/alu/eus_0/Muxn_1     224.3808     0.0     224.3808      0.0000       0.0000 Muxn_42_10
system/tile_prci_domain/tile_reset_domain_tile/fusion/fgra/fgra/unifiedpes_5/alu/eus_0/opCore    6714.7249     0.2       0.0000      0.0000       0.0000 Operator_Core_3
system/tile_prci_domain/tile_reset_domain_tile/fusion/fgra/fgra/unifiedpes_5/alu/eus_0/opCore/fmul    2420.6784     0.1     110.5440    555.3072       0.0000 FMUL_share_2
system/tile_prci_domain/tile_reset_domain_tile/fusion/fgra/fgra/unifiedpes_5/alu/eus_0/opCore/fmul/fmul_s1     428.2992     0.0     348.3312      0.0000       0.0000 FMUL_s1_2
system/tile_prci_domain/tile_reset_domain_tile/fusion/fgra/fgra/unifiedpes_5/alu/eus_0/opCore/fmul/fmul_s1/lzc_clz      79.9680     0.0      79.9680      0.0000       0.0000 CLZ_2_2
system/tile_prci_domain/tile_reset_domain_tile/fusion/fgra/fgra/unifiedpes_5/alu/eus_0/opCore/fmul/fmul_s2    1121.6688     0.0    1121.6688      0.0000       0.0000 FMUL_s2_2
system/tile_prci_domain/tile_reset_domain_tile/fusion/fgra/fgra/unifiedpes_5/alu/eus_0/opCore/fmul/fmul_s3     204.8592     0.0     104.1936      0.0000       0.0000 FMUL_s3_2
system/tile_prci_domain/tile_reset_domain_tile/fusion/fgra/fgra/unifiedpes_5/alu/eus_0/opCore/fmul/fmul_s3/rounder     100.6656     0.0     100.6656      0.0000       0.0000 RoundingUnit_104
system/tile_prci_domain/tile_reset_domain_tile/fusion/fgra/fgra/unifiedpes_5/alu/eus_0/opCore/multipler    4294.0465     0.1    4294.0465      0.0000       0.0000 Mul_2
system/tile_prci_domain/tile_reset_domain_tile/fusion/fgra/fgra/unifiedpes_5/alu/eus_1    5823.0817     0.2       0.0000    150.7632       0.0000 EU_1_2
system/tile_prci_domain/tile_reset_domain_tile/fusion/fgra/fgra/unifiedpes_5/alu/eus_1/Muxn     205.8000     0.0     205.8000      0.0000       0.0000 Muxn_42_9
system/tile_prci_domain/tile_reset_domain_tile/fusion/fgra/fgra/unifiedpes_5/alu/eus_1/Muxn_1     200.6256     0.0     200.6256      0.0000       0.0000 Muxn_42_8
system/tile_prci_domain/tile_reset_domain_tile/fusion/fgra/fgra/unifiedpes_5/alu/eus_1/opCore    5265.8929     0.2       0.0000      0.0000       0.0000 Operator_Core_1_2
system/tile_prci_domain/tile_reset_domain_tile/fusion/fgra/fgra/unifiedpes_5/alu/eus_1/opCore/fadd    5265.8929     0.2       0.0000      0.0000       0.0000 FADD_4
system/tile_prci_domain/tile_reset_domain_tile/fusion/fgra/fgra/unifiedpes_5/alu/eus_1/opCore/fadd/fcmaadd    5265.8929     0.2       2.3520      0.0000       0.0000 FCMA_ADD_4
system/tile_prci_domain/tile_reset_domain_tile/fusion/fgra/fgra/unifiedpes_5/alu/eus_1/opCore/fadd/fcmaadd/fadd_s1    3555.5184     0.1     692.1936      0.0000       0.0000 FCMA_ADD_s1_4
system/tile_prci_domain/tile_reset_domain_tile/fusion/fgra/fgra/unifiedpes_5/alu/eus_1/opCore/fadd/fcmaadd/fadd_s1/far_path_mods_0     885.2928     0.0     367.1472      0.0000       0.0000 FarPath_4
system/tile_prci_domain/tile_reset_domain_tile/fusion/fgra/fgra/unifiedpes_5/alu/eus_1/opCore/fadd/fcmaadd/fadd_s1/far_path_mods_0/shiftRightJam     518.1456     0.0     518.1456      0.0000       0.0000 ShiftRightJam_5
system/tile_prci_domain/tile_reset_domain_tile/fusion/fgra/fgra/unifiedpes_5/alu/eus_1/opCore/fadd/fcmaadd/fadd_s1/near_path_mods_0    1002.4224     0.0     736.4112      0.0000       0.0000 NearPath_9
system/tile_prci_domain/tile_reset_domain_tile/fusion/fgra/fgra/unifiedpes_5/alu/eus_1/opCore/fadd/fcmaadd/fadd_s1/near_path_mods_0/lza_ab     158.7600     0.0     158.7600      0.0000       0.0000 LZA_10
system/tile_prci_domain/tile_reset_domain_tile/fusion/fgra/fgra/unifiedpes_5/alu/eus_1/opCore/fadd/fcmaadd/fadd_s1/near_path_mods_0/lzc_clz     107.2512     0.0     107.2512      0.0000       0.0000 CLZ_11
system/tile_prci_domain/tile_reset_domain_tile/fusion/fgra/fgra/unifiedpes_5/alu/eus_1/opCore/fadd/fcmaadd/fadd_s1/near_path_mods_1     975.6096     0.0     734.0592      0.0000       0.0000 NearPath_8
system/tile_prci_domain/tile_reset_domain_tile/fusion/fgra/fgra/unifiedpes_5/alu/eus_1/opCore/fadd/fcmaadd/fadd_s1/near_path_mods_1/lza_ab     144.6480     0.0     144.6480      0.0000       0.0000 LZA_9
system/tile_prci_domain/tile_reset_domain_tile/fusion/fgra/fgra/unifiedpes_5/alu/eus_1/opCore/fadd/fcmaadd/fadd_s1/near_path_mods_1/lzc_clz      96.9024     0.0      96.9024      0.0000       0.0000 CLZ_10
system/tile_prci_domain/tile_reset_domain_tile/fusion/fgra/fgra/unifiedpes_5/alu/eus_1/opCore/fadd/fcmaadd/fadd_s2    1708.0224     0.0    1282.0752      0.0000       0.0000 FCMA_ADD_s2_4
system/tile_prci_domain/tile_reset_domain_tile/fusion/fgra/fgra/unifiedpes_5/alu/eus_1/opCore/fadd/fcmaadd/fadd_s2/far_path_rounder     235.2000     0.0     235.2000      0.0000       0.0000 RoundingUnit_44
system/tile_prci_domain/tile_reset_domain_tile/fusion/fgra/fgra/unifiedpes_5/alu/eus_1/opCore/fadd/fcmaadd/fadd_s2/near_path_rounder     190.7472     0.0     190.7472      0.0000       0.0000 RoundingUnit_43
system/tile_prci_domain/tile_reset_domain_tile/fusion/fgra/fgra/unifiedpes_5/alu/outMuxCG      97.3728     0.0      97.3728      0.0000       0.0000 Muxn_2
system/tile_prci_domain/tile_reset_domain_tile/fusion/fgra/fgra/unifiedpes_5/cfg     933.9792     0.0     261.0720    672.9072       0.0000 ConfigMem_18_2
system/tile_prci_domain/tile_reset_domain_tile/fusion/fgra/fgra/unifiedpes_5/delayPipeCG   12018.9552     0.3    8736.9744   3281.9808       0.0000 SharedDelayPipe_24_2
system/tile_prci_domain/tile_reset_domain_tile/fusion/fgra/fgra/unifiedpes_6   27566.1457     0.8       8.7024      0.0000       0.0000 GPE_Unified_6
system/tile_prci_domain/tile_reset_domain_tile/fusion/fgra/fgra/unifiedpes_6/Muxn     298.7040     0.0     298.7040      0.0000       0.0000 Muxn_47_7
system/tile_prci_domain/tile_reset_domain_tile/fusion/fgra/fgra/unifiedpes_6/Muxn_1     285.5328     0.0     285.5328      0.0000       0.0000 Muxn_47_6
system/tile_prci_domain/tile_reset_domain_tile/fusion/fgra/fgra/unifiedpes_6/Muxn_2     295.6464     0.0     295.6464      0.0000       0.0000 Muxn_47_5
system/tile_prci_domain/tile_reset_domain_tile/fusion/fgra/fgra/unifiedpes_6/Muxn_3     302.4672     0.0     302.4672      0.0000       0.0000 Muxn_47_4
system/tile_prci_domain/tile_reset_domain_tile/fusion/fgra/fgra/unifiedpes_6/alu   13438.3874     0.4       4.7040      0.0000       0.0000 ALU_Unified_1
system/tile_prci_domain/tile_reset_domain_tile/fusion/fgra/fgra/unifiedpes_6/alu/eus_0    7314.4849     0.2       0.0000    150.5280       0.0000 EU_2
system/tile_prci_domain/tile_reset_domain_tile/fusion/fgra/fgra/unifiedpes_6/alu/eus_0/Muxn     206.9760     0.0     206.9760      0.0000       0.0000 Muxn_42_7
system/tile_prci_domain/tile_reset_domain_tile/fusion/fgra/fgra/unifiedpes_6/alu/eus_0/Muxn_1     209.3280     0.0     209.3280      0.0000       0.0000 Muxn_42_6
system/tile_prci_domain/tile_reset_domain_tile/fusion/fgra/fgra/unifiedpes_6/alu/eus_0/opCore    6747.6529     0.2       8.4672      0.0000       0.0000 Operator_Core_2
system/tile_prci_domain/tile_reset_domain_tile/fusion/fgra/fgra/unifiedpes_6/alu/eus_0/opCore/fmul    2432.9088     0.1     111.9552    555.5424       0.0000 FMUL_share_1
system/tile_prci_domain/tile_reset_domain_tile/fusion/fgra/fgra/unifiedpes_6/alu/eus_0/opCore/fmul/fmul_s1     438.4128     0.0     358.9152      0.0000       0.0000 FMUL_s1_1
system/tile_prci_domain/tile_reset_domain_tile/fusion/fgra/fgra/unifiedpes_6/alu/eus_0/opCore/fmul/fmul_s1/lzc_clz      79.4976     0.0      79.4976      0.0000       0.0000 CLZ_2_1
system/tile_prci_domain/tile_reset_domain_tile/fusion/fgra/fgra/unifiedpes_6/alu/eus_0/opCore/fmul/fmul_s2    1122.1392     0.0    1122.1392      0.0000       0.0000 FMUL_s2_1
system/tile_prci_domain/tile_reset_domain_tile/fusion/fgra/fgra/unifiedpes_6/alu/eus_0/opCore/fmul/fmul_s3     204.8592     0.0     104.1936      0.0000       0.0000 FMUL_s3_1
system/tile_prci_domain/tile_reset_domain_tile/fusion/fgra/fgra/unifiedpes_6/alu/eus_0/opCore/fmul/fmul_s3/rounder     100.6656     0.0     100.6656      0.0000       0.0000 RoundingUnit_102
system/tile_prci_domain/tile_reset_domain_tile/fusion/fgra/fgra/unifiedpes_6/alu/eus_0/opCore/multipler    4306.2769     0.1    4306.2769      0.0000       0.0000 Mul_1
system/tile_prci_domain/tile_reset_domain_tile/fusion/fgra/fgra/unifiedpes_6/alu/eus_1    5988.4273     0.2       1.8816    150.9984       0.0000 EU_1_1
system/tile_prci_domain/tile_reset_domain_tile/fusion/fgra/fgra/unifiedpes_6/alu/eus_1/Muxn     192.3936     0.0     192.3936      0.0000       0.0000 Muxn_42_5
system/tile_prci_domain/tile_reset_domain_tile/fusion/fgra/fgra/unifiedpes_6/alu/eus_1/Muxn_1     210.9744     0.0     210.9744      0.0000       0.0000 Muxn_42_4
system/tile_prci_domain/tile_reset_domain_tile/fusion/fgra/fgra/unifiedpes_6/alu/eus_1/opCore    5432.1793     0.2       0.0000      0.0000       0.0000 Operator_Core_1_1
system/tile_prci_domain/tile_reset_domain_tile/fusion/fgra/fgra/unifiedpes_6/alu/eus_1/opCore/fadd    5432.1793     0.2       0.0000      0.0000       0.0000 FADD_2
system/tile_prci_domain/tile_reset_domain_tile/fusion/fgra/fgra/unifiedpes_6/alu/eus_1/opCore/fadd/fcmaadd    5432.1793     0.2       2.3520      0.0000       0.0000 FCMA_ADD_2
system/tile_prci_domain/tile_reset_domain_tile/fusion/fgra/fgra/unifiedpes_6/alu/eus_1/opCore/fadd/fcmaadd/fadd_s1    3691.4641     0.1     712.4208      0.0000       0.0000 FCMA_ADD_s1_2
system/tile_prci_domain/tile_reset_domain_tile/fusion/fgra/fgra/unifiedpes_6/alu/eus_1/opCore/fadd/fcmaadd/fadd_s1/far_path_mods_0     902.9328     0.0     405.2496      0.0000       0.0000 FarPath_2
system/tile_prci_domain/tile_reset_domain_tile/fusion/fgra/fgra/unifiedpes_6/alu/eus_1/opCore/fadd/fcmaadd/fadd_s1/far_path_mods_0/shiftRightJam     497.6832     0.0     497.6832      0.0000       0.0000 ShiftRightJam_3
system/tile_prci_domain/tile_reset_domain_tile/fusion/fgra/fgra/unifiedpes_6/alu/eus_1/opCore/fadd/fcmaadd/fadd_s1/near_path_mods_0    1037.2320     0.0     761.3424      0.0000       0.0000 NearPath_5
system/tile_prci_domain/tile_reset_domain_tile/fusion/fgra/fgra/unifiedpes_6/alu/eus_1/opCore/fadd/fcmaadd/fadd_s1/near_path_mods_0/lza_ab     163.4640     0.0     163.4640      0.0000       0.0000 LZA_6
system/tile_prci_domain/tile_reset_domain_tile/fusion/fgra/fgra/unifiedpes_6/alu/eus_1/opCore/fadd/fcmaadd/fadd_s1/near_path_mods_0/lzc_clz     112.4256     0.0     112.4256      0.0000       0.0000 CLZ_7
system/tile_prci_domain/tile_reset_domain_tile/fusion/fgra/fgra/unifiedpes_6/alu/eus_1/opCore/fadd/fcmaadd/fadd_s1/near_path_mods_1    1038.8784     0.0     773.3376      0.0000       0.0000 NearPath_4
system/tile_prci_domain/tile_reset_domain_tile/fusion/fgra/fgra/unifiedpes_6/alu/eus_1/opCore/fadd/fcmaadd/fadd_s1/near_path_mods_1/lza_ab     159.9360     0.0     159.9360      0.0000       0.0000 LZA_5
system/tile_prci_domain/tile_reset_domain_tile/fusion/fgra/fgra/unifiedpes_6/alu/eus_1/opCore/fadd/fcmaadd/fadd_s1/near_path_mods_1/lzc_clz     105.6048     0.0     105.6048      0.0000       0.0000 CLZ_6
system/tile_prci_domain/tile_reset_domain_tile/fusion/fgra/fgra/unifiedpes_6/alu/eus_1/opCore/fadd/fcmaadd/fadd_s2    1738.3632     0.0    1274.5488      0.0000       0.0000 FCMA_ADD_s2_2
system/tile_prci_domain/tile_reset_domain_tile/fusion/fgra/fgra/unifiedpes_6/alu/eus_1/opCore/fadd/fcmaadd/fadd_s2/far_path_rounder     269.5392     0.0     269.5392      0.0000       0.0000 RoundingUnit_39
system/tile_prci_domain/tile_reset_domain_tile/fusion/fgra/fgra/unifiedpes_6/alu/eus_1/opCore/fadd/fcmaadd/fadd_s2/near_path_rounder     194.2752     0.0     194.2752      0.0000       0.0000 RoundingUnit_38
system/tile_prci_domain/tile_reset_domain_tile/fusion/fgra/fgra/unifiedpes_6/alu/outMuxCG     130.7712     0.0     130.7712      0.0000       0.0000 Muxn_1
system/tile_prci_domain/tile_reset_domain_tile/fusion/fgra/fgra/unifiedpes_6/cfg     962.2032     0.0     261.0720    701.1312       0.0000 ConfigMem_18_1
system/tile_prci_domain/tile_reset_domain_tile/fusion/fgra/fgra/unifiedpes_6/delayPipeCG   11974.5024     0.3    8700.2832   3274.2192       0.0000 SharedDelayPipe_24_1
system/tile_prci_domain/tile_reset_domain_tile/fusion/fgra/fgra/unifiedpes_7   27428.5537     0.8       6.5856      0.0000       0.0000 GPE_Unified_7
system/tile_prci_domain/tile_reset_domain_tile/fusion/fgra/fgra/unifiedpes_7/Muxn     259.4256     0.0     259.4256      0.0000       0.0000 Muxn_47_3
system/tile_prci_domain/tile_reset_domain_tile/fusion/fgra/fgra/unifiedpes_7/Muxn_1     258.9552     0.0     258.9552      0.0000       0.0000 Muxn_47_2
system/tile_prci_domain/tile_reset_domain_tile/fusion/fgra/fgra/unifiedpes_7/Muxn_2     293.5296     0.0     293.5296      0.0000       0.0000 Muxn_47_1
system/tile_prci_domain/tile_reset_domain_tile/fusion/fgra/fgra/unifiedpes_7/Muxn_3     279.6528     0.0     279.6528      0.0000       0.0000 Muxn_47_0
system/tile_prci_domain/tile_reset_domain_tile/fusion/fgra/fgra/unifiedpes_7/alu   13107.9313     0.4      12.2304      0.0000       0.0000 ALU_Unified_0
system/tile_prci_domain/tile_reset_domain_tile/fusion/fgra/fgra/unifiedpes_7/alu/eus_0    7210.7617     0.2       0.0000    158.2896       0.0000 EU_0
system/tile_prci_domain/tile_reset_domain_tile/fusion/fgra/fgra/unifiedpes_7/alu/eus_0/Muxn     215.6784     0.0     215.6784      0.0000       0.0000 Muxn_42_3
system/tile_prci_domain/tile_reset_domain_tile/fusion/fgra/fgra/unifiedpes_7/alu/eus_0/Muxn_1     169.5792     0.0     169.5792      0.0000       0.0000 Muxn_42_2
system/tile_prci_domain/tile_reset_domain_tile/fusion/fgra/fgra/unifiedpes_7/alu/eus_0/opCore    6667.2145     0.2       0.0000      0.0000       0.0000 Operator_Core_0
system/tile_prci_domain/tile_reset_domain_tile/fusion/fgra/fgra/unifiedpes_7/alu/eus_0/opCore/fmul    2425.8528     0.1     107.4864    555.3072       0.0000 FMUL_share_0
system/tile_prci_domain/tile_reset_domain_tile/fusion/fgra/fgra/unifiedpes_7/alu/eus_0/opCore/fmul/fmul_s1     430.6512     0.0     348.0960      0.0000       0.0000 FMUL_s1_0
system/tile_prci_domain/tile_reset_domain_tile/fusion/fgra/fgra/unifiedpes_7/alu/eus_0/opCore/fmul/fmul_s1/lzc_clz      82.5552     0.0      82.5552      0.0000       0.0000 CLZ_2_0
system/tile_prci_domain/tile_reset_domain_tile/fusion/fgra/fgra/unifiedpes_7/alu/eus_0/opCore/fmul/fmul_s2    1127.5488     0.0    1127.5488      0.0000       0.0000 FMUL_s2_0
system/tile_prci_domain/tile_reset_domain_tile/fusion/fgra/fgra/unifiedpes_7/alu/eus_0/opCore/fmul/fmul_s3     204.8592     0.0     104.1936      0.0000       0.0000 FMUL_s3_0
system/tile_prci_domain/tile_reset_domain_tile/fusion/fgra/fgra/unifiedpes_7/alu/eus_0/opCore/fmul/fmul_s3/rounder     100.6656     0.0     100.6656      0.0000       0.0000 RoundingUnit_100
system/tile_prci_domain/tile_reset_domain_tile/fusion/fgra/fgra/unifiedpes_7/alu/eus_0/opCore/multipler    4241.3617     0.1    4241.3617      0.0000       0.0000 Mul_0
system/tile_prci_domain/tile_reset_domain_tile/fusion/fgra/fgra/unifiedpes_7/alu/eus_1    5795.3281     0.2       0.0000    150.5280       0.0000 EU_1_0
system/tile_prci_domain/tile_reset_domain_tile/fusion/fgra/fgra/unifiedpes_7/alu/eus_1/Muxn     192.6288     0.0     192.6288      0.0000       0.0000 Muxn_42_1
system/tile_prci_domain/tile_reset_domain_tile/fusion/fgra/fgra/unifiedpes_7/alu/eus_1/Muxn_1     177.5760     0.0     177.5760      0.0000       0.0000 Muxn_42_0
system/tile_prci_domain/tile_reset_domain_tile/fusion/fgra/fgra/unifiedpes_7/alu/eus_1/opCore    5274.5953     0.2       0.0000      0.0000       0.0000 Operator_Core_1_0
system/tile_prci_domain/tile_reset_domain_tile/fusion/fgra/fgra/unifiedpes_7/alu/eus_1/opCore/fadd    5274.5953     0.2       0.0000      0.0000       0.0000 FADD_0
system/tile_prci_domain/tile_reset_domain_tile/fusion/fgra/fgra/unifiedpes_7/alu/eus_1/opCore/fadd/fcmaadd    5274.5953     0.2       2.3520      0.0000       0.0000 FCMA_ADD_0
system/tile_prci_domain/tile_reset_domain_tile/fusion/fgra/fgra/unifiedpes_7/alu/eus_1/opCore/fadd/fcmaadd/fadd_s1    3527.2944     0.1     665.3808      0.0000       0.0000 FCMA_ADD_s1_0
system/tile_prci_domain/tile_reset_domain_tile/fusion/fgra/fgra/unifiedpes_7/alu/eus_1/opCore/fadd/fcmaadd/fadd_s1/far_path_mods_0     865.3008     0.0     377.4960      0.0000       0.0000 FarPath_0
system/tile_prci_domain/tile_reset_domain_tile/fusion/fgra/fgra/unifiedpes_7/alu/eus_1/opCore/fadd/fcmaadd/fadd_s1/far_path_mods_0/shiftRightJam     487.8048     0.0     487.8048      0.0000       0.0000 ShiftRightJam_0
system/tile_prci_domain/tile_reset_domain_tile/fusion/fgra/fgra/unifiedpes_7/alu/eus_1/opCore/fadd/fcmaadd/fadd_s1/near_path_mods_0    1003.8336     0.0     744.4080      0.0000       0.0000 NearPath_1
system/tile_prci_domain/tile_reset_domain_tile/fusion/fgra/fgra/unifiedpes_7/alu/eus_1/opCore/fadd/fcmaadd/fadd_s1/near_path_mods_0/lza_ab     158.9952     0.0     158.9952      0.0000       0.0000 LZA_1
system/tile_prci_domain/tile_reset_domain_tile/fusion/fgra/fgra/unifiedpes_7/alu/eus_1/opCore/fadd/fcmaadd/fadd_s1/near_path_mods_0/lzc_clz     100.4304     0.0     100.4304      0.0000       0.0000 CLZ_1
system/tile_prci_domain/tile_reset_domain_tile/fusion/fgra/fgra/unifiedpes_7/alu/eus_1/opCore/fadd/fcmaadd/fadd_s1/near_path_mods_1     992.7792     0.0     744.6432      0.0000       0.0000 NearPath_0
system/tile_prci_domain/tile_reset_domain_tile/fusion/fgra/fgra/unifiedpes_7/alu/eus_1/opCore/fadd/fcmaadd/fadd_s1/near_path_mods_1/lza_ab     148.4112     0.0     148.4112      0.0000       0.0000 LZA_0
system/tile_prci_domain/tile_reset_domain_tile/fusion/fgra/fgra/unifiedpes_7/alu/eus_1/opCore/fadd/fcmaadd/fadd_s1/near_path_mods_1/lzc_clz      99.7248     0.0      99.7248      0.0000       0.0000 CLZ_0
system/tile_prci_domain/tile_reset_domain_tile/fusion/fgra/fgra/unifiedpes_7/alu/eus_1/opCore/fadd/fcmaadd/fadd_s2    1744.9488     0.0    1314.0624      0.0000       0.0000 FCMA_ADD_s2_0
system/tile_prci_domain/tile_reset_domain_tile/fusion/fgra/fgra/unifiedpes_7/alu/eus_1/opCore/fadd/fcmaadd/fadd_s2/far_path_rounder     235.2000     0.0     235.2000      0.0000       0.0000 RoundingUnit_34
system/tile_prci_domain/tile_reset_domain_tile/fusion/fgra/fgra/unifiedpes_7/alu/eus_1/opCore/fadd/fcmaadd/fadd_s2/near_path_rounder     195.6864     0.0     195.6864      0.0000       0.0000 RoundingUnit_33
system/tile_prci_domain/tile_reset_domain_tile/fusion/fgra/fgra/unifiedpes_7/alu/outMuxCG      89.6112     0.0      89.6112      0.0000       0.0000 Muxn_0
system/tile_prci_domain/tile_reset_domain_tile/fusion/fgra/fgra/unifiedpes_7/cfg     959.6160     0.0     261.0720    698.5440       0.0000 ConfigMem_18_0
system/tile_prci_domain/tile_reset_domain_tile/fusion/fgra/fgra/unifiedpes_7/delayPipeCG   12262.8576     0.3    8974.0560   3288.8016       0.0000 SharedDelayPipe_24_0
system/tile_prci_domain/tile_reset_domain_tile/fusion/fgra/fgra/xcores_0   91667.0836     2.6       8.2320      0.0000       0.0000 XCore
system/tile_prci_domain/tile_reset_domain_tile/fusion/fgra/fgra/xcores_0/Muxn     204.1536     0.0     204.1536      0.0000       0.0000 Muxn_24_143
system/tile_prci_domain/tile_reset_domain_tile/fusion/fgra/fgra/xcores_0/Muxn_1     204.1536     0.0     204.1536      0.0000       0.0000 Muxn_24_142
system/tile_prci_domain/tile_reset_domain_tile/fusion/fgra/fgra/xcores_0/cfg   11712.9600     0.3    4346.7312   7366.2288       0.0000 ConfigMem_20_1
system/tile_prci_domain/tile_reset_domain_tile/fusion/fgra/fgra/xcores_0/delayPipeCG    6507.7488     0.2    3750.9696   2756.7792       0.0000 SharedDelayPipe_12_21
system/tile_prci_domain/tile_reset_domain_tile/fusion/fgra/fgra/xcores_0/lns   73029.8356     2.1     186.5136      0.0000       0.0000 LNSTop_1
system/tile_prci_domain/tile_reset_domain_tile/fusion/fgra/fgra/xcores_0/lns/lns   72843.3220     2.1    2310.8400   7996.3295       0.0000 LNS_Top_WIDTH32_WIDTH3232_1
system/tile_prci_domain/tile_reset_domain_tile/fusion/fgra/fgra/xcores_0/lns/lns/CPA_ALOGC_inst0     527.3184     0.0     527.3184      0.0000       0.0000 CPA_ALOGC_1
system/tile_prci_domain/tile_reset_domain_tile/fusion/fgra/fgra/xcores_0/lns/lns/anticonv_gen_0__anticonv_inst    6649.8097     0.2     562.8336      0.0000       0.0000 anticonverter_9
system/tile_prci_domain/tile_reset_domain_tile/fusion/fgra/fgra/xcores_0/lns/lns/anticonv_gen_0__anticonv_inst/app_anti    5158.1713     0.1    4111.0608      0.0000       0.0000 APP_22_20_10_4_32_anticonv4_9
system/tile_prci_domain/tile_reset_domain_tile/fusion/fgra/fgra/xcores_0/lns/lns/anticonv_gen_0__anticonv_inst/app_anti/cpa     291.6480     0.0     291.6480      0.0000       0.0000 CPA_anticonv4_9
system/tile_prci_domain/tile_reset_domain_tile/fusion/fgra/fgra/xcores_0/lns/lns/anticonv_gen_0__anticonv_inst/app_anti/csa1     263.1888     0.0     263.1888      0.0000       0.0000 CSA_anticonv4_29
system/tile_prci_domain/tile_reset_domain_tile/fusion/fgra/fgra/xcores_0/lns/lns/anticonv_gen_0__anticonv_inst/app_anti/csa2     251.4288     0.0     251.4288      0.0000       0.0000 CSA_anticonv4_28
system/tile_prci_domain/tile_reset_domain_tile/fusion/fgra/fgra/xcores_0/lns/lns/anticonv_gen_0__anticonv_inst/app_anti/csa3     240.8448     0.0     240.8448      0.0000       0.0000 CSA_anticonv4_27
system/tile_prci_domain/tile_reset_domain_tile/fusion/fgra/fgra/xcores_0/lns/lns/anticonv_gen_0__anticonv_inst/shift_op     928.8048     0.0     925.2768      3.5280       0.0000 new_Shift_operation32_9
system/tile_prci_domain/tile_reset_domain_tile/fusion/fgra/fgra/xcores_0/lns/lns/anticonv_gen_1__anticonv_inst    5028.8112     0.1     411.3648      0.0000       0.0000 anticonverter_8
system/tile_prci_domain/tile_reset_domain_tile/fusion/fgra/fgra/xcores_0/lns/lns/anticonv_gen_1__anticonv_inst/app_anti    3990.8736     0.1    3157.7952      0.0000       0.0000 APP_22_20_10_4_32_anticonv4_8
system/tile_prci_domain/tile_reset_domain_tile/fusion/fgra/fgra/xcores_0/lns/lns/anticonv_gen_1__anticonv_inst/app_anti/cpa     219.2064     0.0     219.2064      0.0000       0.0000 CPA_anticonv4_8
system/tile_prci_domain/tile_reset_domain_tile/fusion/fgra/fgra/xcores_0/lns/lns/anticonv_gen_1__anticonv_inst/app_anti/csa1     215.4432     0.0     215.4432      0.0000       0.0000 CSA_anticonv4_26
system/tile_prci_domain/tile_reset_domain_tile/fusion/fgra/fgra/xcores_0/lns/lns/anticonv_gen_1__anticonv_inst/app_anti/csa2     216.8544     0.0     216.8544      0.0000       0.0000 CSA_anticonv4_25
system/tile_prci_domain/tile_reset_domain_tile/fusion/fgra/fgra/xcores_0/lns/lns/anticonv_gen_1__anticonv_inst/app_anti/csa3     181.5744     0.0     181.5744      0.0000       0.0000 CSA_anticonv4_24
system/tile_prci_domain/tile_reset_domain_tile/fusion/fgra/fgra/xcores_0/lns/lns/anticonv_gen_1__anticonv_inst/shift_op     626.5728     0.0     623.0448      3.5280       0.0000 new_Shift_operation32_8
system/tile_prci_domain/tile_reset_domain_tile/fusion/fgra/fgra/xcores_0/lns/lns/anticonv_gen_2__anticonv_inst    5001.0576     0.1     406.4256      0.0000       0.0000 anticonverter_7
system/tile_prci_domain/tile_reset_domain_tile/fusion/fgra/fgra/xcores_0/lns/lns/anticonv_gen_2__anticonv_inst/app_anti    3971.8224     0.1    3149.3280      0.0000       0.0000 APP_22_20_10_4_32_anticonv4_7
system/tile_prci_domain/tile_reset_domain_tile/fusion/fgra/fgra/xcores_0/lns/lns/anticonv_gen_2__anticonv_inst/app_anti/cpa     229.3200     0.0     229.3200      0.0000       0.0000 CPA_anticonv4_7
system/tile_prci_domain/tile_reset_domain_tile/fusion/fgra/fgra/xcores_0/lns/lns/anticonv_gen_2__anticonv_inst/app_anti/csa1     204.1536     0.0     204.1536      0.0000       0.0000 CSA_anticonv4_23
system/tile_prci_domain/tile_reset_domain_tile/fusion/fgra/fgra/xcores_0/lns/lns/anticonv_gen_2__anticonv_inst/app_anti/csa2     205.5648     0.0     205.5648      0.0000       0.0000 CSA_anticonv4_22
system/tile_prci_domain/tile_reset_domain_tile/fusion/fgra/fgra/xcores_0/lns/lns/anticonv_gen_2__anticonv_inst/app_anti/csa3     183.4560     0.0     183.4560      0.0000       0.0000 CSA_anticonv4_21
system/tile_prci_domain/tile_reset_domain_tile/fusion/fgra/fgra/xcores_0/lns/lns/anticonv_gen_2__anticonv_inst/shift_op     622.8096     0.0     619.2816      3.5280       0.0000 new_Shift_operation32_7
system/tile_prci_domain/tile_reset_domain_tile/fusion/fgra/fgra/xcores_0/lns/lns/anticonv_gen_3__anticonv_inst    4992.5904     0.1     398.6640      0.0000       0.0000 anticonverter_6
system/tile_prci_domain/tile_reset_domain_tile/fusion/fgra/fgra/xcores_0/lns/lns/anticonv_gen_3__anticonv_inst/app_anti    3984.0528     0.1    3176.8464      0.0000       0.0000 APP_22_20_10_4_32_anticonv4_6
system/tile_prci_domain/tile_reset_domain_tile/fusion/fgra/fgra/xcores_0/lns/lns/anticonv_gen_3__anticonv_inst/app_anti/cpa     230.2608     0.0     230.2608      0.0000       0.0000 CPA_anticonv4_6
system/tile_prci_domain/tile_reset_domain_tile/fusion/fgra/fgra/xcores_0/lns/lns/anticonv_gen_3__anticonv_inst/app_anti/csa1     207.9168     0.0     207.9168      0.0000       0.0000 CSA_anticonv4_20
system/tile_prci_domain/tile_reset_domain_tile/fusion/fgra/fgra/xcores_0/lns/lns/anticonv_gen_3__anticonv_inst/app_anti/csa2     197.3328     0.0     197.3328      0.0000       0.0000 CSA_anticonv4_19
system/tile_prci_domain/tile_reset_domain_tile/fusion/fgra/fgra/xcores_0/lns/lns/anticonv_gen_3__anticonv_inst/app_anti/csa3     171.6960     0.0     171.6960      0.0000       0.0000 CSA_anticonv4_18
system/tile_prci_domain/tile_reset_domain_tile/fusion/fgra/fgra/xcores_0/lns/lns/anticonv_gen_3__anticonv_inst/shift_op     609.8736     0.0     606.3456      3.5280       0.0000 new_Shift_operation32_6
system/tile_prci_domain/tile_reset_domain_tile/fusion/fgra/fgra/xcores_0/lns/lns/anticonv_gen_4__anticonv_inst    4989.0624     0.1     420.5376      0.0000       0.0000 anticonverter_5
system/tile_prci_domain/tile_reset_domain_tile/fusion/fgra/fgra/xcores_0/lns/lns/anticonv_gen_4__anticonv_inst/app_anti    3946.6560     0.1    3156.8544      0.0000       0.0000 APP_22_20_10_4_32_anticonv4_5
system/tile_prci_domain/tile_reset_domain_tile/fusion/fgra/fgra/xcores_0/lns/lns/anticonv_gen_4__anticonv_inst/app_anti/cpa     225.0864     0.0     225.0864      0.0000       0.0000 CPA_anticonv4_5
system/tile_prci_domain/tile_reset_domain_tile/fusion/fgra/fgra/xcores_0/lns/lns/anticonv_gen_4__anticonv_inst/app_anti/csa1     199.6848     0.0     199.6848      0.0000       0.0000 CSA_anticonv4_17
system/tile_prci_domain/tile_reset_domain_tile/fusion/fgra/fgra/xcores_0/lns/lns/anticonv_gen_4__anticonv_inst/app_anti/csa2     202.0368     0.0     202.0368      0.0000       0.0000 CSA_anticonv4_16
system/tile_prci_domain/tile_reset_domain_tile/fusion/fgra/fgra/xcores_0/lns/lns/anticonv_gen_4__anticonv_inst/app_anti/csa3     162.9936     0.0     162.9936      0.0000       0.0000 CSA_anticonv4_15
system/tile_prci_domain/tile_reset_domain_tile/fusion/fgra/fgra/xcores_0/lns/lns/anticonv_gen_4__anticonv_inst/shift_op     621.8688     0.0     618.3408      3.5280       0.0000 new_Shift_operation32_5
system/tile_prci_domain/tile_reset_domain_tile/fusion/fgra/fgra/xcores_0/lns/lns/cpa_tree   11122.8432     0.3       4.7040    173.1072       0.0000 CPA_tree_with_MAD_1
system/tile_prci_domain/tile_reset_domain_tile/fusion/fgra/fgra/xcores_0/lns/lns/cpa_tree/cpa_add0    2175.1296     0.1    1020.0624    173.1072       0.0000 CPA_float_add_5
system/tile_prci_domain/tile_reset_domain_tile/fusion/fgra/fgra/xcores_0/lns/lns/cpa_tree/cpa_add0/cpa_0     292.8240     0.0     292.8240      0.0000       0.0000 CPA_cpatree_15
system/tile_prci_domain/tile_reset_domain_tile/fusion/fgra/fgra/xcores_0/lns/lns/cpa_tree/cpa_add0/cpa_fixed_adder     369.4992     0.0     369.4992      0.0000       0.0000 CPA_cpatree_14
system/tile_prci_domain/tile_reset_domain_tile/fusion/fgra/fgra/xcores_0/lns/lns/cpa_tree/cpa_add0/lod     319.6368     0.0     240.3744      0.0000       0.0000 FLOAT_ADD_LOD1_9
system/tile_prci_domain/tile_reset_domain_tile/fusion/fgra/fgra/xcores_0/lns/lns/cpa_tree/cpa_add0/lod/leading_one_detector_1      79.2624     0.0      45.8640      0.0000       0.0000 FLOAT_ADD_leading_one_detector_24_9
system/tile_prci_domain/tile_reset_domain_tile/fusion/fgra/fgra/xcores_0/lns/lns/cpa_tree/cpa_add0/lod/leading_one_detector_1/group1       7.2912     0.0       7.2912      0.0000       0.0000 FLOAT_ADD_leading_one_detector_4bit_59
system/tile_prci_domain/tile_reset_domain_tile/fusion/fgra/fgra/xcores_0/lns/lns/cpa_tree/cpa_add0/lod/leading_one_detector_1/group2       5.4096     0.0       5.4096      0.0000       0.0000 FLOAT_ADD_leading_one_detector_4bit_58
system/tile_prci_domain/tile_reset_domain_tile/fusion/fgra/fgra/xcores_0/lns/lns/cpa_tree/cpa_add0/lod/leading_one_detector_1/group3       5.4096     0.0       5.4096      0.0000       0.0000 FLOAT_ADD_leading_one_detector_4bit_57
system/tile_prci_domain/tile_reset_domain_tile/fusion/fgra/fgra/xcores_0/lns/lns/cpa_tree/cpa_add0/lod/leading_one_detector_1/group4       5.4096     0.0       5.4096      0.0000       0.0000 FLOAT_ADD_leading_one_detector_4bit_56
system/tile_prci_domain/tile_reset_domain_tile/fusion/fgra/fgra/xcores_0/lns/lns/cpa_tree/cpa_add0/lod/leading_one_detector_1/group5       4.9392     0.0       4.9392      0.0000       0.0000 FLOAT_ADD_leading_one_detector_4bit_55
system/tile_prci_domain/tile_reset_domain_tile/fusion/fgra/fgra/xcores_0/lns/lns/cpa_tree/cpa_add0/lod/leading_one_detector_1/group6       4.9392     0.0       4.9392      0.0000       0.0000 FLOAT_ADD_leading_one_detector_4bit_54
system/tile_prci_domain/tile_reset_domain_tile/fusion/fgra/fgra/xcores_0/lns/lns/cpa_tree/cpa_add1    2152.0800     0.1     999.6000    173.1072       0.0000 CPA_float_add_4
system/tile_prci_domain/tile_reset_domain_tile/fusion/fgra/fgra/xcores_0/lns/lns/cpa_tree/cpa_add1/cpa_0     297.7632     0.0     297.7632      0.0000       0.0000 CPA_cpatree_13
system/tile_prci_domain/tile_reset_domain_tile/fusion/fgra/fgra/xcores_0/lns/lns/cpa_tree/cpa_add1/cpa_fixed_adder     362.6784     0.0     362.6784      0.0000       0.0000 CPA_cpatree_12
system/tile_prci_domain/tile_reset_domain_tile/fusion/fgra/fgra/xcores_0/lns/lns/cpa_tree/cpa_add1/lod     318.9312     0.0     244.6080      0.0000       0.0000 FLOAT_ADD_LOD1_8
system/tile_prci_domain/tile_reset_domain_tile/fusion/fgra/fgra/xcores_0/lns/lns/cpa_tree/cpa_add1/lod/leading_one_detector_1      74.3232     0.0      41.1600      0.0000       0.0000 FLOAT_ADD_leading_one_detector_24_8
system/tile_prci_domain/tile_reset_domain_tile/fusion/fgra/fgra/xcores_0/lns/lns/cpa_tree/cpa_add1/lod/leading_one_detector_1/group1       6.8208     0.0       6.8208      0.0000       0.0000 FLOAT_ADD_leading_one_detector_4bit_53
system/tile_prci_domain/tile_reset_domain_tile/fusion/fgra/fgra/xcores_0/lns/lns/cpa_tree/cpa_add1/lod/leading_one_detector_1/group2       5.4096     0.0       5.4096      0.0000       0.0000 FLOAT_ADD_leading_one_detector_4bit_52
system/tile_prci_domain/tile_reset_domain_tile/fusion/fgra/fgra/xcores_0/lns/lns/cpa_tree/cpa_add1/lod/leading_one_detector_1/group3       6.1152     0.0       6.1152      0.0000       0.0000 FLOAT_ADD_leading_one_detector_4bit_51
system/tile_prci_domain/tile_reset_domain_tile/fusion/fgra/fgra/xcores_0/lns/lns/cpa_tree/cpa_add1/lod/leading_one_detector_1/group4       4.9392     0.0       4.9392      0.0000       0.0000 FLOAT_ADD_leading_one_detector_4bit_50
system/tile_prci_domain/tile_reset_domain_tile/fusion/fgra/fgra/xcores_0/lns/lns/cpa_tree/cpa_add1/lod/leading_one_detector_1/group5       4.9392     0.0       4.9392      0.0000       0.0000 FLOAT_ADD_leading_one_detector_4bit_49
system/tile_prci_domain/tile_reset_domain_tile/fusion/fgra/fgra/xcores_0/lns/lns/cpa_tree/cpa_add1/lod/leading_one_detector_1/group6       4.9392     0.0       4.9392      0.0000       0.0000 FLOAT_ADD_leading_one_detector_4bit_48
system/tile_prci_domain/tile_reset_domain_tile/fusion/fgra/fgra/xcores_0/lns/lns/cpa_tree/cpa_add2    1996.1424     0.1     984.0768    173.1072       0.0000 CPA_float_add_3
system/tile_prci_domain/tile_reset_domain_tile/fusion/fgra/fgra/xcores_0/lns/lns/cpa_tree/cpa_add2/cpa_0     303.1728     0.0     303.1728      0.0000       0.0000 CPA_cpatree_11
system/tile_prci_domain/tile_reset_domain_tile/fusion/fgra/fgra/xcores_0/lns/lns/cpa_tree/cpa_add2/cpa_fixed_adder     216.3840     0.0     216.3840      0.0000       0.0000 CPA_cpatree_10
system/tile_prci_domain/tile_reset_domain_tile/fusion/fgra/fgra/xcores_0/lns/lns/cpa_tree/cpa_add2/lod     319.4016     0.0     246.0192      0.0000       0.0000 FLOAT_ADD_LOD1_7
system/tile_prci_domain/tile_reset_domain_tile/fusion/fgra/fgra/xcores_0/lns/lns/cpa_tree/cpa_add2/lod/leading_one_detector_1      73.3824     0.0      40.6896      0.0000       0.0000 FLOAT_ADD_leading_one_detector_24_7
system/tile_prci_domain/tile_reset_domain_tile/fusion/fgra/fgra/xcores_0/lns/lns/cpa_tree/cpa_add2/lod/leading_one_detector_1/group1       7.2912     0.0       7.2912      0.0000       0.0000 FLOAT_ADD_leading_one_detector_4bit_47
system/tile_prci_domain/tile_reset_domain_tile/fusion/fgra/fgra/xcores_0/lns/lns/cpa_tree/cpa_add2/lod/leading_one_detector_1/group2       5.6448     0.0       5.6448      0.0000       0.0000 FLOAT_ADD_leading_one_detector_4bit_46
system/tile_prci_domain/tile_reset_domain_tile/fusion/fgra/fgra/xcores_0/lns/lns/cpa_tree/cpa_add2/lod/leading_one_detector_1/group3       4.9392     0.0       4.9392      0.0000       0.0000 FLOAT_ADD_leading_one_detector_4bit_45
system/tile_prci_domain/tile_reset_domain_tile/fusion/fgra/fgra/xcores_0/lns/lns/cpa_tree/cpa_add2/lod/leading_one_detector_1/group4       4.9392     0.0       4.9392      0.0000       0.0000 FLOAT_ADD_leading_one_detector_4bit_44
system/tile_prci_domain/tile_reset_domain_tile/fusion/fgra/fgra/xcores_0/lns/lns/cpa_tree/cpa_add2/lod/leading_one_detector_1/group5       4.9392     0.0       4.9392      0.0000       0.0000 FLOAT_ADD_leading_one_detector_4bit_43
system/tile_prci_domain/tile_reset_domain_tile/fusion/fgra/fgra/xcores_0/lns/lns/cpa_tree/cpa_add2/lod/leading_one_detector_1/group6       4.9392     0.0       4.9392      0.0000       0.0000 FLOAT_ADD_leading_one_detector_4bit_42
system/tile_prci_domain/tile_reset_domain_tile/fusion/fgra/fgra/xcores_0/lns/lns/cpa_tree/cpa_add3    2445.8448     0.1    1340.8752    346.2144       0.0000 CPA_float_add_all_reg_3
system/tile_prci_domain/tile_reset_domain_tile/fusion/fgra/fgra/xcores_0/lns/lns/cpa_tree/cpa_add3/cpa_0     378.2016     0.0     378.2016      0.0000       0.0000 CPA_cpatree_9
system/tile_prci_domain/tile_reset_domain_tile/fusion/fgra/fgra/xcores_0/lns/lns/cpa_tree/cpa_add3/lod     380.5536     0.0     274.2432      0.0000       0.0000 FLOAT_ADD_LOD1_6
system/tile_prci_domain/tile_reset_domain_tile/fusion/fgra/fgra/xcores_0/lns/lns/cpa_tree/cpa_add3/lod/leading_one_detector_1     106.3104     0.0      61.8576      0.0000       0.0000 FLOAT_ADD_leading_one_detector_24_6
system/tile_prci_domain/tile_reset_domain_tile/fusion/fgra/fgra/xcores_0/lns/lns/cpa_tree/cpa_add3/lod/leading_one_detector_1/group1       9.6432     0.0       9.6432      0.0000       0.0000 FLOAT_ADD_leading_one_detector_4bit_41
system/tile_prci_domain/tile_reset_domain_tile/fusion/fgra/fgra/xcores_0/lns/lns/cpa_tree/cpa_add3/lod/leading_one_detector_1/group2       8.7024     0.0       8.7024      0.0000       0.0000 FLOAT_ADD_leading_one_detector_4bit_40
system/tile_prci_domain/tile_reset_domain_tile/fusion/fgra/fgra/xcores_0/lns/lns/cpa_tree/cpa_add3/lod/leading_one_detector_1/group3       7.9968     0.0       7.9968      0.0000       0.0000 FLOAT_ADD_leading_one_detector_4bit_39
system/tile_prci_domain/tile_reset_domain_tile/fusion/fgra/fgra/xcores_0/lns/lns/cpa_tree/cpa_add3/lod/leading_one_detector_1/group4       7.2912     0.0       7.2912      0.0000       0.0000 FLOAT_ADD_leading_one_detector_4bit_38
system/tile_prci_domain/tile_reset_domain_tile/fusion/fgra/fgra/xcores_0/lns/lns/cpa_tree/cpa_add3/lod/leading_one_detector_1/group5       5.8800     0.0       5.8800      0.0000       0.0000 FLOAT_ADD_leading_one_detector_4bit_37
system/tile_prci_domain/tile_reset_domain_tile/fusion/fgra/fgra/xcores_0/lns/lns/cpa_tree/cpa_add3/lod/leading_one_detector_1/group6       4.9392     0.0       4.9392      0.0000       0.0000 FLOAT_ADD_leading_one_detector_4bit_36
system/tile_prci_domain/tile_reset_domain_tile/fusion/fgra/fgra/xcores_0/lns/lns/cpa_tree/cpa_add4    2175.8352     0.1    1135.3104    346.2144       0.0000 CPA_float_add_all_reg_2
system/tile_prci_domain/tile_reset_domain_tile/fusion/fgra/fgra/xcores_0/lns/lns/cpa_tree/cpa_add4/cpa_0     350.6832     0.0     350.6832      0.0000       0.0000 CPA_cpatree_8
system/tile_prci_domain/tile_reset_domain_tile/fusion/fgra/fgra/xcores_0/lns/lns/cpa_tree/cpa_add4/lod     343.6272     0.0     266.0112      0.0000       0.0000 FLOAT_ADD_LOD1_5
system/tile_prci_domain/tile_reset_domain_tile/fusion/fgra/fgra/xcores_0/lns/lns/cpa_tree/cpa_add4/lod/leading_one_detector_1      77.6160     0.0      45.1584      0.0000       0.0000 FLOAT_ADD_leading_one_detector_24_5
system/tile_prci_domain/tile_reset_domain_tile/fusion/fgra/fgra/xcores_0/lns/lns/cpa_tree/cpa_add4/lod/leading_one_detector_1/group1       7.0560     0.0       7.0560      0.0000       0.0000 FLOAT_ADD_leading_one_detector_4bit_35
system/tile_prci_domain/tile_reset_domain_tile/fusion/fgra/fgra/xcores_0/lns/lns/cpa_tree/cpa_add4/lod/leading_one_detector_1/group2       5.6448     0.0       5.6448      0.0000       0.0000 FLOAT_ADD_leading_one_detector_4bit_34
system/tile_prci_domain/tile_reset_domain_tile/fusion/fgra/fgra/xcores_0/lns/lns/cpa_tree/cpa_add4/lod/leading_one_detector_1/group3       4.9392     0.0       4.9392      0.0000       0.0000 FLOAT_ADD_leading_one_detector_4bit_33
system/tile_prci_domain/tile_reset_domain_tile/fusion/fgra/fgra/xcores_0/lns/lns/cpa_tree/cpa_add4/lod/leading_one_detector_1/group4       4.9392     0.0       4.9392      0.0000       0.0000 FLOAT_ADD_leading_one_detector_4bit_32
system/tile_prci_domain/tile_reset_domain_tile/fusion/fgra/fgra/xcores_0/lns/lns/cpa_tree/cpa_add4/lod/leading_one_detector_1/group5       4.9392     0.0       4.9392      0.0000       0.0000 FLOAT_ADD_leading_one_detector_4bit_31
system/tile_prci_domain/tile_reset_domain_tile/fusion/fgra/fgra/xcores_0/lns/lns/cpa_tree/cpa_add4/lod/leading_one_detector_1/group6       4.9392     0.0       4.9392      0.0000       0.0000 FLOAT_ADD_leading_one_detector_4bit_30
system/tile_prci_domain/tile_reset_domain_tile/fusion/fgra/fgra/xcores_0/lns/lns/csa_tree   15707.3618     0.4    2937.4128      0.0000       0.0000 CSA_tree_1
system/tile_prci_domain/tile_reset_domain_tile/fusion/fgra/fgra/xcores_0/lns/lns/csa_tree/booth0     409.7184     0.0     409.7184      0.0000       0.0000 Booth_pp_9
system/tile_prci_domain/tile_reset_domain_tile/fusion/fgra/fgra/xcores_0/lns/lns/csa_tree/booth1     457.2288     0.0     457.2288      0.0000       0.0000 Booth_pp_8
system/tile_prci_domain/tile_reset_domain_tile/fusion/fgra/fgra/xcores_0/lns/lns/csa_tree/booth2     461.2272     0.0     461.2272      0.0000       0.0000 Booth_pp_7
system/tile_prci_domain/tile_reset_domain_tile/fusion/fgra/fgra/xcores_0/lns/lns/csa_tree/booth3     464.2848     0.0     464.2848      0.0000       0.0000 Booth_pp_6
system/tile_prci_domain/tile_reset_domain_tile/fusion/fgra/fgra/xcores_0/lns/lns/csa_tree/booth4     460.5216     0.0     460.5216      0.0000       0.0000 Booth_pp_5
system/tile_prci_domain/tile_reset_domain_tile/fusion/fgra/fgra/xcores_0/lns/lns/csa_tree/cpa0     542.1360     0.0     542.1360      0.0000       0.0000 CPA_38_9
system/tile_prci_domain/tile_reset_domain_tile/fusion/fgra/fgra/xcores_0/lns/lns/csa_tree/cpa1     448.5264     0.0     448.5264      0.0000       0.0000 CPA_38_8
system/tile_prci_domain/tile_reset_domain_tile/fusion/fgra/fgra/xcores_0/lns/lns/csa_tree/cpa2     300.5856     0.0     300.5856      0.0000       0.0000 CPA_38_7
system/tile_prci_domain/tile_reset_domain_tile/fusion/fgra/fgra/xcores_0/lns/lns/csa_tree/cpa3     326.9280     0.0     326.9280      0.0000       0.0000 CPA_38_6
system/tile_prci_domain/tile_reset_domain_tile/fusion/fgra/fgra/xcores_0/lns/lns/csa_tree/cpa4     298.7040     0.0     298.7040      0.0000       0.0000 CPA_38_5
system/tile_prci_domain/tile_reset_domain_tile/fusion/fgra/fgra/xcores_0/lns/lns/csa_tree/csa0     349.7424     0.0     349.7424      0.0000       0.0000 CSA_38_25
system/tile_prci_domain/tile_reset_domain_tile/fusion/fgra/fgra/xcores_0/lns/lns/csa_tree/csa1     237.5520     0.0     237.5520      0.0000       0.0000 CSA_38_24
system/tile_prci_domain/tile_reset_domain_tile/fusion/fgra/fgra/xcores_0/lns/lns/csa_tree/csa10     253.5456     0.0     253.5456      0.0000       0.0000 CSA_38_15
system/tile_prci_domain/tile_reset_domain_tile/fusion/fgra/fgra/xcores_0/lns/lns/csa_tree/csa11     323.6352     0.0     323.6352      0.0000       0.0000 CSA_38_14
system/tile_prci_domain/tile_reset_domain_tile/fusion/fgra/fgra/xcores_0/lns/lns/csa_tree/csa12     373.0272     0.0     373.0272      0.0000       0.0000 CSA_38_13
system/tile_prci_domain/tile_reset_domain_tile/fusion/fgra/fgra/xcores_0/lns/lns/csa_tree/csa2     238.0224     0.0     238.0224      0.0000       0.0000 CSA_38_23
system/tile_prci_domain/tile_reset_domain_tile/fusion/fgra/fgra/xcores_0/lns/lns/csa_tree/csa3     235.6704     0.0     235.6704      0.0000       0.0000 CSA_38_22
system/tile_prci_domain/tile_reset_domain_tile/fusion/fgra/fgra/xcores_0/lns/lns/csa_tree/csa4     229.7904     0.0     229.7904      0.0000       0.0000 CSA_38_21
system/tile_prci_domain/tile_reset_domain_tile/fusion/fgra/fgra/xcores_0/lns/lns/csa_tree/csa5     247.4304     0.0     247.4304      0.0000       0.0000 CSA_38_20
system/tile_prci_domain/tile_reset_domain_tile/fusion/fgra/fgra/xcores_0/lns/lns/csa_tree/csa6     246.4896     0.0     246.4896      0.0000       0.0000 CSA_38_19
system/tile_prci_domain/tile_reset_domain_tile/fusion/fgra/fgra/xcores_0/lns/lns/csa_tree/csa7     344.5680     0.0     344.5680      0.0000       0.0000 CSA_38_18
system/tile_prci_domain/tile_reset_domain_tile/fusion/fgra/fgra/xcores_0/lns/lns/csa_tree/csa8     258.4848     0.0     258.4848      0.0000       0.0000 CSA_38_17
system/tile_prci_domain/tile_reset_domain_tile/fusion/fgra/fgra/xcores_0/lns/lns/csa_tree/csa9     464.9904     0.0     464.9904      0.0000       0.0000 CSA_38_16
system/tile_prci_domain/tile_reset_domain_tile/fusion/fgra/fgra/xcores_0/lns/lns/csa_tree/logc0    4797.1392     0.1     163.6992      0.0000       0.0000 LOGC_1
system/tile_prci_domain/tile_reset_domain_tile/fusion/fgra/fgra/xcores_0/lns/lns/csa_tree/logc0/abs     471.1056     0.0     471.1056      0.0000       0.0000 ABS1_1
system/tile_prci_domain/tile_reset_domain_tile/fusion/fgra/fgra/xcores_0/lns/lns/csa_tree/logc0/app    3561.6336     0.1    3561.6336      0.0000       0.0000 APP_22_22_10_4_24_csa_1
system/tile_prci_domain/tile_reset_domain_tile/fusion/fgra/fgra/xcores_0/lns/lns/csa_tree/logc0/lod     600.7008     0.0     431.5920      0.0000       0.0000 LOD1_1
system/tile_prci_domain/tile_reset_domain_tile/fusion/fgra/fgra/xcores_0/lns/lns/csa_tree/logc0/lod/leading_one_detector_1     169.1088     0.0      92.1984      0.0000       0.0000 CSA_leading_one_detector_32_1
system/tile_prci_domain/tile_reset_domain_tile/fusion/fgra/fgra/xcores_0/lns/lns/csa_tree/logc0/lod/leading_one_detector_1/group1      12.2304     0.0      12.2304      0.0000       0.0000 CSA_leading_one_detector_4bit_15
system/tile_prci_domain/tile_reset_domain_tile/fusion/fgra/fgra/xcores_0/lns/lns/csa_tree/logc0/lod/leading_one_detector_1/group2      10.1136     0.0      10.1136      0.0000       0.0000 CSA_leading_one_detector_4bit_14
system/tile_prci_domain/tile_reset_domain_tile/fusion/fgra/fgra/xcores_0/lns/lns/csa_tree/logc0/lod/leading_one_detector_1/group3      10.1136     0.0      10.1136      0.0000       0.0000 CSA_leading_one_detector_4bit_13
system/tile_prci_domain/tile_reset_domain_tile/fusion/fgra/fgra/xcores_0/lns/lns/csa_tree/logc0/lod/leading_one_detector_1/group4       9.6432     0.0       9.6432      0.0000       0.0000 CSA_leading_one_detector_4bit_12
system/tile_prci_domain/tile_reset_domain_tile/fusion/fgra/fgra/xcores_0/lns/lns/csa_tree/logc0/lod/leading_one_detector_1/group5       9.1728     0.0       9.1728      0.0000       0.0000 CSA_leading_one_detector_4bit_11
system/tile_prci_domain/tile_reset_domain_tile/fusion/fgra/fgra/xcores_0/lns/lns/csa_tree/logc0/lod/leading_one_detector_1/group6      11.2896     0.0      11.2896      0.0000       0.0000 CSA_leading_one_detector_4bit_10
system/tile_prci_domain/tile_reset_domain_tile/fusion/fgra/fgra/xcores_0/lns/lns/csa_tree/logc0/lod/leading_one_detector_1/group7       7.5264     0.0       7.5264      0.0000       0.0000 CSA_leading_one_detector_4bit_9
system/tile_prci_domain/tile_reset_domain_tile/fusion/fgra/fgra/xcores_0/lns/lns/csa_tree/logc0/lod/leading_one_detector_1/group9       6.8208     0.0       6.8208      0.0000       0.0000 CSA_leading_one_detector_4bit_8
system/tile_prci_domain/tile_reset_domain_tile/fusion/fgra/fgra/xcores_0/lns/lns/float_tran_to_q822     686.7840     0.0     686.7840      0.0000       0.0000 FLOAT_TRAN_TO_Q822_1
system/tile_prci_domain/tile_reset_domain_tile/fusion/fgra/fgra/xcores_0/lns/lns/logconv_x0    5332.6896     0.2     149.8224      0.0000       0.0000 converter_1
system/tile_prci_domain/tile_reset_domain_tile/fusion/fgra/fgra/xcores_0/lns/lns/logconv_x0/abs     319.1664     0.0     319.1664      0.0000       0.0000 ABS0_1
system/tile_prci_domain/tile_reset_domain_tile/fusion/fgra/fgra/xcores_0/lns/lns/logconv_x0/app    4377.7776     0.1    3493.1904      0.0000       0.0000 APP_22_22_10_4_24_conv4_1
system/tile_prci_domain/tile_reset_domain_tile/fusion/fgra/fgra/xcores_0/lns/lns/logconv_x0/app/cpa_conv     234.0240     0.0     234.0240      0.0000       0.0000 CPA_conv_1
system/tile_prci_domain/tile_reset_domain_tile/fusion/fgra/fgra/xcores_0/lns/lns/logconv_x0/app/csa1_conv     224.8512     0.0     224.8512      0.0000       0.0000 CSA_conv_5
system/tile_prci_domain/tile_reset_domain_tile/fusion/fgra/fgra/xcores_0/lns/lns/logconv_x0/app/csa2_conv     226.4976     0.0     226.4976      0.0000       0.0000 CSA_conv_4
system/tile_prci_domain/tile_reset_domain_tile/fusion/fgra/fgra/xcores_0/lns/lns/logconv_x0/app/csa3_conv     199.2144     0.0     199.2144      0.0000       0.0000 CSA_conv_3
system/tile_prci_domain/tile_reset_domain_tile/fusion/fgra/fgra/xcores_0/lns/lns/logconv_x0/lod     485.9232     0.0     365.7360      0.0000       0.0000 LOD0_1
system/tile_prci_domain/tile_reset_domain_tile/fusion/fgra/fgra/xcores_0/lns/lns/logconv_x0/lod/leading_one_detector_1     120.1872     0.0      57.8592      0.0000       0.0000 leading_one_detector_32_1
system/tile_prci_domain/tile_reset_domain_tile/fusion/fgra/fgra/xcores_0/lns/lns/logconv_x0/lod/leading_one_detector_1/group1       8.9376     0.0       8.9376      0.0000       0.0000 leading_one_detector_4bit_15
system/tile_prci_domain/tile_reset_domain_tile/fusion/fgra/fgra/xcores_0/lns/lns/logconv_x0/lod/leading_one_detector_1/group2       8.9376     0.0       8.9376      0.0000       0.0000 leading_one_detector_4bit_14
system/tile_prci_domain/tile_reset_domain_tile/fusion/fgra/fgra/xcores_0/lns/lns/logconv_x0/lod/leading_one_detector_1/group3       7.9968     0.0       7.9968      0.0000       0.0000 leading_one_detector_4bit_13
system/tile_prci_domain/tile_reset_domain_tile/fusion/fgra/fgra/xcores_0/lns/lns/logconv_x0/lod/leading_one_detector_1/group4      10.3488     0.0      10.3488      0.0000       0.0000 leading_one_detector_4bit_12
system/tile_prci_domain/tile_reset_domain_tile/fusion/fgra/fgra/xcores_0/lns/lns/logconv_x0/lod/leading_one_detector_1/group5       7.0560     0.0       7.0560      0.0000       0.0000 leading_one_detector_4bit_11
system/tile_prci_domain/tile_reset_domain_tile/fusion/fgra/fgra/xcores_0/lns/lns/logconv_x0/lod/leading_one_detector_1/group6       7.5264     0.0       7.5264      0.0000       0.0000 leading_one_detector_4bit_10
system/tile_prci_domain/tile_reset_domain_tile/fusion/fgra/fgra/xcores_0/lns/lns/logconv_x0/lod/leading_one_detector_1/group7       5.8800     0.0       5.8800      0.0000       0.0000 leading_one_detector_4bit_9
system/tile_prci_domain/tile_reset_domain_tile/fusion/fgra/fgra/xcores_0/lns/lns/logconv_x0/lod/leading_one_detector_1/group9       5.6448     0.0       5.6448      0.0000       0.0000 leading_one_detector_4bit_8
system/tile_prci_domain/tile_reset_domain_tile/fusion/fgra/fgra/xcores_0/lns/lns/sat_gen_1__sat_inst      65.6208     0.0      65.6208      0.0000       0.0000 SAT_with_VEC_overflow_7
system/tile_prci_domain/tile_reset_domain_tile/fusion/fgra/fgra/xcores_0/lns/lns/sat_gen_2__sat_inst      56.9184     0.0      56.9184      0.0000       0.0000 SAT_with_VEC_overflow_6
system/tile_prci_domain/tile_reset_domain_tile/fusion/fgra/fgra/xcores_0/lns/lns/sat_gen_3__sat_inst      81.1440     0.0      81.1440      0.0000       0.0000 SAT_with_VEC_overflow_5
system/tile_prci_domain/tile_reset_domain_tile/fusion/fgra/fgra/xcores_0/lns/lns/sat_gen_4__sat_inst      67.0320     0.0      67.0320      0.0000       0.0000 SAT_with_VEC_overflow_4
system/tile_prci_domain/tile_reset_domain_tile/fusion/fgra/fgra/xcores_0/lns/lns/sat_inst0      90.5520     0.0      90.5520      0.0000       0.0000 SAT_with_TRG_VEC_overflow_1
system/tile_prci_domain/tile_reset_domain_tile/fusion/fgra/fgra/xcores_0/lns/lns/sel     723.7104     0.0     723.7104      0.0000       0.0000 segSel_WIDTH3232_1
system/tile_prci_domain/tile_reset_domain_tile/fusion/fgra/fgra/xcores_0/lns/lns/tran_log_to_mn_0     415.8336     0.0     415.8336      0.0000       0.0000 Tran_log_to_mn_1
system/tile_prci_domain/tile_reset_domain_tile/fusion/fgra/fgra/xcores_0/lns/lns/tran_q822_to_float0     636.9216     0.0     304.1136      0.0000       0.0000 Tran_Q822_to_float_1
system/tile_prci_domain/tile_reset_domain_tile/fusion/fgra/fgra/xcores_0/lns/lns/tran_q822_to_float0/abs0_Tran_Q822_to_float0     202.2720     0.0     202.2720      0.0000       0.0000 ABS0_Tran_Q822_to_float_1
system/tile_prci_domain/tile_reset_domain_tile/fusion/fgra/fgra/xcores_0/lns/lns/tran_q822_to_float0/lod1_Tran_Q822_to_float_24_0     130.5360     0.0      65.3856      0.0000       0.0000 LOD1_Tran_Q822_to_float_24_1
system/tile_prci_domain/tile_reset_domain_tile/fusion/fgra/fgra/xcores_0/lns/lns/tran_q822_to_float0/lod1_Tran_Q822_to_float_24_0/group1       4.4688     0.0       4.4688      0.0000       0.0000 leading_one_detector_4bit_Tran_Q816_to_float_15
system/tile_prci_domain/tile_reset_domain_tile/fusion/fgra/fgra/xcores_0/lns/lns/tran_q822_to_float0/lod1_Tran_Q822_to_float_24_0/group2       7.9968     0.0       7.9968      0.0000       0.0000 leading_one_detector_4bit_Tran_Q816_to_float_14
system/tile_prci_domain/tile_reset_domain_tile/fusion/fgra/fgra/xcores_0/lns/lns/tran_q822_to_float0/lod1_Tran_Q822_to_float_24_0/group3       7.9968     0.0       7.9968      0.0000       0.0000 leading_one_detector_4bit_Tran_Q816_to_float_13
system/tile_prci_domain/tile_reset_domain_tile/fusion/fgra/fgra/xcores_0/lns/lns/tran_q822_to_float0/lod1_Tran_Q822_to_float_24_0/group4       8.9376     0.0       8.9376      0.0000       0.0000 leading_one_detector_4bit_Tran_Q816_to_float_12
system/tile_prci_domain/tile_reset_domain_tile/fusion/fgra/fgra/xcores_0/lns/lns/tran_q822_to_float0/lod1_Tran_Q822_to_float_24_0/group5       8.9376     0.0       8.9376      0.0000       0.0000 leading_one_detector_4bit_Tran_Q816_to_float_11
system/tile_prci_domain/tile_reset_domain_tile/fusion/fgra/fgra/xcores_0/lns/lns/tran_q822_to_float0/lod1_Tran_Q822_to_float_24_0/group6       8.9376     0.0       8.9376      0.0000       0.0000 leading_one_detector_4bit_Tran_Q816_to_float_10
system/tile_prci_domain/tile_reset_domain_tile/fusion/fgra/fgra/xcores_0/lns/lns/tran_q822_to_float0/lod1_Tran_Q822_to_float_24_0/group7       8.9376     0.0       8.9376      0.0000       0.0000 leading_one_detector_4bit_Tran_Q816_to_float_9
system/tile_prci_domain/tile_reset_domain_tile/fusion/fgra/fgra/xcores_0/lns/lns/tran_q822_to_float0/lod1_Tran_Q822_to_float_24_0/group8       8.9376     0.0       8.9376      0.0000       0.0000 leading_one_detector_4bit_Tran_Q816_to_float_8
system/tile_prci_domain/tile_reset_domain_tile/fusion/fgra/fgra/xcores_0/lns/lns/tran_to_822_0     360.0912     0.0     360.0912      0.0000       0.0000 Tran_to_822_1
system/tile_prci_domain/tile_reset_domain_tile/fusion/fgra/fgra/xcores_1   91286.7652     2.6       5.4096      0.0000       0.0000 XCore_1
system/tile_prci_domain/tile_reset_domain_tile/fusion/fgra/fgra/xcores_1/Muxn     204.1536     0.0     204.1536      0.0000       0.0000 Muxn_24_127
system/tile_prci_domain/tile_reset_domain_tile/fusion/fgra/fgra/xcores_1/Muxn_1     204.1536     0.0     204.1536      0.0000       0.0000 Muxn_24_126
system/tile_prci_domain/tile_reset_domain_tile/fusion/fgra/fgra/xcores_1/cfg   11717.8992     0.3    4346.7312   7371.1680       0.0000 ConfigMem_20_0
system/tile_prci_domain/tile_reset_domain_tile/fusion/fgra/fgra/xcores_1/delayPipeCG    6504.6912     0.2    3747.9120   2756.7792       0.0000 SharedDelayPipe_12_13
system/tile_prci_domain/tile_reset_domain_tile/fusion/fgra/fgra/xcores_1/lns   72650.4580     2.1     185.8080      0.0000       0.0000 LNSTop_0
system/tile_prci_domain/tile_reset_domain_tile/fusion/fgra/fgra/xcores_1/lns/lns   72464.6500     2.1    2311.7808   7868.3807       0.0000 LNS_Top_WIDTH32_WIDTH3232_0
system/tile_prci_domain/tile_reset_domain_tile/fusion/fgra/fgra/xcores_1/lns/lns/CPA_ALOGC_inst0     528.2592     0.0     528.2592      0.0000       0.0000 CPA_ALOGC_0
system/tile_prci_domain/tile_reset_domain_tile/fusion/fgra/fgra/xcores_1/lns/lns/anticonv_gen_0__anticonv_inst    6269.0209     0.2     539.5488      0.0000       0.0000 anticonverter_4
system/tile_prci_domain/tile_reset_domain_tile/fusion/fgra/fgra/xcores_1/lns/lns/anticonv_gen_0__anticonv_inst/app_anti    4893.8064     0.1    3815.6496      0.0000       0.0000 APP_22_20_10_4_32_anticonv4_4
system/tile_prci_domain/tile_reset_domain_tile/fusion/fgra/fgra/xcores_1/lns/lns/anticonv_gen_0__anticonv_inst/app_anti/cpa     282.9456     0.0     282.9456      0.0000       0.0000 CPA_anticonv4_4
system/tile_prci_domain/tile_reset_domain_tile/fusion/fgra/fgra/xcores_1/lns/lns/anticonv_gen_0__anticonv_inst/app_anti/csa1     276.3600     0.0     276.3600      0.0000       0.0000 CSA_anticonv4_14
system/tile_prci_domain/tile_reset_domain_tile/fusion/fgra/fgra/xcores_1/lns/lns/anticonv_gen_0__anticonv_inst/app_anti/csa2     270.9504     0.0     270.9504      0.0000       0.0000 CSA_anticonv4_13
system/tile_prci_domain/tile_reset_domain_tile/fusion/fgra/fgra/xcores_1/lns/lns/anticonv_gen_0__anticonv_inst/app_anti/csa3     247.9008     0.0     247.9008      0.0000       0.0000 CSA_anticonv4_12
system/tile_prci_domain/tile_reset_domain_tile/fusion/fgra/fgra/xcores_1/lns/lns/anticonv_gen_0__anticonv_inst/shift_op     835.6656     0.0     832.1376      3.5280       0.0000 new_Shift_operation32_4
system/tile_prci_domain/tile_reset_domain_tile/fusion/fgra/fgra/xcores_1/lns/lns/anticonv_gen_1__anticonv_inst    5098.1952     0.1     406.8960      0.0000       0.0000 anticonverter_3
system/tile_prci_domain/tile_reset_domain_tile/fusion/fgra/fgra/xcores_1/lns/lns/anticonv_gen_1__anticonv_inst/app_anti    4074.1344     0.1    3226.4736      0.0000       0.0000 APP_22_20_10_4_32_anticonv4_3
system/tile_prci_domain/tile_reset_domain_tile/fusion/fgra/fgra/xcores_1/lns/lns/anticonv_gen_1__anticonv_inst/app_anti/cpa     234.0240     0.0     234.0240      0.0000       0.0000 CPA_anticonv4_3
system/tile_prci_domain/tile_reset_domain_tile/fusion/fgra/fgra/xcores_1/lns/lns/anticonv_gen_1__anticonv_inst/app_anti/csa1     228.1440     0.0     228.1440      0.0000       0.0000 CSA_anticonv4_11
system/tile_prci_domain/tile_reset_domain_tile/fusion/fgra/fgra/xcores_1/lns/lns/anticonv_gen_1__anticonv_inst/app_anti/csa2     222.9696     0.0     222.9696      0.0000       0.0000 CSA_anticonv4_10
system/tile_prci_domain/tile_reset_domain_tile/fusion/fgra/fgra/xcores_1/lns/lns/anticonv_gen_1__anticonv_inst/app_anti/csa3     162.5232     0.0     162.5232      0.0000       0.0000 CSA_anticonv4_9
system/tile_prci_domain/tile_reset_domain_tile/fusion/fgra/fgra/xcores_1/lns/lns/anticonv_gen_1__anticonv_inst/shift_op     617.1648     0.0     613.6368      3.5280       0.0000 new_Shift_operation32_3
system/tile_prci_domain/tile_reset_domain_tile/fusion/fgra/fgra/xcores_1/lns/lns/anticonv_gen_2__anticonv_inst    5018.2272     0.1     414.4224      0.0000       0.0000 anticonverter_2
system/tile_prci_domain/tile_reset_domain_tile/fusion/fgra/fgra/xcores_1/lns/lns/anticonv_gen_2__anticonv_inst/app_anti    3981.4656     0.1    3165.0864      0.0000       0.0000 APP_22_20_10_4_32_anticonv4_2
system/tile_prci_domain/tile_reset_domain_tile/fusion/fgra/fgra/xcores_1/lns/lns/anticonv_gen_2__anticonv_inst/app_anti/cpa     229.5552     0.0     229.5552      0.0000       0.0000 CPA_anticonv4_2
system/tile_prci_domain/tile_reset_domain_tile/fusion/fgra/fgra/xcores_1/lns/lns/anticonv_gen_2__anticonv_inst/app_anti/csa1     209.3280     0.0     209.3280      0.0000       0.0000 CSA_anticonv4_8
system/tile_prci_domain/tile_reset_domain_tile/fusion/fgra/fgra/xcores_1/lns/lns/anticonv_gen_2__anticonv_inst/app_anti/csa2     206.9760     0.0     206.9760      0.0000       0.0000 CSA_anticonv4_7
system/tile_prci_domain/tile_reset_domain_tile/fusion/fgra/fgra/xcores_1/lns/lns/anticonv_gen_2__anticonv_inst/app_anti/csa3     170.5200     0.0     170.5200      0.0000       0.0000 CSA_anticonv4_6
system/tile_prci_domain/tile_reset_domain_tile/fusion/fgra/fgra/xcores_1/lns/lns/anticonv_gen_2__anticonv_inst/shift_op     622.3392     0.0     618.8112      3.5280       0.0000 new_Shift_operation32_2
system/tile_prci_domain/tile_reset_domain_tile/fusion/fgra/fgra/xcores_1/lns/lns/anticonv_gen_3__anticonv_inst    4970.2464     0.1     399.3696      0.0000       0.0000 anticonverter_1
system/tile_prci_domain/tile_reset_domain_tile/fusion/fgra/fgra/xcores_1/lns/lns/anticonv_gen_3__anticonv_inst/app_anti    3968.7648     0.1    3165.3216      0.0000       0.0000 APP_22_20_10_4_32_anticonv4_1
system/tile_prci_domain/tile_reset_domain_tile/fusion/fgra/fgra/xcores_1/lns/lns/anticonv_gen_3__anticonv_inst/app_anti/cpa     227.2032     0.0     227.2032      0.0000       0.0000 CPA_anticonv4_1
system/tile_prci_domain/tile_reset_domain_tile/fusion/fgra/fgra/xcores_1/lns/lns/anticonv_gen_3__anticonv_inst/app_anti/csa1     209.5632     0.0     209.5632      0.0000       0.0000 CSA_anticonv4_5
system/tile_prci_domain/tile_reset_domain_tile/fusion/fgra/fgra/xcores_1/lns/lns/anticonv_gen_3__anticonv_inst/app_anti/csa2     197.0976     0.0     197.0976      0.0000       0.0000 CSA_anticonv4_4
system/tile_prci_domain/tile_reset_domain_tile/fusion/fgra/fgra/xcores_1/lns/lns/anticonv_gen_3__anticonv_inst/app_anti/csa3     169.5792     0.0     169.5792      0.0000       0.0000 CSA_anticonv4_3
system/tile_prci_domain/tile_reset_domain_tile/fusion/fgra/fgra/xcores_1/lns/lns/anticonv_gen_3__anticonv_inst/shift_op     602.1120     0.0     598.5840      3.5280       0.0000 new_Shift_operation32_1
system/tile_prci_domain/tile_reset_domain_tile/fusion/fgra/fgra/xcores_1/lns/lns/anticonv_gen_4__anticonv_inst    4988.8272     0.1     409.0128      0.0000       0.0000 anticonverter_0
system/tile_prci_domain/tile_reset_domain_tile/fusion/fgra/fgra/xcores_1/lns/lns/anticonv_gen_4__anticonv_inst/app_anti    3964.0608     0.1    3151.9152      0.0000       0.0000 APP_22_20_10_4_32_anticonv4_0
system/tile_prci_domain/tile_reset_domain_tile/fusion/fgra/fgra/xcores_1/lns/lns/anticonv_gen_4__anticonv_inst/app_anti/cpa     236.8464     0.0     236.8464      0.0000       0.0000 CPA_anticonv4_0
system/tile_prci_domain/tile_reset_domain_tile/fusion/fgra/fgra/xcores_1/lns/lns/anticonv_gen_4__anticonv_inst/app_anti/csa1     204.1536     0.0     204.1536      0.0000       0.0000 CSA_anticonv4_2
system/tile_prci_domain/tile_reset_domain_tile/fusion/fgra/fgra/xcores_1/lns/lns/anticonv_gen_4__anticonv_inst/app_anti/csa2     201.8016     0.0     201.8016      0.0000       0.0000 CSA_anticonv4_1
system/tile_prci_domain/tile_reset_domain_tile/fusion/fgra/fgra/xcores_1/lns/lns/anticonv_gen_4__anticonv_inst/app_anti/csa3     169.3440     0.0     169.3440      0.0000       0.0000 CSA_anticonv4_0
system/tile_prci_domain/tile_reset_domain_tile/fusion/fgra/fgra/xcores_1/lns/lns/anticonv_gen_4__anticonv_inst/shift_op     615.7536     0.0     612.2256      3.5280       0.0000 new_Shift_operation32_0
system/tile_prci_domain/tile_reset_domain_tile/fusion/fgra/fgra/xcores_1/lns/lns/cpa_tree   11132.2512     0.3       5.8800    173.1072       0.0000 CPA_tree_with_MAD_0
system/tile_prci_domain/tile_reset_domain_tile/fusion/fgra/fgra/xcores_1/lns/lns/cpa_tree/cpa_add0    2175.1296     0.1    1022.8848    173.1072       0.0000 CPA_float_add_2
system/tile_prci_domain/tile_reset_domain_tile/fusion/fgra/fgra/xcores_1/lns/lns/cpa_tree/cpa_add0/cpa_0     307.4064     0.0     307.4064      0.0000       0.0000 CPA_cpatree_7
system/tile_prci_domain/tile_reset_domain_tile/fusion/fgra/fgra/xcores_1/lns/lns/cpa_tree/cpa_add0/cpa_fixed_adder     352.5648     0.0     352.5648      0.0000       0.0000 CPA_cpatree_6
system/tile_prci_domain/tile_reset_domain_tile/fusion/fgra/fgra/xcores_1/lns/lns/cpa_tree/cpa_add0/lod     319.1664     0.0     242.2560      0.0000       0.0000 FLOAT_ADD_LOD1_4
system/tile_prci_domain/tile_reset_domain_tile/fusion/fgra/fgra/xcores_1/lns/lns/cpa_tree/cpa_add0/lod/leading_one_detector_1      76.9104     0.0      43.5120      0.0000       0.0000 FLOAT_ADD_leading_one_detector_24_4
system/tile_prci_domain/tile_reset_domain_tile/fusion/fgra/fgra/xcores_1/lns/lns/cpa_tree/cpa_add0/lod/leading_one_detector_1/group1       7.2912     0.0       7.2912      0.0000       0.0000 FLOAT_ADD_leading_one_detector_4bit_29
system/tile_prci_domain/tile_reset_domain_tile/fusion/fgra/fgra/xcores_1/lns/lns/cpa_tree/cpa_add0/lod/leading_one_detector_1/group2       6.3504     0.0       6.3504      0.0000       0.0000 FLOAT_ADD_leading_one_detector_4bit_28
system/tile_prci_domain/tile_reset_domain_tile/fusion/fgra/fgra/xcores_1/lns/lns/cpa_tree/cpa_add0/lod/leading_one_detector_1/group3       4.9392     0.0       4.9392      0.0000       0.0000 FLOAT_ADD_leading_one_detector_4bit_27
system/tile_prci_domain/tile_reset_domain_tile/fusion/fgra/fgra/xcores_1/lns/lns/cpa_tree/cpa_add0/lod/leading_one_detector_1/group4       4.9392     0.0       4.9392      0.0000       0.0000 FLOAT_ADD_leading_one_detector_4bit_26
system/tile_prci_domain/tile_reset_domain_tile/fusion/fgra/fgra/xcores_1/lns/lns/cpa_tree/cpa_add0/lod/leading_one_detector_1/group5       4.9392     0.0       4.9392      0.0000       0.0000 FLOAT_ADD_leading_one_detector_4bit_25
system/tile_prci_domain/tile_reset_domain_tile/fusion/fgra/fgra/xcores_1/lns/lns/cpa_tree/cpa_add0/lod/leading_one_detector_1/group6       4.9392     0.0       4.9392      0.0000       0.0000 FLOAT_ADD_leading_one_detector_4bit_24
system/tile_prci_domain/tile_reset_domain_tile/fusion/fgra/fgra/xcores_1/lns/lns/cpa_tree/cpa_add1    2152.5504     0.1    1002.8928    173.1072       0.0000 CPA_float_add_1
system/tile_prci_domain/tile_reset_domain_tile/fusion/fgra/fgra/xcores_1/lns/lns/cpa_tree/cpa_add1/cpa_0     297.2928     0.0     297.2928      0.0000       0.0000 CPA_cpatree_5
system/tile_prci_domain/tile_reset_domain_tile/fusion/fgra/fgra/xcores_1/lns/lns/cpa_tree/cpa_add1/cpa_fixed_adder     363.3840     0.0     363.3840      0.0000       0.0000 CPA_cpatree_4
system/tile_prci_domain/tile_reset_domain_tile/fusion/fgra/fgra/xcores_1/lns/lns/cpa_tree/cpa_add1/lod     315.8736     0.0     241.5504      0.0000       0.0000 FLOAT_ADD_LOD1_3
system/tile_prci_domain/tile_reset_domain_tile/fusion/fgra/fgra/xcores_1/lns/lns/cpa_tree/cpa_add1/lod/leading_one_detector_1      74.3232     0.0      42.5712      0.0000       0.0000 FLOAT_ADD_leading_one_detector_24_3
system/tile_prci_domain/tile_reset_domain_tile/fusion/fgra/fgra/xcores_1/lns/lns/cpa_tree/cpa_add1/lod/leading_one_detector_1/group1       7.0560     0.0       7.0560      0.0000       0.0000 FLOAT_ADD_leading_one_detector_4bit_23
system/tile_prci_domain/tile_reset_domain_tile/fusion/fgra/fgra/xcores_1/lns/lns/cpa_tree/cpa_add1/lod/leading_one_detector_1/group2       4.9392     0.0       4.9392      0.0000       0.0000 FLOAT_ADD_leading_one_detector_4bit_22
system/tile_prci_domain/tile_reset_domain_tile/fusion/fgra/fgra/xcores_1/lns/lns/cpa_tree/cpa_add1/lod/leading_one_detector_1/group3       4.9392     0.0       4.9392      0.0000       0.0000 FLOAT_ADD_leading_one_detector_4bit_21
system/tile_prci_domain/tile_reset_domain_tile/fusion/fgra/fgra/xcores_1/lns/lns/cpa_tree/cpa_add1/lod/leading_one_detector_1/group4       4.9392     0.0       4.9392      0.0000       0.0000 FLOAT_ADD_leading_one_detector_4bit_20
system/tile_prci_domain/tile_reset_domain_tile/fusion/fgra/fgra/xcores_1/lns/lns/cpa_tree/cpa_add1/lod/leading_one_detector_1/group5       4.9392     0.0       4.9392      0.0000       0.0000 FLOAT_ADD_leading_one_detector_4bit_19
system/tile_prci_domain/tile_reset_domain_tile/fusion/fgra/fgra/xcores_1/lns/lns/cpa_tree/cpa_add1/lod/leading_one_detector_1/group6       4.9392     0.0       4.9392      0.0000       0.0000 FLOAT_ADD_leading_one_detector_4bit_18
system/tile_prci_domain/tile_reset_domain_tile/fusion/fgra/fgra/xcores_1/lns/lns/cpa_tree/cpa_add2    2005.0800     0.1     979.3728    173.1072       0.0000 CPA_float_add_0
system/tile_prci_domain/tile_reset_domain_tile/fusion/fgra/fgra/xcores_1/lns/lns/cpa_tree/cpa_add2/cpa_0     306.9360     0.0     306.9360      0.0000       0.0000 CPA_cpatree_3
system/tile_prci_domain/tile_reset_domain_tile/fusion/fgra/fgra/xcores_1/lns/lns/cpa_tree/cpa_add2/cpa_fixed_adder     214.5024     0.0     214.5024      0.0000       0.0000 CPA_cpatree_2
system/tile_prci_domain/tile_reset_domain_tile/fusion/fgra/fgra/xcores_1/lns/lns/cpa_tree/cpa_add2/lod     331.1616     0.0     249.7824      0.0000       0.0000 FLOAT_ADD_LOD1_2
system/tile_prci_domain/tile_reset_domain_tile/fusion/fgra/fgra/xcores_1/lns/lns/cpa_tree/cpa_add2/lod/leading_one_detector_1      81.3792     0.0      49.1568      0.0000       0.0000 FLOAT_ADD_leading_one_detector_24_2
system/tile_prci_domain/tile_reset_domain_tile/fusion/fgra/fgra/xcores_1/lns/lns/cpa_tree/cpa_add2/lod/leading_one_detector_1/group1       6.3504     0.0       6.3504      0.0000       0.0000 FLOAT_ADD_leading_one_detector_4bit_17
system/tile_prci_domain/tile_reset_domain_tile/fusion/fgra/fgra/xcores_1/lns/lns/cpa_tree/cpa_add2/lod/leading_one_detector_1/group2       4.9392     0.0       4.9392      0.0000       0.0000 FLOAT_ADD_leading_one_detector_4bit_16
system/tile_prci_domain/tile_reset_domain_tile/fusion/fgra/fgra/xcores_1/lns/lns/cpa_tree/cpa_add2/lod/leading_one_detector_1/group3       6.1152     0.0       6.1152      0.0000       0.0000 FLOAT_ADD_leading_one_detector_4bit_15
system/tile_prci_domain/tile_reset_domain_tile/fusion/fgra/fgra/xcores_1/lns/lns/cpa_tree/cpa_add2/lod/leading_one_detector_1/group4       4.9392     0.0       4.9392      0.0000       0.0000 FLOAT_ADD_leading_one_detector_4bit_14
system/tile_prci_domain/tile_reset_domain_tile/fusion/fgra/fgra/xcores_1/lns/lns/cpa_tree/cpa_add2/lod/leading_one_detector_1/group5       4.9392     0.0       4.9392      0.0000       0.0000 FLOAT_ADD_leading_one_detector_4bit_13
system/tile_prci_domain/tile_reset_domain_tile/fusion/fgra/fgra/xcores_1/lns/lns/cpa_tree/cpa_add2/lod/leading_one_detector_1/group6       4.9392     0.0       4.9392      0.0000       0.0000 FLOAT_ADD_leading_one_detector_4bit_12
system/tile_prci_domain/tile_reset_domain_tile/fusion/fgra/fgra/xcores_1/lns/lns/cpa_tree/cpa_add3    2420.2080     0.1    1313.8272    346.2144       0.0000 CPA_float_add_all_reg_1
system/tile_prci_domain/tile_reset_domain_tile/fusion/fgra/fgra/xcores_1/lns/lns/cpa_tree/cpa_add3/cpa_0     374.4384     0.0     374.4384      0.0000       0.0000 CPA_cpatree_1
system/tile_prci_domain/tile_reset_domain_tile/fusion/fgra/fgra/xcores_1/lns/lns/cpa_tree/cpa_add3/lod     385.7280     0.0     266.4816      0.0000       0.0000 FLOAT_ADD_LOD1_1
system/tile_prci_domain/tile_reset_domain_tile/fusion/fgra/fgra/xcores_1/lns/lns/cpa_tree/cpa_add3/lod/leading_one_detector_1     119.2464     0.0      73.1472      0.0000       0.0000 FLOAT_ADD_leading_one_detector_24_1
system/tile_prci_domain/tile_reset_domain_tile/fusion/fgra/fgra/xcores_1/lns/lns/cpa_tree/cpa_add3/lod/leading_one_detector_1/group1      10.8192     0.0      10.8192      0.0000       0.0000 FLOAT_ADD_leading_one_detector_4bit_11
system/tile_prci_domain/tile_reset_domain_tile/fusion/fgra/fgra/xcores_1/lns/lns/cpa_tree/cpa_add3/lod/leading_one_detector_1/group2       8.4672     0.0       8.4672      0.0000       0.0000 FLOAT_ADD_leading_one_detector_4bit_10
system/tile_prci_domain/tile_reset_domain_tile/fusion/fgra/fgra/xcores_1/lns/lns/cpa_tree/cpa_add3/lod/leading_one_detector_1/group3       8.2320     0.0       8.2320      0.0000       0.0000 FLOAT_ADD_leading_one_detector_4bit_9
system/tile_prci_domain/tile_reset_domain_tile/fusion/fgra/fgra/xcores_1/lns/lns/cpa_tree/cpa_add3/lod/leading_one_detector_1/group4       8.2320     0.0       8.2320      0.0000       0.0000 FLOAT_ADD_leading_one_detector_4bit_8
system/tile_prci_domain/tile_reset_domain_tile/fusion/fgra/fgra/xcores_1/lns/lns/cpa_tree/cpa_add3/lod/leading_one_detector_1/group5       5.4096     0.0       5.4096      0.0000       0.0000 FLOAT_ADD_leading_one_detector_4bit_7
system/tile_prci_domain/tile_reset_domain_tile/fusion/fgra/fgra/xcores_1/lns/lns/cpa_tree/cpa_add3/lod/leading_one_detector_1/group6       4.9392     0.0       4.9392      0.0000       0.0000 FLOAT_ADD_leading_one_detector_4bit_6
system/tile_prci_domain/tile_reset_domain_tile/fusion/fgra/fgra/xcores_1/lns/lns/cpa_tree/cpa_add4    2200.2960     0.1    1164.2400    346.2144       0.0000 CPA_float_add_all_reg_0
system/tile_prci_domain/tile_reset_domain_tile/fusion/fgra/fgra/xcores_1/lns/lns/cpa_tree/cpa_add4/cpa_0     346.4496     0.0     346.4496      0.0000       0.0000 CPA_cpatree_0
system/tile_prci_domain/tile_reset_domain_tile/fusion/fgra/fgra/xcores_1/lns/lns/cpa_tree/cpa_add4/lod     343.3920     0.0     261.5424      0.0000       0.0000 FLOAT_ADD_LOD1_0
system/tile_prci_domain/tile_reset_domain_tile/fusion/fgra/fgra/xcores_1/lns/lns/cpa_tree/cpa_add4/lod/leading_one_detector_1      81.8496     0.0      48.2160      0.0000       0.0000 FLOAT_ADD_leading_one_detector_24_0
system/tile_prci_domain/tile_reset_domain_tile/fusion/fgra/fgra/xcores_1/lns/lns/cpa_tree/cpa_add4/lod/leading_one_detector_1/group1       7.5264     0.0       7.5264      0.0000       0.0000 FLOAT_ADD_leading_one_detector_4bit_5
system/tile_prci_domain/tile_reset_domain_tile/fusion/fgra/fgra/xcores_1/lns/lns/cpa_tree/cpa_add4/lod/leading_one_detector_1/group2       5.8800     0.0       5.8800      0.0000       0.0000 FLOAT_ADD_leading_one_detector_4bit_4
system/tile_prci_domain/tile_reset_domain_tile/fusion/fgra/fgra/xcores_1/lns/lns/cpa_tree/cpa_add4/lod/leading_one_detector_1/group3       5.4096     0.0       5.4096      0.0000       0.0000 FLOAT_ADD_leading_one_detector_4bit_3
system/tile_prci_domain/tile_reset_domain_tile/fusion/fgra/fgra/xcores_1/lns/lns/cpa_tree/cpa_add4/lod/leading_one_detector_1/group4       4.9392     0.0       4.9392      0.0000       0.0000 FLOAT_ADD_leading_one_detector_4bit_2
system/tile_prci_domain/tile_reset_domain_tile/fusion/fgra/fgra/xcores_1/lns/lns/cpa_tree/cpa_add4/lod/leading_one_detector_1/group5       4.9392     0.0       4.9392      0.0000       0.0000 FLOAT_ADD_leading_one_detector_4bit_1
system/tile_prci_domain/tile_reset_domain_tile/fusion/fgra/fgra/xcores_1/lns/lns/cpa_tree/cpa_add4/lod/leading_one_detector_1/group6       4.9392     0.0       4.9392      0.0000       0.0000 FLOAT_ADD_leading_one_detector_4bit_0
system/tile_prci_domain/tile_reset_domain_tile/fusion/fgra/fgra/xcores_1/lns/lns/csa_tree   15764.7506     0.4    2979.9840      0.0000       0.0000 CSA_tree_0
system/tile_prci_domain/tile_reset_domain_tile/fusion/fgra/fgra/xcores_1/lns/lns/csa_tree/booth0     413.2464     0.0     413.2464      0.0000       0.0000 Booth_pp_4
system/tile_prci_domain/tile_reset_domain_tile/fusion/fgra/fgra/xcores_1/lns/lns/csa_tree/booth1     457.2288     0.0     457.2288      0.0000       0.0000 Booth_pp_3
system/tile_prci_domain/tile_reset_domain_tile/fusion/fgra/fgra/xcores_1/lns/lns/csa_tree/booth2     460.2864     0.0     460.2864      0.0000       0.0000 Booth_pp_2
system/tile_prci_domain/tile_reset_domain_tile/fusion/fgra/fgra/xcores_1/lns/lns/csa_tree/booth3     464.5200     0.0     464.5200      0.0000       0.0000 Booth_pp_1
system/tile_prci_domain/tile_reset_domain_tile/fusion/fgra/fgra/xcores_1/lns/lns/csa_tree/booth4     462.8736     0.0     462.8736      0.0000       0.0000 Booth_pp_0
system/tile_prci_domain/tile_reset_domain_tile/fusion/fgra/fgra/xcores_1/lns/lns/csa_tree/cpa0     553.8960     0.0     553.8960      0.0000       0.0000 CPA_38_4
system/tile_prci_domain/tile_reset_domain_tile/fusion/fgra/fgra/xcores_1/lns/lns/csa_tree/cpa1     448.5264     0.0     448.5264      0.0000       0.0000 CPA_38_3
system/tile_prci_domain/tile_reset_domain_tile/fusion/fgra/fgra/xcores_1/lns/lns/csa_tree/cpa2     300.8208     0.0     300.8208      0.0000       0.0000 CPA_38_2
system/tile_prci_domain/tile_reset_domain_tile/fusion/fgra/fgra/xcores_1/lns/lns/csa_tree/cpa3     327.6336     0.0     327.6336      0.0000       0.0000 CPA_38_1
system/tile_prci_domain/tile_reset_domain_tile/fusion/fgra/fgra/xcores_1/lns/lns/csa_tree/cpa4     303.6432     0.0     303.6432      0.0000       0.0000 CPA_38_0
system/tile_prci_domain/tile_reset_domain_tile/fusion/fgra/fgra/xcores_1/lns/lns/csa_tree/csa0     332.5728     0.0     332.5728      0.0000       0.0000 CSA_38_12
system/tile_prci_domain/tile_reset_domain_tile/fusion/fgra/fgra/xcores_1/lns/lns/csa_tree/csa1     237.5520     0.0     237.5520      0.0000       0.0000 CSA_38_11
system/tile_prci_domain/tile_reset_domain_tile/fusion/fgra/fgra/xcores_1/lns/lns/csa_tree/csa10     252.8400     0.0     252.8400      0.0000       0.0000 CSA_38_2
system/tile_prci_domain/tile_reset_domain_tile/fusion/fgra/fgra/xcores_1/lns/lns/csa_tree/csa11     339.1584     0.0     339.1584      0.0000       0.0000 CSA_38_1
system/tile_prci_domain/tile_reset_domain_tile/fusion/fgra/fgra/xcores_1/lns/lns/csa_tree/csa12     366.4416     0.0     366.4416      0.0000       0.0000 CSA_38_0
system/tile_prci_domain/tile_reset_domain_tile/fusion/fgra/fgra/xcores_1/lns/lns/csa_tree/csa2     238.7280     0.0     238.7280      0.0000       0.0000 CSA_38_10
system/tile_prci_domain/tile_reset_domain_tile/fusion/fgra/fgra/xcores_1/lns/lns/csa_tree/csa3     238.4928     0.0     238.4928      0.0000       0.0000 CSA_38_9
system/tile_prci_domain/tile_reset_domain_tile/fusion/fgra/fgra/xcores_1/lns/lns/csa_tree/csa4     230.2608     0.0     230.2608      0.0000       0.0000 CSA_38_8
system/tile_prci_domain/tile_reset_domain_tile/fusion/fgra/fgra/xcores_1/lns/lns/csa_tree/csa5     250.2528     0.0     250.2528      0.0000       0.0000 CSA_38_7
system/tile_prci_domain/tile_reset_domain_tile/fusion/fgra/fgra/xcores_1/lns/lns/csa_tree/csa6     249.3120     0.0     249.3120      0.0000       0.0000 CSA_38_6
system/tile_prci_domain/tile_reset_domain_tile/fusion/fgra/fgra/xcores_1/lns/lns/csa_tree/csa7     335.3952     0.0     335.3952      0.0000       0.0000 CSA_38_5
system/tile_prci_domain/tile_reset_domain_tile/fusion/fgra/fgra/xcores_1/lns/lns/csa_tree/csa8     263.4240     0.0     263.4240      0.0000       0.0000 CSA_38_4
system/tile_prci_domain/tile_reset_domain_tile/fusion/fgra/fgra/xcores_1/lns/lns/csa_tree/csa9     459.1104     0.0     459.1104      0.0000       0.0000 CSA_38_3
system/tile_prci_domain/tile_reset_domain_tile/fusion/fgra/fgra/xcores_1/lns/lns/csa_tree/logc0    4798.5504     0.1     154.2912      0.0000       0.0000 LOGC_0
system/tile_prci_domain/tile_reset_domain_tile/fusion/fgra/fgra/xcores_1/lns/lns/csa_tree/logc0/abs     419.5968     0.0     419.5968      0.0000       0.0000 ABS1_0
system/tile_prci_domain/tile_reset_domain_tile/fusion/fgra/fgra/xcores_1/lns/lns/csa_tree/logc0/app    3624.6672     0.1    3624.6672      0.0000       0.0000 APP_22_22_10_4_24_csa_0
system/tile_prci_domain/tile_reset_domain_tile/fusion/fgra/fgra/xcores_1/lns/lns/csa_tree/logc0/lod     599.9952     0.0     437.9424      0.0000       0.0000 LOD1_0
system/tile_prci_domain/tile_reset_domain_tile/fusion/fgra/fgra/xcores_1/lns/lns/csa_tree/logc0/lod/leading_one_detector_1     162.0528     0.0      88.6704      0.0000       0.0000 CSA_leading_one_detector_32_0
system/tile_prci_domain/tile_reset_domain_tile/fusion/fgra/fgra/xcores_1/lns/lns/csa_tree/logc0/lod/leading_one_detector_1/group1      10.5840     0.0      10.5840      0.0000       0.0000 CSA_leading_one_detector_4bit_7
system/tile_prci_domain/tile_reset_domain_tile/fusion/fgra/fgra/xcores_1/lns/lns/csa_tree/logc0/lod/leading_one_detector_1/group2      10.8192     0.0      10.8192      0.0000       0.0000 CSA_leading_one_detector_4bit_6
system/tile_prci_domain/tile_reset_domain_tile/fusion/fgra/fgra/xcores_1/lns/lns/csa_tree/logc0/lod/leading_one_detector_1/group3      10.8192     0.0      10.8192      0.0000       0.0000 CSA_leading_one_detector_4bit_5
system/tile_prci_domain/tile_reset_domain_tile/fusion/fgra/fgra/xcores_1/lns/lns/csa_tree/logc0/lod/leading_one_detector_1/group4       9.1728     0.0       9.1728      0.0000       0.0000 CSA_leading_one_detector_4bit_4
system/tile_prci_domain/tile_reset_domain_tile/fusion/fgra/fgra/xcores_1/lns/lns/csa_tree/logc0/lod/leading_one_detector_1/group5       9.8784     0.0       9.8784      0.0000       0.0000 CSA_leading_one_detector_4bit_3
system/tile_prci_domain/tile_reset_domain_tile/fusion/fgra/fgra/xcores_1/lns/lns/csa_tree/logc0/lod/leading_one_detector_1/group6       8.9376     0.0       8.9376      0.0000       0.0000 CSA_leading_one_detector_4bit_2
system/tile_prci_domain/tile_reset_domain_tile/fusion/fgra/fgra/xcores_1/lns/lns/csa_tree/logc0/lod/leading_one_detector_1/group7       6.5856     0.0       6.5856      0.0000       0.0000 CSA_leading_one_detector_4bit_1
system/tile_prci_domain/tile_reset_domain_tile/fusion/fgra/fgra/xcores_1/lns/lns/csa_tree/logc0/lod/leading_one_detector_1/group9       6.5856     0.0       6.5856      0.0000       0.0000 CSA_leading_one_detector_4bit_0
system/tile_prci_domain/tile_reset_domain_tile/fusion/fgra/fgra/xcores_1/lns/lns/float_tran_to_q822     686.7840     0.0     686.7840      0.0000       0.0000 FLOAT_TRAN_TO_Q822_0
system/tile_prci_domain/tile_reset_domain_tile/fusion/fgra/fgra/xcores_1/lns/lns/logconv_x0    5319.9889     0.2     145.3536      0.0000       0.0000 converter_0
system/tile_prci_domain/tile_reset_domain_tile/fusion/fgra/fgra/xcores_1/lns/lns/logconv_x0/abs     324.5760     0.0     324.5760      0.0000       0.0000 ABS0_0
system/tile_prci_domain/tile_reset_domain_tile/fusion/fgra/fgra/xcores_1/lns/lns/logconv_x0/app    4327.4448     0.1    3429.9216      0.0000       0.0000 APP_22_22_10_4_24_conv4_0
system/tile_prci_domain/tile_reset_domain_tile/fusion/fgra/fgra/xcores_1/lns/lns/logconv_x0/app/cpa_conv     234.0240     0.0     234.0240      0.0000       0.0000 CPA_conv_0
system/tile_prci_domain/tile_reset_domain_tile/fusion/fgra/fgra/xcores_1/lns/lns/logconv_x0/app/csa1_conv     235.2000     0.0     235.2000      0.0000       0.0000 CSA_conv_2
system/tile_prci_domain/tile_reset_domain_tile/fusion/fgra/fgra/xcores_1/lns/lns/logconv_x0/app/csa2_conv     214.7376     0.0     214.7376      0.0000       0.0000 CSA_conv_1
system/tile_prci_domain/tile_reset_domain_tile/fusion/fgra/fgra/xcores_1/lns/lns/logconv_x0/app/csa3_conv     213.5616     0.0     213.5616      0.0000       0.0000 CSA_conv_0
system/tile_prci_domain/tile_reset_domain_tile/fusion/fgra/fgra/xcores_1/lns/lns/logconv_x0/lod     522.6144     0.0     388.7856      0.0000       0.0000 LOD0_0
system/tile_prci_domain/tile_reset_domain_tile/fusion/fgra/fgra/xcores_1/lns/lns/logconv_x0/lod/leading_one_detector_1     133.8288     0.0      75.4992      0.0000       0.0000 leading_one_detector_32_0
system/tile_prci_domain/tile_reset_domain_tile/fusion/fgra/fgra/xcores_1/lns/lns/logconv_x0/lod/leading_one_detector_1/group1       8.4672     0.0       8.4672      0.0000       0.0000 leading_one_detector_4bit_7
system/tile_prci_domain/tile_reset_domain_tile/fusion/fgra/fgra/xcores_1/lns/lns/logconv_x0/lod/leading_one_detector_1/group2       8.2320     0.0       8.2320      0.0000       0.0000 leading_one_detector_4bit_6
system/tile_prci_domain/tile_reset_domain_tile/fusion/fgra/fgra/xcores_1/lns/lns/logconv_x0/lod/leading_one_detector_1/group3       8.7024     0.0       8.7024      0.0000       0.0000 leading_one_detector_4bit_5
system/tile_prci_domain/tile_reset_domain_tile/fusion/fgra/fgra/xcores_1/lns/lns/logconv_x0/lod/leading_one_detector_1/group4       7.0560     0.0       7.0560      0.0000       0.0000 leading_one_detector_4bit_4
system/tile_prci_domain/tile_reset_domain_tile/fusion/fgra/fgra/xcores_1/lns/lns/logconv_x0/lod/leading_one_detector_1/group5       7.7616     0.0       7.7616      0.0000       0.0000 leading_one_detector_4bit_3
system/tile_prci_domain/tile_reset_domain_tile/fusion/fgra/fgra/xcores_1/lns/lns/logconv_x0/lod/leading_one_detector_1/group6       6.5856     0.0       6.5856      0.0000       0.0000 leading_one_detector_4bit_2
system/tile_prci_domain/tile_reset_domain_tile/fusion/fgra/fgra/xcores_1/lns/lns/logconv_x0/lod/leading_one_detector_1/group7       5.8800     0.0       5.8800      0.0000       0.0000 leading_one_detector_4bit_1
system/tile_prci_domain/tile_reset_domain_tile/fusion/fgra/fgra/xcores_1/lns/lns/logconv_x0/lod/leading_one_detector_1/group9       5.6448     0.0       5.6448      0.0000       0.0000 leading_one_detector_4bit_0
system/tile_prci_domain/tile_reset_domain_tile/fusion/fgra/fgra/xcores_1/lns/lns/sat_gen_1__sat_inst      80.2032     0.0      80.2032      0.0000       0.0000 SAT_with_VEC_overflow_3
system/tile_prci_domain/tile_reset_domain_tile/fusion/fgra/fgra/xcores_1/lns/lns/sat_gen_2__sat_inst      65.8560     0.0      65.8560      0.0000       0.0000 SAT_with_VEC_overflow_2
system/tile_prci_domain/tile_reset_domain_tile/fusion/fgra/fgra/xcores_1/lns/lns/sat_gen_3__sat_inst      69.3840     0.0      69.3840      0.0000       0.0000 SAT_with_VEC_overflow_1
system/tile_prci_domain/tile_reset_domain_tile/fusion/fgra/fgra/xcores_1/lns/lns/sat_gen_4__sat_inst      72.2064     0.0      72.2064      0.0000       0.0000 SAT_with_VEC_overflow_0
system/tile_prci_domain/tile_reset_domain_tile/fusion/fgra/fgra/xcores_1/lns/lns/sat_inst0      83.7312     0.0      83.7312      0.0000       0.0000 SAT_with_TRG_VEC_overflow_0
system/tile_prci_domain/tile_reset_domain_tile/fusion/fgra/fgra/xcores_1/lns/lns/sel     721.3584     0.0     721.3584      0.0000       0.0000 segSel_WIDTH3232_0
system/tile_prci_domain/tile_reset_domain_tile/fusion/fgra/fgra/xcores_1/lns/lns/tran_log_to_mn_0     415.8336     0.0     415.8336      0.0000       0.0000 Tran_log_to_mn_0
system/tile_prci_domain/tile_reset_domain_tile/fusion/fgra/fgra/xcores_1/lns/lns/tran_q822_to_float0     639.2736     0.0     304.5840      0.0000       0.0000 Tran_Q822_to_float_0
system/tile_prci_domain/tile_reset_domain_tile/fusion/fgra/fgra/xcores_1/lns/lns/tran_q822_to_float0/abs0_Tran_Q822_to_float0     203.9184     0.0     203.9184      0.0000       0.0000 ABS0_Tran_Q822_to_float_0
system/tile_prci_domain/tile_reset_domain_tile/fusion/fgra/fgra/xcores_1/lns/lns/tran_q822_to_float0/lod1_Tran_Q822_to_float_24_0     130.7712     0.0      64.6800      0.0000       0.0000 LOD1_Tran_Q822_to_float_24_0
system/tile_prci_domain/tile_reset_domain_tile/fusion/fgra/fgra/xcores_1/lns/lns/tran_q822_to_float0/lod1_Tran_Q822_to_float_24_0/group1       4.4688     0.0       4.4688      0.0000       0.0000 leading_one_detector_4bit_Tran_Q816_to_float_7
system/tile_prci_domain/tile_reset_domain_tile/fusion/fgra/fgra/xcores_1/lns/lns/tran_q822_to_float0/lod1_Tran_Q822_to_float_24_0/group2       7.9968     0.0       7.9968      0.0000       0.0000 leading_one_detector_4bit_Tran_Q816_to_float_6
system/tile_prci_domain/tile_reset_domain_tile/fusion/fgra/fgra/xcores_1/lns/lns/tran_q822_to_float0/lod1_Tran_Q822_to_float_24_0/group3       8.9376     0.0       8.9376      0.0000       0.0000 leading_one_detector_4bit_Tran_Q816_to_float_5
system/tile_prci_domain/tile_reset_domain_tile/fusion/fgra/fgra/xcores_1/lns/lns/tran_q822_to_float0/lod1_Tran_Q822_to_float_24_0/group4       8.9376     0.0       8.9376      0.0000       0.0000 leading_one_detector_4bit_Tran_Q816_to_float_4
system/tile_prci_domain/tile_reset_domain_tile/fusion/fgra/fgra/xcores_1/lns/lns/tran_q822_to_float0/lod1_Tran_Q822_to_float_24_0/group5       8.9376     0.0       8.9376      0.0000       0.0000 leading_one_detector_4bit_Tran_Q816_to_float_3
system/tile_prci_domain/tile_reset_domain_tile/fusion/fgra/fgra/xcores_1/lns/lns/tran_q822_to_float0/lod1_Tran_Q822_to_float_24_0/group6       8.9376     0.0       8.9376      0.0000       0.0000 leading_one_detector_4bit_Tran_Q816_to_float_2
system/tile_prci_domain/tile_reset_domain_tile/fusion/fgra/fgra/xcores_1/lns/lns/tran_q822_to_float0/lod1_Tran_Q822_to_float_24_0/group7       8.9376     0.0       8.9376      0.0000       0.0000 leading_one_detector_4bit_Tran_Q816_to_float_1
system/tile_prci_domain/tile_reset_domain_tile/fusion/fgra/fgra/xcores_1/lns/lns/tran_q822_to_float0/lod1_Tran_Q822_to_float_24_0/group8       8.9376     0.0       8.9376      0.0000       0.0000 leading_one_detector_4bit_Tran_Q816_to_float_0
system/tile_prci_domain/tile_reset_domain_tile/fusion/fgra/fgra/xcores_1/lns/lns/tran_to_822_0     360.0912     0.0     360.0912      0.0000       0.0000 Tran_to_822_0
system/tile_prci_domain/tile_reset_domain_tile/fusion/fgra/sram_coalesce_iob    4796.4336     0.1       0.0000      0.0000       0.0000 SRAMCoalesce
system/tile_prci_domain/tile_reset_domain_tile/fusion/fgra/sram_coalesce_iob/group    1593.7152     0.0    1518.4512     75.2640       0.0000 SRAMBanksCoalesce_2
system/tile_prci_domain/tile_reset_domain_tile/fusion/fgra/sram_coalesce_iob/group_1    1599.3600     0.0    1524.0960     75.2640       0.0000 SRAMBanksCoalesce_1
system/tile_prci_domain/tile_reset_domain_tile/fusion/fgra/sram_coalesce_iob/group_2    1603.3584     0.0    1528.0944     75.2640       0.0000 SRAMBanksCoalesce_0
system/tile_prci_domain/tile_reset_domain_tile/fusion/loader    7341.2976     0.2     588.9408    827.9040       0.0000 LoadController
system/tile_prci_domain/tile_reset_domain_tile/fusion/loader/que    2181.2448     0.1      17.8752     14.1120       0.0000 Queue_77
system/tile_prci_domain/tile_reset_domain_tile/fusion/loader/que/ram_ext    2149.2576     0.1     945.0336   1204.2240       0.0000 ram_combMem_32
system/tile_prci_domain/tile_reset_domain_tile/fusion/loader/spadReqQue    3743.2080     0.1      26.1072     23.5200       0.0000 Queue_76
system/tile_prci_domain/tile_reset_domain_tile/fusion/loader/spadReqQue/ram_ext    3693.5808     0.1    1623.8208   2069.7600       0.0000 ram_combMem_31
system/tile_prci_domain/tile_reset_domain_tile/fusion/reservation   18197.6593     0.5     230.2608     84.6720       0.0000 ReservationStation
system/tile_prci_domain/tile_reset_domain_tile/fusion/reservation/cmd_que    3505.8912     0.1      26.1072     23.5200       0.0000 Queue_68_1
system/tile_prci_domain/tile_reset_domain_tile/fusion/reservation/cmd_que/ram_ext    3456.2640     0.1    1518.2160   1938.0480       0.0000 ram_combMem_44_1
system/tile_prci_domain/tile_reset_domain_tile/fusion/reservation/ex_cmd_que    1698.1440     0.0      26.1072     23.5200       0.0000 Queue_68_0
system/tile_prci_domain/tile_reset_domain_tile/fusion/reservation/ex_cmd_que/ram_ext    1648.5168     0.0     726.5328    921.9840       0.0000 ram_combMem_44_0
system/tile_prci_domain/tile_reset_domain_tile/fusion/reservation/ex_resv_que     224.1456     0.0      26.1072     23.5200       0.0000 Queue_75
system/tile_prci_domain/tile_reset_domain_tile/fusion/reservation/ex_resv_que/ram_ext     174.5184     0.0      80.4384     94.0800       0.0000 ram_combMem_2
system/tile_prci_domain/tile_reset_domain_tile/fusion/reservation/ld_cfg_resv_que     179.4576     0.0      27.7536     23.5200       0.0000 Queue_73
system/tile_prci_domain/tile_reset_domain_tile/fusion/reservation/ld_cfg_resv_que/ram_ext     128.1840     0.0      57.6240     70.5600       0.0000 ram_combMem_0
system/tile_prci_domain/tile_reset_domain_tile/fusion/reservation/ld_cmd_que    6024.8832     0.2      35.7504     32.9280       0.0000 Queue_69_1
system/tile_prci_domain/tile_reset_domain_tile/fusion/reservation/ld_cmd_que/ram_ext    5956.2048     0.2    2569.3248   3386.8800       0.0000 ram_combMem_45_1
system/tile_prci_domain/tile_reset_domain_tile/fusion/reservation/ld_dat_resv_que     417.4800     0.0      35.7504     32.9280       0.0000 Queue_72_1
system/tile_prci_domain/tile_reset_domain_tile/fusion/reservation/ld_dat_resv_que/ram_ext     348.8016     0.0     160.6416    188.1600       0.0000 ram_combMem_1_1
system/tile_prci_domain/tile_reset_domain_tile/fusion/reservation/st_cmd_que    5763.3408     0.2      35.7504     32.9280       0.0000 Queue_69_0
system/tile_prci_domain/tile_reset_domain_tile/fusion/reservation/st_cmd_que/ram_ext    5694.6624     0.2    2458.3104   3236.3520       0.0000 ram_combMem_45_0
system/tile_prci_domain/tile_reset_domain_tile/fusion/reservation/st_resv_que      69.3840     0.0      36.4560     32.9280       0.0000 Queue_72_0
system/tile_prci_domain/tile_reset_domain_tile/fusion/spad  747348.2359    21.3   14511.8400   1792.2240       0.0000 Scratchpad
system/tile_prci_domain/tile_reset_domain_tile/fusion/spad/SpadReadInterface    1659.5712     0.0    1659.5712      0.0000       0.0000 SpadReadInterface
system/tile_prci_domain/tile_reset_domain_tile/fusion/spad/TrueDualPortSRAMAsym   56815.8528     1.6    1207.0464     18.8160       0.0000 TrueDualPortSRAMAsym_11
system/tile_prci_domain/tile_reset_domain_tile/fusion/spad/TrueDualPortSRAMAsym/TrueDualPortSRAM_32_8   13897.4976     0.4       0.0000      0.0000       0.0000 TrueDualPortSRAM_32_8_47
system/tile_prci_domain/tile_reset_domain_tile/fusion/spad/TrueDualPortSRAMAsym/TrueDualPortSRAM_32_8/sram   13897.4976     0.4       0.7056      0.0000   13896.7920 dp_sram_32_8_ip_47
system/tile_prci_domain/tile_reset_domain_tile/fusion/spad/TrueDualPortSRAMAsym/TrueDualPortSRAM_32_8_1   13897.4976     0.4       0.0000      0.0000       0.0000 TrueDualPortSRAM_32_8_46
system/tile_prci_domain/tile_reset_domain_tile/fusion/spad/TrueDualPortSRAMAsym/TrueDualPortSRAM_32_8_1/sram   13897.4976     0.4       0.7056      0.0000   13896.7920 dp_sram_32_8_ip_46
system/tile_prci_domain/tile_reset_domain_tile/fusion/spad/TrueDualPortSRAMAsym/TrueDualPortSRAM_32_8_2   13897.4976     0.4       0.0000      0.0000       0.0000 TrueDualPortSRAM_32_8_45
system/tile_prci_domain/tile_reset_domain_tile/fusion/spad/TrueDualPortSRAMAsym/TrueDualPortSRAM_32_8_2/sram   13897.4976     0.4       0.7056      0.0000   13896.7920 dp_sram_32_8_ip_45
system/tile_prci_domain/tile_reset_domain_tile/fusion/spad/TrueDualPortSRAMAsym/TrueDualPortSRAM_32_8_3   13897.4976     0.4       0.0000      0.0000       0.0000 TrueDualPortSRAM_32_8_44
system/tile_prci_domain/tile_reset_domain_tile/fusion/spad/TrueDualPortSRAMAsym/TrueDualPortSRAM_32_8_3/sram   13897.4976     0.4       0.7056      0.0000   13896.7920 dp_sram_32_8_ip_44
system/tile_prci_domain/tile_reset_domain_tile/fusion/spad/TrueDualPortSRAMAsym_1   56820.0864     1.6    1211.2800     18.8160       0.0000 TrueDualPortSRAMAsym_10
system/tile_prci_domain/tile_reset_domain_tile/fusion/spad/TrueDualPortSRAMAsym_1/TrueDualPortSRAM_32_8   13897.4976     0.4       0.0000      0.0000       0.0000 TrueDualPortSRAM_32_8_43
system/tile_prci_domain/tile_reset_domain_tile/fusion/spad/TrueDualPortSRAMAsym_1/TrueDualPortSRAM_32_8/sram   13897.4976     0.4       0.7056      0.0000   13896.7920 dp_sram_32_8_ip_43
system/tile_prci_domain/tile_reset_domain_tile/fusion/spad/TrueDualPortSRAMAsym_1/TrueDualPortSRAM_32_8_1   13897.4976     0.4       0.0000      0.0000       0.0000 TrueDualPortSRAM_32_8_42
system/tile_prci_domain/tile_reset_domain_tile/fusion/spad/TrueDualPortSRAMAsym_1/TrueDualPortSRAM_32_8_1/sram   13897.4976     0.4       0.7056      0.0000   13896.7920 dp_sram_32_8_ip_42
system/tile_prci_domain/tile_reset_domain_tile/fusion/spad/TrueDualPortSRAMAsym_1/TrueDualPortSRAM_32_8_2   13897.4976     0.4       0.0000      0.0000       0.0000 TrueDualPortSRAM_32_8_41
system/tile_prci_domain/tile_reset_domain_tile/fusion/spad/TrueDualPortSRAMAsym_1/TrueDualPortSRAM_32_8_2/sram   13897.4976     0.4       0.7056      0.0000   13896.7920 dp_sram_32_8_ip_41
system/tile_prci_domain/tile_reset_domain_tile/fusion/spad/TrueDualPortSRAMAsym_1/TrueDualPortSRAM_32_8_3   13897.4976     0.4       0.0000      0.0000       0.0000 TrueDualPortSRAM_32_8_40
system/tile_prci_domain/tile_reset_domain_tile/fusion/spad/TrueDualPortSRAMAsym_1/TrueDualPortSRAM_32_8_3/sram   13897.4976     0.4       0.7056      0.0000   13896.7920 dp_sram_32_8_ip_40
system/tile_prci_domain/tile_reset_domain_tile/fusion/spad/TrueDualPortSRAMAsym_10   56819.3808     1.6    1210.5744     18.8160       0.0000 TrueDualPortSRAMAsym_1
system/tile_prci_domain/tile_reset_domain_tile/fusion/spad/TrueDualPortSRAMAsym_10/TrueDualPortSRAM_32_8   13897.4976     0.4       0.0000      0.0000       0.0000 TrueDualPortSRAM_32_8_7
system/tile_prci_domain/tile_reset_domain_tile/fusion/spad/TrueDualPortSRAMAsym_10/TrueDualPortSRAM_32_8/sram   13897.4976     0.4       0.7056      0.0000   13896.7920 dp_sram_32_8_ip_7
system/tile_prci_domain/tile_reset_domain_tile/fusion/spad/TrueDualPortSRAMAsym_10/TrueDualPortSRAM_32_8_1   13897.4976     0.4       0.0000      0.0000       0.0000 TrueDualPortSRAM_32_8_6
system/tile_prci_domain/tile_reset_domain_tile/fusion/spad/TrueDualPortSRAMAsym_10/TrueDualPortSRAM_32_8_1/sram   13897.4976     0.4       0.7056      0.0000   13896.7920 dp_sram_32_8_ip_6
system/tile_prci_domain/tile_reset_domain_tile/fusion/spad/TrueDualPortSRAMAsym_10/TrueDualPortSRAM_32_8_2   13897.4976     0.4       0.0000      0.0000       0.0000 TrueDualPortSRAM_32_8_5
system/tile_prci_domain/tile_reset_domain_tile/fusion/spad/TrueDualPortSRAMAsym_10/TrueDualPortSRAM_32_8_2/sram   13897.4976     0.4       0.7056      0.0000   13896.7920 dp_sram_32_8_ip_5
system/tile_prci_domain/tile_reset_domain_tile/fusion/spad/TrueDualPortSRAMAsym_10/TrueDualPortSRAM_32_8_3   13897.4976     0.4       0.0000      0.0000       0.0000 TrueDualPortSRAM_32_8_4
system/tile_prci_domain/tile_reset_domain_tile/fusion/spad/TrueDualPortSRAMAsym_10/TrueDualPortSRAM_32_8_3/sram   13897.4976     0.4       0.7056      0.0000   13896.7920 dp_sram_32_8_ip_4
system/tile_prci_domain/tile_reset_domain_tile/fusion/spad/TrueDualPortSRAMAsym_11   56821.9680     1.6    1213.1616     18.8160       0.0000 TrueDualPortSRAMAsym_0
system/tile_prci_domain/tile_reset_domain_tile/fusion/spad/TrueDualPortSRAMAsym_11/TrueDualPortSRAM_32_8   13897.4976     0.4       0.0000      0.0000       0.0000 TrueDualPortSRAM_32_8_3
system/tile_prci_domain/tile_reset_domain_tile/fusion/spad/TrueDualPortSRAMAsym_11/TrueDualPortSRAM_32_8/sram   13897.4976     0.4       0.7056      0.0000   13896.7920 dp_sram_32_8_ip_3
system/tile_prci_domain/tile_reset_domain_tile/fusion/spad/TrueDualPortSRAMAsym_11/TrueDualPortSRAM_32_8_1   13897.4976     0.4       0.0000      0.0000       0.0000 TrueDualPortSRAM_32_8_2
system/tile_prci_domain/tile_reset_domain_tile/fusion/spad/TrueDualPortSRAMAsym_11/TrueDualPortSRAM_32_8_1/sram   13897.4976     0.4       0.7056      0.0000   13896.7920 dp_sram_32_8_ip_2
system/tile_prci_domain/tile_reset_domain_tile/fusion/spad/TrueDualPortSRAMAsym_11/TrueDualPortSRAM_32_8_2   13897.4976     0.4       0.0000      0.0000       0.0000 TrueDualPortSRAM_32_8_1
system/tile_prci_domain/tile_reset_domain_tile/fusion/spad/TrueDualPortSRAMAsym_11/TrueDualPortSRAM_32_8_2/sram   13897.4976     0.4       0.7056      0.0000   13896.7920 dp_sram_32_8_ip_1
system/tile_prci_domain/tile_reset_domain_tile/fusion/spad/TrueDualPortSRAMAsym_11/TrueDualPortSRAM_32_8_3   13897.4976     0.4       0.0000      0.0000       0.0000 TrueDualPortSRAM_32_8_0
system/tile_prci_domain/tile_reset_domain_tile/fusion/spad/TrueDualPortSRAMAsym_11/TrueDualPortSRAM_32_8_3/sram   13897.4976     0.4       0.7056      0.0000   13896.7920 dp_sram_32_8_ip_0
system/tile_prci_domain/tile_reset_domain_tile/fusion/spad/TrueDualPortSRAMAsym_2   56819.1456     1.6    1210.3392     18.8160       0.0000 TrueDualPortSRAMAsym_9
system/tile_prci_domain/tile_reset_domain_tile/fusion/spad/TrueDualPortSRAMAsym_2/TrueDualPortSRAM_32_8   13897.4976     0.4       0.0000      0.0000       0.0000 TrueDualPortSRAM_32_8_39
system/tile_prci_domain/tile_reset_domain_tile/fusion/spad/TrueDualPortSRAMAsym_2/TrueDualPortSRAM_32_8/sram   13897.4976     0.4       0.7056      0.0000   13896.7920 dp_sram_32_8_ip_39
system/tile_prci_domain/tile_reset_domain_tile/fusion/spad/TrueDualPortSRAMAsym_2/TrueDualPortSRAM_32_8_1   13897.4976     0.4       0.0000      0.0000       0.0000 TrueDualPortSRAM_32_8_38
system/tile_prci_domain/tile_reset_domain_tile/fusion/spad/TrueDualPortSRAMAsym_2/TrueDualPortSRAM_32_8_1/sram   13897.4976     0.4       0.7056      0.0000   13896.7920 dp_sram_32_8_ip_38
system/tile_prci_domain/tile_reset_domain_tile/fusion/spad/TrueDualPortSRAMAsym_2/TrueDualPortSRAM_32_8_2   13897.4976     0.4       0.0000      0.0000       0.0000 TrueDualPortSRAM_32_8_37
system/tile_prci_domain/tile_reset_domain_tile/fusion/spad/TrueDualPortSRAMAsym_2/TrueDualPortSRAM_32_8_2/sram   13897.4976     0.4       0.7056      0.0000   13896.7920 dp_sram_32_8_ip_37
system/tile_prci_domain/tile_reset_domain_tile/fusion/spad/TrueDualPortSRAMAsym_2/TrueDualPortSRAM_32_8_3   13897.4976     0.4       0.0000      0.0000       0.0000 TrueDualPortSRAM_32_8_36
system/tile_prci_domain/tile_reset_domain_tile/fusion/spad/TrueDualPortSRAMAsym_2/TrueDualPortSRAM_32_8_3/sram   13897.4976     0.4       0.7056      0.0000   13896.7920 dp_sram_32_8_ip_36
system/tile_prci_domain/tile_reset_domain_tile/fusion/spad/TrueDualPortSRAMAsym_3   56821.4976     1.6    1212.6912     18.8160       0.0000 TrueDualPortSRAMAsym_8
system/tile_prci_domain/tile_reset_domain_tile/fusion/spad/TrueDualPortSRAMAsym_3/TrueDualPortSRAM_32_8   13897.4976     0.4       0.0000      0.0000       0.0000 TrueDualPortSRAM_32_8_35
system/tile_prci_domain/tile_reset_domain_tile/fusion/spad/TrueDualPortSRAMAsym_3/TrueDualPortSRAM_32_8/sram   13897.4976     0.4       0.7056      0.0000   13896.7920 dp_sram_32_8_ip_35
system/tile_prci_domain/tile_reset_domain_tile/fusion/spad/TrueDualPortSRAMAsym_3/TrueDualPortSRAM_32_8_1   13897.4976     0.4       0.0000      0.0000       0.0000 TrueDualPortSRAM_32_8_34
system/tile_prci_domain/tile_reset_domain_tile/fusion/spad/TrueDualPortSRAMAsym_3/TrueDualPortSRAM_32_8_1/sram   13897.4976     0.4       0.7056      0.0000   13896.7920 dp_sram_32_8_ip_34
system/tile_prci_domain/tile_reset_domain_tile/fusion/spad/TrueDualPortSRAMAsym_3/TrueDualPortSRAM_32_8_2   13897.4976     0.4       0.0000      0.0000       0.0000 TrueDualPortSRAM_32_8_33
system/tile_prci_domain/tile_reset_domain_tile/fusion/spad/TrueDualPortSRAMAsym_3/TrueDualPortSRAM_32_8_2/sram   13897.4976     0.4       0.7056      0.0000   13896.7920 dp_sram_32_8_ip_33
system/tile_prci_domain/tile_reset_domain_tile/fusion/spad/TrueDualPortSRAMAsym_3/TrueDualPortSRAM_32_8_3   13897.4976     0.4       0.0000      0.0000       0.0000 TrueDualPortSRAM_32_8_32
system/tile_prci_domain/tile_reset_domain_tile/fusion/spad/TrueDualPortSRAMAsym_3/TrueDualPortSRAM_32_8_3/sram   13897.4976     0.4       0.7056      0.0000   13896.7920 dp_sram_32_8_ip_32
system/tile_prci_domain/tile_reset_domain_tile/fusion/spad/TrueDualPortSRAMAsym_4   56808.7968     1.6    1199.9904     18.8160       0.0000 TrueDualPortSRAMAsym_7
system/tile_prci_domain/tile_reset_domain_tile/fusion/spad/TrueDualPortSRAMAsym_4/TrueDualPortSRAM_32_8   13897.4976     0.4       0.0000      0.0000       0.0000 TrueDualPortSRAM_32_8_31
system/tile_prci_domain/tile_reset_domain_tile/fusion/spad/TrueDualPortSRAMAsym_4/TrueDualPortSRAM_32_8/sram   13897.4976     0.4       0.7056      0.0000   13896.7920 dp_sram_32_8_ip_31
system/tile_prci_domain/tile_reset_domain_tile/fusion/spad/TrueDualPortSRAMAsym_4/TrueDualPortSRAM_32_8_1   13897.4976     0.4       0.0000      0.0000       0.0000 TrueDualPortSRAM_32_8_30
system/tile_prci_domain/tile_reset_domain_tile/fusion/spad/TrueDualPortSRAMAsym_4/TrueDualPortSRAM_32_8_1/sram   13897.4976     0.4       0.7056      0.0000   13896.7920 dp_sram_32_8_ip_30
system/tile_prci_domain/tile_reset_domain_tile/fusion/spad/TrueDualPortSRAMAsym_4/TrueDualPortSRAM_32_8_2   13897.4976     0.4       0.0000      0.0000       0.0000 TrueDualPortSRAM_32_8_29
system/tile_prci_domain/tile_reset_domain_tile/fusion/spad/TrueDualPortSRAMAsym_4/TrueDualPortSRAM_32_8_2/sram   13897.4976     0.4       0.7056      0.0000   13896.7920 dp_sram_32_8_ip_29
system/tile_prci_domain/tile_reset_domain_tile/fusion/spad/TrueDualPortSRAMAsym_4/TrueDualPortSRAM_32_8_3   13897.4976     0.4       0.0000      0.0000       0.0000 TrueDualPortSRAM_32_8_28
system/tile_prci_domain/tile_reset_domain_tile/fusion/spad/TrueDualPortSRAMAsym_4/TrueDualPortSRAM_32_8_3/sram   13897.4976     0.4       0.7056      0.0000   13896.7920 dp_sram_32_8_ip_28
system/tile_prci_domain/tile_reset_domain_tile/fusion/spad/TrueDualPortSRAMAsym_5   56806.4448     1.6    1197.6384     18.8160       0.0000 TrueDualPortSRAMAsym_6
system/tile_prci_domain/tile_reset_domain_tile/fusion/spad/TrueDualPortSRAMAsym_5/TrueDualPortSRAM_32_8   13897.4976     0.4       0.0000      0.0000       0.0000 TrueDualPortSRAM_32_8_27
system/tile_prci_domain/tile_reset_domain_tile/fusion/spad/TrueDualPortSRAMAsym_5/TrueDualPortSRAM_32_8/sram   13897.4976     0.4       0.7056      0.0000   13896.7920 dp_sram_32_8_ip_27
system/tile_prci_domain/tile_reset_domain_tile/fusion/spad/TrueDualPortSRAMAsym_5/TrueDualPortSRAM_32_8_1   13897.4976     0.4       0.0000      0.0000       0.0000 TrueDualPortSRAM_32_8_26
system/tile_prci_domain/tile_reset_domain_tile/fusion/spad/TrueDualPortSRAMAsym_5/TrueDualPortSRAM_32_8_1/sram   13897.4976     0.4       0.7056      0.0000   13896.7920 dp_sram_32_8_ip_26
system/tile_prci_domain/tile_reset_domain_tile/fusion/spad/TrueDualPortSRAMAsym_5/TrueDualPortSRAM_32_8_2   13897.4976     0.4       0.0000      0.0000       0.0000 TrueDualPortSRAM_32_8_25
system/tile_prci_domain/tile_reset_domain_tile/fusion/spad/TrueDualPortSRAMAsym_5/TrueDualPortSRAM_32_8_2/sram   13897.4976     0.4       0.7056      0.0000   13896.7920 dp_sram_32_8_ip_25
system/tile_prci_domain/tile_reset_domain_tile/fusion/spad/TrueDualPortSRAMAsym_5/TrueDualPortSRAM_32_8_3   13897.4976     0.4       0.0000      0.0000       0.0000 TrueDualPortSRAM_32_8_24
system/tile_prci_domain/tile_reset_domain_tile/fusion/spad/TrueDualPortSRAMAsym_5/TrueDualPortSRAM_32_8_3/sram   13897.4976     0.4       0.7056      0.0000   13896.7920 dp_sram_32_8_ip_24
system/tile_prci_domain/tile_reset_domain_tile/fusion/spad/TrueDualPortSRAMAsym_6   56807.1504     1.6    1198.3440     18.8160       0.0000 TrueDualPortSRAMAsym_5
system/tile_prci_domain/tile_reset_domain_tile/fusion/spad/TrueDualPortSRAMAsym_6/TrueDualPortSRAM_32_8   13897.4976     0.4       0.0000      0.0000       0.0000 TrueDualPortSRAM_32_8_23
system/tile_prci_domain/tile_reset_domain_tile/fusion/spad/TrueDualPortSRAMAsym_6/TrueDualPortSRAM_32_8/sram   13897.4976     0.4       0.7056      0.0000   13896.7920 dp_sram_32_8_ip_23
system/tile_prci_domain/tile_reset_domain_tile/fusion/spad/TrueDualPortSRAMAsym_6/TrueDualPortSRAM_32_8_1   13897.4976     0.4       0.0000      0.0000       0.0000 TrueDualPortSRAM_32_8_22
system/tile_prci_domain/tile_reset_domain_tile/fusion/spad/TrueDualPortSRAMAsym_6/TrueDualPortSRAM_32_8_1/sram   13897.4976     0.4       0.7056      0.0000   13896.7920 dp_sram_32_8_ip_22
system/tile_prci_domain/tile_reset_domain_tile/fusion/spad/TrueDualPortSRAMAsym_6/TrueDualPortSRAM_32_8_2   13897.4976     0.4       0.0000      0.0000       0.0000 TrueDualPortSRAM_32_8_21
system/tile_prci_domain/tile_reset_domain_tile/fusion/spad/TrueDualPortSRAMAsym_6/TrueDualPortSRAM_32_8_2/sram   13897.4976     0.4       0.7056      0.0000   13896.7920 dp_sram_32_8_ip_21
system/tile_prci_domain/tile_reset_domain_tile/fusion/spad/TrueDualPortSRAMAsym_6/TrueDualPortSRAM_32_8_3   13897.4976     0.4       0.0000      0.0000       0.0000 TrueDualPortSRAM_32_8_20
system/tile_prci_domain/tile_reset_domain_tile/fusion/spad/TrueDualPortSRAMAsym_6/TrueDualPortSRAM_32_8_3/sram   13897.4976     0.4       0.7056      0.0000   13896.7920 dp_sram_32_8_ip_20
system/tile_prci_domain/tile_reset_domain_tile/fusion/spad/TrueDualPortSRAMAsym_7   56802.4464     1.6    1193.6400     18.8160       0.0000 TrueDualPortSRAMAsym_4
system/tile_prci_domain/tile_reset_domain_tile/fusion/spad/TrueDualPortSRAMAsym_7/TrueDualPortSRAM_32_8   13897.4976     0.4       0.0000      0.0000       0.0000 TrueDualPortSRAM_32_8_19
system/tile_prci_domain/tile_reset_domain_tile/fusion/spad/TrueDualPortSRAMAsym_7/TrueDualPortSRAM_32_8/sram   13897.4976     0.4       0.7056      0.0000   13896.7920 dp_sram_32_8_ip_19
system/tile_prci_domain/tile_reset_domain_tile/fusion/spad/TrueDualPortSRAMAsym_7/TrueDualPortSRAM_32_8_1   13897.4976     0.4       0.0000      0.0000       0.0000 TrueDualPortSRAM_32_8_18
system/tile_prci_domain/tile_reset_domain_tile/fusion/spad/TrueDualPortSRAMAsym_7/TrueDualPortSRAM_32_8_1/sram   13897.4976     0.4       0.7056      0.0000   13896.7920 dp_sram_32_8_ip_18
system/tile_prci_domain/tile_reset_domain_tile/fusion/spad/TrueDualPortSRAMAsym_7/TrueDualPortSRAM_32_8_2   13897.4976     0.4       0.0000      0.0000       0.0000 TrueDualPortSRAM_32_8_17
system/tile_prci_domain/tile_reset_domain_tile/fusion/spad/TrueDualPortSRAMAsym_7/TrueDualPortSRAM_32_8_2/sram   13897.4976     0.4       0.7056      0.0000   13896.7920 dp_sram_32_8_ip_17
system/tile_prci_domain/tile_reset_domain_tile/fusion/spad/TrueDualPortSRAMAsym_7/TrueDualPortSRAM_32_8_3   13897.4976     0.4       0.0000      0.0000       0.0000 TrueDualPortSRAM_32_8_16
system/tile_prci_domain/tile_reset_domain_tile/fusion/spad/TrueDualPortSRAMAsym_7/TrueDualPortSRAM_32_8_3/sram   13897.4976     0.4       0.7056      0.0000   13896.7920 dp_sram_32_8_ip_16
system/tile_prci_domain/tile_reset_domain_tile/fusion/spad/TrueDualPortSRAMAsym_8   56809.7376     1.6    1200.9312     18.8160       0.0000 TrueDualPortSRAMAsym_3
system/tile_prci_domain/tile_reset_domain_tile/fusion/spad/TrueDualPortSRAMAsym_8/TrueDualPortSRAM_32_8   13897.4976     0.4       0.0000      0.0000       0.0000 TrueDualPortSRAM_32_8_15
system/tile_prci_domain/tile_reset_domain_tile/fusion/spad/TrueDualPortSRAMAsym_8/TrueDualPortSRAM_32_8/sram   13897.4976     0.4       0.7056      0.0000   13896.7920 dp_sram_32_8_ip_15
system/tile_prci_domain/tile_reset_domain_tile/fusion/spad/TrueDualPortSRAMAsym_8/TrueDualPortSRAM_32_8_1   13897.4976     0.4       0.0000      0.0000       0.0000 TrueDualPortSRAM_32_8_14
system/tile_prci_domain/tile_reset_domain_tile/fusion/spad/TrueDualPortSRAMAsym_8/TrueDualPortSRAM_32_8_1/sram   13897.4976     0.4       0.7056      0.0000   13896.7920 dp_sram_32_8_ip_14
system/tile_prci_domain/tile_reset_domain_tile/fusion/spad/TrueDualPortSRAMAsym_8/TrueDualPortSRAM_32_8_2   13897.4976     0.4       0.0000      0.0000       0.0000 TrueDualPortSRAM_32_8_13
system/tile_prci_domain/tile_reset_domain_tile/fusion/spad/TrueDualPortSRAMAsym_8/TrueDualPortSRAM_32_8_2/sram   13897.4976     0.4       0.7056      0.0000   13896.7920 dp_sram_32_8_ip_13
system/tile_prci_domain/tile_reset_domain_tile/fusion/spad/TrueDualPortSRAMAsym_8/TrueDualPortSRAM_32_8_3   13897.4976     0.4       0.0000      0.0000       0.0000 TrueDualPortSRAM_32_8_12
system/tile_prci_domain/tile_reset_domain_tile/fusion/spad/TrueDualPortSRAMAsym_8/TrueDualPortSRAM_32_8_3/sram   13897.4976     0.4       0.7056      0.0000   13896.7920 dp_sram_32_8_ip_12
system/tile_prci_domain/tile_reset_domain_tile/fusion/spad/TrueDualPortSRAMAsym_9   56808.5616     1.6    1199.7552     18.8160       0.0000 TrueDualPortSRAMAsym_2
system/tile_prci_domain/tile_reset_domain_tile/fusion/spad/TrueDualPortSRAMAsym_9/TrueDualPortSRAM_32_8   13897.4976     0.4       0.0000      0.0000       0.0000 TrueDualPortSRAM_32_8_11
system/tile_prci_domain/tile_reset_domain_tile/fusion/spad/TrueDualPortSRAMAsym_9/TrueDualPortSRAM_32_8/sram   13897.4976     0.4       0.7056      0.0000   13896.7920 dp_sram_32_8_ip_11
system/tile_prci_domain/tile_reset_domain_tile/fusion/spad/TrueDualPortSRAMAsym_9/TrueDualPortSRAM_32_8_1   13897.4976     0.4       0.0000      0.0000       0.0000 TrueDualPortSRAM_32_8_10
system/tile_prci_domain/tile_reset_domain_tile/fusion/spad/TrueDualPortSRAMAsym_9/TrueDualPortSRAM_32_8_1/sram   13897.4976     0.4       0.7056      0.0000   13896.7920 dp_sram_32_8_ip_10
system/tile_prci_domain/tile_reset_domain_tile/fusion/spad/TrueDualPortSRAMAsym_9/TrueDualPortSRAM_32_8_2   13897.4976     0.4       0.0000      0.0000       0.0000 TrueDualPortSRAM_32_8_9
system/tile_prci_domain/tile_reset_domain_tile/fusion/spad/TrueDualPortSRAMAsym_9/TrueDualPortSRAM_32_8_2/sram   13897.4976     0.4       0.7056      0.0000   13896.7920 dp_sram_32_8_ip_9
system/tile_prci_domain/tile_reset_domain_tile/fusion/spad/TrueDualPortSRAMAsym_9/TrueDualPortSRAM_32_8_3   13897.4976     0.4       0.0000      0.0000       0.0000 TrueDualPortSRAM_32_8_8
system/tile_prci_domain/tile_reset_domain_tile/fusion/spad/TrueDualPortSRAMAsym_9/TrueDualPortSRAM_32_8_3/sram   13897.4976     0.4       0.7056      0.0000   13896.7920 dp_sram_32_8_ip_8
system/tile_prci_domain/tile_reset_domain_tile/fusion/spad/TrueDualPortSRAM_128_8   47623.5323     1.4       0.0000      0.0000       0.0000 TrueDualPortSRAM_128_8
system/tile_prci_domain/tile_reset_domain_tile/fusion/spad/TrueDualPortSRAM_128_8/sram   47623.5323     1.4       1.4112      0.0000   47622.1211 dp_sram_128_8_ip
system/tile_prci_domain/tile_reset_domain_tile/fusion/storer    3794.4816     0.1     597.4080    747.9360       0.0000 StoreController
system/tile_prci_domain/tile_reset_domain_tile/fusion/storer/que    2449.1376     0.1      18.5808     14.1120       0.0000 Queue_78
system/tile_prci_domain/tile_reset_domain_tile/fusion/storer/que/ram_ext    2416.4448     0.1    1061.6928   1354.7520       0.0000 ram_combMem_36
system/tile_prci_domain/tile_reset_domain_tile/intXbar       4.7040     0.0       4.7040      0.0000       0.0000 IntXbar_1
system/tile_prci_domain/tile_reset_domain_tile/ptw   21731.9509     0.6    8047.8385   5684.3136       0.0000 PTW
system/tile_prci_domain/tile_reset_domain_tile/ptw/arb      92.6688     0.0      92.6688      0.0000       0.0000 Arbiter
system/tile_prci_domain/tile_reset_domain_tile/ptw/l2_tlb_ram_0    7880.7876     0.2       0.0000      0.0000       0.0000 l2_tlb_ram_0
system/tile_prci_domain/tile_reset_domain_tile/ptw/l2_tlb_ram_0/l2_tlb_ram_0_ext    7880.7876     0.2       0.0000      0.0000       0.0000 l2_tlb_ram_0_ext
system/tile_prci_domain/tile_reset_domain_tile/ptw/l2_tlb_ram_0/l2_tlb_ram_0_ext/mem_0_0    7880.7876     0.2       0.7056      0.0000    7880.0820 split_l2_tlb_ram_0_ext_ip
system/tile_prci_domain/tile_reset_domain_tile/ptw/r_pte_barrier      26.3424     0.0      26.3424      0.0000       0.0000 OptimizationBarrier_57
system/tile_prci_domain/tile_reset_domain_tile/respArb       6.5856     0.0       6.5856      0.0000       0.0000 RRArbiter_1
system/tile_prci_domain/tile_reset_domain_tile/respArb_io_in_0_q     115.2480     0.0      16.4640     14.1120       0.0000 Queue_81
system/tile_prci_domain/tile_reset_domain_tile/respArb_io_in_0_q/ram_ext      84.6720     0.0      37.6320     47.0400       0.0000 ram_combMem_11
system/tile_prci_domain/tile_reset_domain_tile/tlMasterXbar     839.1936     0.0     801.5616     37.6320       0.0000 TLXbar_8
system/tlDM                         11799.5137      0.3       59.2704       0.0000        0.0000  TLDebugModule
system/tlDM/dmInner                 10439.1169      0.3       61.1520       0.0000        0.0000  TLDebugModuleInnerAsync
system/tlDM/dmInner/dmInner          9539.0065      0.3     5518.2625    4003.8096        0.0000  TLDebugModuleInner
system/tlDM/dmInner/dmInner/hartIsInResetSync_0_debug_hartReset_0      16.9344     0.0       0.0000      0.0000       0.0000 AsyncResetSynchronizerShiftReg_w1_d3_i0_7
system/tlDM/dmInner/dmInner/hartIsInResetSync_0_debug_hartReset_0/output_chain      16.9344     0.0       0.7056     16.2288       0.0000 AsyncResetSynchronizerPrimitiveShiftReg_d3_i0_30
system/tlDM/dmInner/dmactive_synced_dmInner_io_innerCtrl_sink     130.5360     0.0       9.1728     10.8192       0.0000 AsyncQueueSink_4
system/tlDM/dmInner/dmactive_synced_dmInner_io_innerCtrl_sink/io_deq_bits_deq_bits_reg      26.5776     0.0       0.7056     25.8720       0.0000 ClockCrossingReg_w15
system/tlDM/dmInner/dmactive_synced_dmInner_io_innerCtrl_sink/sink_valid_0      17.6400     0.0       0.0000      0.0000       0.0000 AsyncValidSync_19
system/tlDM/dmInner/dmactive_synced_dmInner_io_innerCtrl_sink/sink_valid_0/io_out_source_valid_0      17.6400     0.0       0.0000      0.0000       0.0000 AsyncResetSynchronizerShiftReg_w1_d3_i0_1_19
system/tlDM/dmInner/dmactive_synced_dmInner_io_innerCtrl_sink/sink_valid_0/io_out_source_valid_0/output_chain      17.6400     0.0       1.4112     16.2288       0.0000 AsyncResetSynchronizerPrimitiveShiftReg_d3_i0_19
system/tlDM/dmInner/dmactive_synced_dmInner_io_innerCtrl_sink/sink_valid_1      16.9344     0.0       0.0000      0.0000       0.0000 AsyncValidSync_18
system/tlDM/dmInner/dmactive_synced_dmInner_io_innerCtrl_sink/sink_valid_1/io_out_source_valid_0      16.9344     0.0       0.0000      0.0000       0.0000 AsyncResetSynchronizerShiftReg_w1_d3_i0_1_18
system/tlDM/dmInner/dmactive_synced_dmInner_io_innerCtrl_sink/sink_valid_1/io_out_source_valid_0/output_chain      16.9344     0.0       0.7056     16.2288       0.0000 AsyncResetSynchronizerPrimitiveShiftReg_d3_i0_18
system/tlDM/dmInner/dmactive_synced_dmInner_io_innerCtrl_sink/source_extend      16.9344     0.0       0.0000      0.0000       0.0000 AsyncValidSync_17
system/tlDM/dmInner/dmactive_synced_dmInner_io_innerCtrl_sink/source_extend/io_out_source_valid_0      16.9344     0.0       0.0000      0.0000       0.0000 AsyncResetSynchronizerShiftReg_w1_d3_i0_1_17
system/tlDM/dmInner/dmactive_synced_dmInner_io_innerCtrl_sink/source_extend/io_out_source_valid_0/output_chain      16.9344     0.0       0.7056     16.2288       0.0000 AsyncResetSynchronizerPrimitiveShiftReg_d3_i0_17
system/tlDM/dmInner/dmactive_synced_dmInner_io_innerCtrl_sink/source_valid      16.2288     0.0       0.0000      0.0000       0.0000 AsyncValidSync_16
system/tlDM/dmInner/dmactive_synced_dmInner_io_innerCtrl_sink/source_valid/io_out_source_valid_0      16.2288     0.0       0.0000      0.0000       0.0000 AsyncResetSynchronizerShiftReg_w1_d3_i0_1_16
system/tlDM/dmInner/dmactive_synced_dmInner_io_innerCtrl_sink/source_valid/io_out_source_valid_0/output_chain      16.2288     0.0       0.0000     16.2288       0.0000 AsyncResetSynchronizerPrimitiveShiftReg_d3_i0_16
system/tlDM/dmInner/dmactive_synced_dmInner_io_innerCtrl_sink/widx_widx_gray      16.2288     0.0       0.0000      0.0000       0.0000 AsyncResetSynchronizerShiftReg_w1_d3_i0_6
system/tlDM/dmInner/dmactive_synced_dmInner_io_innerCtrl_sink/widx_widx_gray/output_chain      16.2288     0.0       0.0000     16.2288       0.0000 AsyncResetSynchronizerPrimitiveShiftReg_d3_i0_29
system/tlDM/dmInner/dmactive_synced_dmactive_synced_dmactiveSync      16.9344     0.0       0.0000      0.0000       0.0000 AsyncResetSynchronizerShiftReg_w1_d3_i0_9
system/tlDM/dmInner/dmactive_synced_dmactive_synced_dmactiveSync/output_chain      16.9344     0.0       0.7056     16.2288       0.0000 AsyncResetSynchronizerPrimitiveShiftReg_d3_i0_48
system/tlDM/dmInner/dmiXing           691.4880      0.0        0.0000       0.0000        0.0000  TLAsyncCrossingSink
system/tlDM/dmInner/dmiXing/bundleIn_0_d_source     313.9920     0.0      14.5824    214.0320       0.0000 AsyncQueueSource_4
system/tlDM/dmInner/dmiXing/bundleIn_0_d_source/ridx_ridx_gray      16.9344     0.0       0.0000      0.0000       0.0000 AsyncResetSynchronizerShiftReg_w1_d3_i0_0
system/tlDM/dmInner/dmiXing/bundleIn_0_d_source/ridx_ridx_gray/output_chain      16.9344     0.0       0.7056     16.2288       0.0000 AsyncResetSynchronizerPrimitiveShiftReg_d3_i0_20
system/tlDM/dmInner/dmiXing/bundleIn_0_d_source/sink_extend      16.9344     0.0       0.0000      0.0000       0.0000 AsyncValidSync_1
system/tlDM/dmInner/dmiXing/bundleIn_0_d_source/sink_extend/io_out_source_valid_0      16.9344     0.0       0.0000      0.0000       0.0000 AsyncResetSynchronizerShiftReg_w1_d3_i0_1_1
system/tlDM/dmInner/dmiXing/bundleIn_0_d_source/sink_extend/io_out_source_valid_0/output_chain      16.9344     0.0       0.7056     16.2288       0.0000 AsyncResetSynchronizerPrimitiveShiftReg_d3_i0_1
system/tlDM/dmInner/dmiXing/bundleIn_0_d_source/sink_valid      16.9344     0.0       0.0000      0.0000       0.0000 AsyncValidSync_0
system/tlDM/dmInner/dmiXing/bundleIn_0_d_source/sink_valid/io_out_source_valid_0      16.9344     0.0       0.0000      0.0000       0.0000 AsyncResetSynchronizerShiftReg_w1_d3_i0_1_0
system/tlDM/dmInner/dmiXing/bundleIn_0_d_source/sink_valid/io_out_source_valid_0/output_chain      16.9344     0.0       0.7056     16.2288       0.0000 AsyncResetSynchronizerPrimitiveShiftReg_d3_i0_0
system/tlDM/dmInner/dmiXing/bundleIn_0_d_source/source_valid_0      17.6400     0.0       0.0000      0.0000       0.0000 AsyncValidSync_3
system/tlDM/dmInner/dmiXing/bundleIn_0_d_source/source_valid_0/io_out_source_valid_0      17.6400     0.0       0.0000      0.0000       0.0000 AsyncResetSynchronizerShiftReg_w1_d3_i0_1_3
system/tlDM/dmInner/dmiXing/bundleIn_0_d_source/source_valid_0/io_out_source_valid_0/output_chain      17.6400     0.0       1.4112     16.2288       0.0000 AsyncResetSynchronizerPrimitiveShiftReg_d3_i0_3
system/tlDM/dmInner/dmiXing/bundleIn_0_d_source/source_valid_1      16.9344     0.0       0.0000      0.0000       0.0000 AsyncValidSync_2
system/tlDM/dmInner/dmiXing/bundleIn_0_d_source/source_valid_1/io_out_source_valid_0      16.9344     0.0       0.0000      0.0000       0.0000 AsyncResetSynchronizerShiftReg_w1_d3_i0_1_2
system/tlDM/dmInner/dmiXing/bundleIn_0_d_source/source_valid_1/io_out_source_valid_0/output_chain      16.9344     0.0       0.7056     16.2288       0.0000 AsyncResetSynchronizerPrimitiveShiftReg_d3_i0_2
system/tlDM/dmInner/dmiXing/x1_a_sink     377.4960     0.0       9.4080     10.8192       0.0000  AsyncQueueSink_3
system/tlDM/dmInner/dmiXing/x1_a_sink/io_deq_bits_deq_bits_reg     271.8912     0.0       5.1744    266.7168       0.0000 ClockCrossingReg_w55
system/tlDM/dmInner/dmiXing/x1_a_sink/sink_valid_0      17.6400     0.0       0.0000      0.0000       0.0000 AsyncValidSync_7
system/tlDM/dmInner/dmiXing/x1_a_sink/sink_valid_0/io_out_source_valid_0      17.6400     0.0       0.0000      0.0000       0.0000 AsyncResetSynchronizerShiftReg_w1_d3_i0_1_7
system/tlDM/dmInner/dmiXing/x1_a_sink/sink_valid_0/io_out_source_valid_0/output_chain      17.6400     0.0       1.4112     16.2288       0.0000 AsyncResetSynchronizerPrimitiveShiftReg_d3_i0_7
system/tlDM/dmInner/dmiXing/x1_a_sink/sink_valid_1      16.9344     0.0       0.0000      0.0000       0.0000 AsyncValidSync_6
system/tlDM/dmInner/dmiXing/x1_a_sink/sink_valid_1/io_out_source_valid_0      16.9344     0.0       0.0000      0.0000       0.0000 AsyncResetSynchronizerShiftReg_w1_d3_i0_1_6
system/tlDM/dmInner/dmiXing/x1_a_sink/sink_valid_1/io_out_source_valid_0/output_chain      16.9344     0.0       0.7056     16.2288       0.0000 AsyncResetSynchronizerPrimitiveShiftReg_d3_i0_6
system/tlDM/dmInner/dmiXing/x1_a_sink/source_extend      16.9344     0.0       0.0000      0.0000       0.0000 AsyncValidSync_5
system/tlDM/dmInner/dmiXing/x1_a_sink/source_extend/io_out_source_valid_0      16.9344     0.0       0.0000      0.0000       0.0000 AsyncResetSynchronizerShiftReg_w1_d3_i0_1_5
system/tlDM/dmInner/dmiXing/x1_a_sink/source_extend/io_out_source_valid_0/output_chain      16.9344     0.0       0.7056     16.2288       0.0000 AsyncResetSynchronizerPrimitiveShiftReg_d3_i0_5
system/tlDM/dmInner/dmiXing/x1_a_sink/source_valid      16.9344     0.0       0.0000      0.0000       0.0000 AsyncValidSync_4
system/tlDM/dmInner/dmiXing/x1_a_sink/source_valid/io_out_source_valid_0      16.9344     0.0       0.0000      0.0000       0.0000 AsyncResetSynchronizerShiftReg_w1_d3_i0_1_4
system/tlDM/dmInner/dmiXing/x1_a_sink/source_valid/io_out_source_valid_0/output_chain      16.9344     0.0       0.7056     16.2288       0.0000 AsyncResetSynchronizerPrimitiveShiftReg_d3_i0_4
system/tlDM/dmInner/dmiXing/x1_a_sink/widx_widx_gray      16.9344     0.0       0.0000      0.0000       0.0000 AsyncResetSynchronizerShiftReg_w1_d3_i0_2
system/tlDM/dmInner/dmiXing/x1_a_sink/widx_widx_gray/output_chain      16.9344     0.0       0.7056     16.2288       0.0000 AsyncResetSynchronizerPrimitiveShiftReg_d3_i0_21
system/tlDM/dmOuter                  1301.1264      0.0        4.7040       0.0000        0.0000  TLDebugModuleOuterAsync
system/tlDM/dmOuter/asource           693.8400      0.0        0.9408       0.0000        0.0000  TLAsyncCrossingSource
system/tlDM/dmOuter/asource/bundleIn_0_d_sink     322.9296     0.0      11.2896     10.8192       0.0000 AsyncQueueSink_2
system/tlDM/dmOuter/asource/bundleIn_0_d_sink/io_deq_bits_deq_bits_reg     216.8544     0.0       7.2912    209.5632       0.0000 ClockCrossingReg_w43
system/tlDM/dmOuter/asource/bundleIn_0_d_sink/sink_valid_0      17.6400     0.0       0.0000      0.0000       0.0000 AsyncValidSync_11
system/tlDM/dmOuter/asource/bundleIn_0_d_sink/sink_valid_0/io_out_source_valid_0      17.6400     0.0       0.0000      0.0000       0.0000 AsyncResetSynchronizerShiftReg_w1_d3_i0_1_11
system/tlDM/dmOuter/asource/bundleIn_0_d_sink/sink_valid_0/io_out_source_valid_0/output_chain      17.6400     0.0       1.4112     16.2288       0.0000 AsyncResetSynchronizerPrimitiveShiftReg_d3_i0_11
system/tlDM/dmOuter/asource/bundleIn_0_d_sink/sink_valid_1      16.9344     0.0       0.0000      0.0000       0.0000 AsyncValidSync_10
system/tlDM/dmOuter/asource/bundleIn_0_d_sink/sink_valid_1/io_out_source_valid_0      16.9344     0.0       0.0000      0.0000       0.0000 AsyncResetSynchronizerShiftReg_w1_d3_i0_1_10
system/tlDM/dmOuter/asource/bundleIn_0_d_sink/sink_valid_1/io_out_source_valid_0/output_chain      16.9344     0.0       0.7056     16.2288       0.0000 AsyncResetSynchronizerPrimitiveShiftReg_d3_i0_10
system/tlDM/dmOuter/asource/bundleIn_0_d_sink/source_extend      16.9344     0.0       0.0000      0.0000       0.0000 AsyncValidSync_9
system/tlDM/dmOuter/asource/bundleIn_0_d_sink/source_extend/io_out_source_valid_0      16.9344     0.0       0.0000      0.0000       0.0000 AsyncResetSynchronizerShiftReg_w1_d3_i0_1_9
system/tlDM/dmOuter/asource/bundleIn_0_d_sink/source_extend/io_out_source_valid_0/output_chain      16.9344     0.0       0.7056     16.2288       0.0000 AsyncResetSynchronizerPrimitiveShiftReg_d3_i0_9
system/tlDM/dmOuter/asource/bundleIn_0_d_sink/source_valid      16.2288     0.0       0.0000      0.0000       0.0000 AsyncValidSync_8
system/tlDM/dmOuter/asource/bundleIn_0_d_sink/source_valid/io_out_source_valid_0      16.2288     0.0       0.0000      0.0000       0.0000 AsyncResetSynchronizerShiftReg_w1_d3_i0_1_8
system/tlDM/dmOuter/asource/bundleIn_0_d_sink/source_valid/io_out_source_valid_0/output_chain      16.2288     0.0       0.0000     16.2288       0.0000 AsyncResetSynchronizerPrimitiveShiftReg_d3_i0_8
system/tlDM/dmOuter/asource/bundleIn_0_d_sink/widx_widx_gray      16.2288     0.0       0.0000      0.0000       0.0000 AsyncResetSynchronizerShiftReg_w1_d3_i0_3
system/tlDM/dmOuter/asource/bundleIn_0_d_sink/widx_widx_gray/output_chain      16.2288     0.0       0.0000     16.2288       0.0000 AsyncResetSynchronizerPrimitiveShiftReg_d3_i0_26
system/tlDM/dmOuter/asource/x1_a_source     369.9696     0.0      21.1680    264.8352       0.0000 AsyncQueueSource_2
system/tlDM/dmOuter/asource/x1_a_source/ridx_ridx_gray      16.2288     0.0       0.0000      0.0000       0.0000 AsyncResetSynchronizerShiftReg_w1_d3_i0_4
system/tlDM/dmOuter/asource/x1_a_source/ridx_ridx_gray/output_chain      16.2288     0.0       0.0000     16.2288       0.0000 AsyncResetSynchronizerPrimitiveShiftReg_d3_i0_27
system/tlDM/dmOuter/asource/x1_a_source/sink_extend      16.9344     0.0       0.0000      0.0000       0.0000 AsyncValidSync_13
system/tlDM/dmOuter/asource/x1_a_source/sink_extend/io_out_source_valid_0      16.9344     0.0       0.0000      0.0000       0.0000 AsyncResetSynchronizerShiftReg_w1_d3_i0_1_13
system/tlDM/dmOuter/asource/x1_a_source/sink_extend/io_out_source_valid_0/output_chain      16.9344     0.0       0.7056     16.2288       0.0000 AsyncResetSynchronizerPrimitiveShiftReg_d3_i0_13
system/tlDM/dmOuter/asource/x1_a_source/sink_valid      16.2288     0.0       0.0000      0.0000       0.0000 AsyncValidSync_12
system/tlDM/dmOuter/asource/x1_a_source/sink_valid/io_out_source_valid_0      16.2288     0.0       0.0000      0.0000       0.0000 AsyncResetSynchronizerShiftReg_w1_d3_i0_1_12
system/tlDM/dmOuter/asource/x1_a_source/sink_valid/io_out_source_valid_0/output_chain      16.2288     0.0       0.0000     16.2288       0.0000 AsyncResetSynchronizerPrimitiveShiftReg_d3_i0_12
system/tlDM/dmOuter/asource/x1_a_source/source_valid_0      17.6400     0.0       0.0000      0.0000       0.0000 AsyncValidSync_15
system/tlDM/dmOuter/asource/x1_a_source/source_valid_0/io_out_source_valid_0      17.6400     0.0       0.0000      0.0000       0.0000 AsyncResetSynchronizerShiftReg_w1_d3_i0_1_15
system/tlDM/dmOuter/asource/x1_a_source/source_valid_0/io_out_source_valid_0/output_chain      17.6400     0.0       1.4112     16.2288       0.0000 AsyncResetSynchronizerPrimitiveShiftReg_d3_i0_15
system/tlDM/dmOuter/asource/x1_a_source/source_valid_1      16.9344     0.0       0.0000      0.0000       0.0000 AsyncValidSync_14
system/tlDM/dmOuter/asource/x1_a_source/source_valid_1/io_out_source_valid_0      16.9344     0.0       0.0000      0.0000       0.0000 AsyncResetSynchronizerShiftReg_w1_d3_i0_1_14
system/tlDM/dmOuter/asource/x1_a_source/source_valid_1/io_out_source_valid_0/output_chain      16.9344     0.0       0.7056     16.2288       0.0000 AsyncResetSynchronizerPrimitiveShiftReg_d3_i0_14
system/tlDM/dmOuter/dmOuter            78.7920      0.0       33.6336      45.1584        0.0000  TLDebugModuleOuter
system/tlDM/dmOuter/dmactiveAck_dmactiveAckSync      16.9344     0.0       0.0000      0.0000       0.0000 AsyncResetSynchronizerShiftReg_w1_d3_i0_10
system/tlDM/dmOuter/dmactiveAck_dmactiveAckSync/output_chain      16.9344     0.0       0.7056     16.2288       0.0000 AsyncResetSynchronizerPrimitiveShiftReg_d3_i0_49
system/tlDM/dmOuter/dmi2tl             96.9024      0.0       96.9024       0.0000        0.0000  DMIToTL
system/tlDM/dmOuter/dmiBypass         148.1760      0.0        0.0000       0.0000        0.0000  TLBusBypass
system/tlDM/dmOuter/dmiBypass/bar     145.3536      0.0      126.5376      18.8160        0.0000  TLBusBypassBar
system/tlDM/dmOuter/dmiBypass/error       2.8224     0.0       2.8224       0.0000        0.0000  TLError_1
system/tlDM/dmOuter/dmiXbar           133.3584      0.0      128.6544       4.7040        0.0000  TLXbar_10
system/tlDM/dmOuter/intsource           0.9408      0.0        0.9408       0.0000        0.0000  IntSyncCrossingSource_4
system/tlDM/dmOuter/io_innerCtrl_source     127.4784     0.0      13.6416     29.8704       0.0000 AsyncQueueSource_3
system/tlDM/dmOuter/io_innerCtrl_source/ridx_ridx_gray      16.2288     0.0       0.0000      0.0000       0.0000 AsyncResetSynchronizerShiftReg_w1_d3_i0_8
system/tlDM/dmOuter/io_innerCtrl_source/ridx_ridx_gray/output_chain      16.2288     0.0       0.0000     16.2288       0.0000 AsyncResetSynchronizerPrimitiveShiftReg_d3_i0_31
system/tlDM/dmOuter/io_innerCtrl_source/sink_extend      16.9344     0.0       0.0000      0.0000       0.0000 AsyncValidSync_21
system/tlDM/dmOuter/io_innerCtrl_source/sink_extend/io_out_source_valid_0      16.9344     0.0       0.0000      0.0000       0.0000 AsyncResetSynchronizerShiftReg_w1_d3_i0_1_21
system/tlDM/dmOuter/io_innerCtrl_source/sink_extend/io_out_source_valid_0/output_chain      16.9344     0.0       0.7056     16.2288       0.0000 AsyncResetSynchronizerPrimitiveShiftReg_d3_i0_23
system/tlDM/dmOuter/io_innerCtrl_source/sink_valid      16.2288     0.0       0.0000      0.0000       0.0000 AsyncValidSync_20
system/tlDM/dmOuter/io_innerCtrl_source/sink_valid/io_out_source_valid_0      16.2288     0.0       0.0000      0.0000       0.0000 AsyncResetSynchronizerShiftReg_w1_d3_i0_1_20
system/tlDM/dmOuter/io_innerCtrl_source/sink_valid/io_out_source_valid_0/output_chain      16.2288     0.0       0.0000     16.2288       0.0000 AsyncResetSynchronizerPrimitiveShiftReg_d3_i0_22
system/tlDM/dmOuter/io_innerCtrl_source/source_valid_0      17.6400     0.0       0.0000      0.0000       0.0000 AsyncValidSync_23
system/tlDM/dmOuter/io_innerCtrl_source/source_valid_0/io_out_source_valid_0      17.6400     0.0       0.0000      0.0000       0.0000 AsyncResetSynchronizerShiftReg_w1_d3_i0_1_23
system/tlDM/dmOuter/io_innerCtrl_source/source_valid_0/io_out_source_valid_0/output_chain      17.6400     0.0       1.4112     16.2288       0.0000 AsyncResetSynchronizerPrimitiveShiftReg_d3_i0_25
system/tlDM/dmOuter/io_innerCtrl_source/source_valid_1      16.9344     0.0       0.0000      0.0000       0.0000 AsyncValidSync_22
system/tlDM/dmOuter/io_innerCtrl_source/source_valid_1/io_out_source_valid_0      16.9344     0.0       0.0000      0.0000       0.0000 AsyncResetSynchronizerShiftReg_w1_d3_i0_1_22
system/tlDM/dmOuter/io_innerCtrl_source/source_valid_1/io_out_source_valid_0/output_chain      16.9344     0.0       0.7056     16.2288       0.0000 AsyncResetSynchronizerPrimitiveShiftReg_d3_i0_24
system/uartClockDomainWrapper       35881.1715      1.0        0.0000       0.0000        0.0000  ClockSinkDomain_2
system/uartClockDomainWrapper/uart_0   35881.1715     1.0     247.4304    183.4560        0.0000  TLUART
system/uartClockDomainWrapper/uart_0/intsource       6.1152     0.0       0.0000      0.0000       0.0000 IntSyncCrossingSource_1_0
system/uartClockDomainWrapper/uart_0/intsource/reg_0       6.1152     0.0       0.7056      5.4096       0.0000 AsyncResetRegVec_w1_i0_0
system/uartClockDomainWrapper/uart_0/rxm     347.1552     0.0     156.4080    190.7472       0.0000 UARTRx
system/uartClockDomainWrapper/uart_0/rxq   17396.8033     0.5     159.4656     79.9680       0.0000 Queue_92_0
system/uartClockDomainWrapper/uart_0/rxq/ram_ext   17157.3697     0.5    7523.5777   9633.7920       0.0000 ram_combMem_5_0
system/uartClockDomainWrapper/uart_0/txm     305.0544     0.0     163.9344    141.1200       0.0000 UARTTx
system/uartClockDomainWrapper/uart_0/txq   17395.1569     0.5     157.8192     79.9680       0.0000 Queue_92_1
system/uartClockDomainWrapper/uart_0/txq/ram_ext   17157.3697     0.5    7523.5777   9633.7920       0.0000 ram_combMem_5_1
system_debug_systemjtag_reset_catcher      18.3456     0.0       0.7056      0.0000       0.0000  ResetCatchAndSync_d3_2
system_debug_systemjtag_reset_catcher/io_sync_reset_chain      17.6400     0.0       0.0000      0.0000       0.0000 AsyncResetSynchronizerShiftReg_w1_d3_i0_12
system_debug_systemjtag_reset_catcher/io_sync_reset_chain/output_chain      17.6400     0.0       1.4112     16.2288       0.0000 AsyncResetSynchronizerPrimitiveShiftReg_d3_i0_67
--------------------------------  ------------  -------  ------------  -----------  ------------  ------------------------------------------------
Total                                                    1454514.2106  504829.7511  1544585.0098

1
