 
****************************************
Report : area
Design : ChipTop
Version: R-2020.09-SP5
Date   : Thu Feb 26 15:53:11 2026
****************************************

Library(s) Used:

    tcbn40lpbwp12tm1ptc_ccs (File: /home/wllpro/llwang/ASIC/T40LP/STD/TSMCHOME/digital/Front_End/timing_power_noise/CCS/tcbn40lpbwp12tm1p_200a/tcbn40lpbwp12tm1ptc_ccs.db)
    split_l2_tlb_ram_0_ext_lib (File: /share/home/wllpro/llwang/dy41/SoC/SRAM/PackerSRAMIP/split_l2_tlb_ram_0_ext.db)
    split_data_arrays_0_0_ext_lib (File: /share/home/wllpro/llwang/dy41/SoC/SRAM/PackerSRAMIP/split_data_arrays_0_0_ext.db)
    split_tag_array_0_ext_lib (File: /share/home/wllpro/llwang/dy41/SoC/SRAM/PackerSRAMIP/split_tag_array_0_ext.db)
    dp_sram_128_8_lib (File: /share/home/wllpro/llwang/dy41/SoC/SRAM/PackerSRAMIP/dp_sram_128_8.db)
    dp_sram_32_8_lib (File: /share/home/wllpro/llwang/dy41/SoC/SRAM/PackerSRAMIP/dp_sram_32_8.db)
    dp_sram_128_4_lib (File: /share/home/wllpro/llwang/dy41/SoC/SRAM/PackerSRAMIP/dp_sram_128_4.db)
    split_data_arrays_0_ext_lib (File: /share/home/wllpro/llwang/dy41/SoC/SRAM/PackerSRAMIP/split_data_arrays_0_ext.db)
    split_tag_array_ext_lib (File: /share/home/wllpro/llwang/dy41/SoC/SRAM/PackerSRAMIP/split_tag_array_ext.db)
    split_cc_banks_0_ext_lib (File: /share/home/wllpro/llwang/dy41/SoC/SRAM/PackerSRAMIP/split_cc_banks_0_ext.db)
    split_cc_dir_ext_lib (File: /share/home/wllpro/llwang/dy41/SoC/SRAM/PackerSRAMIP/split_cc_dir_ext.db)

Number of ports:                       418556
Number of nets:                       1281213
Number of cells:                       879898
Number of combinational cells:         758831
Number of sequential cells:             94723
Number of macros/black boxes:             155
Number of buf/inv:                     176923
Number of references:                      85

Combinational area:            1233392.576563
Buf/Inv area:                   146250.891566
Noncombinational area:          472883.005752
Macro/Black Box area:          1544585.009766
Net Interconnect area:      undefined  (Wire load has zero net area)

Total cell area:               3250860.592080
Total area:                 undefined

Hierarchical area distribution
------------------------------

                                  Global cell area                   Local cell area
                                  ---------------------  --------------------------------------- 
Hierarchical cell                 Absolute      Percent  Combi-        Noncombi-    Black-
                                  Total         Total    national      national     boxes         Design
--------------------------------  ------------  -------  ------------  -----------  ------------  ------------------------------------------------
ChipTop                           3250860.5921    100.0       43.0416       5.6448        0.0000  ChipTop
debug_reset_syncd_debug_reset_sync      17.6400     0.0        0.0000       0.0000        0.0000  AsyncResetSynchronizerShiftReg_w1_d3_i0_13
debug_reset_syncd_debug_reset_sync/output_chain      17.6400     0.0       1.4112     16.2288       0.0000 AsyncResetSynchronizerPrimitiveShiftReg_d3_i0_69
dmactiveAck_dmactiveAck                16.9344      0.0        0.0000       0.0000        0.0000  ResetSynchronizerShiftReg_w1_d3_i0
dmactiveAck_dmactiveAck/output_chain      16.9344     0.0       0.7056     16.2288        0.0000  AsyncResetSynchronizerPrimitiveShiftReg_d3_i0_68
gated_clock_debug_clock_gate            4.9392      0.0        1.4112       3.5280        0.0000  EICG_wrapper
iocell_custom_boot                      0.9408      0.0        0.9408       0.0000        0.0000  GenericDigitalInIOCell_4
iocell_jtag_TCK                         0.9408      0.0        0.9408       0.0000        0.0000  GenericDigitalInIOCell_1
iocell_jtag_TDI                         0.9408      0.0        0.9408       0.0000        0.0000  GenericDigitalInIOCell_3
iocell_jtag_TDO                         0.9408      0.0        0.9408       0.0000        0.0000  GenericDigitalOutIOCell_1
iocell_jtag_TMS                         0.9408      0.0        0.9408       0.0000        0.0000  GenericDigitalInIOCell_2
iocell_serial_tl_bits_in_bits           0.9408      0.0        0.9408       0.0000        0.0000  GenericDigitalInIOCell_38
iocell_serial_tl_bits_in_bits_1         0.9408      0.0        0.9408       0.0000        0.0000  GenericDigitalInIOCell_37
iocell_serial_tl_bits_in_bits_10        0.9408      0.0        0.9408       0.0000        0.0000  GenericDigitalInIOCell_28
iocell_serial_tl_bits_in_bits_11        0.9408      0.0        0.9408       0.0000        0.0000  GenericDigitalInIOCell_27
iocell_serial_tl_bits_in_bits_12        0.9408      0.0        0.9408       0.0000        0.0000  GenericDigitalInIOCell_26
iocell_serial_tl_bits_in_bits_13        0.9408      0.0        0.9408       0.0000        0.0000  GenericDigitalInIOCell_25
iocell_serial_tl_bits_in_bits_14        0.9408      0.0        0.9408       0.0000        0.0000  GenericDigitalInIOCell_24
iocell_serial_tl_bits_in_bits_15        0.9408      0.0        0.9408       0.0000        0.0000  GenericDigitalInIOCell_23
iocell_serial_tl_bits_in_bits_16        0.9408      0.0        0.9408       0.0000        0.0000  GenericDigitalInIOCell_22
iocell_serial_tl_bits_in_bits_17        0.9408      0.0        0.9408       0.0000        0.0000  GenericDigitalInIOCell_21
iocell_serial_tl_bits_in_bits_18        0.9408      0.0        0.9408       0.0000        0.0000  GenericDigitalInIOCell_20
iocell_serial_tl_bits_in_bits_19        0.9408      0.0        0.9408       0.0000        0.0000  GenericDigitalInIOCell_19
iocell_serial_tl_bits_in_bits_2         0.9408      0.0        0.9408       0.0000        0.0000  GenericDigitalInIOCell_36
iocell_serial_tl_bits_in_bits_20        0.9408      0.0        0.9408       0.0000        0.0000  GenericDigitalInIOCell_18
iocell_serial_tl_bits_in_bits_21        0.9408      0.0        0.9408       0.0000        0.0000  GenericDigitalInIOCell_17
iocell_serial_tl_bits_in_bits_22        0.9408      0.0        0.9408       0.0000        0.0000  GenericDigitalInIOCell_16
iocell_serial_tl_bits_in_bits_23        0.9408      0.0        0.9408       0.0000        0.0000  GenericDigitalInIOCell_15
iocell_serial_tl_bits_in_bits_24        0.9408      0.0        0.9408       0.0000        0.0000  GenericDigitalInIOCell_14
iocell_serial_tl_bits_in_bits_25        0.9408      0.0        0.9408       0.0000        0.0000  GenericDigitalInIOCell_13
iocell_serial_tl_bits_in_bits_26        0.9408      0.0        0.9408       0.0000        0.0000  GenericDigitalInIOCell_12
iocell_serial_tl_bits_in_bits_27        0.9408      0.0        0.9408       0.0000        0.0000  GenericDigitalInIOCell_11
iocell_serial_tl_bits_in_bits_28        0.9408      0.0        0.9408       0.0000        0.0000  GenericDigitalInIOCell_10
iocell_serial_tl_bits_in_bits_29        0.9408      0.0        0.9408       0.0000        0.0000  GenericDigitalInIOCell_9
iocell_serial_tl_bits_in_bits_3         0.9408      0.0        0.9408       0.0000        0.0000  GenericDigitalInIOCell_35
iocell_serial_tl_bits_in_bits_30        0.9408      0.0        0.9408       0.0000        0.0000  GenericDigitalInIOCell_8
iocell_serial_tl_bits_in_bits_31        0.9408      0.0        0.9408       0.0000        0.0000  GenericDigitalInIOCell_7
iocell_serial_tl_bits_in_bits_4         0.9408      0.0        0.9408       0.0000        0.0000  GenericDigitalInIOCell_34
iocell_serial_tl_bits_in_bits_5         0.9408      0.0        0.9408       0.0000        0.0000  GenericDigitalInIOCell_33
iocell_serial_tl_bits_in_bits_6         0.9408      0.0        0.9408       0.0000        0.0000  GenericDigitalInIOCell_32
iocell_serial_tl_bits_in_bits_7         0.9408      0.0        0.9408       0.0000        0.0000  GenericDigitalInIOCell_31
iocell_serial_tl_bits_in_bits_8         0.9408      0.0        0.9408       0.0000        0.0000  GenericDigitalInIOCell_30
iocell_serial_tl_bits_in_bits_9         0.9408      0.0        0.9408       0.0000        0.0000  GenericDigitalInIOCell_29
iocell_serial_tl_bits_in_ready          0.9408      0.0        0.9408       0.0000        0.0000  GenericDigitalOutIOCell_2
iocell_serial_tl_bits_in_valid          0.9408      0.0        0.9408       0.0000        0.0000  GenericDigitalInIOCell_6
iocell_serial_tl_bits_out_bits          0.9408      0.0        0.9408       0.0000        0.0000  GenericDigitalOutIOCell_35
iocell_serial_tl_bits_out_bits_1        0.9408      0.0        0.9408       0.0000        0.0000  GenericDigitalOutIOCell_34
iocell_serial_tl_bits_out_bits_10       0.9408      0.0        0.9408       0.0000        0.0000  GenericDigitalOutIOCell_25
iocell_serial_tl_bits_out_bits_11       0.9408      0.0        0.9408       0.0000        0.0000  GenericDigitalOutIOCell_24
iocell_serial_tl_bits_out_bits_12       0.9408      0.0        0.9408       0.0000        0.0000  GenericDigitalOutIOCell_23
iocell_serial_tl_bits_out_bits_13       0.9408      0.0        0.9408       0.0000        0.0000  GenericDigitalOutIOCell_22
iocell_serial_tl_bits_out_bits_14       0.9408      0.0        0.9408       0.0000        0.0000  GenericDigitalOutIOCell_21
iocell_serial_tl_bits_out_bits_15       0.9408      0.0        0.9408       0.0000        0.0000  GenericDigitalOutIOCell_20
iocell_serial_tl_bits_out_bits_16       0.9408      0.0        0.9408       0.0000        0.0000  GenericDigitalOutIOCell_19
iocell_serial_tl_bits_out_bits_17       0.9408      0.0        0.9408       0.0000        0.0000  GenericDigitalOutIOCell_18
iocell_serial_tl_bits_out_bits_18       0.9408      0.0        0.9408       0.0000        0.0000  GenericDigitalOutIOCell_17
iocell_serial_tl_bits_out_bits_19       0.9408      0.0        0.9408       0.0000        0.0000  GenericDigitalOutIOCell_16
iocell_serial_tl_bits_out_bits_2        0.9408      0.0        0.9408       0.0000        0.0000  GenericDigitalOutIOCell_33
iocell_serial_tl_bits_out_bits_20       0.9408      0.0        0.9408       0.0000        0.0000  GenericDigitalOutIOCell_15
iocell_serial_tl_bits_out_bits_21       0.9408      0.0        0.9408       0.0000        0.0000  GenericDigitalOutIOCell_14
iocell_serial_tl_bits_out_bits_22       0.9408      0.0        0.9408       0.0000        0.0000  GenericDigitalOutIOCell_13
iocell_serial_tl_bits_out_bits_23       0.9408      0.0        0.9408       0.0000        0.0000  GenericDigitalOutIOCell_12
iocell_serial_tl_bits_out_bits_24       0.9408      0.0        0.9408       0.0000        0.0000  GenericDigitalOutIOCell_11
iocell_serial_tl_bits_out_bits_25       0.9408      0.0        0.9408       0.0000        0.0000  GenericDigitalOutIOCell_10
iocell_serial_tl_bits_out_bits_26       0.9408      0.0        0.9408       0.0000        0.0000  GenericDigitalOutIOCell_9
iocell_serial_tl_bits_out_bits_27       0.9408      0.0        0.9408       0.0000        0.0000  GenericDigitalOutIOCell_8
iocell_serial_tl_bits_out_bits_28       0.9408      0.0        0.9408       0.0000        0.0000  GenericDigitalOutIOCell_7
iocell_serial_tl_bits_out_bits_29       0.9408      0.0        0.9408       0.0000        0.0000  GenericDigitalOutIOCell_6
iocell_serial_tl_bits_out_bits_3        0.9408      0.0        0.9408       0.0000        0.0000  GenericDigitalOutIOCell_32
iocell_serial_tl_bits_out_bits_30       0.9408      0.0        0.9408       0.0000        0.0000  GenericDigitalOutIOCell_5
iocell_serial_tl_bits_out_bits_31       0.9408      0.0        0.9408       0.0000        0.0000  GenericDigitalOutIOCell_4
iocell_serial_tl_bits_out_bits_4        0.9408      0.0        0.9408       0.0000        0.0000  GenericDigitalOutIOCell_31
iocell_serial_tl_bits_out_bits_5        0.9408      0.0        0.9408       0.0000        0.0000  GenericDigitalOutIOCell_30
iocell_serial_tl_bits_out_bits_6        0.9408      0.0        0.9408       0.0000        0.0000  GenericDigitalOutIOCell_29
iocell_serial_tl_bits_out_bits_7        0.9408      0.0        0.9408       0.0000        0.0000  GenericDigitalOutIOCell_28
iocell_serial_tl_bits_out_bits_8        0.9408      0.0        0.9408       0.0000        0.0000  GenericDigitalOutIOCell_27
iocell_serial_tl_bits_out_bits_9        0.9408      0.0        0.9408       0.0000        0.0000  GenericDigitalOutIOCell_26
iocell_serial_tl_bits_out_ready         0.9408      0.0        0.9408       0.0000        0.0000  GenericDigitalInIOCell_39
iocell_serial_tl_bits_out_valid         0.9408      0.0        0.9408       0.0000        0.0000  GenericDigitalOutIOCell_3
iocell_serial_tl_clock                  0.0000      0.0        0.0000       0.0000        0.0000  GenericDigitalInIOCell_5
iocell_uart_0_rxd                       0.9408      0.0        0.9408       0.0000        0.0000  GenericDigitalInIOCell_0
iocell_uart_0_txd                       0.9408      0.0        0.9408       0.0000        0.0000  GenericDigitalOutIOCell_0
system                            3250683.4865    100.0      125.5968      70.5600        0.0000  DigitalTop
system/aggregator                       6.5856      0.0        6.5856       0.0000        0.0000  ClockGroupAggregator_6
system/bootROMDomainWrapper          3429.9216      0.1        0.0000       0.0000        0.0000  ClockSinkDomain_1
system/bootROMDomainWrapper/bootrom    3429.9216     0.1    3429.9216       0.0000        0.0000  TLROM
system/clint                         1685.4432      0.1     1078.6272     606.8160        0.0000  CLINT
system/clockGroupCombiner               6.3504      0.0        6.3504       0.0000        0.0000  ClockGroupCombiner
system/clockNamePrefixer                5.6448      0.0        5.6448       0.0000        0.0000  ClockGroupParameterModifier
system/dtm                           1384.3872      0.0      220.8528     219.9120        0.0000  DebugTransportModuleJTAG
system/dtm/dmiAccessChain             327.6336      0.0      134.7696     192.8640        0.0000  CaptureUpdateChain_1
system/dtm/dtmInfoChain               235.2000      0.0       84.6720     150.5280        0.0000  CaptureUpdateChain
system/dtm/tapIO_bypassChain            7.5264      0.0        2.8224       4.7040        0.0000  JtagBypassChain
system/dtm/tapIO_controllerInternal     144.1776     0.0      31.2816      32.6928        0.0000  JtagTapController
system/dtm/tapIO_controllerInternal/irChain      37.8672     0.0      14.3472     23.5200       0.0000 CaptureUpdateChain_2
system/dtm/tapIO_controllerInternal/stateMachine      42.3360     0.0      19.7568     22.5792       0.0000 JtagStateMachine
system/dtm/tapIO_idcodeChain          229.0848      0.0       78.5568     150.5280        0.0000  CaptureChain
system/frequencySpecifier               6.5856      0.0        6.5856       0.0000        0.0000  ClockGroupParameterModifier_1
system/ibus_int_bus                     0.9408      0.0        0.9408       0.0000        0.0000  IntXbar_4
system/intsink_4                        0.9408      0.0        0.9408       0.0000        0.0000  IntSyncSyncCrossingSink_1_2
system/intsource                       11.5248      0.0        0.0000       0.0000        0.0000  IntSyncCrossingSource_5
system/intsource/reg_0                 11.5248      0.0        0.7056      10.8192        0.0000  AsyncResetRegVec_w2_i0
system/intsource_1                      6.1152      0.0        0.0000       0.0000        0.0000  IntSyncCrossingSource_1_5
system/intsource_1/reg_0                6.1152      0.0        0.7056       5.4096        0.0000  AsyncResetRegVec_w1_i0_5
system/intsource_2                      6.1152      0.0        0.0000       0.0000        0.0000  IntSyncCrossingSource_1_4
system/intsource_2/reg_0                6.1152      0.0        0.7056       5.4096        0.0000  AsyncResetRegVec_w1_i0_4
system/plicDomainWrapper              447.3504      0.0        0.0000       0.0000        0.0000  ClockSinkDomain
system/plicDomainWrapper/plic         447.3504      0.0       74.7936      37.6320        0.0000  TLPLIC
system/plicDomainWrapper/plic/fanin       1.4112     0.0       1.4112       0.0000        0.0000  PLICFanIn_1
system/plicDomainWrapper/plic/fanin_1       1.4112     0.0       1.4112      0.0000       0.0000  PLICFanIn_0
system/plicDomainWrapper/plic/gateways_gateway       8.9376     0.0       4.2336      4.7040       0.0000 LevelGateway
system/plicDomainWrapper/plic/out_back     323.1648     0.0       4.2336      4.7040       0.0000 Queue_91
system/plicDomainWrapper/plic/out_back/ram_ext     314.2272     0.0     107.2512    206.9760       0.0000 ram_combMem_22
system/prci_ctrl_domain               122.0688      0.0        0.0000       0.0000        0.0000  ClockSinkDomain_3
system/prci_ctrl_domain/clock_gater      19.7568     0.0      10.8192       0.0000        0.0000  TileClockGater
system/prci_ctrl_domain/clock_gater/regs_0       8.9376     0.0       1.4112      7.5264       0.0000 AsyncResetRegVec_w1_i1
system/prci_ctrl_domain/resetSynchronizer      19.7568     0.0       0.0000      0.0000       0.0000 ClockGroupResetSynchronizer
system/prci_ctrl_domain/resetSynchronizer/x1_member_allClocks_uncore_reset_catcher      19.7568     0.0       0.7056      0.0000       0.0000 ResetCatchAndSync_d3_0
system/prci_ctrl_domain/resetSynchronizer/x1_member_allClocks_uncore_reset_catcher/io_sync_reset_chain      19.0512     0.0       0.0000      0.0000       0.0000 AsyncResetSynchronizerShiftReg_w1_d3_i0_5
system/prci_ctrl_domain/resetSynchronizer/x1_member_allClocks_uncore_reset_catcher/io_sync_reset_chain/output_chain      19.0512     0.0       2.8224     16.2288       0.0000 AsyncResetSynchronizerPrimitiveShiftReg_d3_i0_28
system/prci_ctrl_domain/reset_setter      13.8768     0.0      13.8768      0.0000        0.0000  TileResetSetter
system/prci_ctrl_domain/xbar           68.6784      0.0       63.9744       4.7040        0.0000  TLXbar_11
system/subsystem_cbus               23988.9889      0.7       80.2032      14.1120        0.0000  PeripheryBus_1
system/subsystem_cbus/atomics        3504.4800      0.1     2535.4560     969.0240        0.0000  TLAtomicAutomata_1
system/subsystem_cbus/buffer         3370.6512      0.1        0.0000       0.0000        0.0000  TLBuffer_4
system/subsystem_cbus/buffer/bundleIn_0_d_q    1373.5680     0.0      16.4640     14.1120       0.0000 Queue_9_1
system/subsystem_cbus/buffer/bundleIn_0_d_q/ram_ext    1342.9920     0.0     590.3520    752.6400       0.0000 ram_combMem_17_1
system/subsystem_cbus/buffer/x1_a_q    1997.0832     0.1      16.4640      14.1120        0.0000  Queue_8
system/subsystem_cbus/buffer/x1_a_q/ram_ext    1966.5072     0.1     865.7712   1100.7360       0.0000 ram_combMem_30
system/subsystem_cbus/coupler_to_bootrom     396.3120     0.0       0.0000      0.0000       0.0000 TLInterconnectCoupler_13
system/subsystem_cbus/coupler_to_bootrom/fragmenter     396.3120     0.0     132.1824     47.2752       0.0000 TLFragmenter_6
system/subsystem_cbus/coupler_to_bootrom/fragmenter/repeater     216.8544     0.0      66.0912    150.7632       0.0000 Repeater_8
system/subsystem_cbus/coupler_to_clint     501.9168     0.0       0.0000      0.0000       0.0000 TLInterconnectCoupler_10
system/subsystem_cbus/coupler_to_clint/fragmenter     501.9168     0.0     215.6784     42.3360       0.0000 TLFragmenter_4
system/subsystem_cbus/coupler_to_clint/fragmenter/repeater     243.9024     0.0      74.0880    169.8144       0.0000 Repeater_4_0
system/subsystem_cbus/coupler_to_debug     466.1664     0.0       0.0000      0.0000       0.0000 TLInterconnectCoupler_12
system/subsystem_cbus/coupler_to_debug/fragmenter     466.1664     0.0     214.7376     42.3360       0.0000 TLFragmenter_5
system/subsystem_cbus/coupler_to_debug/fragmenter/repeater     209.0928     0.0      64.6800    144.4128       0.0000 Repeater_7
system/subsystem_cbus/coupler_to_l2_ctrl    1229.8608     0.0       0.0000      0.0000       0.0000 TLInterconnectCoupler_7
system/subsystem_cbus/coupler_to_l2_ctrl/buffer     816.3792     0.0       0.0000      0.0000       0.0000 TLBuffer_6
system/subsystem_cbus/coupler_to_l2_ctrl/buffer/bundleIn_0_d_q     134.7696     0.0       4.2336      4.7040       0.0000 Queue_14
system/subsystem_cbus/coupler_to_l2_ctrl/buffer/bundleIn_0_d_q/ram_ext     125.8320     0.0      41.1600     84.6720       0.0000 ram_combMem_18
system/subsystem_cbus/coupler_to_l2_ctrl/buffer/x1_a_q     681.6096     0.0       4.2336      4.7040       0.0000 Queue_13
system/subsystem_cbus/coupler_to_l2_ctrl/buffer/x1_a_q/ram_ext     672.6720     0.0     230.4960    442.1760       0.0000 ram_combMem_26
system/subsystem_cbus/coupler_to_l2_ctrl/fragmenter     413.4816     0.0     162.0528     42.3360       0.0000 TLFragmenter_2
system/subsystem_cbus/coupler_to_l2_ctrl/fragmenter/repeater     209.0928     0.0      64.6800    144.4128       0.0000 Repeater_4_1
system/subsystem_cbus/coupler_to_plic     475.1040     0.0       0.0000      0.0000       0.0000  TLInterconnectCoupler_9
system/subsystem_cbus/coupler_to_plic/fragmenter     475.1040     0.0      99.9600     42.3360       0.0000 TLFragmenter_3
system/subsystem_cbus/coupler_to_plic/fragmenter/repeater     332.8080     0.0      99.4896    233.3184       0.0000 Repeater_5
system/subsystem_cbus/coupler_to_prci_ctrl   11249.1457     0.3       0.9408      0.0000       0.0000 TLInterconnectCoupler_15
system/subsystem_cbus/coupler_to_prci_ctrl/buffer     682.3152     0.0       0.0000      0.0000       0.0000 TLBuffer_8
system/subsystem_cbus/coupler_to_prci_ctrl/buffer/bundleIn_0_d_q     232.1424     0.0      17.1696     14.1120       0.0000 Queue_1_0
system/subsystem_cbus/coupler_to_prci_ctrl/buffer/bundleIn_0_d_q/ram_ext     200.8608     0.0      87.9648    112.8960       0.0000 ram_combMem_16_0
system/subsystem_cbus/coupler_to_prci_ctrl/buffer/x1_a_q     450.1728     0.0      16.4640     14.1120       0.0000 Queue_15
system/subsystem_cbus/coupler_to_prci_ctrl/buffer/x1_a_q/ram_ext     419.5968     0.0     184.3968    235.2000       0.0000 ram_combMem_23
system/subsystem_cbus/coupler_to_prci_ctrl/fixer   10198.9777     0.3    5297.4097   4901.5680       0.0000 TLFIFOFixer_3
system/subsystem_cbus/coupler_to_prci_ctrl/fragmenter     366.9120     0.0      95.9616     53.3904       0.0000 TLFragmenter_7
system/subsystem_cbus/coupler_to_prci_ctrl/fragmenter/repeater     217.5600     0.0      66.7968    150.7632       0.0000 Repeater_9
system/subsystem_cbus/fixedClockNode       3.0576     0.0       3.0576      0.0000        0.0000  FixedClockBroadcast_3
system/subsystem_cbus/fixer           188.8656      0.0      188.8656       0.0000        0.0000  TLFIFOFixer_2
system/subsystem_cbus/in_xbar         406.1904      0.0      349.7424      56.4480        0.0000  TLXbar_4
system/subsystem_cbus/out_xbar       1221.3936      0.0     1108.4976     112.8960        0.0000  TLXbar_5
system/subsystem_cbus/wrapped_error_device     881.5296     0.0       1.8816      0.0000       0.0000 ErrorDeviceWrapper
system/subsystem_cbus/wrapped_error_device/buffer     546.6048     0.0       0.0000      0.0000       0.0000 TLBuffer_5
system/subsystem_cbus/wrapped_error_device/buffer/bundleIn_0_d_q     281.5344     0.0      17.1696     14.1120       0.0000 Queue_9_0
system/subsystem_cbus/wrapped_error_device/buffer/bundleIn_0_d_q/ram_ext     250.2528     0.0     109.1328    141.1200       0.0000 ram_combMem_17_0
system/subsystem_cbus/wrapped_error_device/buffer/x1_a_q     265.0704     0.0      17.1696     14.1120       0.0000 Queue_11
system/subsystem_cbus/wrapped_error_device/buffer/x1_a_q/ram_ext     233.7888     0.0     102.0768    131.7120       0.0000 ram_combMem_21
system/subsystem_cbus/wrapped_error_device/error     333.0432     0.0     139.7088     84.6720       0.0000 TLError
system/subsystem_cbus/wrapped_error_device/error/a     108.6624     0.0       4.2336      4.7040       0.0000 Queue_10
system/subsystem_cbus/wrapped_error_device/error/a/ram_ext      99.7248     0.0      33.8688     65.8560       0.0000 ram_combMem_20
system/subsystem_fbus_buffer         3415.3392      0.1        0.0000       0.0000        0.0000  TLBuffer_2
system/subsystem_fbus_buffer/bundleIn_0_d_q    1425.5472     0.0      16.4640     14.1120       0.0000 Queue_5_1
system/subsystem_fbus_buffer/bundleIn_0_d_q/ram_ext    1394.9712     0.0     614.1072    780.8640       0.0000 ram_combMem_17_3
system/subsystem_fbus_buffer/x1_a_q    1989.7920     0.1      18.8160      21.8736        0.0000  Queue_4_1
system/subsystem_fbus_buffer/x1_a_q/ram_ext    1949.1024     0.1     857.7744   1091.3280       0.0000 ram_combMem_28_1
system/subsystem_fbus_coupler_from_port_named_serial_tl_ctrl    3402.4032     0.1       0.0000      0.0000       0.0000 TLInterconnectCoupler_6
system/subsystem_fbus_coupler_from_port_named_serial_tl_ctrl/buffer    3402.4032     0.1       0.0000      0.0000       0.0000 TLBuffer_3
system/subsystem_fbus_coupler_from_port_named_serial_tl_ctrl/buffer/bundleIn_0_d_q    1424.8416     0.0      16.4640     14.1120       0.0000 Queue_5_0
system/subsystem_fbus_coupler_from_port_named_serial_tl_ctrl/buffer/bundleIn_0_d_q/ram_ext    1394.2656     0.0     613.4016    780.8640       0.0000 ram_combMem_17_2
system/subsystem_fbus_coupler_from_port_named_serial_tl_ctrl/buffer/x1_a_q    1977.5616     0.1      16.4640     14.1120       0.0000 Queue_4_0
system/subsystem_fbus_coupler_from_port_named_serial_tl_ctrl/buffer/x1_a_q/ram_ext    1946.9856     0.1     855.6576   1091.3280       0.0000 ram_combMem_28_0
system/subsystem_fbus_in_async       2608.1328      0.1        0.0000       0.0000        0.0000  AsyncQueue_0
system/subsystem_fbus_in_async/sink     721.5936     0.0     335.1600      43.2768        0.0000  AsyncQueueSink_0
system/subsystem_fbus_in_async/sink/io_deq_bits_deq_bits_reg     206.0352     0.0       2.8224    203.2128       0.0000 ClockCrossingReg_w32_0
system/subsystem_fbus_in_async/sink/sink_valid_0      17.6400     0.0       0.0000      0.0000       0.0000 AsyncValidSync_27
system/subsystem_fbus_in_async/sink/sink_valid_0/io_out_source_valid_0      17.6400     0.0       0.0000      0.0000       0.0000 AsyncResetSynchronizerShiftReg_w1_d3_i0_1_27
system/subsystem_fbus_in_async/sink/sink_valid_0/io_out_source_valid_0/output_chain      17.6400     0.0       1.4112     16.2288       0.0000 AsyncResetSynchronizerPrimitiveShiftReg_d3_i0_35
system/subsystem_fbus_in_async/sink/sink_valid_1      16.9344     0.0       0.0000      0.0000       0.0000 AsyncValidSync_26
system/subsystem_fbus_in_async/sink/sink_valid_1/io_out_source_valid_0      16.9344     0.0       0.0000      0.0000       0.0000 AsyncResetSynchronizerShiftReg_w1_d3_i0_1_26
system/subsystem_fbus_in_async/sink/sink_valid_1/io_out_source_valid_0/output_chain      16.9344     0.0       0.7056     16.2288       0.0000 AsyncResetSynchronizerPrimitiveShiftReg_d3_i0_34
system/subsystem_fbus_in_async/sink/source_extend      16.9344     0.0       0.0000      0.0000       0.0000 AsyncValidSync_25
system/subsystem_fbus_in_async/sink/source_extend/io_out_source_valid_0      16.9344     0.0       0.0000      0.0000       0.0000 AsyncResetSynchronizerShiftReg_w1_d3_i0_1_25
system/subsystem_fbus_in_async/sink/source_extend/io_out_source_valid_0/output_chain      16.9344     0.0       0.7056     16.2288       0.0000 AsyncResetSynchronizerPrimitiveShiftReg_d3_i0_33
system/subsystem_fbus_in_async/sink/source_valid      16.9344     0.0       0.0000      0.0000       0.0000 AsyncValidSync_24
system/subsystem_fbus_in_async/sink/source_valid/io_out_source_valid_0      16.9344     0.0       0.0000      0.0000       0.0000 AsyncResetSynchronizerShiftReg_w1_d3_i0_1_24
system/subsystem_fbus_in_async/sink/source_valid/io_out_source_valid_0/output_chain      16.9344     0.0       0.7056     16.2288       0.0000 AsyncResetSynchronizerPrimitiveShiftReg_d3_i0_32
system/subsystem_fbus_in_async/sink/widx_widx_gray      68.6784     0.0       0.9408      0.0000       0.0000 AsyncResetSynchronizerShiftReg_w4_d3_i0_0
system/subsystem_fbus_in_async/sink/widx_widx_gray/output_chain      16.9344     0.0       0.7056     16.2288       0.0000 AsyncResetSynchronizerPrimitiveShiftReg_d3_i0_53
system/subsystem_fbus_in_async/sink/widx_widx_gray/output_chain_1      16.9344     0.0       0.7056     16.2288       0.0000 AsyncResetSynchronizerPrimitiveShiftReg_d3_i0_52
system/subsystem_fbus_in_async/sink/widx_widx_gray/output_chain_2      16.9344     0.0       0.7056     16.2288       0.0000 AsyncResetSynchronizerPrimitiveShiftReg_d3_i0_51
system/subsystem_fbus_in_async/sink/widx_widx_gray/output_chain_3      16.9344     0.0       0.7056     16.2288       0.0000 AsyncResetSynchronizerPrimitiveShiftReg_d3_i0_50
system/subsystem_fbus_in_async/source    1886.5392     0.1      80.4384   1668.9792       0.0000  AsyncQueueSource_0
system/subsystem_fbus_in_async/source/ridx_ridx_gray      68.6784     0.0       0.9408      0.0000       0.0000 AsyncResetSynchronizerShiftReg_w4_d3_i0_1
system/subsystem_fbus_in_async/source/ridx_ridx_gray/output_chain      16.9344     0.0       0.7056     16.2288       0.0000 AsyncResetSynchronizerPrimitiveShiftReg_d3_i0_57
system/subsystem_fbus_in_async/source/ridx_ridx_gray/output_chain_1      16.9344     0.0       0.7056     16.2288       0.0000 AsyncResetSynchronizerPrimitiveShiftReg_d3_i0_56
system/subsystem_fbus_in_async/source/ridx_ridx_gray/output_chain_2      16.9344     0.0       0.7056     16.2288       0.0000 AsyncResetSynchronizerPrimitiveShiftReg_d3_i0_55
system/subsystem_fbus_in_async/source/ridx_ridx_gray/output_chain_3      16.9344     0.0       0.7056     16.2288       0.0000 AsyncResetSynchronizerPrimitiveShiftReg_d3_i0_54
system/subsystem_fbus_in_async/source/sink_extend      16.9344     0.0       0.0000      0.0000       0.0000 AsyncValidSync_29
system/subsystem_fbus_in_async/source/sink_extend/io_out_source_valid_0      16.9344     0.0       0.0000      0.0000       0.0000 AsyncResetSynchronizerShiftReg_w1_d3_i0_1_29
system/subsystem_fbus_in_async/source/sink_extend/io_out_source_valid_0/output_chain      16.9344     0.0       0.7056     16.2288       0.0000 AsyncResetSynchronizerPrimitiveShiftReg_d3_i0_37
system/subsystem_fbus_in_async/source/sink_valid      16.9344     0.0       0.0000      0.0000       0.0000 AsyncValidSync_28
system/subsystem_fbus_in_async/source/sink_valid/io_out_source_valid_0      16.9344     0.0       0.0000      0.0000       0.0000 AsyncResetSynchronizerShiftReg_w1_d3_i0_1_28
system/subsystem_fbus_in_async/source/sink_valid/io_out_source_valid_0/output_chain      16.9344     0.0       0.7056     16.2288       0.0000 AsyncResetSynchronizerPrimitiveShiftReg_d3_i0_36
system/subsystem_fbus_in_async/source/source_valid_0      17.6400     0.0       0.0000      0.0000       0.0000 AsyncValidSync_31
system/subsystem_fbus_in_async/source/source_valid_0/io_out_source_valid_0      17.6400     0.0       0.0000      0.0000       0.0000 AsyncResetSynchronizerShiftReg_w1_d3_i0_1_31
system/subsystem_fbus_in_async/source/source_valid_0/io_out_source_valid_0/output_chain      17.6400     0.0       1.4112     16.2288       0.0000 AsyncResetSynchronizerPrimitiveShiftReg_d3_i0_39
system/subsystem_fbus_in_async/source/source_valid_1      16.9344     0.0       0.0000      0.0000       0.0000 AsyncValidSync_30
system/subsystem_fbus_in_async/source/source_valid_1/io_out_source_valid_0      16.9344     0.0       0.0000      0.0000       0.0000 AsyncResetSynchronizerShiftReg_w1_d3_i0_1_30
system/subsystem_fbus_in_async/source/source_valid_1/io_out_source_valid_0/output_chain      16.9344     0.0       0.7056     16.2288       0.0000 AsyncResetSynchronizerPrimitiveShiftReg_d3_i0_38
system/subsystem_fbus_out_async      2602.2528      0.1        0.0000       0.0000        0.0000  AsyncQueue_1
system/subsystem_fbus_out_async/sink     720.6528     0.0     335.1600     43.2768        0.0000  AsyncQueueSink_1
system/subsystem_fbus_out_async/sink/io_deq_bits_deq_bits_reg     206.0352     0.0       2.8224    203.2128       0.0000 ClockCrossingReg_w32_1
system/subsystem_fbus_out_async/sink/sink_valid_0      17.6400     0.0       0.0000      0.0000       0.0000 AsyncValidSync_35
system/subsystem_fbus_out_async/sink/sink_valid_0/io_out_source_valid_0      17.6400     0.0       0.0000      0.0000       0.0000 AsyncResetSynchronizerShiftReg_w1_d3_i0_1_35
system/subsystem_fbus_out_async/sink/sink_valid_0/io_out_source_valid_0/output_chain      17.6400     0.0       1.4112     16.2288       0.0000 AsyncResetSynchronizerPrimitiveShiftReg_d3_i0_43
system/subsystem_fbus_out_async/sink/sink_valid_1      16.9344     0.0       0.0000      0.0000       0.0000 AsyncValidSync_34
system/subsystem_fbus_out_async/sink/sink_valid_1/io_out_source_valid_0      16.9344     0.0       0.0000      0.0000       0.0000 AsyncResetSynchronizerShiftReg_w1_d3_i0_1_34
system/subsystem_fbus_out_async/sink/sink_valid_1/io_out_source_valid_0/output_chain      16.9344     0.0       0.7056     16.2288       0.0000 AsyncResetSynchronizerPrimitiveShiftReg_d3_i0_42
system/subsystem_fbus_out_async/sink/source_extend      16.9344     0.0       0.0000      0.0000       0.0000 AsyncValidSync_33
system/subsystem_fbus_out_async/sink/source_extend/io_out_source_valid_0      16.9344     0.0       0.0000      0.0000       0.0000 AsyncResetSynchronizerShiftReg_w1_d3_i0_1_33
system/subsystem_fbus_out_async/sink/source_extend/io_out_source_valid_0/output_chain      16.9344     0.0       0.7056     16.2288       0.0000 AsyncResetSynchronizerPrimitiveShiftReg_d3_i0_41
system/subsystem_fbus_out_async/sink/source_valid      16.9344     0.0       0.0000      0.0000       0.0000 AsyncValidSync_32
system/subsystem_fbus_out_async/sink/source_valid/io_out_source_valid_0      16.9344     0.0       0.0000      0.0000       0.0000 AsyncResetSynchronizerShiftReg_w1_d3_i0_1_32
system/subsystem_fbus_out_async/sink/source_valid/io_out_source_valid_0/output_chain      16.9344     0.0       0.7056     16.2288       0.0000 AsyncResetSynchronizerPrimitiveShiftReg_d3_i0_40
system/subsystem_fbus_out_async/sink/widx_widx_gray      67.7376     0.0       0.0000      0.0000       0.0000 AsyncResetSynchronizerShiftReg_w4_d3_i0_2
system/subsystem_fbus_out_async/sink/widx_widx_gray/output_chain      16.9344     0.0       0.7056     16.2288       0.0000 AsyncResetSynchronizerPrimitiveShiftReg_d3_i0_61
system/subsystem_fbus_out_async/sink/widx_widx_gray/output_chain_1      16.9344     0.0       0.7056     16.2288       0.0000 AsyncResetSynchronizerPrimitiveShiftReg_d3_i0_60
system/subsystem_fbus_out_async/sink/widx_widx_gray/output_chain_2      16.9344     0.0       0.7056     16.2288       0.0000 AsyncResetSynchronizerPrimitiveShiftReg_d3_i0_59
system/subsystem_fbus_out_async/sink/widx_widx_gray/output_chain_3      16.9344     0.0       0.7056     16.2288       0.0000 AsyncResetSynchronizerPrimitiveShiftReg_d3_i0_58
system/subsystem_fbus_out_async/source    1881.6000     0.1      75.4992   1668.9792       0.0000 AsyncQueueSource_1
system/subsystem_fbus_out_async/source/ridx_ridx_gray      68.6784     0.0       0.9408      0.0000       0.0000 AsyncResetSynchronizerShiftReg_w4_d3_i0_3
system/subsystem_fbus_out_async/source/ridx_ridx_gray/output_chain      16.9344     0.0       0.7056     16.2288       0.0000 AsyncResetSynchronizerPrimitiveShiftReg_d3_i0_65
system/subsystem_fbus_out_async/source/ridx_ridx_gray/output_chain_1      16.9344     0.0       0.7056     16.2288       0.0000 AsyncResetSynchronizerPrimitiveShiftReg_d3_i0_64
system/subsystem_fbus_out_async/source/ridx_ridx_gray/output_chain_2      16.9344     0.0       0.7056     16.2288       0.0000 AsyncResetSynchronizerPrimitiveShiftReg_d3_i0_63
system/subsystem_fbus_out_async/source/ridx_ridx_gray/output_chain_3      16.9344     0.0       0.7056     16.2288       0.0000 AsyncResetSynchronizerPrimitiveShiftReg_d3_i0_62
system/subsystem_fbus_out_async/source/sink_extend      16.9344     0.0       0.0000      0.0000       0.0000 AsyncValidSync_37
system/subsystem_fbus_out_async/source/sink_extend/io_out_source_valid_0      16.9344     0.0       0.0000      0.0000       0.0000 AsyncResetSynchronizerShiftReg_w1_d3_i0_1_37
system/subsystem_fbus_out_async/source/sink_extend/io_out_source_valid_0/output_chain      16.9344     0.0       0.7056     16.2288       0.0000 AsyncResetSynchronizerPrimitiveShiftReg_d3_i0_45
system/subsystem_fbus_out_async/source/sink_valid      16.9344     0.0       0.0000      0.0000       0.0000 AsyncValidSync_36
system/subsystem_fbus_out_async/source/sink_valid/io_out_source_valid_0      16.9344     0.0       0.0000      0.0000       0.0000 AsyncResetSynchronizerShiftReg_w1_d3_i0_1_36
system/subsystem_fbus_out_async/source/sink_valid/io_out_source_valid_0/output_chain      16.9344     0.0       0.7056     16.2288       0.0000 AsyncResetSynchronizerPrimitiveShiftReg_d3_i0_44
system/subsystem_fbus_out_async/source/source_valid_0      17.6400     0.0       0.0000      0.0000       0.0000 AsyncValidSync_39
system/subsystem_fbus_out_async/source/source_valid_0/io_out_source_valid_0      17.6400     0.0       0.0000      0.0000       0.0000 AsyncResetSynchronizerShiftReg_w1_d3_i0_1_39
system/subsystem_fbus_out_async/source/source_valid_0/io_out_source_valid_0/output_chain      17.6400     0.0       1.4112     16.2288       0.0000 AsyncResetSynchronizerPrimitiveShiftReg_d3_i0_47
system/subsystem_fbus_out_async/source/source_valid_1      16.9344     0.0       0.0000      0.0000       0.0000 AsyncValidSync_38
system/subsystem_fbus_out_async/source/source_valid_1/io_out_source_valid_0      16.9344     0.0       0.0000      0.0000       0.0000 AsyncResetSynchronizerShiftReg_w1_d3_i0_1_38
system/subsystem_fbus_out_async/source/source_valid_1/io_out_source_valid_0/output_chain      16.9344     0.0       0.7056     16.2288       0.0000 AsyncResetSynchronizerPrimitiveShiftReg_d3_i0_46
system/subsystem_fbus_outer_reset_catcher      18.3456     0.0       0.7056      0.0000       0.0000 ResetCatchAndSync_d3_1
system/subsystem_fbus_outer_reset_catcher/io_sync_reset_chain      17.6400     0.0       0.0000      0.0000       0.0000 AsyncResetSynchronizerShiftReg_w1_d3_i0_11
system/subsystem_fbus_outer_reset_catcher/io_sync_reset_chain/output_chain      17.6400     0.0       1.4112     16.2288       0.0000 AsyncResetSynchronizerPrimitiveShiftReg_d3_i0_66
system/subsystem_fbus_serdesser      2018.0160      0.1       75.7344      42.3360        0.0000  TLSerdesser
system/subsystem_fbus_serdesser/inDes     808.1472     0.0      33.6336    774.5136       0.0000  GenericDeserializer
system/subsystem_fbus_serdesser/outArb     146.5296     0.0     137.1216      9.4080       0.0000 HellaPeekingArbiter
system/subsystem_fbus_serdesser/outSer     945.2688     0.0     347.8608    597.4080       0.0000 GenericSerializer
system/subsystem_l2_wrapper        668746.2890     20.6        0.9408       0.0000        0.0000  CoherenceManagerWrapper
system/subsystem_l2_wrapper/InclusiveCache_inner_TLBuffer    3404.0496     0.1     178.7520      0.0000       0.0000 TLBuffer_11
system/subsystem_l2_wrapper/InclusiveCache_inner_TLBuffer/bundleIn_0_d_q    1419.4320     0.0     362.4432      4.7040       0.0000 Queue_63
system/subsystem_l2_wrapper/InclusiveCache_inner_TLBuffer/bundleIn_0_d_q/ram_ext    1052.2848     0.0     360.7968    691.4880       0.0000 ram_combMem_35
system/subsystem_l2_wrapper/InclusiveCache_inner_TLBuffer/x1_a_q    1805.8656     0.1     459.5808      4.7040       0.0000 Queue_62
system/subsystem_l2_wrapper/InclusiveCache_inner_TLBuffer/x1_a_q/ram_ext    1341.5808     0.0     461.9328    879.6480       0.0000 ram_combMem_42
system/subsystem_l2_wrapper/binder     168.4032     0.0      168.4032       0.0000        0.0000  BankBinder
system/subsystem_l2_wrapper/cork      830.9616      0.0      405.9552      84.9072        0.0000  TLCacheCork
system/subsystem_l2_wrapper/cork/pool     142.5312     0.0      86.0832     56.4480       0.0000  IDPool
system/subsystem_l2_wrapper/cork/q      98.7840     0.0       16.4640      14.1120        0.0000  Queue_59_2
system/subsystem_l2_wrapper/cork/q/ram_ext      68.2080     0.0      30.5760     37.6320       0.0000 ram_combMem_15_2
system/subsystem_l2_wrapper/cork/q_1      98.7840     0.0      16.4640     14.1120        0.0000  Queue_59_1
system/subsystem_l2_wrapper/cork/q_1/ram_ext      68.2080     0.0      30.5760     37.6320       0.0000 ram_combMem_15_1
system/subsystem_l2_wrapper/l2     664341.9338     20.4      228.3792     282.2400        0.0000  InclusiveCache
system/subsystem_l2_wrapper/l2/inclusive_cache_bank_sched  663607.8746    20.4    7470.6577    108.1920       0.0000 InclusiveCacheBankScheduler
system/subsystem_l2_wrapper/l2/inclusive_cache_bank_sched/abc_mshrs_0    1229.3904     0.0     646.8000    582.5904       0.0000 MSHR_11
system/subsystem_l2_wrapper/l2/inclusive_cache_bank_sched/abc_mshrs_1    1249.8528     0.0     663.2640    586.5888       0.0000 MSHR_10
system/subsystem_l2_wrapper/l2/inclusive_cache_bank_sched/abc_mshrs_2    1232.2128     0.0     659.9712    572.2416       0.0000 MSHR_9
system/subsystem_l2_wrapper/l2/inclusive_cache_bank_sched/abc_mshrs_3    1230.0960     0.0     658.0896    572.0064       0.0000 MSHR_8
system/subsystem_l2_wrapper/l2/inclusive_cache_bank_sched/abc_mshrs_4    1240.6800     0.0     646.0944    594.5856       0.0000 MSHR_7
system/subsystem_l2_wrapper/l2/inclusive_cache_bank_sched/abc_mshrs_5    1245.6192     0.0     673.6128    572.0064       0.0000 MSHR_6
system/subsystem_l2_wrapper/l2/inclusive_cache_bank_sched/abc_mshrs_6    1273.1376     0.0     690.7824    582.3552       0.0000 MSHR_5
system/subsystem_l2_wrapper/l2/inclusive_cache_bank_sched/abc_mshrs_7    1245.8544     0.0     643.9776    601.8768       0.0000 MSHR_4
system/subsystem_l2_wrapper/l2/inclusive_cache_bank_sched/abc_mshrs_8    1240.9152     0.0     667.2624    573.6528       0.0000 MSHR_3
system/subsystem_l2_wrapper/l2/inclusive_cache_bank_sched/abc_mshrs_9    1228.6848     0.0     649.1520    579.5328       0.0000 MSHR_2
system/subsystem_l2_wrapper/l2/inclusive_cache_bank_sched/bankedStore  488068.0004    15.0    3642.0720   3439.5648       0.0000 BankedStore
system/subsystem_l2_wrapper/l2/inclusive_cache_bank_sched/bankedStore/cc_banks_0   60123.2954     1.8       0.0000      0.0000       0.0000 cc_banks_0
system/subsystem_l2_wrapper/l2/inclusive_cache_bank_sched/bankedStore/cc_banks_0/cc_banks_0_ext   60123.2954     1.8       0.0000      0.0000       0.0000 cc_banks_0_ext_7
system/subsystem_l2_wrapper/l2/inclusive_cache_bank_sched/bankedStore/cc_banks_0/cc_banks_0_ext/mem_0_0   60123.2954     1.8       0.7056      0.0000   60122.5898 split_cc_banks_0_ext_ip_7
system/subsystem_l2_wrapper/l2/inclusive_cache_bank_sched/bankedStore/cc_banks_1   60123.2954     1.8       0.0000      0.0000       0.0000 cc_banks_1
system/subsystem_l2_wrapper/l2/inclusive_cache_bank_sched/bankedStore/cc_banks_1/cc_banks_0_ext   60123.2954     1.8       0.0000      0.0000       0.0000 cc_banks_0_ext_6
system/subsystem_l2_wrapper/l2/inclusive_cache_bank_sched/bankedStore/cc_banks_1/cc_banks_0_ext/mem_0_0   60123.2954     1.8       0.7056      0.0000   60122.5898 split_cc_banks_0_ext_ip_6
system/subsystem_l2_wrapper/l2/inclusive_cache_bank_sched/bankedStore/cc_banks_2   60123.2954     1.8       0.0000      0.0000       0.0000 cc_banks_2
system/subsystem_l2_wrapper/l2/inclusive_cache_bank_sched/bankedStore/cc_banks_2/cc_banks_0_ext   60123.2954     1.8       0.0000      0.0000       0.0000 cc_banks_0_ext_5
system/subsystem_l2_wrapper/l2/inclusive_cache_bank_sched/bankedStore/cc_banks_2/cc_banks_0_ext/mem_0_0   60123.2954     1.8       0.7056      0.0000   60122.5898 split_cc_banks_0_ext_ip_5
system/subsystem_l2_wrapper/l2/inclusive_cache_bank_sched/bankedStore/cc_banks_3   60123.2954     1.8       0.0000      0.0000       0.0000 cc_banks_3
system/subsystem_l2_wrapper/l2/inclusive_cache_bank_sched/bankedStore/cc_banks_3/cc_banks_0_ext   60123.2954     1.8       0.0000      0.0000       0.0000 cc_banks_0_ext_4
system/subsystem_l2_wrapper/l2/inclusive_cache_bank_sched/bankedStore/cc_banks_3/cc_banks_0_ext/mem_0_0   60123.2954     1.8       0.7056      0.0000   60122.5898 split_cc_banks_0_ext_ip_4
system/subsystem_l2_wrapper/l2/inclusive_cache_bank_sched/bankedStore/cc_banks_4   60123.2954     1.8       0.0000      0.0000       0.0000 cc_banks_4
system/subsystem_l2_wrapper/l2/inclusive_cache_bank_sched/bankedStore/cc_banks_4/cc_banks_0_ext   60123.2954     1.8       0.0000      0.0000       0.0000 cc_banks_0_ext_3
system/subsystem_l2_wrapper/l2/inclusive_cache_bank_sched/bankedStore/cc_banks_4/cc_banks_0_ext/mem_0_0   60123.2954     1.8       0.7056      0.0000   60122.5898 split_cc_banks_0_ext_ip_3
system/subsystem_l2_wrapper/l2/inclusive_cache_bank_sched/bankedStore/cc_banks_5   60123.2954     1.8       0.0000      0.0000       0.0000 cc_banks_5
system/subsystem_l2_wrapper/l2/inclusive_cache_bank_sched/bankedStore/cc_banks_5/cc_banks_0_ext   60123.2954     1.8       0.0000      0.0000       0.0000 cc_banks_0_ext_2
system/subsystem_l2_wrapper/l2/inclusive_cache_bank_sched/bankedStore/cc_banks_5/cc_banks_0_ext/mem_0_0   60123.2954     1.8       0.7056      0.0000   60122.5898 split_cc_banks_0_ext_ip_2
system/subsystem_l2_wrapper/l2/inclusive_cache_bank_sched/bankedStore/cc_banks_6   60123.2954     1.8       0.0000      0.0000       0.0000 cc_banks_6
system/subsystem_l2_wrapper/l2/inclusive_cache_bank_sched/bankedStore/cc_banks_6/cc_banks_0_ext   60123.2954     1.8       0.0000      0.0000       0.0000 cc_banks_0_ext_1
system/subsystem_l2_wrapper/l2/inclusive_cache_bank_sched/bankedStore/cc_banks_6/cc_banks_0_ext/mem_0_0   60123.2954     1.8       0.7056      0.0000   60122.5898 split_cc_banks_0_ext_ip_1
system/subsystem_l2_wrapper/l2/inclusive_cache_bank_sched/bankedStore/cc_banks_7   60123.2954     1.8       0.0000      0.0000       0.0000 cc_banks_7
system/subsystem_l2_wrapper/l2/inclusive_cache_bank_sched/bankedStore/cc_banks_7/cc_banks_0_ext   60123.2954     1.8       0.0000      0.0000       0.0000 cc_banks_0_ext_0
system/subsystem_l2_wrapper/l2/inclusive_cache_bank_sched/bankedStore/cc_banks_7/cc_banks_0_ext/mem_0_0   60123.2954     1.8       0.7056      0.0000   60122.5898 split_cc_banks_0_ext_ip_0
system/subsystem_l2_wrapper/l2/inclusive_cache_bank_sched/bc_mshr    1238.7984     0.0     660.4416    578.3568       0.0000 MSHR_1
system/subsystem_l2_wrapper/l2/inclusive_cache_bank_sched/c_mshr    1278.7824     0.0     685.1376    593.6448       0.0000 MSHR_0
system/subsystem_l2_wrapper/l2/inclusive_cache_bank_sched/directory   33608.4335     1.0     882.9408    186.7488       0.0000 Directory
system/subsystem_l2_wrapper/l2/inclusive_cache_bank_sched/directory/cc_dir   32202.1727     1.0       0.0000      0.0000       0.0000 cc_dir
system/subsystem_l2_wrapper/l2/inclusive_cache_bank_sched/directory/cc_dir/cc_dir_ext   32202.1727     1.0      21.1680      0.0000       0.0000 cc_dir_ext
system/subsystem_l2_wrapper/l2/inclusive_cache_bank_sched/directory/cc_dir/cc_dir_ext/mem_0_0    4022.6256     0.1       2.1168      0.0000    4020.5088 split_cc_dir_ext_ip_7
system/subsystem_l2_wrapper/l2/inclusive_cache_bank_sched/directory/cc_dir/cc_dir_ext/mem_0_1    4022.6256     0.1       2.1168      0.0000    4020.5088 split_cc_dir_ext_ip_6
system/subsystem_l2_wrapper/l2/inclusive_cache_bank_sched/directory/cc_dir/cc_dir_ext/mem_0_2    4022.6256     0.1       2.1168      0.0000    4020.5088 split_cc_dir_ext_ip_5
system/subsystem_l2_wrapper/l2/inclusive_cache_bank_sched/directory/cc_dir/cc_dir_ext/mem_0_3    4022.6256     0.1       2.1168      0.0000    4020.5088 split_cc_dir_ext_ip_4
system/subsystem_l2_wrapper/l2/inclusive_cache_bank_sched/directory/cc_dir/cc_dir_ext/mem_0_4    4022.6256     0.1       2.1168      0.0000    4020.5088 split_cc_dir_ext_ip_3
system/subsystem_l2_wrapper/l2/inclusive_cache_bank_sched/directory/cc_dir/cc_dir_ext/mem_0_5    4022.6256     0.1       2.1168      0.0000    4020.5088 split_cc_dir_ext_ip_2
system/subsystem_l2_wrapper/l2/inclusive_cache_bank_sched/directory/cc_dir/cc_dir_ext/mem_0_6    4022.6256     0.1       2.1168      0.0000    4020.5088 split_cc_dir_ext_ip_1
system/subsystem_l2_wrapper/l2/inclusive_cache_bank_sched/directory/cc_dir/cc_dir_ext/mem_0_7    4022.6256     0.1       2.1168      0.0000    4020.5088 split_cc_dir_ext_ip_0
system/subsystem_l2_wrapper/l2/inclusive_cache_bank_sched/directory/victimLFSR_prng     119.7168     0.0      44.4528     75.2640       0.0000 MaxPeriodFibonacciLFSR_1
system/subsystem_l2_wrapper/l2/inclusive_cache_bank_sched/directory/write     216.8544     0.0       4.7040      4.7040       0.0000 Queue_61
system/subsystem_l2_wrapper/l2/inclusive_cache_bank_sched/directory/write/ram_ext     207.4464     0.0      71.0304    136.4160       0.0000 ram_combMem_10
system/subsystem_l2_wrapper/l2/inclusive_cache_bank_sched/requests   16926.6385     0.5     510.8544    301.0560       0.0000 ListBuffer_2
system/subsystem_l2_wrapper/l2/inclusive_cache_bank_sched/requests/data_ext   10889.5249     0.3    5094.1969   5795.3280       0.0000 data_combMem
system/subsystem_l2_wrapper/l2/inclusive_cache_bank_sched/requests/head_ext    2085.5184     0.1    1238.0928    847.4256       0.0000 head_combMem_0
system/subsystem_l2_wrapper/l2/inclusive_cache_bank_sched/requests/next_ext    1272.1968     0.0     613.6368    658.5600       0.0000 next_combMem_0
system/subsystem_l2_wrapper/l2/inclusive_cache_bank_sched/requests/tail_ext    1867.4880     0.1    1020.7680    846.7200       0.0000 tail_combMem_0
system/subsystem_l2_wrapper/l2/inclusive_cache_bank_sched/sinkA   59158.6802     1.8     497.4480    235.6704       0.0000 SinkA
system/subsystem_l2_wrapper/l2/inclusive_cache_bank_sched/sinkA/putbuffer   58425.5618     1.8     654.5616    376.3200       0.0000 ListBuffer
system/subsystem_l2_wrapper/l2/inclusive_cache_bank_sched/sinkA/putbuffer/data_ext   50302.6946     1.5   23206.2434  27096.4512       0.0000 data_combMem_1
system/subsystem_l2_wrapper/l2/inclusive_cache_bank_sched/sinkA/putbuffer/head_ext    2450.3136     0.1    1321.3536   1128.9600       0.0000 head_combMem_1
system/subsystem_l2_wrapper/l2/inclusive_cache_bank_sched/sinkA/putbuffer/next_ext    2162.8992     0.1    1033.9392   1128.9600       0.0000 next_combMem_1
system/subsystem_l2_wrapper/l2/inclusive_cache_bank_sched/sinkA/putbuffer/tail_ext    2478.7728     0.1    1349.8128   1128.9600       0.0000 tail_combMem_1
system/subsystem_l2_wrapper/l2/inclusive_cache_bank_sched/sinkC   13242.4656     0.4     420.7728    679.0224       0.0000 SinkC
system/subsystem_l2_wrapper/l2/inclusive_cache_bank_sched/sinkC/c    2668.3440     0.1      18.8160     14.1120       0.0000 Queue_57
system/subsystem_l2_wrapper/l2/inclusive_cache_bank_sched/sinkC/c/ram_ext    2635.4160     0.1    1158.3600   1477.0560       0.0000 ram_combMem_38
system/subsystem_l2_wrapper/l2/inclusive_cache_bank_sched/sinkC/io_bs_adr_q     106.7808     0.0       1.4112      4.7040       0.0000 Queue_58
system/subsystem_l2_wrapper/l2/inclusive_cache_bank_sched/sinkC/io_bs_adr_q/ram_ext     100.6656     0.0      34.8096     65.8560       0.0000 ram_combMem_8
system/subsystem_l2_wrapper/l2/inclusive_cache_bank_sched/sinkC/putbuffer    9367.5456     0.3     106.7808     47.0400       0.0000 ListBuffer_1
system/subsystem_l2_wrapper/l2/inclusive_cache_bank_sched/sinkC/putbuffer/data_ext    8860.2192     0.3    4043.3232   4816.8960       0.0000 data_combMem_0
system/subsystem_l2_wrapper/l2/inclusive_cache_bank_sched/sinkC/putbuffer/head_ext      61.1520     0.0      32.9280     28.2240       0.0000 head_combMem
system/subsystem_l2_wrapper/l2/inclusive_cache_bank_sched/sinkC/putbuffer/next_ext     230.4960     0.0     117.6000    112.8960       0.0000 next_combMem
system/subsystem_l2_wrapper/l2/inclusive_cache_bank_sched/sinkC/putbuffer/tail_ext      61.8576     0.0      33.6336     28.2240       0.0000 tail_combMem
system/subsystem_l2_wrapper/l2/inclusive_cache_bank_sched/sinkD    1476.8208     0.0      91.4928     47.0400       0.0000 SinkD
system/subsystem_l2_wrapper/l2/inclusive_cache_bank_sched/sinkD/d    1338.2880     0.0      21.1680     21.8736       0.0000 Queue_59_0
system/subsystem_l2_wrapper/l2/inclusive_cache_bank_sched/sinkD/d/ram_ext    1295.2464     0.0     570.8304    724.4160       0.0000 ram_combMem_15_0
system/subsystem_l2_wrapper/l2/inclusive_cache_bank_sched/sinkE       4.7040     0.0       4.7040      0.0000       0.0000 SinkE
system/subsystem_l2_wrapper/l2/inclusive_cache_bank_sched/sinkX     166.5216     0.0       0.0000      0.0000       0.0000 SinkX
system/subsystem_l2_wrapper/l2/inclusive_cache_bank_sched/sinkX/x     166.5216     0.0       4.7040      4.7040       0.0000 Queue_60
system/subsystem_l2_wrapper/l2/inclusive_cache_bank_sched/sinkX/x/ram_address_ext     157.1136     0.0      53.6256    103.4880       0.0000 ram_address_combMem
system/subsystem_l2_wrapper/l2/inclusive_cache_bank_sched/sourceA     543.5472     0.0       0.7056      0.0000       0.0000 SourceA
system/subsystem_l2_wrapper/l2/inclusive_cache_bank_sched/sourceA/io_a_q     542.8416     0.0      24.9312     29.6352       0.0000 Queue_52
system/subsystem_l2_wrapper/l2/inclusive_cache_bank_sched/sourceA/io_a_q/ram_ext     488.2752     0.0     215.4432    272.8320       0.0000 ram_combMem_27
system/subsystem_l2_wrapper/l2/inclusive_cache_bank_sched/sourceB     230.7312     0.0      65.8560    164.8752       0.0000 SourceB
system/subsystem_l2_wrapper/l2/inclusive_cache_bank_sched/sourceC   10236.6097     0.3     211.6800    584.7072       0.0000 SourceC
system/subsystem_l2_wrapper/l2/inclusive_cache_bank_sched/sourceC/queue    9440.2225     0.3      45.1584     42.3360       0.0000 Queue_53
system/subsystem_l2_wrapper/l2/inclusive_cache_bank_sched/sourceC/queue/ram_ext    9352.7281     0.3    4103.0641   5249.6640       0.0000 ram_combMem_24
system/subsystem_l2_wrapper/l2/inclusive_cache_bank_sched/sourceD   17297.5489     0.5    3868.3344   6987.3216       0.0000 SourceD
system/subsystem_l2_wrapper/l2/inclusive_cache_bank_sched/sourceD/atomics    2913.1873     0.1    2913.1873      0.0000       0.0000 Atomics
system/subsystem_l2_wrapper/l2/inclusive_cache_bank_sched/sourceD/queue    3528.7056     0.1     345.9792     23.5200       0.0000 Queue_54
system/subsystem_l2_wrapper/l2/inclusive_cache_bank_sched/sourceD/queue/ram_data_ext    3159.2064     0.1    1352.8704   1806.3360       0.0000 ram_data_combMem
system/subsystem_l2_wrapper/l2/inclusive_cache_bank_sched/sourceE     118.0704     0.0       0.0000      0.0000       0.0000 SourceE
system/subsystem_l2_wrapper/l2/inclusive_cache_bank_sched/sourceE/io_e_q     118.0704     0.0      28.9296     37.3968       0.0000 Queue_55
system/subsystem_l2_wrapper/l2/inclusive_cache_bank_sched/sourceE/io_e_q/ram_sink_ext      51.7440     0.0      23.5200     28.2240       0.0000 ram_sink_combMem
system/subsystem_l2_wrapper/l2/inclusive_cache_bank_sched/sourceX      16.2288     0.0       0.0000      0.0000       0.0000 SourceX
system/subsystem_l2_wrapper/l2/inclusive_cache_bank_sched/sourceX/io_x_q      16.2288     0.0       3.7632     12.4656       0.0000 Queue_56
system/subsystem_l2_wrapper/l2/out_back     223.4400     0.0       4.2336      4.7040       0.0000 Queue_51
system/subsystem_l2_wrapper/l2/out_back/ram_ext     214.5024     0.0      73.3824    141.1200       0.0000 ram_combMem_19
system/subsystem_mbus                5750.1696      0.2        0.0000       0.0000        0.0000  MemoryBus
system/subsystem_mbus/coupler_to_memory_controller_port_named_axi4    5411.2464     0.2     169.3440      0.0000       0.0000 TLInterconnectCoupler_17
system/subsystem_mbus/coupler_to_memory_controller_port_named_axi4/axi4index     240.8448     0.0     240.8448      0.0000       0.0000 AXI4IdIndexer
system/subsystem_mbus/coupler_to_memory_controller_port_named_axi4/axi4yank    3603.4992     0.1     716.6544      0.0000       0.0000 AXI4UserYanker
system/subsystem_mbus/coupler_to_memory_controller_port_named_axi4/axi4yank/Queue     164.1696     0.0      15.9936     14.1120       0.0000 Queue_17_7
system/subsystem_mbus/coupler_to_memory_controller_port_named_axi4/axi4yank/Queue/ram_ext     134.0640     0.0      58.8000     75.2640       0.0000 ram_combMem_7_7
system/subsystem_mbus/coupler_to_memory_controller_port_named_axi4/axi4yank/Queue_1     164.8752     0.0      16.6992     14.1120       0.0000 Queue_17_6
system/subsystem_mbus/coupler_to_memory_controller_port_named_axi4/axi4yank/Queue_1/ram_ext     134.0640     0.0      58.8000     75.2640       0.0000 ram_combMem_7_6
system/subsystem_mbus/coupler_to_memory_controller_port_named_axi4/axi4yank/Queue_10      65.3856     0.0       4.2336      4.7040       0.0000 Queue_21_17
system/subsystem_mbus/coupler_to_memory_controller_port_named_axi4/axi4yank/Queue_10/ram_ext      56.4480     0.0      18.8160     37.6320       0.0000 ram_combMem_6_17
system/subsystem_mbus/coupler_to_memory_controller_port_named_axi4/axi4yank/Queue_11      65.3856     0.0       4.2336      4.7040       0.0000 Queue_21_16
system/subsystem_mbus/coupler_to_memory_controller_port_named_axi4/axi4yank/Queue_11/ram_ext      56.4480     0.0      18.8160     37.6320       0.0000 ram_combMem_6_16
system/subsystem_mbus/coupler_to_memory_controller_port_named_axi4/axi4yank/Queue_12      65.3856     0.0       4.2336      4.7040       0.0000 Queue_21_15
system/subsystem_mbus/coupler_to_memory_controller_port_named_axi4/axi4yank/Queue_12/ram_ext      56.4480     0.0      18.8160     37.6320       0.0000 ram_combMem_6_15
system/subsystem_mbus/coupler_to_memory_controller_port_named_axi4/axi4yank/Queue_13      65.3856     0.0       4.2336      4.7040       0.0000 Queue_21_14
system/subsystem_mbus/coupler_to_memory_controller_port_named_axi4/axi4yank/Queue_13/ram_ext      56.4480     0.0      18.8160     37.6320       0.0000 ram_combMem_6_14
system/subsystem_mbus/coupler_to_memory_controller_port_named_axi4/axi4yank/Queue_14      65.3856     0.0       4.2336      4.7040       0.0000 Queue_21_13
system/subsystem_mbus/coupler_to_memory_controller_port_named_axi4/axi4yank/Queue_14/ram_ext      56.4480     0.0      18.8160     37.6320       0.0000 ram_combMem_6_13
system/subsystem_mbus/coupler_to_memory_controller_port_named_axi4/axi4yank/Queue_15      65.3856     0.0       4.2336      4.7040       0.0000 Queue_21_12
system/subsystem_mbus/coupler_to_memory_controller_port_named_axi4/axi4yank/Queue_15/ram_ext      56.4480     0.0      18.8160     37.6320       0.0000 ram_combMem_6_12
system/subsystem_mbus/coupler_to_memory_controller_port_named_axi4/axi4yank/Queue_16     164.8752     0.0      16.6992     14.1120       0.0000 Queue_17_3
system/subsystem_mbus/coupler_to_memory_controller_port_named_axi4/axi4yank/Queue_16/ram_ext     134.0640     0.0      58.8000     75.2640       0.0000 ram_combMem_7_3
system/subsystem_mbus/coupler_to_memory_controller_port_named_axi4/axi4yank/Queue_17     164.8752     0.0      16.6992     14.1120       0.0000 Queue_17_2
system/subsystem_mbus/coupler_to_memory_controller_port_named_axi4/axi4yank/Queue_17/ram_ext     134.0640     0.0      58.8000     75.2640       0.0000 ram_combMem_7_2
system/subsystem_mbus/coupler_to_memory_controller_port_named_axi4/axi4yank/Queue_18     164.8752     0.0      16.6992     14.1120       0.0000 Queue_17_1
system/subsystem_mbus/coupler_to_memory_controller_port_named_axi4/axi4yank/Queue_18/ram_ext     134.0640     0.0      58.8000     75.2640       0.0000 ram_combMem_7_1
system/subsystem_mbus/coupler_to_memory_controller_port_named_axi4/axi4yank/Queue_19     164.1696     0.0      15.9936     14.1120       0.0000 Queue_17_0
system/subsystem_mbus/coupler_to_memory_controller_port_named_axi4/axi4yank/Queue_19/ram_ext     134.0640     0.0      58.8000     75.2640       0.0000 ram_combMem_7_0
system/subsystem_mbus/coupler_to_memory_controller_port_named_axi4/axi4yank/Queue_2     164.8752     0.0      16.6992     14.1120       0.0000 Queue_17_5
system/subsystem_mbus/coupler_to_memory_controller_port_named_axi4/axi4yank/Queue_2/ram_ext     134.0640     0.0      58.8000     75.2640       0.0000 ram_combMem_7_5
system/subsystem_mbus/coupler_to_memory_controller_port_named_axi4/axi4yank/Queue_20      65.3856     0.0       4.2336      4.7040       0.0000 Queue_21_11
system/subsystem_mbus/coupler_to_memory_controller_port_named_axi4/axi4yank/Queue_20/ram_ext      56.4480     0.0      18.8160     37.6320       0.0000 ram_combMem_6_11
system/subsystem_mbus/coupler_to_memory_controller_port_named_axi4/axi4yank/Queue_21      65.3856     0.0       4.2336      4.7040       0.0000 Queue_21_10
system/subsystem_mbus/coupler_to_memory_controller_port_named_axi4/axi4yank/Queue_21/ram_ext      56.4480     0.0      18.8160     37.6320       0.0000 ram_combMem_6_10
system/subsystem_mbus/coupler_to_memory_controller_port_named_axi4/axi4yank/Queue_22      65.3856     0.0       4.2336      4.7040       0.0000 Queue_21_9
system/subsystem_mbus/coupler_to_memory_controller_port_named_axi4/axi4yank/Queue_22/ram_ext      56.4480     0.0      18.8160     37.6320       0.0000 ram_combMem_6_9
system/subsystem_mbus/coupler_to_memory_controller_port_named_axi4/axi4yank/Queue_23      65.3856     0.0       4.2336      4.7040       0.0000 Queue_21_8
system/subsystem_mbus/coupler_to_memory_controller_port_named_axi4/axi4yank/Queue_23/ram_ext      56.4480     0.0      18.8160     37.6320       0.0000 ram_combMem_6_8
system/subsystem_mbus/coupler_to_memory_controller_port_named_axi4/axi4yank/Queue_24      65.3856     0.0       4.2336      4.7040       0.0000 Queue_21_7
system/subsystem_mbus/coupler_to_memory_controller_port_named_axi4/axi4yank/Queue_24/ram_ext      56.4480     0.0      18.8160     37.6320       0.0000 ram_combMem_6_7
system/subsystem_mbus/coupler_to_memory_controller_port_named_axi4/axi4yank/Queue_25      65.3856     0.0       4.2336      4.7040       0.0000 Queue_21_6
system/subsystem_mbus/coupler_to_memory_controller_port_named_axi4/axi4yank/Queue_25/ram_ext      56.4480     0.0      18.8160     37.6320       0.0000 ram_combMem_6_6
system/subsystem_mbus/coupler_to_memory_controller_port_named_axi4/axi4yank/Queue_26      65.3856     0.0       4.2336      4.7040       0.0000 Queue_21_5
system/subsystem_mbus/coupler_to_memory_controller_port_named_axi4/axi4yank/Queue_26/ram_ext      56.4480     0.0      18.8160     37.6320       0.0000 ram_combMem_6_5
system/subsystem_mbus/coupler_to_memory_controller_port_named_axi4/axi4yank/Queue_27      65.3856     0.0       4.2336      4.7040       0.0000 Queue_21_4
system/subsystem_mbus/coupler_to_memory_controller_port_named_axi4/axi4yank/Queue_27/ram_ext      56.4480     0.0      18.8160     37.6320       0.0000 ram_combMem_6_4
system/subsystem_mbus/coupler_to_memory_controller_port_named_axi4/axi4yank/Queue_28      65.3856     0.0       4.2336      4.7040       0.0000 Queue_21_3
system/subsystem_mbus/coupler_to_memory_controller_port_named_axi4/axi4yank/Queue_28/ram_ext      56.4480     0.0      18.8160     37.6320       0.0000 ram_combMem_6_3
system/subsystem_mbus/coupler_to_memory_controller_port_named_axi4/axi4yank/Queue_29      65.3856     0.0       4.2336      4.7040       0.0000 Queue_21_2
system/subsystem_mbus/coupler_to_memory_controller_port_named_axi4/axi4yank/Queue_29/ram_ext      56.4480     0.0      18.8160     37.6320       0.0000 ram_combMem_6_2
system/subsystem_mbus/coupler_to_memory_controller_port_named_axi4/axi4yank/Queue_3     164.8752     0.0      16.6992     14.1120       0.0000 Queue_17_4
system/subsystem_mbus/coupler_to_memory_controller_port_named_axi4/axi4yank/Queue_3/ram_ext     134.0640     0.0      58.8000     75.2640       0.0000 ram_combMem_7_4
system/subsystem_mbus/coupler_to_memory_controller_port_named_axi4/axi4yank/Queue_30      65.3856     0.0       4.2336      4.7040       0.0000 Queue_21_1
system/subsystem_mbus/coupler_to_memory_controller_port_named_axi4/axi4yank/Queue_30/ram_ext      56.4480     0.0      18.8160     37.6320       0.0000 ram_combMem_6_1
system/subsystem_mbus/coupler_to_memory_controller_port_named_axi4/axi4yank/Queue_31      65.3856     0.0       4.2336      4.7040       0.0000 Queue_21_0
system/subsystem_mbus/coupler_to_memory_controller_port_named_axi4/axi4yank/Queue_31/ram_ext      56.4480     0.0      18.8160     37.6320       0.0000 ram_combMem_6_0
system/subsystem_mbus/coupler_to_memory_controller_port_named_axi4/axi4yank/Queue_4      65.3856     0.0       4.2336      4.7040       0.0000 Queue_21_23
system/subsystem_mbus/coupler_to_memory_controller_port_named_axi4/axi4yank/Queue_4/ram_ext      56.4480     0.0      18.8160     37.6320       0.0000 ram_combMem_6_23
system/subsystem_mbus/coupler_to_memory_controller_port_named_axi4/axi4yank/Queue_5      65.3856     0.0       4.2336      4.7040       0.0000 Queue_21_22
system/subsystem_mbus/coupler_to_memory_controller_port_named_axi4/axi4yank/Queue_5/ram_ext      56.4480     0.0      18.8160     37.6320       0.0000 ram_combMem_6_22
system/subsystem_mbus/coupler_to_memory_controller_port_named_axi4/axi4yank/Queue_6      65.3856     0.0       4.2336      4.7040       0.0000 Queue_21_21
system/subsystem_mbus/coupler_to_memory_controller_port_named_axi4/axi4yank/Queue_6/ram_ext      56.4480     0.0      18.8160     37.6320       0.0000 ram_combMem_6_21
system/subsystem_mbus/coupler_to_memory_controller_port_named_axi4/axi4yank/Queue_7      65.3856     0.0       4.2336      4.7040       0.0000 Queue_21_20
system/subsystem_mbus/coupler_to_memory_controller_port_named_axi4/axi4yank/Queue_7/ram_ext      56.4480     0.0      18.8160     37.6320       0.0000 ram_combMem_6_20
system/subsystem_mbus/coupler_to_memory_controller_port_named_axi4/axi4yank/Queue_8      65.3856     0.0       4.2336      4.7040       0.0000 Queue_21_19
system/subsystem_mbus/coupler_to_memory_controller_port_named_axi4/axi4yank/Queue_8/ram_ext      56.4480     0.0      18.8160     37.6320       0.0000 ram_combMem_6_19
system/subsystem_mbus/coupler_to_memory_controller_port_named_axi4/axi4yank/Queue_9      65.3856     0.0       4.2336      4.7040       0.0000 Queue_21_18
system/subsystem_mbus/coupler_to_memory_controller_port_named_axi4/axi4yank/Queue_9/ram_ext      56.4480     0.0      18.8160     37.6320       0.0000 ram_combMem_6_18
system/subsystem_mbus/coupler_to_memory_controller_port_named_axi4/tl2axi4    1397.5584     0.0     422.6544    142.7664       0.0000 TLToAXI4
system/subsystem_mbus/coupler_to_memory_controller_port_named_axi4/tl2axi4/deq     531.3168     0.0       4.9392      4.7040       0.0000 Queue_49
system/subsystem_mbus/coupler_to_memory_controller_port_named_axi4/tl2axi4/deq/ram_ext     521.6736     0.0     178.2816    343.3920       0.0000 ram_combMem_13
system/subsystem_mbus/coupler_to_memory_controller_port_named_axi4/tl2axi4/queue_arw_deq     300.8208     0.0       4.9392      4.7040       0.0000 Queue_50
system/subsystem_mbus/coupler_to_memory_controller_port_named_axi4/tl2axi4/queue_arw_deq/ram_ext     291.1776     0.0      98.3136    192.8640       0.0000 ram_combMem_12
system/subsystem_mbus/fixedClockNode       2.1168     0.0       2.1168      0.0000        0.0000  FixedClockBroadcast_1_0
system/subsystem_mbus/fixer           168.4032      0.0      168.4032       0.0000        0.0000  TLFIFOFixer_4
system/subsystem_mbus/picker          168.4032      0.0      168.4032       0.0000        0.0000  ProbePicker
system/subsystem_pbus               11125.4304      0.3      269.5392     301.0560        0.0000  PeripheryBus
system/subsystem_pbus/atomics        3163.2048      0.1     2335.3008     827.9040        0.0000  TLAtomicAutomata
system/subsystem_pbus/buffer         2916.2448      0.1        0.0000       0.0000        0.0000  TLBuffer
system/subsystem_pbus/buffer/bundleIn_0_d_q    1290.3072     0.0      16.4640     14.1120       0.0000 Queue_1_2
system/subsystem_pbus/buffer/bundleIn_0_d_q/ram_ext    1259.7312     0.0     554.1312    705.6000       0.0000 ram_combMem_16_2
system/subsystem_pbus/buffer/x1_a_q    1625.9376     0.1      16.4640      14.1120        0.0000  Queue_2
system/subsystem_pbus/buffer/x1_a_q/ram_ext    1595.3616     0.0     701.6016    893.7600       0.0000 ram_combMem_29_1
system/subsystem_pbus/buffer_1       3017.1456      0.1        0.0000       0.0000        0.0000  TLBuffer_1
system/subsystem_pbus/buffer_1/bundleIn_0_d_q    1290.3072     0.0      16.4640     14.1120       0.0000 Queue_1_1
system/subsystem_pbus/buffer_1/bundleIn_0_d_q/ram_ext    1259.7312     0.0     554.1312    705.6000       0.0000 ram_combMem_16_1
system/subsystem_pbus/buffer_1/x1_a_q    1726.8384     0.1      16.4640     14.1120       0.0000  Queue_0
system/subsystem_pbus/buffer_1/x1_a_q/ram_ext    1696.2624     0.1     746.0544    950.2080       0.0000 ram_combMem_29_0
system/subsystem_pbus/coupler_to_bootaddressreg     467.1072     0.0       0.0000      0.0000       0.0000 TLInterconnectCoupler_4
system/subsystem_pbus/coupler_to_bootaddressreg/fragmenter     467.1072     0.0     215.6784     42.3360       0.0000 TLFragmenter
system/subsystem_pbus/coupler_to_bootaddressreg/fragmenter/repeater     209.0928     0.0      64.6800    144.4128       0.0000 Repeater_2
system/subsystem_pbus/coupler_to_device_named_uart_0     420.5376     0.0       0.0000      0.0000       0.0000 TLInterconnectCoupler_5
system/subsystem_pbus/coupler_to_device_named_uart_0/fragmenter     420.5376     0.0     169.1088     42.3360       0.0000 TLFragmenter_1
system/subsystem_pbus/coupler_to_device_named_uart_0/fragmenter/repeater     209.0928     0.0      64.6800    144.4128       0.0000 Repeater_3
system/subsystem_pbus/fixedClockNode       1.8816     0.0       1.8816      0.0000        0.0000  FixedClockBroadcast_1_1
system/subsystem_pbus/fixer           163.6992      0.0      163.6992       0.0000        0.0000  TLFIFOFixer_1
system/subsystem_pbus/out_xbar        405.0144      0.0      376.7904      28.2240        0.0000  TLXbar_2
system/subsystem_sbus                8653.4784      0.3        1.8816       0.0000        0.0000  SystemBus
system/subsystem_sbus/coupler_from_bus_named_subsystem_fbus    2011.1952     0.1       0.0000      0.0000       0.0000 TLInterconnectCoupler_1
system/subsystem_sbus/coupler_from_bus_named_subsystem_fbus/widget    2011.1952     0.1     799.2096    459.1104       0.0000 TLWidthWidget_1
system/subsystem_sbus/coupler_from_bus_named_subsystem_fbus/widget/repeated_repeater     752.8752     0.0     221.0880    531.7872       0.0000 Repeater_1
system/subsystem_sbus/coupler_to_bus_named_subsystem_cbus    2040.8304     0.1       0.0000      0.0000       0.0000 TLInterconnectCoupler
system/subsystem_sbus/coupler_to_bus_named_subsystem_cbus/widget    2040.8304     0.1     604.6992    319.8720       0.0000 TLWidthWidget
system/subsystem_sbus/coupler_to_bus_named_subsystem_cbus/widget/repeated_repeater    1116.2592     0.0     324.1056    792.1536       0.0000 Repeater
system/subsystem_sbus/fixedClockNode       1.8816     0.0       1.8816      0.0000        0.0000  FixedClockBroadcast
system/subsystem_sbus/fixer          1165.1808      0.0     1165.1808       0.0000        0.0000  TLFIFOFixer
system/subsystem_sbus/system_bus_xbar    3432.5088     0.1    3084.4128    348.0960       0.0000  TLXbar
system/tile_prci_domain           2463352.1793     75.8        0.0000       0.0000        0.0000  TilePRCIDomain
system/tile_prci_domain/buffer      15107.6016      0.5        2.8224       0.0000        0.0000  TLBuffer_15
system/tile_prci_domain/buffer/bundleIn_0_d_q    2313.1920     0.1      16.4640     14.1120       0.0000 Queue_83_1
system/tile_prci_domain/buffer/bundleIn_0_d_q/ram_ext    2282.6160     0.1    1003.1280   1279.4880       0.0000 ram_combMem_34_1
system/tile_prci_domain/buffer/bundleIn_1_d_q      79.4976     0.0      13.6416     14.1120       0.0000 Queue_83_0
system/tile_prci_domain/buffer/bundleIn_1_d_q/ram_ext      51.7440     0.0      23.5200     28.2240       0.0000 ram_combMem_34_0
system/tile_prci_domain/buffer/bundleIn_2_b_q     433.7088     0.0      16.4640     14.1120       0.0000 Queue_88
system/tile_prci_domain/buffer/bundleIn_2_b_q/ram_ext     403.1328     0.0     177.3408    225.7920       0.0000 ram_combMem_39
system/tile_prci_domain/buffer/bundleIn_2_d_q    2447.7264     0.1      16.4640     14.1120       0.0000 Queue_87
system/tile_prci_domain/buffer/bundleIn_2_d_q/ram_ext    2417.1504     0.1    1062.3984   1354.7520       0.0000 ram_combMem_33
system/tile_prci_domain/buffer/bundleOut_1_a_q    3038.0784     0.1      19.7568     14.1120       0.0000 Queue_82_0
system/tile_prci_domain/buffer/bundleOut_1_a_q/ram_ext    3004.2096     0.1    1320.1776   1684.0320       0.0000 ram_combMem_41_0
system/tile_prci_domain/buffer/bundleOut_2_a_q    3138.2736     0.1      18.8160     14.1120       0.0000 Queue_86
system/tile_prci_domain/buffer/bundleOut_2_a_q/ram_ext    3105.3456     0.1    1364.8656   1740.4800       0.0000 ram_combMem_40
system/tile_prci_domain/buffer/bundleOut_2_c_q    2665.7568     0.1      16.4640     14.1120       0.0000 Queue_89
system/tile_prci_domain/buffer/bundleOut_2_c_q/ram_ext    2635.1808     0.1    1158.1248   1477.0560       0.0000 ram_combMem_37
system/tile_prci_domain/buffer/bundleOut_2_e_q      95.9616     0.0      13.6416     14.1120       0.0000 Queue_90
system/tile_prci_domain/buffer/bundleOut_2_e_q/ram_sink_ext      68.2080     0.0      30.5760     37.6320       0.0000 ram_sink_combMem_0
system/tile_prci_domain/buffer/x1_a_q     892.5840     0.0      19.5216     14.1120       0.0000  Queue_82_1
system/tile_prci_domain/buffer/x1_a_q/ram_ext     858.9504     0.0     379.1424    479.8080       0.0000 ram_combMem_41_1
system/tile_prci_domain/intsink        14.1120      0.0        0.0000       0.0000        0.0000  IntSyncAsyncCrossingSink
system/tile_prci_domain/intsink/chain      14.1120     0.0       0.0000      0.0000       0.0000  SynchronizerShiftReg_w1_d3
system/tile_prci_domain/intsink/chain/output_chain      14.1120     0.0       0.0000     14.1120       0.0000 NonSyncResetSynchronizerPrimitiveShiftReg_d3
system/tile_prci_domain/intsink_1       1.8816      0.0        1.8816       0.0000        0.0000  IntSyncSyncCrossingSink
system/tile_prci_domain/intsink_2       0.9408      0.0        0.9408       0.0000        0.0000  IntSyncSyncCrossingSink_1_1
system/tile_prci_domain/intsink_3       0.9408      0.0        0.9408       0.0000        0.0000  IntSyncSyncCrossingSink_1_0
system/tile_prci_domain/tile_reset_domain_tile 2448226.7025    75.3       3.2928      0.0000       0.0000 RocketTile
system/tile_prci_domain/tile_reset_domain_tile/cmdRouter    1848.4368     0.1       5.4096      0.0000       0.0000 RoccCommandRouter
system/tile_prci_domain/tile_reset_domain_tile/cmdRouter/cmd    1843.0272     0.1      16.4640     14.1120       0.0000 Queue_79
system/tile_prci_domain/tile_reset_domain_tile/cmdRouter/cmd/ram_ext    1812.4512     0.1     796.3872   1016.0640       0.0000 ram_combMem_43
system/tile_prci_domain/tile_reset_domain_tile/core   53813.5251     1.7    5968.2001   4203.4944       0.0000 Rocket
system/tile_prci_domain/tile_reset_domain_tile/core/alu    2402.8032     0.1    2402.8032      0.0000       0.0000 ALU_36
system/tile_prci_domain/tile_reset_domain_tile/core/bpu     507.0912     0.0     507.0912      0.0000       0.0000 BreakpointUnit
system/tile_prci_domain/tile_reset_domain_tile/core/csr   11373.5665     0.3    6490.8145   4882.7520       0.0000 CSRFile
system/tile_prci_domain/tile_reset_domain_tile/core/div    9185.5009     0.3    8149.9153   1035.5856       0.0000 MulDiv
system/tile_prci_domain/tile_reset_domain_tile/core/ibuf    1133.1936     0.0     447.8208    338.6880       0.0000 IBuf
system/tile_prci_domain/tile_reset_domain_tile/core/ibuf/exp     346.6848     0.0     346.6848      0.0000       0.0000 RVCExpander
system/tile_prci_domain/tile_reset_domain_tile/core/rf_ext   19039.6753     0.6    9706.9393   9332.7360       0.0000 rf_combMem
system/tile_prci_domain/tile_reset_domain_tile/dcache  197368.0813     6.1    9392.2417  13073.1215       0.0000 DCache
system/tile_prci_domain/tile_reset_domain_tile/dcache/amoalus_0    1332.8784     0.0    1332.8784      0.0000       0.0000 AMOALU
system/tile_prci_domain/tile_reset_domain_tile/dcache/data  158548.3217     4.9      42.3360      0.0000       0.0000 DCacheDataArray
system/tile_prci_domain/tile_reset_domain_tile/dcache/data/data_arrays_0   79252.9929     2.4       0.0000      0.0000       0.0000 data_arrays_0
system/tile_prci_domain/tile_reset_domain_tile/dcache/data/data_arrays_0/data_arrays_0_ext   79252.9929     2.4      28.2240      0.0000       0.0000 data_arrays_0_ext_1
system/tile_prci_domain/tile_reset_domain_tile/dcache/data/data_arrays_0/data_arrays_0_ext/mem_0_0    2475.7740     0.1       2.1168      0.0000    2473.6572 split_data_arrays_0_ext_ip_63
system/tile_prci_domain/tile_reset_domain_tile/dcache/data/data_arrays_0/data_arrays_0_ext/mem_0_1    2475.7740     0.1       2.1168      0.0000    2473.6572 split_data_arrays_0_ext_ip_62
system/tile_prci_domain/tile_reset_domain_tile/dcache/data/data_arrays_0/data_arrays_0_ext/mem_0_10    2475.7740     0.1       2.1168      0.0000    2473.6572 split_data_arrays_0_ext_ip_53
system/tile_prci_domain/tile_reset_domain_tile/dcache/data/data_arrays_0/data_arrays_0_ext/mem_0_11    2475.7740     0.1       2.1168      0.0000    2473.6572 split_data_arrays_0_ext_ip_52
system/tile_prci_domain/tile_reset_domain_tile/dcache/data/data_arrays_0/data_arrays_0_ext/mem_0_12    2475.7740     0.1       2.1168      0.0000    2473.6572 split_data_arrays_0_ext_ip_51
system/tile_prci_domain/tile_reset_domain_tile/dcache/data/data_arrays_0/data_arrays_0_ext/mem_0_13    2475.7740     0.1       2.1168      0.0000    2473.6572 split_data_arrays_0_ext_ip_50
system/tile_prci_domain/tile_reset_domain_tile/dcache/data/data_arrays_0/data_arrays_0_ext/mem_0_14    2475.7740     0.1       2.1168      0.0000    2473.6572 split_data_arrays_0_ext_ip_49
system/tile_prci_domain/tile_reset_domain_tile/dcache/data/data_arrays_0/data_arrays_0_ext/mem_0_15    2475.7740     0.1       2.1168      0.0000    2473.6572 split_data_arrays_0_ext_ip_48
system/tile_prci_domain/tile_reset_domain_tile/dcache/data/data_arrays_0/data_arrays_0_ext/mem_0_16    2475.7740     0.1       2.1168      0.0000    2473.6572 split_data_arrays_0_ext_ip_47
system/tile_prci_domain/tile_reset_domain_tile/dcache/data/data_arrays_0/data_arrays_0_ext/mem_0_17    2475.7740     0.1       2.1168      0.0000    2473.6572 split_data_arrays_0_ext_ip_46
system/tile_prci_domain/tile_reset_domain_tile/dcache/data/data_arrays_0/data_arrays_0_ext/mem_0_18    2475.7740     0.1       2.1168      0.0000    2473.6572 split_data_arrays_0_ext_ip_45
system/tile_prci_domain/tile_reset_domain_tile/dcache/data/data_arrays_0/data_arrays_0_ext/mem_0_19    2475.7740     0.1       2.1168      0.0000    2473.6572 split_data_arrays_0_ext_ip_44
system/tile_prci_domain/tile_reset_domain_tile/dcache/data/data_arrays_0/data_arrays_0_ext/mem_0_2    2475.7740     0.1       2.1168      0.0000    2473.6572 split_data_arrays_0_ext_ip_61
system/tile_prci_domain/tile_reset_domain_tile/dcache/data/data_arrays_0/data_arrays_0_ext/mem_0_20    2475.7740     0.1       2.1168      0.0000    2473.6572 split_data_arrays_0_ext_ip_43
system/tile_prci_domain/tile_reset_domain_tile/dcache/data/data_arrays_0/data_arrays_0_ext/mem_0_21    2475.7740     0.1       2.1168      0.0000    2473.6572 split_data_arrays_0_ext_ip_42
system/tile_prci_domain/tile_reset_domain_tile/dcache/data/data_arrays_0/data_arrays_0_ext/mem_0_22    2475.7740     0.1       2.1168      0.0000    2473.6572 split_data_arrays_0_ext_ip_41
system/tile_prci_domain/tile_reset_domain_tile/dcache/data/data_arrays_0/data_arrays_0_ext/mem_0_23    2475.7740     0.1       2.1168      0.0000    2473.6572 split_data_arrays_0_ext_ip_40
system/tile_prci_domain/tile_reset_domain_tile/dcache/data/data_arrays_0/data_arrays_0_ext/mem_0_24    2475.7740     0.1       2.1168      0.0000    2473.6572 split_data_arrays_0_ext_ip_39
system/tile_prci_domain/tile_reset_domain_tile/dcache/data/data_arrays_0/data_arrays_0_ext/mem_0_25    2475.7740     0.1       2.1168      0.0000    2473.6572 split_data_arrays_0_ext_ip_38
system/tile_prci_domain/tile_reset_domain_tile/dcache/data/data_arrays_0/data_arrays_0_ext/mem_0_26    2475.7740     0.1       2.1168      0.0000    2473.6572 split_data_arrays_0_ext_ip_37
system/tile_prci_domain/tile_reset_domain_tile/dcache/data/data_arrays_0/data_arrays_0_ext/mem_0_27    2475.7740     0.1       2.1168      0.0000    2473.6572 split_data_arrays_0_ext_ip_36
system/tile_prci_domain/tile_reset_domain_tile/dcache/data/data_arrays_0/data_arrays_0_ext/mem_0_28    2475.7740     0.1       2.1168      0.0000    2473.6572 split_data_arrays_0_ext_ip_35
system/tile_prci_domain/tile_reset_domain_tile/dcache/data/data_arrays_0/data_arrays_0_ext/mem_0_29    2475.7740     0.1       2.1168      0.0000    2473.6572 split_data_arrays_0_ext_ip_34
system/tile_prci_domain/tile_reset_domain_tile/dcache/data/data_arrays_0/data_arrays_0_ext/mem_0_3    2475.7740     0.1       2.1168      0.0000    2473.6572 split_data_arrays_0_ext_ip_60
system/tile_prci_domain/tile_reset_domain_tile/dcache/data/data_arrays_0/data_arrays_0_ext/mem_0_30    2475.7740     0.1       2.1168      0.0000    2473.6572 split_data_arrays_0_ext_ip_33
system/tile_prci_domain/tile_reset_domain_tile/dcache/data/data_arrays_0/data_arrays_0_ext/mem_0_31    2475.7740     0.1       2.1168      0.0000    2473.6572 split_data_arrays_0_ext_ip_32
system/tile_prci_domain/tile_reset_domain_tile/dcache/data/data_arrays_0/data_arrays_0_ext/mem_0_4    2475.7740     0.1       2.1168      0.0000    2473.6572 split_data_arrays_0_ext_ip_59
system/tile_prci_domain/tile_reset_domain_tile/dcache/data/data_arrays_0/data_arrays_0_ext/mem_0_5    2475.7740     0.1       2.1168      0.0000    2473.6572 split_data_arrays_0_ext_ip_58
system/tile_prci_domain/tile_reset_domain_tile/dcache/data/data_arrays_0/data_arrays_0_ext/mem_0_6    2475.7740     0.1       2.1168      0.0000    2473.6572 split_data_arrays_0_ext_ip_57
system/tile_prci_domain/tile_reset_domain_tile/dcache/data/data_arrays_0/data_arrays_0_ext/mem_0_7    2475.7740     0.1       2.1168      0.0000    2473.6572 split_data_arrays_0_ext_ip_56
system/tile_prci_domain/tile_reset_domain_tile/dcache/data/data_arrays_0/data_arrays_0_ext/mem_0_8    2475.7740     0.1       2.1168      0.0000    2473.6572 split_data_arrays_0_ext_ip_55
system/tile_prci_domain/tile_reset_domain_tile/dcache/data/data_arrays_0/data_arrays_0_ext/mem_0_9    2475.7740     0.1       2.1168      0.0000    2473.6572 split_data_arrays_0_ext_ip_54
system/tile_prci_domain/tile_reset_domain_tile/dcache/data/data_arrays_1   79252.9929     2.4       0.0000      0.0000       0.0000 data_arrays_1
system/tile_prci_domain/tile_reset_domain_tile/dcache/data/data_arrays_1/data_arrays_0_ext   79252.9929     2.4      28.2240      0.0000       0.0000 data_arrays_0_ext_0
system/tile_prci_domain/tile_reset_domain_tile/dcache/data/data_arrays_1/data_arrays_0_ext/mem_0_0    2475.7740     0.1       2.1168      0.0000    2473.6572 split_data_arrays_0_ext_ip_31
system/tile_prci_domain/tile_reset_domain_tile/dcache/data/data_arrays_1/data_arrays_0_ext/mem_0_1    2475.7740     0.1       2.1168      0.0000    2473.6572 split_data_arrays_0_ext_ip_30
system/tile_prci_domain/tile_reset_domain_tile/dcache/data/data_arrays_1/data_arrays_0_ext/mem_0_10    2475.7740     0.1       2.1168      0.0000    2473.6572 split_data_arrays_0_ext_ip_21
system/tile_prci_domain/tile_reset_domain_tile/dcache/data/data_arrays_1/data_arrays_0_ext/mem_0_11    2475.7740     0.1       2.1168      0.0000    2473.6572 split_data_arrays_0_ext_ip_20
system/tile_prci_domain/tile_reset_domain_tile/dcache/data/data_arrays_1/data_arrays_0_ext/mem_0_12    2475.7740     0.1       2.1168      0.0000    2473.6572 split_data_arrays_0_ext_ip_19
system/tile_prci_domain/tile_reset_domain_tile/dcache/data/data_arrays_1/data_arrays_0_ext/mem_0_13    2475.7740     0.1       2.1168      0.0000    2473.6572 split_data_arrays_0_ext_ip_18
system/tile_prci_domain/tile_reset_domain_tile/dcache/data/data_arrays_1/data_arrays_0_ext/mem_0_14    2475.7740     0.1       2.1168      0.0000    2473.6572 split_data_arrays_0_ext_ip_17
system/tile_prci_domain/tile_reset_domain_tile/dcache/data/data_arrays_1/data_arrays_0_ext/mem_0_15    2475.7740     0.1       2.1168      0.0000    2473.6572 split_data_arrays_0_ext_ip_16
system/tile_prci_domain/tile_reset_domain_tile/dcache/data/data_arrays_1/data_arrays_0_ext/mem_0_16    2475.7740     0.1       2.1168      0.0000    2473.6572 split_data_arrays_0_ext_ip_15
system/tile_prci_domain/tile_reset_domain_tile/dcache/data/data_arrays_1/data_arrays_0_ext/mem_0_17    2475.7740     0.1       2.1168      0.0000    2473.6572 split_data_arrays_0_ext_ip_14
system/tile_prci_domain/tile_reset_domain_tile/dcache/data/data_arrays_1/data_arrays_0_ext/mem_0_18    2475.7740     0.1       2.1168      0.0000    2473.6572 split_data_arrays_0_ext_ip_13
system/tile_prci_domain/tile_reset_domain_tile/dcache/data/data_arrays_1/data_arrays_0_ext/mem_0_19    2475.7740     0.1       2.1168      0.0000    2473.6572 split_data_arrays_0_ext_ip_12
system/tile_prci_domain/tile_reset_domain_tile/dcache/data/data_arrays_1/data_arrays_0_ext/mem_0_2    2475.7740     0.1       2.1168      0.0000    2473.6572 split_data_arrays_0_ext_ip_29
system/tile_prci_domain/tile_reset_domain_tile/dcache/data/data_arrays_1/data_arrays_0_ext/mem_0_20    2475.7740     0.1       2.1168      0.0000    2473.6572 split_data_arrays_0_ext_ip_11
system/tile_prci_domain/tile_reset_domain_tile/dcache/data/data_arrays_1/data_arrays_0_ext/mem_0_21    2475.7740     0.1       2.1168      0.0000    2473.6572 split_data_arrays_0_ext_ip_10
system/tile_prci_domain/tile_reset_domain_tile/dcache/data/data_arrays_1/data_arrays_0_ext/mem_0_22    2475.7740     0.1       2.1168      0.0000    2473.6572 split_data_arrays_0_ext_ip_9
system/tile_prci_domain/tile_reset_domain_tile/dcache/data/data_arrays_1/data_arrays_0_ext/mem_0_23    2475.7740     0.1       2.1168      0.0000    2473.6572 split_data_arrays_0_ext_ip_8
system/tile_prci_domain/tile_reset_domain_tile/dcache/data/data_arrays_1/data_arrays_0_ext/mem_0_24    2475.7740     0.1       2.1168      0.0000    2473.6572 split_data_arrays_0_ext_ip_7
system/tile_prci_domain/tile_reset_domain_tile/dcache/data/data_arrays_1/data_arrays_0_ext/mem_0_25    2475.7740     0.1       2.1168      0.0000    2473.6572 split_data_arrays_0_ext_ip_6
system/tile_prci_domain/tile_reset_domain_tile/dcache/data/data_arrays_1/data_arrays_0_ext/mem_0_26    2475.7740     0.1       2.1168      0.0000    2473.6572 split_data_arrays_0_ext_ip_5
system/tile_prci_domain/tile_reset_domain_tile/dcache/data/data_arrays_1/data_arrays_0_ext/mem_0_27    2475.7740     0.1       2.1168      0.0000    2473.6572 split_data_arrays_0_ext_ip_4
system/tile_prci_domain/tile_reset_domain_tile/dcache/data/data_arrays_1/data_arrays_0_ext/mem_0_28    2475.7740     0.1       2.1168      0.0000    2473.6572 split_data_arrays_0_ext_ip_3
system/tile_prci_domain/tile_reset_domain_tile/dcache/data/data_arrays_1/data_arrays_0_ext/mem_0_29    2475.7740     0.1       2.1168      0.0000    2473.6572 split_data_arrays_0_ext_ip_2
system/tile_prci_domain/tile_reset_domain_tile/dcache/data/data_arrays_1/data_arrays_0_ext/mem_0_3    2475.7740     0.1       2.1168      0.0000    2473.6572 split_data_arrays_0_ext_ip_28
system/tile_prci_domain/tile_reset_domain_tile/dcache/data/data_arrays_1/data_arrays_0_ext/mem_0_30    2475.7740     0.1       2.1168      0.0000    2473.6572 split_data_arrays_0_ext_ip_1
system/tile_prci_domain/tile_reset_domain_tile/dcache/data/data_arrays_1/data_arrays_0_ext/mem_0_31    2475.7740     0.1       2.1168      0.0000    2473.6572 split_data_arrays_0_ext_ip_0
system/tile_prci_domain/tile_reset_domain_tile/dcache/data/data_arrays_1/data_arrays_0_ext/mem_0_4    2475.7740     0.1       2.1168      0.0000    2473.6572 split_data_arrays_0_ext_ip_27
system/tile_prci_domain/tile_reset_domain_tile/dcache/data/data_arrays_1/data_arrays_0_ext/mem_0_5    2475.7740     0.1       2.1168      0.0000    2473.6572 split_data_arrays_0_ext_ip_26
system/tile_prci_domain/tile_reset_domain_tile/dcache/data/data_arrays_1/data_arrays_0_ext/mem_0_6    2475.7740     0.1       2.1168      0.0000    2473.6572 split_data_arrays_0_ext_ip_25
system/tile_prci_domain/tile_reset_domain_tile/dcache/data/data_arrays_1/data_arrays_0_ext/mem_0_7    2475.7740     0.1       2.1168      0.0000    2473.6572 split_data_arrays_0_ext_ip_24
system/tile_prci_domain/tile_reset_domain_tile/dcache/data/data_arrays_1/data_arrays_0_ext/mem_0_8    2475.7740     0.1       2.1168      0.0000    2473.6572 split_data_arrays_0_ext_ip_23
system/tile_prci_domain/tile_reset_domain_tile/dcache/data/data_arrays_1/data_arrays_0_ext/mem_0_9    2475.7740     0.1       2.1168      0.0000    2473.6572 split_data_arrays_0_ext_ip_22
system/tile_prci_domain/tile_reset_domain_tile/dcache/lfsr_prng     118.7760     0.0      43.5120     75.2640       0.0000 MaxPeriodFibonacciLFSR_2
system/tile_prci_domain/tile_reset_domain_tile/dcache/tag_array   12661.9916     0.4       0.0000      0.0000       0.0000 tag_array
system/tile_prci_domain/tile_reset_domain_tile/dcache/tag_array/tag_array_ext   12661.9916     0.4       0.0000      0.0000       0.0000 tag_array_ext
system/tile_prci_domain/tile_reset_domain_tile/dcache/tag_array/tag_array_ext/mem_0_0    3165.4979     0.1       2.1168      0.0000    3163.3811 split_tag_array_ext_ip_3
system/tile_prci_domain/tile_reset_domain_tile/dcache/tag_array/tag_array_ext/mem_0_1    3165.4979     0.1       2.1168      0.0000    3163.3811 split_tag_array_ext_ip_2
system/tile_prci_domain/tile_reset_domain_tile/dcache/tag_array/tag_array_ext/mem_0_2    3165.4979     0.1       2.1168      0.0000    3163.3811 split_tag_array_ext_ip_1
system/tile_prci_domain/tile_reset_domain_tile/dcache/tag_array/tag_array_ext/mem_0_3    3165.4979     0.1       2.1168      0.0000    3163.3811 split_tag_array_ext_ip_0
system/tile_prci_domain/tile_reset_domain_tile/dcache/tlb_entries_barrier_10      29.1648     0.0      29.1648      0.0000       0.0000 OptimizationBarrier_44
system/tile_prci_domain/tile_reset_domain_tile/dcache/tlb_entries_barrier_11      29.1648     0.0      29.1648      0.0000       0.0000 OptimizationBarrier_43
system/tile_prci_domain/tile_reset_domain_tile/dcache/tlb_entries_barrier_12       6.5856     0.0       6.5856      0.0000       0.0000 OptimizationBarrier_42
system/tile_prci_domain/tile_reset_domain_tile/dcache/tlb_entries_barrier_8      29.1648     0.0      29.1648      0.0000       0.0000 OptimizationBarrier_46
system/tile_prci_domain/tile_reset_domain_tile/dcache/tlb_entries_barrier_9      29.1648     0.0      29.1648      0.0000       0.0000 OptimizationBarrier_45
system/tile_prci_domain/tile_reset_domain_tile/dcache/tlb_mpu_ppn_barrier      18.8160     0.0      18.8160      0.0000       0.0000 OptimizationBarrier_55
system/tile_prci_domain/tile_reset_domain_tile/dcache/tlb_pmp    2098.6896     0.1    2098.6896      0.0000       0.0000 PMPChecker_1
system/tile_prci_domain/tile_reset_domain_tile/dcacheArb     442.1760     0.0     432.7680      9.4080       0.0000 HellaCacheArbiter
system/tile_prci_domain/tile_reset_domain_tile/fpuOpt   84244.6418     2.6    2309.8992    956.3232       0.0000 FPU
system/tile_prci_domain/tile_reset_domain_tile/fpuOpt/dfma   27069.8738     0.8     395.8416   1610.4144       0.0000 FPUFMAPipe_1
system/tile_prci_domain/tile_reset_domain_tile/fpuOpt/dfma/fma   25063.6178     0.8   14856.1730   1756.7088       0.0000 MulAddRecFNPipe_1
system/tile_prci_domain/tile_reset_domain_tile/fpuOpt/dfma/fma/mulAddRecFNToRaw_postMul    4974.9504     0.2    4974.9504      0.0000       0.0000 MulAddRecFNToRaw_postMul_1
system/tile_prci_domain/tile_reset_domain_tile/fpuOpt/dfma/fma/mulAddRecFNToRaw_preMul    2154.6672     0.1    2154.6672      0.0000       0.0000 MulAddRecFNToRaw_preMul_1
system/tile_prci_domain/tile_reset_domain_tile/fpuOpt/dfma/fma/roundRawFNToRecFN    1321.1184     0.0       0.0000      0.0000       0.0000 RoundRawFNToRecFN_1_0
system/tile_prci_domain/tile_reset_domain_tile/fpuOpt/dfma/fma/roundRawFNToRecFN/roundAnyRawFNToRecFN    1321.1184     0.0    1321.1184      0.0000       0.0000 RoundAnyRawFNToRecFN_4_0
system/tile_prci_domain/tile_reset_domain_tile/fpuOpt/divSqrt    2084.5776     0.1       0.0000      0.0000       0.0000 DivSqrtRecFN_small
system/tile_prci_domain/tile_reset_domain_tile/fpuOpt/divSqrt/divSqrtRecFNToRaw    1397.5584     0.0       9.4080      0.0000       0.0000 DivSqrtRecFNToRaw_small
system/tile_prci_domain/tile_reset_domain_tile/fpuOpt/divSqrt/divSqrtRecFNToRaw/divSqrtRawFN    1388.1504     0.0     870.4752    517.6752       0.0000 DivSqrtRawFN_small
system/tile_prci_domain/tile_reset_domain_tile/fpuOpt/divSqrt/roundRawFNToRecFN     687.0192     0.0       0.0000      0.0000       0.0000 RoundRawFNToRecFN_2
system/tile_prci_domain/tile_reset_domain_tile/fpuOpt/divSqrt/roundRawFNToRecFN/roundAnyRawFNToRecFN     687.0192     0.0     687.0192      0.0000       0.0000 RoundAnyRawFNToRecFN_5
system/tile_prci_domain/tile_reset_domain_tile/fpuOpt/divSqrt_1    4020.0384     0.1       0.0000      0.0000       0.0000 DivSqrtRecFN_small_1
system/tile_prci_domain/tile_reset_domain_tile/fpuOpt/divSqrt_1/divSqrtRecFNToRaw    2662.4640     0.1       9.4080      0.0000       0.0000 DivSqrtRecFNToRaw_small_1
system/tile_prci_domain/tile_reset_domain_tile/fpuOpt/divSqrt_1/divSqrtRecFNToRaw/divSqrtRawFN    2653.0560     0.1    1701.6720    951.3840       0.0000 DivSqrtRawFN_small_1
system/tile_prci_domain/tile_reset_domain_tile/fpuOpt/divSqrt_1/roundRawFNToRecFN    1357.5744     0.0       0.0000      0.0000       0.0000 RoundRawFNToRecFN_1_1
system/tile_prci_domain/tile_reset_domain_tile/fpuOpt/divSqrt_1/roundRawFNToRecFN/roundAnyRawFNToRecFN    1357.5744     0.0    1357.5744      0.0000       0.0000 RoundAnyRawFNToRecFN_4_1
system/tile_prci_domain/tile_reset_domain_tile/fpuOpt/fp_decoder     116.1888     0.0     116.1888      0.0000       0.0000 FPUDecoder
system/tile_prci_domain/tile_reset_domain_tile/fpuOpt/fpiu    4503.6096     0.1    1590.4224    882.9408       0.0000 FPToInt_36
system/tile_prci_domain/tile_reset_domain_tile/fpuOpt/fpiu/conv    1505.7504     0.0    1505.7504      0.0000       0.0000 RecFNToIN
system/tile_prci_domain/tile_reset_domain_tile/fpuOpt/fpiu/dcmp     385.0224     0.0     385.0224      0.0000       0.0000 CompareRecFN
system/tile_prci_domain/tile_reset_domain_tile/fpuOpt/fpiu/narrow     139.4736     0.0     139.4736      0.0000       0.0000 RecFNToIN_1
system/tile_prci_domain/tile_reset_domain_tile/fpuOpt/fpmu    2345.6496     0.1     362.6784   1309.8288       0.0000 FPToFP
system/tile_prci_domain/tile_reset_domain_tile/fpuOpt/fpmu/narrower     673.1424     0.0       6.1152      0.0000       0.0000 RecFNToRecFN
system/tile_prci_domain/tile_reset_domain_tile/fpuOpt/fpmu/narrower/roundAnyRawFNToRecFN     667.0272     0.0     667.0272      0.0000       0.0000 RoundAnyRawFNToRecFN_3
system/tile_prci_domain/tile_reset_domain_tile/fpuOpt/ifpu    6365.2176     0.2    1582.4256    905.0496       0.0000 IntToFP_36
system/tile_prci_domain/tile_reset_domain_tile/fpuOpt/ifpu/i2f    1804.2192     0.1    1549.2624      0.0000       0.0000 INToRecFN
system/tile_prci_domain/tile_reset_domain_tile/fpuOpt/ifpu/i2f/roundAnyRawFNToRecFN     254.9568     0.0     254.9568      0.0000       0.0000 RoundAnyRawFNToRecFN_1
system/tile_prci_domain/tile_reset_domain_tile/fpuOpt/ifpu/i2f_1    2073.5232     0.1    1576.5456      0.0000       0.0000 INToRecFN_1
system/tile_prci_domain/tile_reset_domain_tile/fpuOpt/ifpu/i2f_1/roundAnyRawFNToRecFN     496.9776     0.0     496.9776      0.0000       0.0000 RoundAnyRawFNToRecFN_2
system/tile_prci_domain/tile_reset_domain_tile/fpuOpt/regfile_ext   25526.2558     0.8   15741.9358   9784.3200       0.0000 regfile_combMem
system/tile_prci_domain/tile_reset_domain_tile/fpuOpt/sfma    8947.0081     0.3     114.7776    665.1456       0.0000 FPUFMAPipe
system/tile_prci_domain/tile_reset_domain_tile/fpuOpt/sfma/fma    8167.0849     0.3    3534.8208    964.7904       0.0000 MulAddRecFNPipe
system/tile_prci_domain/tile_reset_domain_tile/fpuOpt/sfma/fma/mulAddRecFNToRaw_postMul    1929.5808     0.1    1929.5808      0.0000       0.0000 MulAddRecFNToRaw_postMul
system/tile_prci_domain/tile_reset_domain_tile/fpuOpt/sfma/fma/mulAddRecFNToRaw_preMul    1044.9936     0.0    1044.9936      0.0000       0.0000 MulAddRecFNToRaw_preMul
system/tile_prci_domain/tile_reset_domain_tile/fpuOpt/sfma/fma/roundRawFNToRecFN     692.8992     0.0       0.0000      0.0000       0.0000 RoundRawFNToRecFN_0
system/tile_prci_domain/tile_reset_domain_tile/fpuOpt/sfma/fma/roundRawFNToRecFN/roundAnyRawFNToRecFN     692.8992     0.0     692.8992      0.0000       0.0000 RoundAnyRawFNToRecFN_0
system/tile_prci_domain/tile_reset_domain_tile/frontend  155412.5553     4.8    2002.2576    637.6272       0.0000 Frontend
system/tile_prci_domain/tile_reset_domain_tile/frontend/btb   20034.5713     0.6    8058.4225   7148.4336       0.0000 BTB
system/tile_prci_domain/tile_reset_domain_tile/frontend/btb/table_ext    4827.7152     0.1    2418.7968   2408.9184       0.0000 table_combMem
system/tile_prci_domain/tile_reset_domain_tile/frontend/fq    3727.4496     0.1    1610.6496   2116.8000       0.0000 ShiftQueue
system/tile_prci_domain/tile_reset_domain_tile/frontend/icache  113685.4879     3.5    2367.5232   2288.4960       0.0000 ICache
system/tile_prci_domain/tile_reset_domain_tile/frontend/icache/data_arrays_0   24410.8592     0.8       0.0000      0.0000       0.0000 data_arrays_0_0
system/tile_prci_domain/tile_reset_domain_tile/frontend/icache/data_arrays_0/data_arrays_0_0_ext   24410.8592     0.8       0.9408      0.0000       0.0000 data_arrays_0_0_ext_3
system/tile_prci_domain/tile_reset_domain_tile/frontend/icache/data_arrays_0/data_arrays_0_0_ext/mem_0_0    6102.4796     0.2       2.1168      0.0000    6100.3628 split_data_arrays_0_0_ext_ip_15
system/tile_prci_domain/tile_reset_domain_tile/frontend/icache/data_arrays_0/data_arrays_0_0_ext/mem_0_1    6102.4796     0.2       2.1168      0.0000    6100.3628 split_data_arrays_0_0_ext_ip_14
system/tile_prci_domain/tile_reset_domain_tile/frontend/icache/data_arrays_0/data_arrays_0_0_ext/mem_0_2    6102.4796     0.2       2.1168      0.0000    6100.3628 split_data_arrays_0_0_ext_ip_13
system/tile_prci_domain/tile_reset_domain_tile/frontend/icache/data_arrays_0/data_arrays_0_0_ext/mem_0_3    6102.4796     0.2       2.1168      0.0000    6100.3628 split_data_arrays_0_0_ext_ip_12
system/tile_prci_domain/tile_reset_domain_tile/frontend/icache/data_arrays_1   24409.9184     0.8       0.0000      0.0000       0.0000 data_arrays_1_0
system/tile_prci_domain/tile_reset_domain_tile/frontend/icache/data_arrays_1/data_arrays_0_0_ext   24409.9184     0.8       0.0000      0.0000       0.0000 data_arrays_0_0_ext_2
system/tile_prci_domain/tile_reset_domain_tile/frontend/icache/data_arrays_1/data_arrays_0_0_ext/mem_0_0    6102.4796     0.2       2.1168      0.0000    6100.3628 split_data_arrays_0_0_ext_ip_11
system/tile_prci_domain/tile_reset_domain_tile/frontend/icache/data_arrays_1/data_arrays_0_0_ext/mem_0_1    6102.4796     0.2       2.1168      0.0000    6100.3628 split_data_arrays_0_0_ext_ip_10
system/tile_prci_domain/tile_reset_domain_tile/frontend/icache/data_arrays_1/data_arrays_0_0_ext/mem_0_2    6102.4796     0.2       2.1168      0.0000    6100.3628 split_data_arrays_0_0_ext_ip_9
system/tile_prci_domain/tile_reset_domain_tile/frontend/icache/data_arrays_1/data_arrays_0_0_ext/mem_0_3    6102.4796     0.2       2.1168      0.0000    6100.3628 split_data_arrays_0_0_ext_ip_8
system/tile_prci_domain/tile_reset_domain_tile/frontend/icache/data_arrays_2   24410.8592     0.8       0.0000      0.0000       0.0000 data_arrays_2
system/tile_prci_domain/tile_reset_domain_tile/frontend/icache/data_arrays_2/data_arrays_0_0_ext   24410.8592     0.8       0.9408      0.0000       0.0000 data_arrays_0_0_ext_1
system/tile_prci_domain/tile_reset_domain_tile/frontend/icache/data_arrays_2/data_arrays_0_0_ext/mem_0_0    6102.4796     0.2       2.1168      0.0000    6100.3628 split_data_arrays_0_0_ext_ip_7
system/tile_prci_domain/tile_reset_domain_tile/frontend/icache/data_arrays_2/data_arrays_0_0_ext/mem_0_1    6102.4796     0.2       2.1168      0.0000    6100.3628 split_data_arrays_0_0_ext_ip_6
system/tile_prci_domain/tile_reset_domain_tile/frontend/icache/data_arrays_2/data_arrays_0_0_ext/mem_0_2    6102.4796     0.2       2.1168      0.0000    6100.3628 split_data_arrays_0_0_ext_ip_5
system/tile_prci_domain/tile_reset_domain_tile/frontend/icache/data_arrays_2/data_arrays_0_0_ext/mem_0_3    6102.4796     0.2       2.1168      0.0000    6100.3628 split_data_arrays_0_0_ext_ip_4
system/tile_prci_domain/tile_reset_domain_tile/frontend/icache/data_arrays_3   24409.9184     0.8       0.0000      0.0000       0.0000 data_arrays_3
system/tile_prci_domain/tile_reset_domain_tile/frontend/icache/data_arrays_3/data_arrays_0_0_ext   24409.9184     0.8       0.0000      0.0000       0.0000 data_arrays_0_0_ext_0
system/tile_prci_domain/tile_reset_domain_tile/frontend/icache/data_arrays_3/data_arrays_0_0_ext/mem_0_0    6102.4796     0.2       2.1168      0.0000    6100.3628 split_data_arrays_0_0_ext_ip_3
system/tile_prci_domain/tile_reset_domain_tile/frontend/icache/data_arrays_3/data_arrays_0_0_ext/mem_0_1    6102.4796     0.2       2.1168      0.0000    6100.3628 split_data_arrays_0_0_ext_ip_2
system/tile_prci_domain/tile_reset_domain_tile/frontend/icache/data_arrays_3/data_arrays_0_0_ext/mem_0_2    6102.4796     0.2       2.1168      0.0000    6100.3628 split_data_arrays_0_0_ext_ip_1
system/tile_prci_domain/tile_reset_domain_tile/frontend/icache/data_arrays_3/data_arrays_0_0_ext/mem_0_3    6102.4796     0.2       2.1168      0.0000    6100.3628 split_data_arrays_0_0_ext_ip_0
system/tile_prci_domain/tile_reset_domain_tile/frontend/icache/repl_way_v0_prng     118.7760     0.0      43.5120     75.2640       0.0000 MaxPeriodFibonacciLFSR_0
system/tile_prci_domain/tile_reset_domain_tile/frontend/icache/tag_array   11269.1376     0.3       0.0000      0.0000       0.0000 tag_array_0
system/tile_prci_domain/tile_reset_domain_tile/frontend/icache/tag_array/tag_array_0_ext   11269.1376     0.3       3.7632      0.0000       0.0000 tag_array_0_ext
system/tile_prci_domain/tile_reset_domain_tile/frontend/icache/tag_array/tag_array_0_ext/mem_0_0    2816.3436     0.1       2.1168      0.0000    2814.2268 split_tag_array_0_ext_ip_3
system/tile_prci_domain/tile_reset_domain_tile/frontend/icache/tag_array/tag_array_0_ext/mem_0_1    2816.3436     0.1       2.1168      0.0000    2814.2268 split_tag_array_0_ext_ip_2
system/tile_prci_domain/tile_reset_domain_tile/frontend/icache/tag_array/tag_array_0_ext/mem_0_2    2816.3436     0.1       2.1168      0.0000    2814.2268 split_tag_array_0_ext_ip_1
system/tile_prci_domain/tile_reset_domain_tile/frontend/icache/tag_array/tag_array_0_ext/mem_0_3    2816.3436     0.1       2.1168      0.0000    2814.2268 split_tag_array_0_ext_ip_0
system/tile_prci_domain/tile_reset_domain_tile/frontend/tlb   15325.1616     0.5    3979.1136   8725.4495       0.0000 TLB_2
system/tile_prci_domain/tile_reset_domain_tile/frontend/tlb/entries_barrier_10      23.5200     0.0      23.5200      0.0000       0.0000 OptimizationBarrier_16
system/tile_prci_domain/tile_reset_domain_tile/frontend/tlb/entries_barrier_11      23.5200     0.0      23.5200      0.0000       0.0000 OptimizationBarrier_15
system/tile_prci_domain/tile_reset_domain_tile/frontend/tlb/entries_barrier_12      23.5200     0.0      23.5200      0.0000       0.0000 OptimizationBarrier_14
system/tile_prci_domain/tile_reset_domain_tile/frontend/tlb/entries_barrier_8      23.5200     0.0      23.5200      0.0000       0.0000 OptimizationBarrier_18
system/tile_prci_domain/tile_reset_domain_tile/frontend/tlb/entries_barrier_9      23.5200     0.0      23.5200      0.0000       0.0000 OptimizationBarrier_17
system/tile_prci_domain/tile_reset_domain_tile/frontend/tlb/pmp    2502.9984     0.1    2502.9984      0.0000       0.0000 PMPChecker_3
system/tile_prci_domain/tile_reset_domain_tile/fusion 1932365.2649    59.4       0.9408      0.0000       0.0000 FusionMemFP
system/tile_prci_domain/tile_reset_domain_tile/fusion/dma_node   51266.4648     1.6       0.9408      0.0000       0.0000 DMAController
system/tile_prci_domain/tile_reset_domain_tile/fusion/dma_node/dma_reader   33601.0632     1.0     914.2224    658.5600       0.0000 DMAReadController
system/tile_prci_domain/tile_reset_domain_tile/fusion/dma_node/dma_reader/packetInfoQue     833.3136     0.0      36.4560     32.9280       0.0000 Queue_66
system/tile_prci_domain/tile_reset_domain_tile/fusion/dma_node/dma_reader/packetInfoQue/ram_ext     763.9296     0.0     349.9776    413.9520       0.0000 ram_combMem_9
system/tile_prci_domain/tile_reset_domain_tile/fusion/dma_node/dma_reader/reorderBuffer   31194.9672     1.0     913.2816    733.8240       0.0000 ReorderBuffer
system/tile_prci_domain/tile_reset_domain_tile/fusion/dma_node/dma_reader/reorderBuffer/buffer   29062.4087     0.9       0.0000      0.0000       0.0000 TrueDualPortSRAM_128_4
system/tile_prci_domain/tile_reset_domain_tile/fusion/dma_node/dma_reader/reorderBuffer/buffer/sram   29062.4087     0.9       0.7056      0.0000   29061.7031 dp_sram_128_4_ip
system/tile_prci_domain/tile_reset_domain_tile/fusion/dma_node/dma_reader/reorderBuffer/reqQue     485.4528     0.0      35.7504     32.9280       0.0000 Queue_67
system/tile_prci_domain/tile_reset_domain_tile/fusion/dma_node/dma_reader/reorderBuffer/reqQue/ram_ext     416.7744     0.0     190.9824    225.7920       0.0000 ram_combMem_3
system/tile_prci_domain/tile_reset_domain_tile/fusion/dma_node/dma_writer    2139.6144     0.1    1269.3744    870.2400       0.0000 DMAWriteController
system/tile_prci_domain/tile_reset_domain_tile/fusion/dma_node/tlb   15524.8464     0.5      39.2784      9.4080       0.0000 MultiPortTLB
system/tile_prci_domain/tile_reset_domain_tile/fusion/dma_node/tlb/tlbArbOpt     125.8320     0.0     121.1280      4.7040       0.0000 RRArbiter
system/tile_prci_domain/tile_reset_domain_tile/fusion/dma_node/tlb/tlbs_0   15350.3280     0.5     245.5488    230.4960       0.0000 TLBWrap
system/tile_prci_domain/tile_reset_domain_tile/fusion/dma_node/tlb/tlbs_0/tlb   14874.2832     0.5    4137.8736   8457.5568       0.0000 TLB_1
system/tile_prci_domain/tile_reset_domain_tile/fusion/dma_node/tlb/tlbs_0/tlb/entries_barrier_10      24.4608     0.0      24.4608      0.0000       0.0000 OptimizationBarrier_2
system/tile_prci_domain/tile_reset_domain_tile/fusion/dma_node/tlb/tlbs_0/tlb/entries_barrier_11      24.4608     0.0      24.4608      0.0000       0.0000 OptimizationBarrier_1
system/tile_prci_domain/tile_reset_domain_tile/fusion/dma_node/tlb/tlbs_0/tlb/entries_barrier_12      23.5200     0.0      23.5200      0.0000       0.0000 OptimizationBarrier_0
system/tile_prci_domain/tile_reset_domain_tile/fusion/dma_node/tlb/tlbs_0/tlb/entries_barrier_8      24.4608     0.0      24.4608      0.0000       0.0000 OptimizationBarrier_4
system/tile_prci_domain/tile_reset_domain_tile/fusion/dma_node/tlb/tlbs_0/tlb/entries_barrier_9      24.4608     0.0      24.4608      0.0000       0.0000 OptimizationBarrier_3
system/tile_prci_domain/tile_reset_domain_tile/fusion/dma_node/tlb/tlbs_0/tlb/mpu_ppn_barrier       1.8816     0.0       1.8816      0.0000       0.0000 OptimizationBarrier_13
system/tile_prci_domain/tile_reset_domain_tile/fusion/dma_node/tlb/tlbs_0/tlb/pmp    2155.6080     0.1    2155.6080      0.0000       0.0000 PMPChecker_2
system/tile_prci_domain/tile_reset_domain_tile/fusion/fgra 1104238.6087    34.0     134.7696    200.8608       0.0000 FGRAController
system/tile_prci_domain/tile_reset_domain_tile/fusion/fgra/cfgCtrl   22652.3472     0.7   20653.1472   1999.2000       0.0000 ConfigController
system/tile_prci_domain/tile_reset_domain_tile/fusion/fgra/fgra 1076496.5335    33.1    1924.4065   4294.7520       0.0000 FGRA
system/tile_prci_domain/tile_reset_domain_tile/fusion/fgra/fgra/cggibs_0     221.0880     0.0     126.0672      0.0000       0.0000 GIB
system/tile_prci_domain/tile_reset_domain_tile/fusion/fgra/fgra/cggibs_0/cfg      15.2880     0.0       2.8224     12.4656       0.0000 ConfigMem_48_3
system/tile_prci_domain/tile_reset_domain_tile/fusion/fgra/fgra/cggibs_0/mux      79.7328     0.0      79.7328      0.0000       0.0000 Muxn_109
system/tile_prci_domain/tile_reset_domain_tile/fusion/fgra/fgra/cggibs_1    1842.5568     0.1      38.3376    451.5840       0.0000 GIB_1
system/tile_prci_domain/tile_reset_domain_tile/fusion/fgra/fgra/cggibs_1/cfg     153.8208     0.0      37.8672    115.9536       0.0000 ConfigMem_49_9
system/tile_prci_domain/tile_reset_domain_tile/fusion/fgra/fgra/cggibs_1/mux     104.8992     0.0     104.8992      0.0000       0.0000 Muxn_159_149
system/tile_prci_domain/tile_reset_domain_tile/fusion/fgra/fgra/cggibs_1/mux_1     104.8992     0.0     104.8992      0.0000       0.0000 Muxn_159_148
system/tile_prci_domain/tile_reset_domain_tile/fusion/fgra/fgra/cggibs_1/mux_2     174.5184     0.0     174.5184      0.0000       0.0000 Muxn_161_89
system/tile_prci_domain/tile_reset_domain_tile/fusion/fgra/fgra/cggibs_1/mux_3      78.0864     0.0      78.0864      0.0000       0.0000 Muxn_108
system/tile_prci_domain/tile_reset_domain_tile/fusion/fgra/fgra/cggibs_1/mux_4      78.0864     0.0      78.0864      0.0000       0.0000 Muxn_107
system/tile_prci_domain/tile_reset_domain_tile/fusion/fgra/fgra/cggibs_1/mux_5      79.0272     0.0      79.0272      0.0000       0.0000 Muxn_106
system/tile_prci_domain/tile_reset_domain_tile/fusion/fgra/fgra/cggibs_1/mux_6     123.4800     0.0     123.4800      0.0000       0.0000 Muxn_159_147
system/tile_prci_domain/tile_reset_domain_tile/fusion/fgra/fgra/cggibs_1/mux_7     151.9392     0.0     151.9392      0.0000       0.0000 Muxn_161_88
system/tile_prci_domain/tile_reset_domain_tile/fusion/fgra/fgra/cggibs_1/mux_8     151.9392     0.0     151.9392      0.0000       0.0000 Muxn_161_87
system/tile_prci_domain/tile_reset_domain_tile/fusion/fgra/fgra/cggibs_1/mux_9     151.9392     0.0     151.9392      0.0000       0.0000 Muxn_161_86
system/tile_prci_domain/tile_reset_domain_tile/fusion/fgra/fgra/cggibs_10    2302.8432     0.1      11.5248      0.0000       0.0000 GIB_10
system/tile_prci_domain/tile_reset_domain_tile/fusion/fgra/fgra/cggibs_10/cfg     410.8944     0.0      60.6816    350.2128       0.0000 ConfigMem_56_22
system/tile_prci_domain/tile_reset_domain_tile/fusion/fgra/fgra/cggibs_10/mux     114.5424     0.0     114.5424      0.0000       0.0000 Muxn_159_124
system/tile_prci_domain/tile_reset_domain_tile/fusion/fgra/fgra/cggibs_10/mux_1     106.5456     0.0     106.5456      0.0000       0.0000 Muxn_159_123
system/tile_prci_domain/tile_reset_domain_tile/fusion/fgra/fgra/cggibs_10/mux_10     248.8416     0.0     248.8416      0.0000       0.0000 Muxn_36_89
system/tile_prci_domain/tile_reset_domain_tile/fusion/fgra/fgra/cggibs_10/mux_11     252.1344     0.0     252.1344      0.0000       0.0000 Muxn_36_88
system/tile_prci_domain/tile_reset_domain_tile/fusion/fgra/fgra/cggibs_10/mux_2     155.4672     0.0     155.4672      0.0000       0.0000 Muxn_161_65
system/tile_prci_domain/tile_reset_domain_tile/fusion/fgra/fgra/cggibs_10/mux_3      79.2624     0.0      79.2624      0.0000       0.0000 Muxn_85
system/tile_prci_domain/tile_reset_domain_tile/fusion/fgra/fgra/cggibs_10/mux_4     118.0704     0.0     118.0704      0.0000       0.0000 Muxn_159_122
system/tile_prci_domain/tile_reset_domain_tile/fusion/fgra/fgra/cggibs_10/mux_5     107.0160     0.0     107.0160      0.0000       0.0000 Muxn_159_121
system/tile_prci_domain/tile_reset_domain_tile/fusion/fgra/fgra/cggibs_10/mux_6     154.9968     0.0     154.9968      0.0000       0.0000 Muxn_161_64
system/tile_prci_domain/tile_reset_domain_tile/fusion/fgra/fgra/cggibs_10/mux_7      79.0272     0.0      79.0272      0.0000       0.0000 Muxn_84
system/tile_prci_domain/tile_reset_domain_tile/fusion/fgra/fgra/cggibs_10/mux_8     254.7216     0.0     254.7216      0.0000       0.0000 Muxn_36_91
system/tile_prci_domain/tile_reset_domain_tile/fusion/fgra/fgra/cggibs_10/mux_9     209.7984     0.0     209.7984      0.0000       0.0000 Muxn_36_90
system/tile_prci_domain/tile_reset_domain_tile/fusion/fgra/fgra/cggibs_11    2689.7472     0.1      39.7488    602.1120       0.0000 GIB_11
system/tile_prci_domain/tile_reset_domain_tile/fusion/fgra/fgra/cggibs_11/cfg     230.7312     0.0      60.6816    170.0496       0.0000 ConfigMem_56_21
system/tile_prci_domain/tile_reset_domain_tile/fusion/fgra/fgra/cggibs_11/mux     123.7152     0.0     123.7152      0.0000       0.0000 Muxn_159_120
system/tile_prci_domain/tile_reset_domain_tile/fusion/fgra/fgra/cggibs_11/mux_1     111.4848     0.0     111.4848      0.0000       0.0000 Muxn_159_119
system/tile_prci_domain/tile_reset_domain_tile/fusion/fgra/fgra/cggibs_11/mux_10     204.1536     0.0     204.1536      0.0000       0.0000 Muxn_36_85
system/tile_prci_domain/tile_reset_domain_tile/fusion/fgra/fgra/cggibs_11/mux_11     204.1536     0.0     204.1536      0.0000       0.0000 Muxn_36_84
system/tile_prci_domain/tile_reset_domain_tile/fusion/fgra/fgra/cggibs_11/mux_2     181.8096     0.0     181.8096      0.0000       0.0000 Muxn_161_63
system/tile_prci_domain/tile_reset_domain_tile/fusion/fgra/fgra/cggibs_11/mux_3      84.6720     0.0      84.6720      0.0000       0.0000 Muxn_83
system/tile_prci_domain/tile_reset_domain_tile/fusion/fgra/fgra/cggibs_11/mux_4     123.0096     0.0     123.0096      0.0000       0.0000 Muxn_159_118
system/tile_prci_domain/tile_reset_domain_tile/fusion/fgra/fgra/cggibs_11/mux_5     113.3664     0.0     113.3664      0.0000       0.0000 Muxn_159_117
system/tile_prci_domain/tile_reset_domain_tile/fusion/fgra/fgra/cggibs_11/mux_6     180.6336     0.0     180.6336      0.0000       0.0000 Muxn_161_62
system/tile_prci_domain/tile_reset_domain_tile/fusion/fgra/fgra/cggibs_11/mux_7      81.8496     0.0      81.8496      0.0000       0.0000 Muxn_82
system/tile_prci_domain/tile_reset_domain_tile/fusion/fgra/fgra/cggibs_11/mux_8     204.1536     0.0     204.1536      0.0000       0.0000 Muxn_36_87
system/tile_prci_domain/tile_reset_domain_tile/fusion/fgra/fgra/cggibs_11/mux_9     204.1536     0.0     204.1536      0.0000       0.0000 Muxn_36_86
system/tile_prci_domain/tile_reset_domain_tile/fusion/fgra/fgra/cggibs_12    2215.1136     0.1       5.1744      0.0000       0.0000 GIB_12
system/tile_prci_domain/tile_reset_domain_tile/fusion/fgra/fgra/cggibs_12/cfg     375.8496     0.0      63.7392    312.1104       0.0000 ConfigMem_56_20
system/tile_prci_domain/tile_reset_domain_tile/fusion/fgra/fgra/cggibs_12/mux     118.0704     0.0     118.0704      0.0000       0.0000 Muxn_159_116
system/tile_prci_domain/tile_reset_domain_tile/fusion/fgra/fgra/cggibs_12/mux_1     111.4848     0.0     111.4848      0.0000       0.0000 Muxn_159_115
system/tile_prci_domain/tile_reset_domain_tile/fusion/fgra/fgra/cggibs_12/mux_10     204.1536     0.0     204.1536      0.0000       0.0000 Muxn_36_81
system/tile_prci_domain/tile_reset_domain_tile/fusion/fgra/fgra/cggibs_12/mux_11     263.4240     0.0     263.4240      0.0000       0.0000 Muxn_36_80
system/tile_prci_domain/tile_reset_domain_tile/fusion/fgra/fgra/cggibs_12/mux_2     158.2896     0.0     158.2896      0.0000       0.0000 Muxn_161_61
system/tile_prci_domain/tile_reset_domain_tile/fusion/fgra/fgra/cggibs_12/mux_3      78.5568     0.0      78.5568      0.0000       0.0000 Muxn_81
system/tile_prci_domain/tile_reset_domain_tile/fusion/fgra/fgra/cggibs_12/mux_4     103.4880     0.0     103.4880      0.0000       0.0000 Muxn_159_114
system/tile_prci_domain/tile_reset_domain_tile/fusion/fgra/fgra/cggibs_12/mux_5     105.8400     0.0     105.8400      0.0000       0.0000 Muxn_159_113
system/tile_prci_domain/tile_reset_domain_tile/fusion/fgra/fgra/cggibs_12/mux_6     156.1728     0.0     156.1728      0.0000       0.0000 Muxn_161_60
system/tile_prci_domain/tile_reset_domain_tile/fusion/fgra/fgra/cggibs_12/mux_7      78.5568     0.0      78.5568      0.0000       0.0000 Muxn_80
system/tile_prci_domain/tile_reset_domain_tile/fusion/fgra/fgra/cggibs_12/mux_8     240.8448     0.0     240.8448      0.0000       0.0000 Muxn_36_83
system/tile_prci_domain/tile_reset_domain_tile/fusion/fgra/fgra/cggibs_12/mux_9     215.2080     0.0     215.2080      0.0000       0.0000 Muxn_36_82
system/tile_prci_domain/tile_reset_domain_tile/fusion/fgra/fgra/cggibs_13     981.4896     0.0     105.6048    452.5248       0.0000 GIB_13
system/tile_prci_domain/tile_reset_domain_tile/fusion/fgra/fgra/cggibs_13/cfg      51.2736     0.0      15.2880     35.9856       0.0000 ConfigMem_55_11
system/tile_prci_domain/tile_reset_domain_tile/fusion/fgra/fgra/cggibs_13/mux      88.9056     0.0      88.9056      0.0000       0.0000 Muxn_79
system/tile_prci_domain/tile_reset_domain_tile/fusion/fgra/fgra/cggibs_13/mux_1      78.0864     0.0      78.0864      0.0000       0.0000 Muxn_78
system/tile_prci_domain/tile_reset_domain_tile/fusion/fgra/fgra/cggibs_13/mux_2     102.5472     0.0     102.5472      0.0000       0.0000 Muxn_159_112
system/tile_prci_domain/tile_reset_domain_tile/fusion/fgra/fgra/cggibs_13/mux_3     102.5472     0.0     102.5472      0.0000       0.0000 Muxn_159_111
system/tile_prci_domain/tile_reset_domain_tile/fusion/fgra/fgra/cggibs_14     622.1040     0.0     108.1920      0.0000       0.0000 GIB_14
system/tile_prci_domain/tile_reset_domain_tile/fusion/fgra/fgra/cggibs_14/cfg     100.1952     0.0      15.5232     84.6720       0.0000 ConfigMem_55_10
system/tile_prci_domain/tile_reset_domain_tile/fusion/fgra/fgra/cggibs_14/mux      80.2032     0.0      80.2032      0.0000       0.0000 Muxn_77
system/tile_prci_domain/tile_reset_domain_tile/fusion/fgra/fgra/cggibs_14/mux_1     121.1280     0.0     121.1280      0.0000       0.0000 Muxn_159_110
system/tile_prci_domain/tile_reset_domain_tile/fusion/fgra/fgra/cggibs_14/mux_2      87.9648     0.0      87.9648      0.0000       0.0000 Muxn_76
system/tile_prci_domain/tile_reset_domain_tile/fusion/fgra/fgra/cggibs_14/mux_3     124.4208     0.0     124.4208      0.0000       0.0000 Muxn_159_109
system/tile_prci_domain/tile_reset_domain_tile/fusion/fgra/fgra/cggibs_15    2692.5696     0.1      31.7520    602.1120       0.0000 GIB_15
system/tile_prci_domain/tile_reset_domain_tile/fusion/fgra/fgra/cggibs_15/cfg     230.2608     0.0      60.6816    169.5792       0.0000 ConfigMem_56_19
system/tile_prci_domain/tile_reset_domain_tile/fusion/fgra/fgra/cggibs_15/mux     126.0672     0.0     126.0672      0.0000       0.0000 Muxn_159_108
system/tile_prci_domain/tile_reset_domain_tile/fusion/fgra/fgra/cggibs_15/mux_1     117.3648     0.0     117.3648      0.0000       0.0000 Muxn_159_107
system/tile_prci_domain/tile_reset_domain_tile/fusion/fgra/fgra/cggibs_15/mux_10     204.1536     0.0     204.1536      0.0000       0.0000 Muxn_36_77
system/tile_prci_domain/tile_reset_domain_tile/fusion/fgra/fgra/cggibs_15/mux_11     204.1536     0.0     204.1536      0.0000       0.0000 Muxn_36_76
system/tile_prci_domain/tile_reset_domain_tile/fusion/fgra/fgra/cggibs_15/mux_2     179.6928     0.0     179.6928      0.0000       0.0000 Muxn_161_59
system/tile_prci_domain/tile_reset_domain_tile/fusion/fgra/fgra/cggibs_15/mux_3      82.5552     0.0      82.5552      0.0000       0.0000 Muxn_75
system/tile_prci_domain/tile_reset_domain_tile/fusion/fgra/fgra/cggibs_15/mux_4     123.4800     0.0     123.4800      0.0000       0.0000 Muxn_159_106
system/tile_prci_domain/tile_reset_domain_tile/fusion/fgra/fgra/cggibs_15/mux_5     111.2496     0.0     111.2496      0.0000       0.0000 Muxn_159_105
system/tile_prci_domain/tile_reset_domain_tile/fusion/fgra/fgra/cggibs_15/mux_6     186.0432     0.0     186.0432      0.0000       0.0000 Muxn_161_58
system/tile_prci_domain/tile_reset_domain_tile/fusion/fgra/fgra/cggibs_15/mux_7      85.3776     0.0      85.3776      0.0000       0.0000 Muxn_74
system/tile_prci_domain/tile_reset_domain_tile/fusion/fgra/fgra/cggibs_15/mux_8     204.1536     0.0     204.1536      0.0000       0.0000 Muxn_36_79
system/tile_prci_domain/tile_reset_domain_tile/fusion/fgra/fgra/cggibs_15/mux_9     204.1536     0.0     204.1536      0.0000       0.0000 Muxn_36_78
system/tile_prci_domain/tile_reset_domain_tile/fusion/fgra/fgra/cggibs_16    2375.0496     0.1       5.4096      0.0000       0.0000 GIB_16
system/tile_prci_domain/tile_reset_domain_tile/fusion/fgra/fgra/cggibs_16/cfg     444.0576     0.0      60.6816    383.3760       0.0000 ConfigMem_56_18
system/tile_prci_domain/tile_reset_domain_tile/fusion/fgra/fgra/cggibs_16/mux     120.1872     0.0     120.1872      0.0000       0.0000 Muxn_159_104
system/tile_prci_domain/tile_reset_domain_tile/fusion/fgra/fgra/cggibs_16/mux_1     111.0144     0.0     111.0144      0.0000       0.0000 Muxn_159_103
system/tile_prci_domain/tile_reset_domain_tile/fusion/fgra/fgra/cggibs_16/mux_10     251.6640     0.0     251.6640      0.0000       0.0000 Muxn_36_73
system/tile_prci_domain/tile_reset_domain_tile/fusion/fgra/fgra/cggibs_16/mux_11     254.9568     0.0     254.9568      0.0000       0.0000 Muxn_36_72
system/tile_prci_domain/tile_reset_domain_tile/fusion/fgra/fgra/cggibs_16/mux_2     156.8784     0.0     156.8784      0.0000       0.0000 Muxn_161_57
system/tile_prci_domain/tile_reset_domain_tile/fusion/fgra/fgra/cggibs_16/mux_3      79.2624     0.0      79.2624      0.0000       0.0000 Muxn_73
system/tile_prci_domain/tile_reset_domain_tile/fusion/fgra/fgra/cggibs_16/mux_4     112.8960     0.0     112.8960      0.0000       0.0000 Muxn_159_102
system/tile_prci_domain/tile_reset_domain_tile/fusion/fgra/fgra/cggibs_16/mux_5     107.4864     0.0     107.4864      0.0000       0.0000 Muxn_159_101
system/tile_prci_domain/tile_reset_domain_tile/fusion/fgra/fgra/cggibs_16/mux_6     156.1728     0.0     156.1728      0.0000       0.0000 Muxn_161_56
system/tile_prci_domain/tile_reset_domain_tile/fusion/fgra/fgra/cggibs_16/mux_7      78.5568     0.0      78.5568      0.0000       0.0000 Muxn_72
system/tile_prci_domain/tile_reset_domain_tile/fusion/fgra/fgra/cggibs_16/mux_8     246.4896     0.0     246.4896      0.0000       0.0000 Muxn_36_75
system/tile_prci_domain/tile_reset_domain_tile/fusion/fgra/fgra/cggibs_16/mux_9     250.0176     0.0     250.0176      0.0000       0.0000 Muxn_36_74
system/tile_prci_domain/tile_reset_domain_tile/fusion/fgra/fgra/cggibs_17    2679.6336     0.1      47.5104    609.8736       0.0000 GIB_17
system/tile_prci_domain/tile_reset_domain_tile/fusion/fgra/fgra/cggibs_17/cfg     198.9792     0.0      60.6816    138.2976       0.0000 ConfigMem_56_17
system/tile_prci_domain/tile_reset_domain_tile/fusion/fgra/fgra/cggibs_17/mux     121.3632     0.0     121.3632      0.0000       0.0000 Muxn_159_100
system/tile_prci_domain/tile_reset_domain_tile/fusion/fgra/fgra/cggibs_17/mux_1     115.4832     0.0     115.4832      0.0000       0.0000 Muxn_159_99
system/tile_prci_domain/tile_reset_domain_tile/fusion/fgra/fgra/cggibs_17/mux_10     204.1536     0.0     204.1536      0.0000       0.0000 Muxn_36_69
system/tile_prci_domain/tile_reset_domain_tile/fusion/fgra/fgra/cggibs_17/mux_11     204.1536     0.0     204.1536      0.0000       0.0000 Muxn_36_68
system/tile_prci_domain/tile_reset_domain_tile/fusion/fgra/fgra/cggibs_17/mux_2     177.3408     0.0     177.3408      0.0000       0.0000 Muxn_161_55
system/tile_prci_domain/tile_reset_domain_tile/fusion/fgra/fgra/cggibs_17/mux_3      83.2608     0.0      83.2608      0.0000       0.0000 Muxn_71
system/tile_prci_domain/tile_reset_domain_tile/fusion/fgra/fgra/cggibs_17/mux_4     121.5984     0.0     121.5984      0.0000       0.0000 Muxn_159_98
system/tile_prci_domain/tile_reset_domain_tile/fusion/fgra/fgra/cggibs_17/mux_5     118.5408     0.0     118.5408      0.0000       0.0000 Muxn_159_97
system/tile_prci_domain/tile_reset_domain_tile/fusion/fgra/fgra/cggibs_17/mux_6     182.2800     0.0     182.2800      0.0000       0.0000 Muxn_161_54
system/tile_prci_domain/tile_reset_domain_tile/fusion/fgra/fgra/cggibs_17/mux_7      86.7888     0.0      86.7888      0.0000       0.0000 Muxn_70
system/tile_prci_domain/tile_reset_domain_tile/fusion/fgra/fgra/cggibs_17/mux_8     204.1536     0.0     204.1536      0.0000       0.0000 Muxn_36_71
system/tile_prci_domain/tile_reset_domain_tile/fusion/fgra/fgra/cggibs_17/mux_9     204.1536     0.0     204.1536      0.0000       0.0000 Muxn_36_70
system/tile_prci_domain/tile_reset_domain_tile/fusion/fgra/fgra/cggibs_18    2376.4608     0.1       6.5856      0.0000       0.0000 GIB_18
system/tile_prci_domain/tile_reset_domain_tile/fusion/fgra/fgra/cggibs_18/cfg     441.4704     0.0      60.6816    380.7888       0.0000 ConfigMem_56_16
system/tile_prci_domain/tile_reset_domain_tile/fusion/fgra/fgra/cggibs_18/mux     110.0736     0.0     110.0736      0.0000       0.0000 Muxn_159_96
system/tile_prci_domain/tile_reset_domain_tile/fusion/fgra/fgra/cggibs_18/mux_1     111.2496     0.0     111.2496      0.0000       0.0000 Muxn_159_95
system/tile_prci_domain/tile_reset_domain_tile/fusion/fgra/fgra/cggibs_18/mux_10     256.1328     0.0     256.1328      0.0000       0.0000 Muxn_36_65
system/tile_prci_domain/tile_reset_domain_tile/fusion/fgra/fgra/cggibs_18/mux_11     237.3168     0.0     237.3168      0.0000       0.0000 Muxn_36_64
system/tile_prci_domain/tile_reset_domain_tile/fusion/fgra/fgra/cggibs_18/mux_2     157.3488     0.0     157.3488      0.0000       0.0000 Muxn_161_53
system/tile_prci_domain/tile_reset_domain_tile/fusion/fgra/fgra/cggibs_18/mux_3      77.3808     0.0      77.3808      0.0000       0.0000 Muxn_69
system/tile_prci_domain/tile_reset_domain_tile/fusion/fgra/fgra/cggibs_18/mux_4     113.8368     0.0     113.8368      0.0000       0.0000 Muxn_159_94
system/tile_prci_domain/tile_reset_domain_tile/fusion/fgra/fgra/cggibs_18/mux_5     114.3072     0.0     114.3072      0.0000       0.0000 Muxn_159_93
system/tile_prci_domain/tile_reset_domain_tile/fusion/fgra/fgra/cggibs_18/mux_6     155.7024     0.0     155.7024      0.0000       0.0000 Muxn_161_52
system/tile_prci_domain/tile_reset_domain_tile/fusion/fgra/fgra/cggibs_18/mux_7      79.4976     0.0      79.4976      0.0000       0.0000 Muxn_67
system/tile_prci_domain/tile_reset_domain_tile/fusion/fgra/fgra/cggibs_18/mux_8     264.1296     0.0     264.1296      0.0000       0.0000 Muxn_36_67
system/tile_prci_domain/tile_reset_domain_tile/fusion/fgra/fgra/cggibs_18/mux_9     251.4288     0.0     251.4288      0.0000       0.0000 Muxn_36_66
system/tile_prci_domain/tile_reset_domain_tile/fusion/fgra/fgra/cggibs_19    2712.5616     0.1      32.2224    602.1120       0.0000 GIB_19
system/tile_prci_domain/tile_reset_domain_tile/fusion/fgra/fgra/cggibs_19/cfg     255.1920     0.0      60.6816    194.5104       0.0000 ConfigMem_56_15
system/tile_prci_domain/tile_reset_domain_tile/fusion/fgra/fgra/cggibs_19/mux     123.9504     0.0     123.9504      0.0000       0.0000 Muxn_159_92
system/tile_prci_domain/tile_reset_domain_tile/fusion/fgra/fgra/cggibs_19/mux_1     112.6608     0.0     112.6608      0.0000       0.0000 Muxn_159_91
system/tile_prci_domain/tile_reset_domain_tile/fusion/fgra/fgra/cggibs_19/mux_10     204.1536     0.0     204.1536      0.0000       0.0000 Muxn_36_61
system/tile_prci_domain/tile_reset_domain_tile/fusion/fgra/fgra/cggibs_19/mux_11     204.1536     0.0     204.1536      0.0000       0.0000 Muxn_36_60
system/tile_prci_domain/tile_reset_domain_tile/fusion/fgra/fgra/cggibs_19/mux_2     177.3408     0.0     177.3408      0.0000       0.0000 Muxn_161_51
system/tile_prci_domain/tile_reset_domain_tile/fusion/fgra/fgra/cggibs_19/mux_3      85.6128     0.0      85.6128      0.0000       0.0000 Muxn_66
system/tile_prci_domain/tile_reset_domain_tile/fusion/fgra/fgra/cggibs_19/mux_4     122.7744     0.0     122.7744      0.0000       0.0000 Muxn_159_90
system/tile_prci_domain/tile_reset_domain_tile/fusion/fgra/fgra/cggibs_19/mux_5     114.7776     0.0     114.7776      0.0000       0.0000 Muxn_159_89
system/tile_prci_domain/tile_reset_domain_tile/fusion/fgra/fgra/cggibs_19/mux_6     181.1040     0.0     181.1040      0.0000       0.0000 Muxn_161_50
system/tile_prci_domain/tile_reset_domain_tile/fusion/fgra/fgra/cggibs_19/mux_7      88.2000     0.0      88.2000      0.0000       0.0000 Muxn_65
system/tile_prci_domain/tile_reset_domain_tile/fusion/fgra/fgra/cggibs_19/mux_8     204.1536     0.0     204.1536      0.0000       0.0000 Muxn_36_63
system/tile_prci_domain/tile_reset_domain_tile/fusion/fgra/fgra/cggibs_19/mux_9     204.1536     0.0     204.1536      0.0000       0.0000 Muxn_36_62
system/tile_prci_domain/tile_reset_domain_tile/fusion/fgra/fgra/cggibs_2    1474.9392     0.0      44.6880      0.0000       0.0000 GIB_2
system/tile_prci_domain/tile_reset_domain_tile/fusion/fgra/fgra/cggibs_2/cfg     216.1488     0.0      38.8080    177.3408       0.0000 ConfigMem_49_8
system/tile_prci_domain/tile_reset_domain_tile/fusion/fgra/fgra/cggibs_2/mux     104.4288     0.0     104.4288      0.0000       0.0000 Muxn_159_146
system/tile_prci_domain/tile_reset_domain_tile/fusion/fgra/fgra/cggibs_2/mux_1     103.9584     0.0     103.9584      0.0000       0.0000 Muxn_159_145
system/tile_prci_domain/tile_reset_domain_tile/fusion/fgra/fgra/cggibs_2/mux_2     152.4096     0.0     152.4096      0.0000       0.0000 Muxn_161_85
system/tile_prci_domain/tile_reset_domain_tile/fusion/fgra/fgra/cggibs_2/mux_3      78.0864     0.0      78.0864      0.0000       0.0000 Muxn_105
system/tile_prci_domain/tile_reset_domain_tile/fusion/fgra/fgra/cggibs_2/mux_4      79.9680     0.0      79.9680      0.0000       0.0000 Muxn_104
system/tile_prci_domain/tile_reset_domain_tile/fusion/fgra/fgra/cggibs_2/mux_5      78.5568     0.0      78.5568      0.0000       0.0000 Muxn_103
system/tile_prci_domain/tile_reset_domain_tile/fusion/fgra/fgra/cggibs_2/mux_6     118.0704     0.0     118.0704      0.0000       0.0000 Muxn_159_144
system/tile_prci_domain/tile_reset_domain_tile/fusion/fgra/fgra/cggibs_2/mux_7     167.4624     0.0     167.4624      0.0000       0.0000 Muxn_161_84
system/tile_prci_domain/tile_reset_domain_tile/fusion/fgra/fgra/cggibs_2/mux_8     166.5216     0.0     166.5216      0.0000       0.0000 Muxn_161_83
system/tile_prci_domain/tile_reset_domain_tile/fusion/fgra/fgra/cggibs_2/mux_9     164.6400     0.0     164.6400      0.0000       0.0000 Muxn_161_82
system/tile_prci_domain/tile_reset_domain_tile/fusion/fgra/fgra/cggibs_20     622.3392     0.0     103.2528      0.0000       0.0000 GIB_20
system/tile_prci_domain/tile_reset_domain_tile/fusion/fgra/fgra/cggibs_20/cfg      99.2544     0.0      14.5824     84.6720       0.0000 ConfigMem_55_9
system/tile_prci_domain/tile_reset_domain_tile/fusion/fgra/fgra/cggibs_20/mux      79.2624     0.0      79.2624      0.0000       0.0000 Muxn_64
system/tile_prci_domain/tile_reset_domain_tile/fusion/fgra/fgra/cggibs_20/mux_1      84.2016     0.0      84.2016      0.0000       0.0000 Muxn_63
system/tile_prci_domain/tile_reset_domain_tile/fusion/fgra/fgra/cggibs_20/mux_2     131.2416     0.0     131.2416      0.0000       0.0000 Muxn_159_88
system/tile_prci_domain/tile_reset_domain_tile/fusion/fgra/fgra/cggibs_20/mux_3     125.1264     0.0     125.1264      0.0000       0.0000 Muxn_159_87
system/tile_prci_domain/tile_reset_domain_tile/fusion/fgra/fgra/cggibs_21     996.5424     0.0     112.4256    474.8688       0.0000 GIB_21
system/tile_prci_domain/tile_reset_domain_tile/fusion/fgra/fgra/cggibs_21/cfg      43.5120     0.0      15.2880     28.2240       0.0000 ConfigMem_55_8
system/tile_prci_domain/tile_reset_domain_tile/fusion/fgra/fgra/cggibs_21/mux      82.5552     0.0      82.5552      0.0000       0.0000 Muxn_62
system/tile_prci_domain/tile_reset_domain_tile/fusion/fgra/fgra/cggibs_21/mux_1     102.5472     0.0     102.5472      0.0000       0.0000 Muxn_159_86
system/tile_prci_domain/tile_reset_domain_tile/fusion/fgra/fgra/cggibs_21/mux_2      78.0864     0.0      78.0864      0.0000       0.0000 Muxn_61
system/tile_prci_domain/tile_reset_domain_tile/fusion/fgra/fgra/cggibs_21/mux_3     102.5472     0.0     102.5472      0.0000       0.0000 Muxn_159_85
system/tile_prci_domain/tile_reset_domain_tile/fusion/fgra/fgra/cggibs_22    2323.0704     0.1      11.7600      0.0000       0.0000 GIB_22
system/tile_prci_domain/tile_reset_domain_tile/fusion/fgra/fgra/cggibs_22/cfg     405.7200     0.0      60.6816    345.0384       0.0000 ConfigMem_56_14
system/tile_prci_domain/tile_reset_domain_tile/fusion/fgra/fgra/cggibs_22/mux     108.4272     0.0     108.4272      0.0000       0.0000 Muxn_159_84
system/tile_prci_domain/tile_reset_domain_tile/fusion/fgra/fgra/cggibs_22/mux_1     110.0736     0.0     110.0736      0.0000       0.0000 Muxn_159_83
system/tile_prci_domain/tile_reset_domain_tile/fusion/fgra/fgra/cggibs_22/mux_10     263.1888     0.0     263.1888      0.0000       0.0000 Muxn_36_57
system/tile_prci_domain/tile_reset_domain_tile/fusion/fgra/fgra/cggibs_22/mux_11     260.8368     0.0     260.8368      0.0000       0.0000 Muxn_36_56
system/tile_prci_domain/tile_reset_domain_tile/fusion/fgra/fgra/cggibs_22/mux_2     154.9968     0.0     154.9968      0.0000       0.0000 Muxn_161_49
system/tile_prci_domain/tile_reset_domain_tile/fusion/fgra/fgra/cggibs_22/mux_3      79.7328     0.0      79.7328      0.0000       0.0000 Muxn_60
system/tile_prci_domain/tile_reset_domain_tile/fusion/fgra/fgra/cggibs_22/mux_4     111.9552     0.0     111.9552      0.0000       0.0000 Muxn_159_82
system/tile_prci_domain/tile_reset_domain_tile/fusion/fgra/fgra/cggibs_22/mux_5     108.4272     0.0     108.4272      0.0000       0.0000 Muxn_159_81
system/tile_prci_domain/tile_reset_domain_tile/fusion/fgra/fgra/cggibs_22/mux_6     158.9952     0.0     158.9952      0.0000       0.0000 Muxn_161_48
system/tile_prci_domain/tile_reset_domain_tile/fusion/fgra/fgra/cggibs_22/mux_7      79.2624     0.0      79.2624      0.0000       0.0000 Muxn_59
system/tile_prci_domain/tile_reset_domain_tile/fusion/fgra/fgra/cggibs_22/mux_8     204.1536     0.0     204.1536      0.0000       0.0000 Muxn_36_59
system/tile_prci_domain/tile_reset_domain_tile/fusion/fgra/fgra/cggibs_22/mux_9     265.5408     0.0     265.5408      0.0000       0.0000 Muxn_36_58
system/tile_prci_domain/tile_reset_domain_tile/fusion/fgra/fgra/cggibs_23    2709.0336     0.1      42.8064    609.8736       0.0000 GIB_23
system/tile_prci_domain/tile_reset_domain_tile/fusion/fgra/fgra/cggibs_23/cfg     239.6688     0.0      60.6816    178.9872       0.0000 ConfigMem_56_13
system/tile_prci_domain/tile_reset_domain_tile/fusion/fgra/fgra/cggibs_23/mux     122.0688     0.0     122.0688      0.0000       0.0000 Muxn_159_80
system/tile_prci_domain/tile_reset_domain_tile/fusion/fgra/fgra/cggibs_23/mux_1     114.5424     0.0     114.5424      0.0000       0.0000 Muxn_159_79
system/tile_prci_domain/tile_reset_domain_tile/fusion/fgra/fgra/cggibs_23/mux_10     204.1536     0.0     204.1536      0.0000       0.0000 Muxn_36_53
system/tile_prci_domain/tile_reset_domain_tile/fusion/fgra/fgra/cggibs_23/mux_11     204.1536     0.0     204.1536      0.0000       0.0000 Muxn_36_52
system/tile_prci_domain/tile_reset_domain_tile/fusion/fgra/fgra/cggibs_23/mux_2     179.4576     0.0     179.4576      0.0000       0.0000 Muxn_161_47
system/tile_prci_domain/tile_reset_domain_tile/fusion/fgra/fgra/cggibs_23/mux_3      83.7312     0.0      83.7312      0.0000       0.0000 Muxn_58
system/tile_prci_domain/tile_reset_domain_tile/fusion/fgra/fgra/cggibs_23/mux_4     122.3040     0.0     122.3040      0.0000       0.0000 Muxn_159_78
system/tile_prci_domain/tile_reset_domain_tile/fusion/fgra/fgra/cggibs_23/mux_5     117.1296     0.0     117.1296      0.0000       0.0000 Muxn_159_77
system/tile_prci_domain/tile_reset_domain_tile/fusion/fgra/fgra/cggibs_23/mux_6     178.5168     0.0     178.5168      0.0000       0.0000 Muxn_161_46
system/tile_prci_domain/tile_reset_domain_tile/fusion/fgra/fgra/cggibs_23/mux_7      82.3200     0.0      82.3200      0.0000       0.0000 Muxn_57
system/tile_prci_domain/tile_reset_domain_tile/fusion/fgra/fgra/cggibs_23/mux_8     204.1536     0.0     204.1536      0.0000       0.0000 Muxn_36_55
system/tile_prci_domain/tile_reset_domain_tile/fusion/fgra/fgra/cggibs_23/mux_9     204.1536     0.0     204.1536      0.0000       0.0000 Muxn_36_54
system/tile_prci_domain/tile_reset_domain_tile/fusion/fgra/fgra/cggibs_24    2340.7104     0.1       5.4096      0.0000       0.0000 GIB_24
system/tile_prci_domain/tile_reset_domain_tile/fusion/fgra/fgra/cggibs_24/cfg     424.3008     0.0      60.6816    363.6192       0.0000 ConfigMem_56_12
system/tile_prci_domain/tile_reset_domain_tile/fusion/fgra/fgra/cggibs_24/mux     119.7168     0.0     119.7168      0.0000       0.0000 Muxn_159_76
system/tile_prci_domain/tile_reset_domain_tile/fusion/fgra/fgra/cggibs_24/mux_1     108.6624     0.0     108.6624      0.0000       0.0000 Muxn_159_75
system/tile_prci_domain/tile_reset_domain_tile/fusion/fgra/fgra/cggibs_24/mux_10     243.4320     0.0     243.4320      0.0000       0.0000 Muxn_36_49
system/tile_prci_domain/tile_reset_domain_tile/fusion/fgra/fgra/cggibs_24/mux_11     238.0224     0.0     238.0224      0.0000       0.0000 Muxn_36_48
system/tile_prci_domain/tile_reset_domain_tile/fusion/fgra/fgra/cggibs_24/mux_2     155.7024     0.0     155.7024      0.0000       0.0000 Muxn_161_45
system/tile_prci_domain/tile_reset_domain_tile/fusion/fgra/fgra/cggibs_24/mux_3      77.8512     0.0      77.8512      0.0000       0.0000 Muxn_56
system/tile_prci_domain/tile_reset_domain_tile/fusion/fgra/fgra/cggibs_24/mux_4     109.3680     0.0     109.3680      0.0000       0.0000 Muxn_159_74
system/tile_prci_domain/tile_reset_domain_tile/fusion/fgra/fgra/cggibs_24/mux_5     107.4864     0.0     107.4864      0.0000       0.0000 Muxn_159_73
system/tile_prci_domain/tile_reset_domain_tile/fusion/fgra/fgra/cggibs_24/mux_6     157.5840     0.0     157.5840      0.0000       0.0000 Muxn_161_44
system/tile_prci_domain/tile_reset_domain_tile/fusion/fgra/fgra/cggibs_24/mux_7      78.0864     0.0      78.0864      0.0000       0.0000 Muxn_55
system/tile_prci_domain/tile_reset_domain_tile/fusion/fgra/fgra/cggibs_24/mux_8     275.6544     0.0     275.6544      0.0000       0.0000 Muxn_36_51
system/tile_prci_domain/tile_reset_domain_tile/fusion/fgra/fgra/cggibs_24/mux_9     239.4336     0.0     239.4336      0.0000       0.0000 Muxn_36_50
system/tile_prci_domain/tile_reset_domain_tile/fusion/fgra/fgra/cggibs_25    2692.0992     0.1      46.0992    602.1120       0.0000 GIB_25
system/tile_prci_domain/tile_reset_domain_tile/fusion/fgra/fgra/cggibs_25/cfg     214.0320     0.0      60.6816    153.3504       0.0000 ConfigMem_56_11
system/tile_prci_domain/tile_reset_domain_tile/fusion/fgra/fgra/cggibs_25/mux     123.7152     0.0     123.7152      0.0000       0.0000 Muxn_159_72
system/tile_prci_domain/tile_reset_domain_tile/fusion/fgra/fgra/cggibs_25/mux_1     111.9552     0.0     111.9552      0.0000       0.0000 Muxn_159_71
system/tile_prci_domain/tile_reset_domain_tile/fusion/fgra/fgra/cggibs_25/mux_10     204.1536     0.0     204.1536      0.0000       0.0000 Muxn_36_45
system/tile_prci_domain/tile_reset_domain_tile/fusion/fgra/fgra/cggibs_25/mux_11     204.1536     0.0     204.1536      0.0000       0.0000 Muxn_36_44
system/tile_prci_domain/tile_reset_domain_tile/fusion/fgra/fgra/cggibs_25/mux_2     179.6928     0.0     179.6928      0.0000       0.0000 Muxn_161_43
system/tile_prci_domain/tile_reset_domain_tile/fusion/fgra/fgra/cggibs_25/mux_3      90.5520     0.0      90.5520      0.0000       0.0000 Muxn_54
system/tile_prci_domain/tile_reset_domain_tile/fusion/fgra/fgra/cggibs_25/mux_4     130.7712     0.0     130.7712      0.0000       0.0000 Muxn_159_70
system/tile_prci_domain/tile_reset_domain_tile/fusion/fgra/fgra/cggibs_25/mux_5     117.1296     0.0     117.1296      0.0000       0.0000 Muxn_159_69
system/tile_prci_domain/tile_reset_domain_tile/fusion/fgra/fgra/cggibs_25/mux_6     178.0464     0.0     178.0464      0.0000       0.0000 Muxn_161_42
system/tile_prci_domain/tile_reset_domain_tile/fusion/fgra/fgra/cggibs_25/mux_7      81.3792     0.0      81.3792      0.0000       0.0000 Muxn_53
system/tile_prci_domain/tile_reset_domain_tile/fusion/fgra/fgra/cggibs_25/mux_8     204.1536     0.0     204.1536      0.0000       0.0000 Muxn_36_47
system/tile_prci_domain/tile_reset_domain_tile/fusion/fgra/fgra/cggibs_25/mux_9     204.1536     0.0     204.1536      0.0000       0.0000 Muxn_36_46
system/tile_prci_domain/tile_reset_domain_tile/fusion/fgra/fgra/cggibs_26    2346.8256     0.1       5.4096      0.0000       0.0000 GIB_26
system/tile_prci_domain/tile_reset_domain_tile/fusion/fgra/fgra/cggibs_26/cfg     390.4320     0.0      60.6816    329.7504       0.0000 ConfigMem_56_10
system/tile_prci_domain/tile_reset_domain_tile/fusion/fgra/fgra/cggibs_26/mux     123.4800     0.0     123.4800      0.0000       0.0000 Muxn_159_68
system/tile_prci_domain/tile_reset_domain_tile/fusion/fgra/fgra/cggibs_26/mux_1     111.4848     0.0     111.4848      0.0000       0.0000 Muxn_159_67
system/tile_prci_domain/tile_reset_domain_tile/fusion/fgra/fgra/cggibs_26/mux_10     204.1536     0.0     204.1536      0.0000       0.0000 Muxn_36_41
system/tile_prci_domain/tile_reset_domain_tile/fusion/fgra/fgra/cggibs_26/mux_11     276.3600     0.0     276.3600      0.0000       0.0000 Muxn_36_40
system/tile_prci_domain/tile_reset_domain_tile/fusion/fgra/fgra/cggibs_26/mux_2     157.1136     0.0     157.1136      0.0000       0.0000 Muxn_161_41
system/tile_prci_domain/tile_reset_domain_tile/fusion/fgra/fgra/cggibs_26/mux_3      79.0272     0.0      79.0272      0.0000       0.0000 Muxn_52
system/tile_prci_domain/tile_reset_domain_tile/fusion/fgra/fgra/cggibs_26/mux_4     118.0704     0.0     118.0704      0.0000       0.0000 Muxn_159_66
system/tile_prci_domain/tile_reset_domain_tile/fusion/fgra/fgra/cggibs_26/mux_5     115.7184     0.0     115.7184      0.0000       0.0000 Muxn_159_65
system/tile_prci_domain/tile_reset_domain_tile/fusion/fgra/fgra/cggibs_26/mux_6     155.7024     0.0     155.7024      0.0000       0.0000 Muxn_161_40
system/tile_prci_domain/tile_reset_domain_tile/fusion/fgra/fgra/cggibs_26/mux_7      78.5568     0.0      78.5568      0.0000       0.0000 Muxn_51
system/tile_prci_domain/tile_reset_domain_tile/fusion/fgra/fgra/cggibs_26/mux_8     283.8864     0.0     283.8864      0.0000       0.0000 Muxn_36_43
system/tile_prci_domain/tile_reset_domain_tile/fusion/fgra/fgra/cggibs_26/mux_9     247.4304     0.0     247.4304      0.0000       0.0000 Muxn_36_42
system/tile_prci_domain/tile_reset_domain_tile/fusion/fgra/fgra/cggibs_27     977.2560     0.0     115.9536    452.5248       0.0000 GIB_27
system/tile_prci_domain/tile_reset_domain_tile/fusion/fgra/fgra/cggibs_27/cfg      43.5120     0.0      15.2880     28.2240       0.0000 ConfigMem_55_7
system/tile_prci_domain/tile_reset_domain_tile/fusion/fgra/fgra/cggibs_27/mux      82.0848     0.0      82.0848      0.0000       0.0000 Muxn_50
system/tile_prci_domain/tile_reset_domain_tile/fusion/fgra/fgra/cggibs_27/mux_1      78.0864     0.0      78.0864      0.0000       0.0000 Muxn_49
system/tile_prci_domain/tile_reset_domain_tile/fusion/fgra/fgra/cggibs_27/mux_2     102.5472     0.0     102.5472      0.0000       0.0000 Muxn_159_64
system/tile_prci_domain/tile_reset_domain_tile/fusion/fgra/fgra/cggibs_27/mux_3     102.5472     0.0     102.5472      0.0000       0.0000 Muxn_159_63
system/tile_prci_domain/tile_reset_domain_tile/fusion/fgra/fgra/cggibs_28     617.6352     0.0     105.3696      0.0000       0.0000 GIB_28
system/tile_prci_domain/tile_reset_domain_tile/fusion/fgra/fgra/cggibs_28/cfg      99.2544     0.0      14.5824     84.6720       0.0000 ConfigMem_55_6
system/tile_prci_domain/tile_reset_domain_tile/fusion/fgra/fgra/cggibs_28/mux      79.4976     0.0      79.4976      0.0000       0.0000 Muxn_48
system/tile_prci_domain/tile_reset_domain_tile/fusion/fgra/fgra/cggibs_28/mux_1     128.1840     0.0     128.1840      0.0000       0.0000 Muxn_159_62
system/tile_prci_domain/tile_reset_domain_tile/fusion/fgra/fgra/cggibs_28/mux_2      80.9088     0.0      80.9088      0.0000       0.0000 Muxn_47
system/tile_prci_domain/tile_reset_domain_tile/fusion/fgra/fgra/cggibs_28/mux_3     124.4208     0.0     124.4208      0.0000       0.0000 Muxn_159_61
system/tile_prci_domain/tile_reset_domain_tile/fusion/fgra/fgra/cggibs_29    2710.2096     0.1      43.2768    602.1120       0.0000 GIB_29
system/tile_prci_domain/tile_reset_domain_tile/fusion/fgra/fgra/cggibs_29/cfg     229.7904     0.0      60.6816    169.1088       0.0000 ConfigMem_56_9
system/tile_prci_domain/tile_reset_domain_tile/fusion/fgra/fgra/cggibs_29/mux     126.3024     0.0     126.3024      0.0000       0.0000 Muxn_159_60
system/tile_prci_domain/tile_reset_domain_tile/fusion/fgra/fgra/cggibs_29/mux_1     116.6592     0.0     116.6592      0.0000       0.0000 Muxn_159_59
system/tile_prci_domain/tile_reset_domain_tile/fusion/fgra/fgra/cggibs_29/mux_10     204.1536     0.0     204.1536      0.0000       0.0000 Muxn_36_37
system/tile_prci_domain/tile_reset_domain_tile/fusion/fgra/fgra/cggibs_29/mux_11     204.1536     0.0     204.1536      0.0000       0.0000 Muxn_36_36
system/tile_prci_domain/tile_reset_domain_tile/fusion/fgra/fgra/cggibs_29/mux_2     181.3392     0.0     181.3392      0.0000       0.0000 Muxn_161_39
system/tile_prci_domain/tile_reset_domain_tile/fusion/fgra/fgra/cggibs_29/mux_3      82.5552     0.0      82.5552      0.0000       0.0000 Muxn_46
system/tile_prci_domain/tile_reset_domain_tile/fusion/fgra/fgra/cggibs_29/mux_4     115.2480     0.0     115.2480      0.0000       0.0000 Muxn_159_58
system/tile_prci_domain/tile_reset_domain_tile/fusion/fgra/fgra/cggibs_29/mux_5     128.4192     0.0     128.4192      0.0000       0.0000 Muxn_159_57
system/tile_prci_domain/tile_reset_domain_tile/fusion/fgra/fgra/cggibs_29/mux_6     179.4576     0.0     179.4576      0.0000       0.0000 Muxn_161_38
system/tile_prci_domain/tile_reset_domain_tile/fusion/fgra/fgra/cggibs_29/mux_7      88.4352     0.0      88.4352      0.0000       0.0000 Muxn_45
system/tile_prci_domain/tile_reset_domain_tile/fusion/fgra/fgra/cggibs_29/mux_8     204.1536     0.0     204.1536      0.0000       0.0000 Muxn_36_39
system/tile_prci_domain/tile_reset_domain_tile/fusion/fgra/fgra/cggibs_29/mux_9     204.1536     0.0     204.1536      0.0000       0.0000 Muxn_36_38
system/tile_prci_domain/tile_reset_domain_tile/fusion/fgra/fgra/cggibs_3    1844.2032     0.1      61.6224    451.8192       0.0000 GIB_3
system/tile_prci_domain/tile_reset_domain_tile/fusion/fgra/fgra/cggibs_3/cfg     126.5376     0.0      38.8080     87.7296       0.0000 ConfigMem_49_7
system/tile_prci_domain/tile_reset_domain_tile/fusion/fgra/fgra/cggibs_3/mux     104.8992     0.0     104.8992      0.0000       0.0000 Muxn_159_143
system/tile_prci_domain/tile_reset_domain_tile/fusion/fgra/fgra/cggibs_3/mux_1     104.8992     0.0     104.8992      0.0000       0.0000 Muxn_159_142
system/tile_prci_domain/tile_reset_domain_tile/fusion/fgra/fgra/cggibs_3/mux_2     174.5184     0.0     174.5184      0.0000       0.0000 Muxn_161_81
system/tile_prci_domain/tile_reset_domain_tile/fusion/fgra/fgra/cggibs_3/mux_3      79.0272     0.0      79.0272      0.0000       0.0000 Muxn_102
system/tile_prci_domain/tile_reset_domain_tile/fusion/fgra/fgra/cggibs_3/mux_4      82.7904     0.0      82.7904      0.0000       0.0000 Muxn_101
system/tile_prci_domain/tile_reset_domain_tile/fusion/fgra/fgra/cggibs_3/mux_5      80.2032     0.0      80.2032      0.0000       0.0000 Muxn_100
system/tile_prci_domain/tile_reset_domain_tile/fusion/fgra/fgra/cggibs_3/mux_6     122.0688     0.0     122.0688      0.0000       0.0000 Muxn_159_141
system/tile_prci_domain/tile_reset_domain_tile/fusion/fgra/fgra/cggibs_3/mux_7     151.9392     0.0     151.9392      0.0000       0.0000 Muxn_161_80
system/tile_prci_domain/tile_reset_domain_tile/fusion/fgra/fgra/cggibs_3/mux_8     151.9392     0.0     151.9392      0.0000       0.0000 Muxn_161_79
system/tile_prci_domain/tile_reset_domain_tile/fusion/fgra/fgra/cggibs_3/mux_9     151.9392     0.0     151.9392      0.0000       0.0000 Muxn_161_78
system/tile_prci_domain/tile_reset_domain_tile/fusion/fgra/fgra/cggibs_30    2342.8272     0.1       5.4096      0.0000       0.0000 GIB_30
system/tile_prci_domain/tile_reset_domain_tile/fusion/fgra/fgra/cggibs_30/cfg     419.3616     0.0      60.6816    358.6800       0.0000 ConfigMem_56_8
system/tile_prci_domain/tile_reset_domain_tile/fusion/fgra/fgra/cggibs_30/mux     116.1888     0.0     116.1888      0.0000       0.0000 Muxn_159_56
system/tile_prci_domain/tile_reset_domain_tile/fusion/fgra/fgra/cggibs_30/mux_1     107.0160     0.0     107.0160      0.0000       0.0000 Muxn_159_55
system/tile_prci_domain/tile_reset_domain_tile/fusion/fgra/fgra/cggibs_30/mux_10     246.7248     0.0     246.7248      0.0000       0.0000 Muxn_36_33
system/tile_prci_domain/tile_reset_domain_tile/fusion/fgra/fgra/cggibs_30/mux_11     243.4320     0.0     243.4320      0.0000       0.0000 Muxn_36_32
system/tile_prci_domain/tile_reset_domain_tile/fusion/fgra/fgra/cggibs_30/mux_2     155.2320     0.0     155.2320      0.0000       0.0000 Muxn_161_37
system/tile_prci_domain/tile_reset_domain_tile/fusion/fgra/fgra/cggibs_30/mux_3      83.4960     0.0      83.4960      0.0000       0.0000 Muxn_44
system/tile_prci_domain/tile_reset_domain_tile/fusion/fgra/fgra/cggibs_30/mux_4     111.0144     0.0     111.0144      0.0000       0.0000 Muxn_159_54
system/tile_prci_domain/tile_reset_domain_tile/fusion/fgra/fgra/cggibs_30/mux_5     114.0720     0.0     114.0720      0.0000       0.0000 Muxn_159_53
system/tile_prci_domain/tile_reset_domain_tile/fusion/fgra/fgra/cggibs_30/mux_6     155.4672     0.0     155.4672      0.0000       0.0000 Muxn_161_36
system/tile_prci_domain/tile_reset_domain_tile/fusion/fgra/fgra/cggibs_30/mux_7      79.9680     0.0      79.9680      0.0000       0.0000 Muxn_43
system/tile_prci_domain/tile_reset_domain_tile/fusion/fgra/fgra/cggibs_30/mux_8     259.4256     0.0     259.4256      0.0000       0.0000 Muxn_36_35
system/tile_prci_domain/tile_reset_domain_tile/fusion/fgra/fgra/cggibs_30/mux_9     246.0192     0.0     246.0192      0.0000       0.0000 Muxn_36_34
system/tile_prci_domain/tile_reset_domain_tile/fusion/fgra/fgra/cggibs_31    2671.4016     0.1      31.9872    602.1120       0.0000 GIB_31
system/tile_prci_domain/tile_reset_domain_tile/fusion/fgra/fgra/cggibs_31/cfg     222.0288     0.0      60.6816    161.3472       0.0000 ConfigMem_56_7
system/tile_prci_domain/tile_reset_domain_tile/fusion/fgra/fgra/cggibs_31/mux     123.7152     0.0     123.7152      0.0000       0.0000 Muxn_159_52
system/tile_prci_domain/tile_reset_domain_tile/fusion/fgra/fgra/cggibs_31/mux_1     118.3056     0.0     118.3056      0.0000       0.0000 Muxn_159_51
system/tile_prci_domain/tile_reset_domain_tile/fusion/fgra/fgra/cggibs_31/mux_10     204.1536     0.0     204.1536      0.0000       0.0000 Muxn_36_29
system/tile_prci_domain/tile_reset_domain_tile/fusion/fgra/fgra/cggibs_31/mux_11     204.1536     0.0     204.1536      0.0000       0.0000 Muxn_36_28
system/tile_prci_domain/tile_reset_domain_tile/fusion/fgra/fgra/cggibs_31/mux_2     179.2224     0.0     179.2224      0.0000       0.0000 Muxn_161_35
system/tile_prci_domain/tile_reset_domain_tile/fusion/fgra/fgra/cggibs_31/mux_3      82.3200     0.0      82.3200      0.0000       0.0000 Muxn_42
system/tile_prci_domain/tile_reset_domain_tile/fusion/fgra/fgra/cggibs_31/mux_4     111.2496     0.0     111.2496      0.0000       0.0000 Muxn_159_50
system/tile_prci_domain/tile_reset_domain_tile/fusion/fgra/fgra/cggibs_31/mux_5     122.3040     0.0     122.3040      0.0000       0.0000 Muxn_159_49
system/tile_prci_domain/tile_reset_domain_tile/fusion/fgra/fgra/cggibs_31/mux_6     174.0480     0.0     174.0480      0.0000       0.0000 Muxn_161_34
system/tile_prci_domain/tile_reset_domain_tile/fusion/fgra/fgra/cggibs_31/mux_7      87.4944     0.0      87.4944      0.0000       0.0000 Muxn_41
system/tile_prci_domain/tile_reset_domain_tile/fusion/fgra/fgra/cggibs_31/mux_8     204.1536     0.0     204.1536      0.0000       0.0000 Muxn_36_31
system/tile_prci_domain/tile_reset_domain_tile/fusion/fgra/fgra/cggibs_31/mux_9     204.1536     0.0     204.1536      0.0000       0.0000 Muxn_36_30
system/tile_prci_domain/tile_reset_domain_tile/fusion/fgra/fgra/cggibs_32    2392.4544     0.1       5.1744      0.0000       0.0000 GIB_32
system/tile_prci_domain/tile_reset_domain_tile/fusion/fgra/fgra/cggibs_32/cfg     448.9968     0.0      60.6816    388.3152       0.0000 ConfigMem_56_6
system/tile_prci_domain/tile_reset_domain_tile/fusion/fgra/fgra/cggibs_32/mux     115.9536     0.0     115.9536      0.0000       0.0000 Muxn_159_48
system/tile_prci_domain/tile_reset_domain_tile/fusion/fgra/fgra/cggibs_32/mux_1     110.3088     0.0     110.3088      0.0000       0.0000 Muxn_159_47
system/tile_prci_domain/tile_reset_domain_tile/fusion/fgra/fgra/cggibs_32/mux_10     264.3648     0.0     264.3648      0.0000       0.0000 Muxn_36_25
system/tile_prci_domain/tile_reset_domain_tile/fusion/fgra/fgra/cggibs_32/mux_11     243.1968     0.0     243.1968      0.0000       0.0000 Muxn_36_24
system/tile_prci_domain/tile_reset_domain_tile/fusion/fgra/fgra/cggibs_32/mux_2     153.8208     0.0     153.8208      0.0000       0.0000 Muxn_161_33
system/tile_prci_domain/tile_reset_domain_tile/fusion/fgra/fgra/cggibs_32/mux_3      80.2032     0.0      80.2032      0.0000       0.0000 Muxn_40
system/tile_prci_domain/tile_reset_domain_tile/fusion/fgra/fgra/cggibs_32/mux_4     108.4272     0.0     108.4272      0.0000       0.0000 Muxn_159_46
system/tile_prci_domain/tile_reset_domain_tile/fusion/fgra/fgra/cggibs_32/mux_5     113.6016     0.0     113.6016      0.0000       0.0000 Muxn_159_45
system/tile_prci_domain/tile_reset_domain_tile/fusion/fgra/fgra/cggibs_32/mux_6     154.0560     0.0     154.0560      0.0000       0.0000 Muxn_161_32
system/tile_prci_domain/tile_reset_domain_tile/fusion/fgra/fgra/cggibs_32/mux_7      79.9680     0.0      79.9680      0.0000       0.0000 Muxn_39
system/tile_prci_domain/tile_reset_domain_tile/fusion/fgra/fgra/cggibs_32/mux_8     257.0736     0.0     257.0736      0.0000       0.0000 Muxn_36_27
system/tile_prci_domain/tile_reset_domain_tile/fusion/fgra/fgra/cggibs_32/mux_9     257.3088     0.0     257.3088      0.0000       0.0000 Muxn_36_26
system/tile_prci_domain/tile_reset_domain_tile/fusion/fgra/fgra/cggibs_33    2699.6256     0.1      38.3376    602.1120       0.0000 GIB_33
system/tile_prci_domain/tile_reset_domain_tile/fusion/fgra/fgra/cggibs_33/cfg     214.0320     0.0      60.6816    153.3504       0.0000 ConfigMem_56_5
system/tile_prci_domain/tile_reset_domain_tile/fusion/fgra/fgra/cggibs_33/mux     122.7744     0.0     122.7744      0.0000       0.0000 Muxn_159_44
system/tile_prci_domain/tile_reset_domain_tile/fusion/fgra/fgra/cggibs_33/mux_1     114.3072     0.0     114.3072      0.0000       0.0000 Muxn_159_43
system/tile_prci_domain/tile_reset_domain_tile/fusion/fgra/fgra/cggibs_33/mux_10     204.1536     0.0     204.1536      0.0000       0.0000 Muxn_36_21
system/tile_prci_domain/tile_reset_domain_tile/fusion/fgra/fgra/cggibs_33/mux_11     204.1536     0.0     204.1536      0.0000       0.0000 Muxn_36_20
system/tile_prci_domain/tile_reset_domain_tile/fusion/fgra/fgra/cggibs_33/mux_2     180.1632     0.0     180.1632      0.0000       0.0000 Muxn_161_31
system/tile_prci_domain/tile_reset_domain_tile/fusion/fgra/fgra/cggibs_33/mux_3      82.3200     0.0      82.3200      0.0000       0.0000 Muxn_37
system/tile_prci_domain/tile_reset_domain_tile/fusion/fgra/fgra/cggibs_33/mux_4     132.8880     0.0     132.8880      0.0000       0.0000 Muxn_159_42
system/tile_prci_domain/tile_reset_domain_tile/fusion/fgra/fgra/cggibs_33/mux_5     132.4176     0.0     132.4176      0.0000       0.0000 Muxn_159_41
system/tile_prci_domain/tile_reset_domain_tile/fusion/fgra/fgra/cggibs_33/mux_6     176.4000     0.0     176.4000      0.0000       0.0000 Muxn_161_30
system/tile_prci_domain/tile_reset_domain_tile/fusion/fgra/fgra/cggibs_33/mux_7      87.2592     0.0      87.2592      0.0000       0.0000 Muxn_35
system/tile_prci_domain/tile_reset_domain_tile/fusion/fgra/fgra/cggibs_33/mux_8     204.1536     0.0     204.1536      0.0000       0.0000 Muxn_36_23
system/tile_prci_domain/tile_reset_domain_tile/fusion/fgra/fgra/cggibs_33/mux_9     204.1536     0.0     204.1536      0.0000       0.0000 Muxn_36_22
system/tile_prci_domain/tile_reset_domain_tile/fusion/fgra/fgra/cggibs_34     615.7536     0.0     119.2464      0.0000       0.0000 GIB_34
system/tile_prci_domain/tile_reset_domain_tile/fusion/fgra/fgra/cggibs_34/cfg      92.4336     0.0      17.6400     74.7936       0.0000 ConfigMem_55_5
system/tile_prci_domain/tile_reset_domain_tile/fusion/fgra/fgra/cggibs_34/mux      78.3216     0.0      78.3216      0.0000       0.0000 Muxn_34
system/tile_prci_domain/tile_reset_domain_tile/fusion/fgra/fgra/cggibs_34/mux_1      83.4960     0.0      83.4960      0.0000       0.0000 Muxn_33
system/tile_prci_domain/tile_reset_domain_tile/fusion/fgra/fgra/cggibs_34/mux_2     115.4832     0.0     115.4832      0.0000       0.0000 Muxn_159_40
system/tile_prci_domain/tile_reset_domain_tile/fusion/fgra/fgra/cggibs_34/mux_3     126.7728     0.0     126.7728      0.0000       0.0000 Muxn_159_39
system/tile_prci_domain/tile_reset_domain_tile/fusion/fgra/fgra/cggibs_35     965.2608     0.0     105.3696    451.5840       0.0000 GIB_35
system/tile_prci_domain/tile_reset_domain_tile/fusion/fgra/fgra/cggibs_35/cfg      43.5120     0.0      15.2880     28.2240       0.0000 ConfigMem_55_4
system/tile_prci_domain/tile_reset_domain_tile/fusion/fgra/fgra/cggibs_35/mux      81.6144     0.0      81.6144      0.0000       0.0000 Muxn_32
system/tile_prci_domain/tile_reset_domain_tile/fusion/fgra/fgra/cggibs_35/mux_1     102.5472     0.0     102.5472      0.0000       0.0000 Muxn_159_38
system/tile_prci_domain/tile_reset_domain_tile/fusion/fgra/fgra/cggibs_35/mux_2      78.0864     0.0      78.0864      0.0000       0.0000 Muxn_31
system/tile_prci_domain/tile_reset_domain_tile/fusion/fgra/fgra/cggibs_35/mux_3     102.5472     0.0     102.5472      0.0000       0.0000 Muxn_159_37
system/tile_prci_domain/tile_reset_domain_tile/fusion/fgra/fgra/cggibs_36    2190.8880     0.1       6.5856      0.0000       0.0000 GIB_36
system/tile_prci_domain/tile_reset_domain_tile/fusion/fgra/fgra/cggibs_36/cfg     340.5696     0.0      60.6816    279.8880       0.0000 ConfigMem_56_4
system/tile_prci_domain/tile_reset_domain_tile/fusion/fgra/fgra/cggibs_36/mux     115.7184     0.0     115.7184      0.0000       0.0000 Muxn_159_36
system/tile_prci_domain/tile_reset_domain_tile/fusion/fgra/fgra/cggibs_36/mux_1     111.4848     0.0     111.4848      0.0000       0.0000 Muxn_159_35
system/tile_prci_domain/tile_reset_domain_tile/fusion/fgra/fgra/cggibs_36/mux_10     253.7808     0.0     253.7808      0.0000       0.0000 Muxn_36_17
system/tile_prci_domain/tile_reset_domain_tile/fusion/fgra/fgra/cggibs_36/mux_11     214.5024     0.0     214.5024      0.0000       0.0000 Muxn_36_16
system/tile_prci_domain/tile_reset_domain_tile/fusion/fgra/fgra/cggibs_36/mux_2     155.9376     0.0     155.9376      0.0000       0.0000 Muxn_161_29
system/tile_prci_domain/tile_reset_domain_tile/fusion/fgra/fgra/cggibs_36/mux_3      79.9680     0.0      79.9680      0.0000       0.0000 Muxn_30
system/tile_prci_domain/tile_reset_domain_tile/fusion/fgra/fgra/cggibs_36/mux_4     110.7792     0.0     110.7792      0.0000       0.0000 Muxn_159_34
system/tile_prci_domain/tile_reset_domain_tile/fusion/fgra/fgra/cggibs_36/mux_5     109.1328     0.0     109.1328      0.0000       0.0000 Muxn_159_33
system/tile_prci_domain/tile_reset_domain_tile/fusion/fgra/fgra/cggibs_36/mux_6     157.1136     0.0     157.1136      0.0000       0.0000 Muxn_161_28
system/tile_prci_domain/tile_reset_domain_tile/fusion/fgra/fgra/cggibs_36/mux_7      79.2624     0.0      79.2624      0.0000       0.0000 Muxn_29
system/tile_prci_domain/tile_reset_domain_tile/fusion/fgra/fgra/cggibs_36/mux_8     204.1536     0.0     204.1536      0.0000       0.0000 Muxn_36_19
system/tile_prci_domain/tile_reset_domain_tile/fusion/fgra/fgra/cggibs_36/mux_9     251.8992     0.0     251.8992      0.0000       0.0000 Muxn_36_18
system/tile_prci_domain/tile_reset_domain_tile/fusion/fgra/fgra/cggibs_37    2680.3392     0.1      18.8160    602.1120       0.0000 GIB_37
system/tile_prci_domain/tile_reset_domain_tile/fusion/fgra/fgra/cggibs_37/cfg     237.3168     0.0      60.6816    176.6352       0.0000 ConfigMem_56_3
system/tile_prci_domain/tile_reset_domain_tile/fusion/fgra/fgra/cggibs_37/mux     116.1888     0.0     116.1888      0.0000       0.0000 Muxn_159_32
system/tile_prci_domain/tile_reset_domain_tile/fusion/fgra/fgra/cggibs_37/mux_1     124.8912     0.0     124.8912      0.0000       0.0000 Muxn_159_31
system/tile_prci_domain/tile_reset_domain_tile/fusion/fgra/fgra/cggibs_37/mux_10     204.1536     0.0     204.1536      0.0000       0.0000 Muxn_36_13
system/tile_prci_domain/tile_reset_domain_tile/fusion/fgra/fgra/cggibs_37/mux_11     204.1536     0.0     204.1536      0.0000       0.0000 Muxn_36_12
system/tile_prci_domain/tile_reset_domain_tile/fusion/fgra/fgra/cggibs_37/mux_2     174.7536     0.0     174.7536      0.0000       0.0000 Muxn_161_27
system/tile_prci_domain/tile_reset_domain_tile/fusion/fgra/fgra/cggibs_37/mux_3      88.2000     0.0      88.2000      0.0000       0.0000 Muxn_28
system/tile_prci_domain/tile_reset_domain_tile/fusion/fgra/fgra/cggibs_37/mux_4     123.2448     0.0     123.2448      0.0000       0.0000 Muxn_159_30
system/tile_prci_domain/tile_reset_domain_tile/fusion/fgra/fgra/cggibs_37/mux_5     117.1296     0.0     117.1296      0.0000       0.0000 Muxn_159_29
system/tile_prci_domain/tile_reset_domain_tile/fusion/fgra/fgra/cggibs_37/mux_6     179.2224     0.0     179.2224      0.0000       0.0000 Muxn_161_26
system/tile_prci_domain/tile_reset_domain_tile/fusion/fgra/fgra/cggibs_37/mux_7      81.8496     0.0      81.8496      0.0000       0.0000 Muxn_27
system/tile_prci_domain/tile_reset_domain_tile/fusion/fgra/fgra/cggibs_37/mux_8     204.1536     0.0     204.1536      0.0000       0.0000 Muxn_36_15
system/tile_prci_domain/tile_reset_domain_tile/fusion/fgra/fgra/cggibs_37/mux_9     204.1536     0.0     204.1536      0.0000       0.0000 Muxn_36_14
system/tile_prci_domain/tile_reset_domain_tile/fusion/fgra/fgra/cggibs_38    2275.5600     0.1      13.6416      0.0000       0.0000 GIB_38
system/tile_prci_domain/tile_reset_domain_tile/fusion/fgra/fgra/cggibs_38/cfg     401.0160     0.0      60.6816    340.3344       0.0000 ConfigMem_56_2
system/tile_prci_domain/tile_reset_domain_tile/fusion/fgra/fgra/cggibs_38/mux     109.3680     0.0     109.3680      0.0000       0.0000 Muxn_159_28
system/tile_prci_domain/tile_reset_domain_tile/fusion/fgra/fgra/cggibs_38/mux_1     113.6016     0.0     113.6016      0.0000       0.0000 Muxn_159_27
system/tile_prci_domain/tile_reset_domain_tile/fusion/fgra/fgra/cggibs_38/mux_10     241.3152     0.0     241.3152      0.0000       0.0000 Muxn_36_9
system/tile_prci_domain/tile_reset_domain_tile/fusion/fgra/fgra/cggibs_38/mux_11     214.2672     0.0     214.2672      0.0000       0.0000 Muxn_36_8
system/tile_prci_domain/tile_reset_domain_tile/fusion/fgra/fgra/cggibs_38/mux_2     154.5264     0.0     154.5264      0.0000       0.0000 Muxn_161_25
system/tile_prci_domain/tile_reset_domain_tile/fusion/fgra/fgra/cggibs_38/mux_3      79.7328     0.0      79.7328      0.0000       0.0000 Muxn_26
system/tile_prci_domain/tile_reset_domain_tile/fusion/fgra/fgra/cggibs_38/mux_4     112.4256     0.0     112.4256      0.0000       0.0000 Muxn_159_26
system/tile_prci_domain/tile_reset_domain_tile/fusion/fgra/fgra/cggibs_38/mux_5     107.2512     0.0     107.2512      0.0000       0.0000 Muxn_159_25
system/tile_prci_domain/tile_reset_domain_tile/fusion/fgra/fgra/cggibs_38/mux_6     153.3504     0.0     153.3504      0.0000       0.0000 Muxn_161_24
system/tile_prci_domain/tile_reset_domain_tile/fusion/fgra/fgra/cggibs_38/mux_7      78.7920     0.0      78.7920      0.0000       0.0000 Muxn_25
system/tile_prci_domain/tile_reset_domain_tile/fusion/fgra/fgra/cggibs_38/mux_8     249.3120     0.0     249.3120      0.0000       0.0000 Muxn_36_11
system/tile_prci_domain/tile_reset_domain_tile/fusion/fgra/fgra/cggibs_38/mux_9     246.9600     0.0     246.9600      0.0000       0.0000 Muxn_36_10
system/tile_prci_domain/tile_reset_domain_tile/fusion/fgra/fgra/cggibs_39    2675.4000     0.1      15.5232    602.1120       0.0000 GIB_39
system/tile_prci_domain/tile_reset_domain_tile/fusion/fgra/fgra/cggibs_39/cfg     214.5024     0.0      60.6816    153.8208       0.0000 ConfigMem_56_1
system/tile_prci_domain/tile_reset_domain_tile/fusion/fgra/fgra/cggibs_39/mux     112.6608     0.0     112.6608      0.0000       0.0000 Muxn_159_24
system/tile_prci_domain/tile_reset_domain_tile/fusion/fgra/fgra/cggibs_39/mux_1     123.2448     0.0     123.2448      0.0000       0.0000 Muxn_159_23
system/tile_prci_domain/tile_reset_domain_tile/fusion/fgra/fgra/cggibs_39/mux_10     204.1536     0.0     204.1536      0.0000       0.0000 Muxn_36_5
system/tile_prci_domain/tile_reset_domain_tile/fusion/fgra/fgra/cggibs_39/mux_11     204.1536     0.0     204.1536      0.0000       0.0000 Muxn_36_4
system/tile_prci_domain/tile_reset_domain_tile/fusion/fgra/fgra/cggibs_39/mux_2     178.9872     0.0     178.9872      0.0000       0.0000 Muxn_161_23
system/tile_prci_domain/tile_reset_domain_tile/fusion/fgra/fgra/cggibs_39/mux_3      90.7872     0.0      90.7872      0.0000       0.0000 Muxn_24
system/tile_prci_domain/tile_reset_domain_tile/fusion/fgra/fgra/cggibs_39/mux_4     123.9504     0.0     123.9504      0.0000       0.0000 Muxn_159_22
system/tile_prci_domain/tile_reset_domain_tile/fusion/fgra/fgra/cggibs_39/mux_5     123.2448     0.0     123.2448      0.0000       0.0000 Muxn_159_21
system/tile_prci_domain/tile_reset_domain_tile/fusion/fgra/fgra/cggibs_39/mux_6     182.7504     0.0     182.7504      0.0000       0.0000 Muxn_161_22
system/tile_prci_domain/tile_reset_domain_tile/fusion/fgra/fgra/cggibs_39/mux_7      91.0224     0.0      91.0224      0.0000       0.0000 Muxn_23
system/tile_prci_domain/tile_reset_domain_tile/fusion/fgra/fgra/cggibs_39/mux_8     204.1536     0.0     204.1536      0.0000       0.0000 Muxn_36_7
system/tile_prci_domain/tile_reset_domain_tile/fusion/fgra/fgra/cggibs_39/mux_9     204.1536     0.0     204.1536      0.0000       0.0000 Muxn_36_6
system/tile_prci_domain/tile_reset_domain_tile/fusion/fgra/fgra/cggibs_4    1451.4192     0.0      45.1584      0.0000       0.0000 GIB_4
system/tile_prci_domain/tile_reset_domain_tile/fusion/fgra/fgra/cggibs_4/cfg     211.2096     0.0      38.8080    172.4016       0.0000 ConfigMem_49_6
system/tile_prci_domain/tile_reset_domain_tile/fusion/fgra/fgra/cggibs_4/mux     103.4880     0.0     103.4880      0.0000       0.0000 Muxn_159_140
system/tile_prci_domain/tile_reset_domain_tile/fusion/fgra/fgra/cggibs_4/mux_1     103.0176     0.0     103.0176      0.0000       0.0000 Muxn_159_139
system/tile_prci_domain/tile_reset_domain_tile/fusion/fgra/fgra/cggibs_4/mux_2     152.4096     0.0     152.4096      0.0000       0.0000 Muxn_161_77
system/tile_prci_domain/tile_reset_domain_tile/fusion/fgra/fgra/cggibs_4/mux_3      78.0864     0.0      78.0864      0.0000       0.0000 Muxn_99
system/tile_prci_domain/tile_reset_domain_tile/fusion/fgra/fgra/cggibs_4/mux_4      80.4384     0.0      80.4384      0.0000       0.0000 Muxn_98
system/tile_prci_domain/tile_reset_domain_tile/fusion/fgra/fgra/cggibs_4/mux_5      79.4976     0.0      79.4976      0.0000       0.0000 Muxn_97
system/tile_prci_domain/tile_reset_domain_tile/fusion/fgra/fgra/cggibs_4/mux_6     106.3104     0.0     106.3104      0.0000       0.0000 Muxn_159_138
system/tile_prci_domain/tile_reset_domain_tile/fusion/fgra/fgra/cggibs_4/mux_7     162.7584     0.0     162.7584      0.0000       0.0000 Muxn_161_76
system/tile_prci_domain/tile_reset_domain_tile/fusion/fgra/fgra/cggibs_4/mux_8     167.9328     0.0     167.9328      0.0000       0.0000 Muxn_161_75
system/tile_prci_domain/tile_reset_domain_tile/fusion/fgra/fgra/cggibs_4/mux_9     161.1120     0.0     161.1120      0.0000       0.0000 Muxn_161_74
system/tile_prci_domain/tile_reset_domain_tile/fusion/fgra/fgra/cggibs_40    2195.1216     0.1       5.4096      0.0000       0.0000 GIB_40
system/tile_prci_domain/tile_reset_domain_tile/fusion/fgra/fgra/cggibs_40/cfg     355.1520     0.0      60.6816    294.4704       0.0000 ConfigMem_56_0
system/tile_prci_domain/tile_reset_domain_tile/fusion/fgra/fgra/cggibs_40/mux     106.0752     0.0     106.0752      0.0000       0.0000 Muxn_159_20
system/tile_prci_domain/tile_reset_domain_tile/fusion/fgra/fgra/cggibs_40/mux_1     112.4256     0.0     112.4256      0.0000       0.0000 Muxn_159_19
system/tile_prci_domain/tile_reset_domain_tile/fusion/fgra/fgra/cggibs_40/mux_10     204.1536     0.0     204.1536      0.0000       0.0000 Muxn_36_1
system/tile_prci_domain/tile_reset_domain_tile/fusion/fgra/fgra/cggibs_40/mux_11     214.0320     0.0     214.0320      0.0000       0.0000 Muxn_36_0
system/tile_prci_domain/tile_reset_domain_tile/fusion/fgra/fgra/cggibs_40/mux_2     154.5264     0.0     154.5264      0.0000       0.0000 Muxn_161_21
system/tile_prci_domain/tile_reset_domain_tile/fusion/fgra/fgra/cggibs_40/mux_3      80.9088     0.0      80.9088      0.0000       0.0000 Muxn_22
system/tile_prci_domain/tile_reset_domain_tile/fusion/fgra/fgra/cggibs_40/mux_4     113.6016     0.0     113.6016      0.0000       0.0000 Muxn_159_18
system/tile_prci_domain/tile_reset_domain_tile/fusion/fgra/fgra/cggibs_40/mux_5     110.7792     0.0     110.7792      0.0000       0.0000 Muxn_159_17
system/tile_prci_domain/tile_reset_domain_tile/fusion/fgra/fgra/cggibs_40/mux_6     158.2896     0.0     158.2896      0.0000       0.0000 Muxn_161_20
system/tile_prci_domain/tile_reset_domain_tile/fusion/fgra/fgra/cggibs_40/mux_7      79.4976     0.0      79.4976      0.0000       0.0000 Muxn_21
system/tile_prci_domain/tile_reset_domain_tile/fusion/fgra/fgra/cggibs_40/mux_8     245.7840     0.0     245.7840      0.0000       0.0000 Muxn_36_3
system/tile_prci_domain/tile_reset_domain_tile/fusion/fgra/fgra/cggibs_40/mux_9     254.4864     0.0     254.4864      0.0000       0.0000 Muxn_36_2
system/tile_prci_domain/tile_reset_domain_tile/fusion/fgra/fgra/cggibs_41     971.6112     0.0     107.4864    451.5840       0.0000 GIB_41
system/tile_prci_domain/tile_reset_domain_tile/fusion/fgra/fgra/cggibs_41/cfg      51.2736     0.0      15.2880     35.9856       0.0000 ConfigMem_55_3
system/tile_prci_domain/tile_reset_domain_tile/fusion/fgra/fgra/cggibs_41/mux      78.0864     0.0      78.0864      0.0000       0.0000 Muxn_20
system/tile_prci_domain/tile_reset_domain_tile/fusion/fgra/fgra/cggibs_41/mux_1      78.0864     0.0      78.0864      0.0000       0.0000 Muxn_19
system/tile_prci_domain/tile_reset_domain_tile/fusion/fgra/fgra/cggibs_41/mux_2     102.5472     0.0     102.5472      0.0000       0.0000 Muxn_159_16
system/tile_prci_domain/tile_reset_domain_tile/fusion/fgra/fgra/cggibs_41/mux_3     102.5472     0.0     102.5472      0.0000       0.0000 Muxn_159_15
system/tile_prci_domain/tile_reset_domain_tile/fusion/fgra/fgra/cggibs_42     261.0720     0.0      73.1472      0.0000       0.0000 GIB_42
system/tile_prci_domain/tile_reset_domain_tile/fusion/fgra/fgra/cggibs_42/cfg      27.7536     0.0       5.6448     22.1088       0.0000 ConfigMem_54_2
system/tile_prci_domain/tile_reset_domain_tile/fusion/fgra/fgra/cggibs_42/mux      78.0864     0.0      78.0864      0.0000       0.0000 Muxn_18
system/tile_prci_domain/tile_reset_domain_tile/fusion/fgra/fgra/cggibs_42/mux_1      82.0848     0.0      82.0848      0.0000       0.0000 Muxn_17
system/tile_prci_domain/tile_reset_domain_tile/fusion/fgra/fgra/cggibs_43    1852.9056     0.1      39.5136    451.5840       0.0000 GIB_43
system/tile_prci_domain/tile_reset_domain_tile/fusion/fgra/fgra/cggibs_43/cfg     149.8224     0.0      38.8080    111.0144       0.0000 ConfigMem_49_4
system/tile_prci_domain/tile_reset_domain_tile/fusion/fgra/fgra/cggibs_43/mux      87.9648     0.0      87.9648      0.0000       0.0000 Muxn_16
system/tile_prci_domain/tile_reset_domain_tile/fusion/fgra/fgra/cggibs_43/mux_1      91.9632     0.0      91.9632      0.0000       0.0000 Muxn_15
system/tile_prci_domain/tile_reset_domain_tile/fusion/fgra/fgra/cggibs_43/mux_2     113.8368     0.0     113.8368      0.0000       0.0000 Muxn_159_14
system/tile_prci_domain/tile_reset_domain_tile/fusion/fgra/fgra/cggibs_43/mux_3     104.8992     0.0     104.8992      0.0000       0.0000 Muxn_159_13
system/tile_prci_domain/tile_reset_domain_tile/fusion/fgra/fgra/cggibs_43/mux_4     104.8992     0.0     104.8992      0.0000       0.0000 Muxn_159_12
system/tile_prci_domain/tile_reset_domain_tile/fusion/fgra/fgra/cggibs_43/mux_5     174.5184     0.0     174.5184      0.0000       0.0000 Muxn_161_19
system/tile_prci_domain/tile_reset_domain_tile/fusion/fgra/fgra/cggibs_43/mux_6      78.0864     0.0      78.0864      0.0000       0.0000 Muxn_14
system/tile_prci_domain/tile_reset_domain_tile/fusion/fgra/fgra/cggibs_43/mux_7     151.9392     0.0     151.9392      0.0000       0.0000 Muxn_161_18
system/tile_prci_domain/tile_reset_domain_tile/fusion/fgra/fgra/cggibs_43/mux_8     151.9392     0.0     151.9392      0.0000       0.0000 Muxn_161_17
system/tile_prci_domain/tile_reset_domain_tile/fusion/fgra/fgra/cggibs_43/mux_9     151.9392     0.0     151.9392      0.0000       0.0000 Muxn_161_16
system/tile_prci_domain/tile_reset_domain_tile/fusion/fgra/fgra/cggibs_44    1467.1776     0.0      38.8080      0.0000       0.0000 GIB_44
system/tile_prci_domain/tile_reset_domain_tile/fusion/fgra/fgra/cggibs_44/cfg     221.0880     0.0      38.8080    182.2800       0.0000 ConfigMem_49_3
system/tile_prci_domain/tile_reset_domain_tile/fusion/fgra/fgra/cggibs_44/mux      78.0864     0.0      78.0864      0.0000       0.0000 Muxn_13
system/tile_prci_domain/tile_reset_domain_tile/fusion/fgra/fgra/cggibs_44/mux_1      78.3216     0.0      78.3216      0.0000       0.0000 Muxn_12
system/tile_prci_domain/tile_reset_domain_tile/fusion/fgra/fgra/cggibs_44/mux_2     118.0704     0.0     118.0704      0.0000       0.0000 Muxn_159_11
system/tile_prci_domain/tile_reset_domain_tile/fusion/fgra/fgra/cggibs_44/mux_3     104.8992     0.0     104.8992      0.0000       0.0000 Muxn_159_10
system/tile_prci_domain/tile_reset_domain_tile/fusion/fgra/fgra/cggibs_44/mux_4     104.4288     0.0     104.4288      0.0000       0.0000 Muxn_159_9
system/tile_prci_domain/tile_reset_domain_tile/fusion/fgra/fgra/cggibs_44/mux_5     152.4096     0.0     152.4096      0.0000       0.0000 Muxn_161_15
system/tile_prci_domain/tile_reset_domain_tile/fusion/fgra/fgra/cggibs_44/mux_6      78.0864     0.0      78.0864      0.0000       0.0000 Muxn_11
system/tile_prci_domain/tile_reset_domain_tile/fusion/fgra/fgra/cggibs_44/mux_7     169.1088     0.0     169.1088      0.0000       0.0000 Muxn_161_14
system/tile_prci_domain/tile_reset_domain_tile/fusion/fgra/fgra/cggibs_44/mux_8     161.1120     0.0     161.1120      0.0000       0.0000 Muxn_161_13
system/tile_prci_domain/tile_reset_domain_tile/fusion/fgra/fgra/cggibs_44/mux_9     162.7584     0.0     162.7584      0.0000       0.0000 Muxn_161_12
system/tile_prci_domain/tile_reset_domain_tile/fusion/fgra/fgra/cggibs_45    1831.5024     0.1      42.1008    451.5840       0.0000 GIB_45
system/tile_prci_domain/tile_reset_domain_tile/fusion/fgra/fgra/cggibs_45/cfg     142.0608     0.0      38.8080    103.2528       0.0000 ConfigMem_49_2
system/tile_prci_domain/tile_reset_domain_tile/fusion/fgra/fgra/cggibs_45/mux      84.2016     0.0      84.2016      0.0000       0.0000 Muxn_10
system/tile_prci_domain/tile_reset_domain_tile/fusion/fgra/fgra/cggibs_45/mux_1      81.1440     0.0      81.1440      0.0000       0.0000 Muxn_9
system/tile_prci_domain/tile_reset_domain_tile/fusion/fgra/fgra/cggibs_45/mux_2     112.1904     0.0     112.1904      0.0000       0.0000 Muxn_159_8
system/tile_prci_domain/tile_reset_domain_tile/fusion/fgra/fgra/cggibs_45/mux_3     104.8992     0.0     104.8992      0.0000       0.0000 Muxn_159_7
system/tile_prci_domain/tile_reset_domain_tile/fusion/fgra/fgra/cggibs_45/mux_4     104.8992     0.0     104.8992      0.0000       0.0000 Muxn_159_6
system/tile_prci_domain/tile_reset_domain_tile/fusion/fgra/fgra/cggibs_45/mux_5     174.5184     0.0     174.5184      0.0000       0.0000 Muxn_161_11
system/tile_prci_domain/tile_reset_domain_tile/fusion/fgra/fgra/cggibs_45/mux_6      78.0864     0.0      78.0864      0.0000       0.0000 Muxn_8
system/tile_prci_domain/tile_reset_domain_tile/fusion/fgra/fgra/cggibs_45/mux_7     151.9392     0.0     151.9392      0.0000       0.0000 Muxn_161_10
system/tile_prci_domain/tile_reset_domain_tile/fusion/fgra/fgra/cggibs_45/mux_8     151.9392     0.0     151.9392      0.0000       0.0000 Muxn_161_9
system/tile_prci_domain/tile_reset_domain_tile/fusion/fgra/fgra/cggibs_45/mux_9     151.9392     0.0     151.9392      0.0000       0.0000 Muxn_161_8
system/tile_prci_domain/tile_reset_domain_tile/fusion/fgra/fgra/cggibs_46    1447.4208     0.0      38.3376      0.0000       0.0000 GIB_46
system/tile_prci_domain/tile_reset_domain_tile/fusion/fgra/fgra/cggibs_46/cfg     206.2704     0.0      38.8080    167.4624       0.0000 ConfigMem_49_1
system/tile_prci_domain/tile_reset_domain_tile/fusion/fgra/fgra/cggibs_46/mux      79.9680     0.0      79.9680      0.0000       0.0000 Muxn_7
system/tile_prci_domain/tile_reset_domain_tile/fusion/fgra/fgra/cggibs_46/mux_1      80.4384     0.0      80.4384      0.0000       0.0000 Muxn_6
system/tile_prci_domain/tile_reset_domain_tile/fusion/fgra/fgra/cggibs_46/mux_2     107.2512     0.0     107.2512      0.0000       0.0000 Muxn_159_5
system/tile_prci_domain/tile_reset_domain_tile/fusion/fgra/fgra/cggibs_46/mux_3     103.4880     0.0     103.4880      0.0000       0.0000 Muxn_159_4
system/tile_prci_domain/tile_reset_domain_tile/fusion/fgra/fgra/cggibs_46/mux_4     103.0176     0.0     103.0176      0.0000       0.0000 Muxn_159_3
system/tile_prci_domain/tile_reset_domain_tile/fusion/fgra/fgra/cggibs_46/mux_5     152.4096     0.0     152.4096      0.0000       0.0000 Muxn_161_7
system/tile_prci_domain/tile_reset_domain_tile/fusion/fgra/fgra/cggibs_46/mux_6      78.0864     0.0      78.0864      0.0000       0.0000 Muxn_5
system/tile_prci_domain/tile_reset_domain_tile/fusion/fgra/fgra/cggibs_46/mux_7     168.1680     0.0     168.1680      0.0000       0.0000 Muxn_161_6
system/tile_prci_domain/tile_reset_domain_tile/fusion/fgra/fgra/cggibs_46/mux_8     164.6400     0.0     164.6400      0.0000       0.0000 Muxn_161_5
system/tile_prci_domain/tile_reset_domain_tile/fusion/fgra/fgra/cggibs_46/mux_9     165.3456     0.0     165.3456      0.0000       0.0000 Muxn_161_4
system/tile_prci_domain/tile_reset_domain_tile/fusion/fgra/fgra/cggibs_47    1839.4992     0.1      36.6912    451.5840       0.0000 GIB_47
system/tile_prci_domain/tile_reset_domain_tile/fusion/fgra/fgra/cggibs_47/cfg     148.8816     0.0      37.8672    111.0144       0.0000 ConfigMem_49_0
system/tile_prci_domain/tile_reset_domain_tile/fusion/fgra/fgra/cggibs_47/mux      80.4384     0.0      80.4384      0.0000       0.0000 Muxn_4
system/tile_prci_domain/tile_reset_domain_tile/fusion/fgra/fgra/cggibs_47/mux_1      79.9680     0.0      79.9680      0.0000       0.0000 Muxn_3
system/tile_prci_domain/tile_reset_domain_tile/fusion/fgra/fgra/cggibs_47/mux_2     123.9504     0.0     123.9504      0.0000       0.0000 Muxn_159_2
system/tile_prci_domain/tile_reset_domain_tile/fusion/fgra/fgra/cggibs_47/mux_3     104.8992     0.0     104.8992      0.0000       0.0000 Muxn_159_1
system/tile_prci_domain/tile_reset_domain_tile/fusion/fgra/fgra/cggibs_47/mux_4     104.8992     0.0     104.8992      0.0000       0.0000 Muxn_159_0
system/tile_prci_domain/tile_reset_domain_tile/fusion/fgra/fgra/cggibs_47/mux_5     174.2832     0.0     174.2832      0.0000       0.0000 Muxn_161_3
system/tile_prci_domain/tile_reset_domain_tile/fusion/fgra/fgra/cggibs_47/mux_6      78.0864     0.0      78.0864      0.0000       0.0000 Muxn_1
system/tile_prci_domain/tile_reset_domain_tile/fusion/fgra/fgra/cggibs_47/mux_7     151.9392     0.0     151.9392      0.0000       0.0000 Muxn_161_2
system/tile_prci_domain/tile_reset_domain_tile/fusion/fgra/fgra/cggibs_47/mux_8     151.9392     0.0     151.9392      0.0000       0.0000 Muxn_161_1
system/tile_prci_domain/tile_reset_domain_tile/fusion/fgra/fgra/cggibs_47/mux_9     151.9392     0.0     151.9392      0.0000       0.0000 Muxn_161_0
system/tile_prci_domain/tile_reset_domain_tile/fusion/fgra/fgra/cggibs_48     226.0272     0.0     126.0672      0.0000       0.0000 GIB_48
system/tile_prci_domain/tile_reset_domain_tile/fusion/fgra/fgra/cggibs_48/cfg      20.2272     0.0       2.8224     17.4048       0.0000 ConfigMem_48_2
system/tile_prci_domain/tile_reset_domain_tile/fusion/fgra/fgra/cggibs_48/mux      79.7328     0.0      79.7328      0.0000       0.0000 Muxn_0
system/tile_prci_domain/tile_reset_domain_tile/fusion/fgra/fgra/cggibs_5    1836.6768     0.1      38.1024    451.5840       0.0000 GIB_5
system/tile_prci_domain/tile_reset_domain_tile/fusion/fgra/fgra/cggibs_5/cfg     142.0608     0.0      38.8080    103.2528       0.0000 ConfigMem_49_5
system/tile_prci_domain/tile_reset_domain_tile/fusion/fgra/fgra/cggibs_5/mux     104.8992     0.0     104.8992      0.0000       0.0000 Muxn_159_137
system/tile_prci_domain/tile_reset_domain_tile/fusion/fgra/fgra/cggibs_5/mux_1     104.8992     0.0     104.8992      0.0000       0.0000 Muxn_159_136
system/tile_prci_domain/tile_reset_domain_tile/fusion/fgra/fgra/cggibs_5/mux_2     174.5184     0.0     174.5184      0.0000       0.0000 Muxn_161_73
system/tile_prci_domain/tile_reset_domain_tile/fusion/fgra/fgra/cggibs_5/mux_3      78.0864     0.0      78.0864      0.0000       0.0000 Muxn_96
system/tile_prci_domain/tile_reset_domain_tile/fusion/fgra/fgra/cggibs_5/mux_4      89.1408     0.0      89.1408      0.0000       0.0000 Muxn_95
system/tile_prci_domain/tile_reset_domain_tile/fusion/fgra/fgra/cggibs_5/mux_5      87.9648     0.0      87.9648      0.0000       0.0000 Muxn_94
system/tile_prci_domain/tile_reset_domain_tile/fusion/fgra/fgra/cggibs_5/mux_6     109.6032     0.0     109.6032      0.0000       0.0000 Muxn_159_135
system/tile_prci_domain/tile_reset_domain_tile/fusion/fgra/fgra/cggibs_5/mux_7     151.9392     0.0     151.9392      0.0000       0.0000 Muxn_161_72
system/tile_prci_domain/tile_reset_domain_tile/fusion/fgra/fgra/cggibs_5/mux_8     151.9392     0.0     151.9392      0.0000       0.0000 Muxn_161_71
system/tile_prci_domain/tile_reset_domain_tile/fusion/fgra/fgra/cggibs_5/mux_9     151.9392     0.0     151.9392      0.0000       0.0000 Muxn_161_70
system/tile_prci_domain/tile_reset_domain_tile/fusion/fgra/fgra/cggibs_6     258.4848     0.0      73.1472      0.0000       0.0000 GIB_6
system/tile_prci_domain/tile_reset_domain_tile/fusion/fgra/fgra/cggibs_6/cfg      27.7536     0.0       5.6448     22.1088       0.0000 ConfigMem_54_3
system/tile_prci_domain/tile_reset_domain_tile/fusion/fgra/fgra/cggibs_6/mux      78.0864     0.0      78.0864      0.0000       0.0000 Muxn_93
system/tile_prci_domain/tile_reset_domain_tile/fusion/fgra/fgra/cggibs_6/mux_1      79.4976     0.0      79.4976      0.0000       0.0000 Muxn_92
system/tile_prci_domain/tile_reset_domain_tile/fusion/fgra/fgra/cggibs_7     975.1392     0.0     111.0144    451.5840       0.0000 GIB_7
system/tile_prci_domain/tile_reset_domain_tile/fusion/fgra/fgra/cggibs_7/cfg      51.2736     0.0      15.2880     35.9856       0.0000 ConfigMem_55_12
system/tile_prci_domain/tile_reset_domain_tile/fusion/fgra/fgra/cggibs_7/mux      78.0864     0.0      78.0864      0.0000       0.0000 Muxn_91
system/tile_prci_domain/tile_reset_domain_tile/fusion/fgra/fgra/cggibs_7/mux_1     102.5472     0.0     102.5472      0.0000       0.0000 Muxn_159_134
system/tile_prci_domain/tile_reset_domain_tile/fusion/fgra/fgra/cggibs_7/mux_2      78.0864     0.0      78.0864      0.0000       0.0000 Muxn_90
system/tile_prci_domain/tile_reset_domain_tile/fusion/fgra/fgra/cggibs_7/mux_3     102.5472     0.0     102.5472      0.0000       0.0000 Muxn_159_133
system/tile_prci_domain/tile_reset_domain_tile/fusion/fgra/fgra/cggibs_8    2240.5152     0.1       7.9968      0.0000       0.0000 GIB_8
system/tile_prci_domain/tile_reset_domain_tile/fusion/fgra/fgra/cggibs_8/cfg     367.8528     0.0      60.6816    307.1712       0.0000 ConfigMem_56_24
system/tile_prci_domain/tile_reset_domain_tile/fusion/fgra/fgra/cggibs_8/mux     113.1312     0.0     113.1312      0.0000       0.0000 Muxn_159_132
system/tile_prci_domain/tile_reset_domain_tile/fusion/fgra/fgra/cggibs_8/mux_1     112.1904     0.0     112.1904      0.0000       0.0000 Muxn_159_131
system/tile_prci_domain/tile_reset_domain_tile/fusion/fgra/fgra/cggibs_8/mux_10     249.0768     0.0     249.0768      0.0000       0.0000 Muxn_36_97
system/tile_prci_domain/tile_reset_domain_tile/fusion/fgra/fgra/cggibs_8/mux_11     279.8880     0.0     279.8880      0.0000       0.0000 Muxn_36_96
system/tile_prci_domain/tile_reset_domain_tile/fusion/fgra/fgra/cggibs_8/mux_2     156.6432     0.0     156.6432      0.0000       0.0000 Muxn_161_69
system/tile_prci_domain/tile_reset_domain_tile/fusion/fgra/fgra/cggibs_8/mux_3      78.5568     0.0      78.5568      0.0000       0.0000 Muxn_89
system/tile_prci_domain/tile_reset_domain_tile/fusion/fgra/fgra/cggibs_8/mux_4     117.1296     0.0     117.1296      0.0000       0.0000 Muxn_159_130
system/tile_prci_domain/tile_reset_domain_tile/fusion/fgra/fgra/cggibs_8/mux_5     109.1328     0.0     109.1328      0.0000       0.0000 Muxn_159_129
system/tile_prci_domain/tile_reset_domain_tile/fusion/fgra/fgra/cggibs_8/mux_6     152.6448     0.0     152.6448      0.0000       0.0000 Muxn_161_68
system/tile_prci_domain/tile_reset_domain_tile/fusion/fgra/fgra/cggibs_8/mux_7      79.4976     0.0      79.4976      0.0000       0.0000 Muxn_88
system/tile_prci_domain/tile_reset_domain_tile/fusion/fgra/fgra/cggibs_8/mux_8     204.1536     0.0     204.1536      0.0000       0.0000 Muxn_36_99
system/tile_prci_domain/tile_reset_domain_tile/fusion/fgra/fgra/cggibs_8/mux_9     212.6208     0.0     212.6208      0.0000       0.0000 Muxn_36_98
system/tile_prci_domain/tile_reset_domain_tile/fusion/fgra/fgra/cggibs_9    2695.1568     0.1      26.3424    602.1120       0.0000 GIB_9
system/tile_prci_domain/tile_reset_domain_tile/fusion/fgra/fgra/cggibs_9/cfg     252.8400     0.0      60.6816    192.1584       0.0000 ConfigMem_56_23
system/tile_prci_domain/tile_reset_domain_tile/fusion/fgra/fgra/cggibs_9/mux     125.1264     0.0     125.1264      0.0000       0.0000 Muxn_159_128
system/tile_prci_domain/tile_reset_domain_tile/fusion/fgra/fgra/cggibs_9/mux_1     114.5424     0.0     114.5424      0.0000       0.0000 Muxn_159_127
system/tile_prci_domain/tile_reset_domain_tile/fusion/fgra/fgra/cggibs_9/mux_10     204.1536     0.0     204.1536      0.0000       0.0000 Muxn_36_93
system/tile_prci_domain/tile_reset_domain_tile/fusion/fgra/fgra/cggibs_9/mux_11     204.1536     0.0     204.1536      0.0000       0.0000 Muxn_36_92
system/tile_prci_domain/tile_reset_domain_tile/fusion/fgra/fgra/cggibs_9/mux_2     180.6336     0.0     180.6336      0.0000       0.0000 Muxn_161_67
system/tile_prci_domain/tile_reset_domain_tile/fusion/fgra/fgra/cggibs_9/mux_3      82.5552     0.0      82.5552      0.0000       0.0000 Muxn_87
system/tile_prci_domain/tile_reset_domain_tile/fusion/fgra/fgra/cggibs_9/mux_4     120.1872     0.0     120.1872      0.0000       0.0000 Muxn_159_126
system/tile_prci_domain/tile_reset_domain_tile/fusion/fgra/fgra/cggibs_9/mux_5     113.6016     0.0     113.6016      0.0000       0.0000 Muxn_159_125
system/tile_prci_domain/tile_reset_domain_tile/fusion/fgra/fgra/cggibs_9/mux_6     178.2816     0.0     178.2816      0.0000       0.0000 Muxn_161_66
system/tile_prci_domain/tile_reset_domain_tile/fusion/fgra/fgra/cggibs_9/mux_7      82.3200     0.0      82.3200      0.0000       0.0000 Muxn_86
system/tile_prci_domain/tile_reset_domain_tile/fusion/fgra/fgra/cggibs_9/mux_8     204.1536     0.0     204.1536      0.0000       0.0000 Muxn_36_95
system/tile_prci_domain/tile_reset_domain_tile/fusion/fgra/fgra/cggibs_9/mux_9     204.1536     0.0     204.1536      0.0000       0.0000 Muxn_36_94
system/tile_prci_domain/tile_reset_domain_tile/fusion/fgra/fgra/fggibs_0      18.1104     0.0       8.2320      0.0000       0.0000 GIB_49
system/tile_prci_domain/tile_reset_domain_tile/fusion/fgra/fgra/fggibs_0/cfg       7.5264     0.0       2.8224      4.7040       0.0000 ConfigMem_48_1
system/tile_prci_domain/tile_reset_domain_tile/fusion/fgra/fgra/fggibs_0/mux       2.3520     0.0       2.3520      0.0000       0.0000 Muxn_2_93
system/tile_prci_domain/tile_reset_domain_tile/fusion/fgra/fgra/fggibs_1     161.3472     0.0       5.4096     14.1120       0.0000 GIB_50
system/tile_prci_domain/tile_reset_domain_tile/fusion/fgra/fgra/fggibs_1/cfg      97.3728     0.0      31.5168     65.8560       0.0000 ConfigMem_98_9
system/tile_prci_domain/tile_reset_domain_tile/fusion/fgra/fgra/fggibs_1/mux       5.8800     0.0       5.8800      0.0000       0.0000 Muxn_605_80
system/tile_prci_domain/tile_reset_domain_tile/fusion/fgra/fgra/fggibs_1/mux_1       5.8800     0.0       5.8800      0.0000       0.0000 Muxn_605_79
system/tile_prci_domain/tile_reset_domain_tile/fusion/fgra/fgra/fggibs_1/mux_2       7.5264     0.0       7.5264      0.0000       0.0000 Muxn_607_98
system/tile_prci_domain/tile_reset_domain_tile/fusion/fgra/fgra/fggibs_1/mux_3       7.5264     0.0       7.5264      0.0000       0.0000 Muxn_607_97
system/tile_prci_domain/tile_reset_domain_tile/fusion/fgra/fgra/fggibs_1/mux_4       5.8800     0.0       5.8800      0.0000       0.0000 Muxn_605_78
system/tile_prci_domain/tile_reset_domain_tile/fusion/fgra/fgra/fggibs_1/mux_5       5.8800     0.0       5.8800      0.0000       0.0000 Muxn_605_77
system/tile_prci_domain/tile_reset_domain_tile/fusion/fgra/fgra/fggibs_1/mux_6       5.8800     0.0       5.8800      0.0000       0.0000 Muxn_605_76
system/tile_prci_domain/tile_reset_domain_tile/fusion/fgra/fgra/fggibs_10     129.1248     0.0       5.1744      0.0000       0.0000 GIB_59
system/tile_prci_domain/tile_reset_domain_tile/fusion/fgra/fgra/fggibs_10/cfg      83.7312     0.0      27.2832     56.4480       0.0000 ConfigMem_105_2
system/tile_prci_domain/tile_reset_domain_tile/fusion/fgra/fgra/fggibs_10/mux       2.3520     0.0       2.3520      0.0000       0.0000 Muxn_2_86
system/tile_prci_domain/tile_reset_domain_tile/fusion/fgra/fgra/fggibs_10/mux_1       7.5264     0.0       7.5264      0.0000       0.0000 Muxn_607_83
system/tile_prci_domain/tile_reset_domain_tile/fusion/fgra/fgra/fggibs_10/mux_2       5.8800     0.0       5.8800      0.0000       0.0000 Muxn_605_51
system/tile_prci_domain/tile_reset_domain_tile/fusion/fgra/fgra/fggibs_10/mux_3       7.5264     0.0       7.5264      0.0000       0.0000 Muxn_607_82
system/tile_prci_domain/tile_reset_domain_tile/fusion/fgra/fgra/fggibs_10/mux_4       5.8800     0.0       5.8800      0.0000       0.0000 Muxn_605_50
system/tile_prci_domain/tile_reset_domain_tile/fusion/fgra/fgra/fggibs_10/mux_5      11.0544     0.0      11.0544      0.0000       0.0000 Muxn_650_38
system/tile_prci_domain/tile_reset_domain_tile/fusion/fgra/fgra/fggibs_11     147.9408     0.0       5.1744     18.8160       0.0000 GIB_60
system/tile_prci_domain/tile_reset_domain_tile/fusion/fgra/fgra/fggibs_11/cfg      83.7312     0.0      27.2832     56.4480       0.0000 ConfigMem_105_1
system/tile_prci_domain/tile_reset_domain_tile/fusion/fgra/fgra/fggibs_11/mux       2.3520     0.0       2.3520      0.0000       0.0000 Muxn_2_85
system/tile_prci_domain/tile_reset_domain_tile/fusion/fgra/fgra/fggibs_11/mux_1       7.5264     0.0       7.5264      0.0000       0.0000 Muxn_607_81
system/tile_prci_domain/tile_reset_domain_tile/fusion/fgra/fgra/fggibs_11/mux_2       5.8800     0.0       5.8800      0.0000       0.0000 Muxn_605_49
system/tile_prci_domain/tile_reset_domain_tile/fusion/fgra/fgra/fggibs_11/mux_3       7.5264     0.0       7.5264      0.0000       0.0000 Muxn_607_80
system/tile_prci_domain/tile_reset_domain_tile/fusion/fgra/fgra/fggibs_11/mux_4       5.8800     0.0       5.8800      0.0000       0.0000 Muxn_605_48
system/tile_prci_domain/tile_reset_domain_tile/fusion/fgra/fgra/fggibs_11/mux_5      11.0544     0.0      11.0544      0.0000       0.0000 Muxn_650_37
system/tile_prci_domain/tile_reset_domain_tile/fusion/fgra/fgra/fggibs_12     129.3600     0.0       5.4096      0.0000       0.0000 GIB_61
system/tile_prci_domain/tile_reset_domain_tile/fusion/fgra/fgra/fggibs_12/cfg      83.7312     0.0      27.2832     56.4480       0.0000 ConfigMem_105_0
system/tile_prci_domain/tile_reset_domain_tile/fusion/fgra/fgra/fggibs_12/mux       2.3520     0.0       2.3520      0.0000       0.0000 Muxn_2_84
system/tile_prci_domain/tile_reset_domain_tile/fusion/fgra/fgra/fggibs_12/mux_1       7.5264     0.0       7.5264      0.0000       0.0000 Muxn_607_79
system/tile_prci_domain/tile_reset_domain_tile/fusion/fgra/fgra/fggibs_12/mux_2       5.8800     0.0       5.8800      0.0000       0.0000 Muxn_605_47
system/tile_prci_domain/tile_reset_domain_tile/fusion/fgra/fgra/fggibs_12/mux_3       7.5264     0.0       7.5264      0.0000       0.0000 Muxn_607_78
system/tile_prci_domain/tile_reset_domain_tile/fusion/fgra/fgra/fggibs_12/mux_4       5.8800     0.0       5.8800      0.0000       0.0000 Muxn_605_46
system/tile_prci_domain/tile_reset_domain_tile/fusion/fgra/fgra/fggibs_12/mux_5      11.0544     0.0      11.0544      0.0000       0.0000 Muxn_650_36
system/tile_prci_domain/tile_reset_domain_tile/fusion/fgra/fgra/fggibs_13      61.8576     0.0       6.3504     14.1120       0.0000 GIB_62
system/tile_prci_domain/tile_reset_domain_tile/fusion/fgra/fgra/fggibs_13/cfg      29.1648     0.0      10.3488     18.8160       0.0000 ConfigMem_104_2
system/tile_prci_domain/tile_reset_domain_tile/fusion/fgra/fgra/fggibs_13/mux       2.3520     0.0       2.3520      0.0000       0.0000 Muxn_2_83
system/tile_prci_domain/tile_reset_domain_tile/fusion/fgra/fgra/fggibs_13/mux_1       2.3520     0.0       2.3520      0.0000       0.0000 Muxn_2_82
system/tile_prci_domain/tile_reset_domain_tile/fusion/fgra/fgra/fggibs_13/mux_2       7.5264     0.0       7.5264      0.0000       0.0000 Muxn_607_77
system/tile_prci_domain/tile_reset_domain_tile/fusion/fgra/fgra/fggibs_14      47.7456     0.0       7.9968      0.0000       0.0000 GIB_63
system/tile_prci_domain/tile_reset_domain_tile/fusion/fgra/fgra/fggibs_14/cfg      29.1648     0.0      10.3488     18.8160       0.0000 ConfigMem_104_1
system/tile_prci_domain/tile_reset_domain_tile/fusion/fgra/fgra/fggibs_14/mux       5.8800     0.0       5.8800      0.0000       0.0000 Muxn_605_45
system/tile_prci_domain/tile_reset_domain_tile/fusion/fgra/fgra/fggibs_14/mux_1       2.3520     0.0       2.3520      0.0000       0.0000 Muxn_2_81
system/tile_prci_domain/tile_reset_domain_tile/fusion/fgra/fgra/fggibs_14/mux_2       2.3520     0.0       2.3520      0.0000       0.0000 Muxn_2_80
system/tile_prci_domain/tile_reset_domain_tile/fusion/fgra/fgra/fggibs_15     224.8512     0.0       5.1744     18.8160       0.0000 GIB_64
system/tile_prci_domain/tile_reset_domain_tile/fusion/fgra/fgra/fggibs_15/cfg     133.3584     0.0      43.9824     89.3760       0.0000 ConfigMem_112_10
system/tile_prci_domain/tile_reset_domain_tile/fusion/fgra/fgra/fggibs_15/mux       2.3520     0.0       2.3520      0.0000       0.0000 Muxn_2_79
system/tile_prci_domain/tile_reset_domain_tile/fusion/fgra/fgra/fggibs_15/mux_1       2.3520     0.0       2.3520      0.0000       0.0000 Muxn_2_78
system/tile_prci_domain/tile_reset_domain_tile/fusion/fgra/fgra/fggibs_15/mux_2       2.3520     0.0       2.3520      0.0000       0.0000 Muxn_2_77
system/tile_prci_domain/tile_reset_domain_tile/fusion/fgra/fgra/fggibs_15/mux_3       7.5264     0.0       7.5264      0.0000       0.0000 Muxn_607_76
system/tile_prci_domain/tile_reset_domain_tile/fusion/fgra/fgra/fggibs_15/mux_4       7.5264     0.0       7.5264      0.0000       0.0000 Muxn_607_75
system/tile_prci_domain/tile_reset_domain_tile/fusion/fgra/fgra/fggibs_15/mux_5       2.3520     0.0       2.3520      0.0000       0.0000 Muxn_2_76
system/tile_prci_domain/tile_reset_domain_tile/fusion/fgra/fgra/fggibs_15/mux_6      11.0544     0.0      11.0544      0.0000       0.0000 Muxn_650_35
system/tile_prci_domain/tile_reset_domain_tile/fusion/fgra/fgra/fggibs_15/mux_7      13.4064     0.0      13.4064      0.0000       0.0000 Muxn_68_19
system/tile_prci_domain/tile_reset_domain_tile/fusion/fgra/fgra/fggibs_15/mux_8      11.0544     0.0      11.0544      0.0000       0.0000 Muxn_650_34
system/tile_prci_domain/tile_reset_domain_tile/fusion/fgra/fgra/fggibs_15/mux_9       7.5264     0.0       7.5264      0.0000       0.0000 Muxn_607_74
system/tile_prci_domain/tile_reset_domain_tile/fusion/fgra/fgra/fggibs_16     206.2704     0.0       5.4096      0.0000       0.0000 GIB_65
system/tile_prci_domain/tile_reset_domain_tile/fusion/fgra/fgra/fggibs_16/cfg     133.3584     0.0      43.9824     89.3760       0.0000 ConfigMem_112_9
system/tile_prci_domain/tile_reset_domain_tile/fusion/fgra/fgra/fggibs_16/mux       2.3520     0.0       2.3520      0.0000       0.0000 Muxn_2_75
system/tile_prci_domain/tile_reset_domain_tile/fusion/fgra/fgra/fggibs_16/mux_1       2.3520     0.0       2.3520      0.0000       0.0000 Muxn_2_74
system/tile_prci_domain/tile_reset_domain_tile/fusion/fgra/fgra/fggibs_16/mux_2       2.3520     0.0       2.3520      0.0000       0.0000 Muxn_2_73
system/tile_prci_domain/tile_reset_domain_tile/fusion/fgra/fgra/fggibs_16/mux_3       7.5264     0.0       7.5264      0.0000       0.0000 Muxn_607_73
system/tile_prci_domain/tile_reset_domain_tile/fusion/fgra/fgra/fggibs_16/mux_4       7.5264     0.0       7.5264      0.0000       0.0000 Muxn_607_72
system/tile_prci_domain/tile_reset_domain_tile/fusion/fgra/fgra/fggibs_16/mux_5       2.3520     0.0       2.3520      0.0000       0.0000 Muxn_2_72
system/tile_prci_domain/tile_reset_domain_tile/fusion/fgra/fgra/fggibs_16/mux_6      11.0544     0.0      11.0544      0.0000       0.0000 Muxn_650_33
system/tile_prci_domain/tile_reset_domain_tile/fusion/fgra/fgra/fggibs_16/mux_7      13.4064     0.0      13.4064      0.0000       0.0000 Muxn_68_18
system/tile_prci_domain/tile_reset_domain_tile/fusion/fgra/fgra/fggibs_16/mux_8      11.0544     0.0      11.0544      0.0000       0.0000 Muxn_650_32
system/tile_prci_domain/tile_reset_domain_tile/fusion/fgra/fgra/fggibs_16/mux_9       7.5264     0.0       7.5264      0.0000       0.0000 Muxn_607_71
system/tile_prci_domain/tile_reset_domain_tile/fusion/fgra/fgra/fggibs_17     224.8512     0.0       5.1744     18.8160       0.0000 GIB_66
system/tile_prci_domain/tile_reset_domain_tile/fusion/fgra/fgra/fggibs_17/cfg     133.3584     0.0      43.9824     89.3760       0.0000 ConfigMem_112_8
system/tile_prci_domain/tile_reset_domain_tile/fusion/fgra/fgra/fggibs_17/mux       2.3520     0.0       2.3520      0.0000       0.0000 Muxn_2_71
system/tile_prci_domain/tile_reset_domain_tile/fusion/fgra/fgra/fggibs_17/mux_1       2.3520     0.0       2.3520      0.0000       0.0000 Muxn_2_70
system/tile_prci_domain/tile_reset_domain_tile/fusion/fgra/fgra/fggibs_17/mux_2       2.3520     0.0       2.3520      0.0000       0.0000 Muxn_2_69
system/tile_prci_domain/tile_reset_domain_tile/fusion/fgra/fgra/fggibs_17/mux_3       7.5264     0.0       7.5264      0.0000       0.0000 Muxn_607_70
system/tile_prci_domain/tile_reset_domain_tile/fusion/fgra/fgra/fggibs_17/mux_4       7.5264     0.0       7.5264      0.0000       0.0000 Muxn_607_69
system/tile_prci_domain/tile_reset_domain_tile/fusion/fgra/fgra/fggibs_17/mux_5       2.3520     0.0       2.3520      0.0000       0.0000 Muxn_2_68
system/tile_prci_domain/tile_reset_domain_tile/fusion/fgra/fgra/fggibs_17/mux_6      11.0544     0.0      11.0544      0.0000       0.0000 Muxn_650_31
system/tile_prci_domain/tile_reset_domain_tile/fusion/fgra/fgra/fggibs_17/mux_7      13.4064     0.0      13.4064      0.0000       0.0000 Muxn_68_17
system/tile_prci_domain/tile_reset_domain_tile/fusion/fgra/fgra/fggibs_17/mux_8      11.0544     0.0      11.0544      0.0000       0.0000 Muxn_650_30
system/tile_prci_domain/tile_reset_domain_tile/fusion/fgra/fgra/fggibs_17/mux_9       7.5264     0.0       7.5264      0.0000       0.0000 Muxn_607_68
system/tile_prci_domain/tile_reset_domain_tile/fusion/fgra/fgra/fggibs_18     206.2704     0.0       5.4096      0.0000       0.0000 GIB_67
system/tile_prci_domain/tile_reset_domain_tile/fusion/fgra/fgra/fggibs_18/cfg     133.3584     0.0      43.9824     89.3760       0.0000 ConfigMem_112_7
system/tile_prci_domain/tile_reset_domain_tile/fusion/fgra/fgra/fggibs_18/mux       2.3520     0.0       2.3520      0.0000       0.0000 Muxn_2_67
system/tile_prci_domain/tile_reset_domain_tile/fusion/fgra/fgra/fggibs_18/mux_1       2.3520     0.0       2.3520      0.0000       0.0000 Muxn_2_66
system/tile_prci_domain/tile_reset_domain_tile/fusion/fgra/fgra/fggibs_18/mux_2       2.3520     0.0       2.3520      0.0000       0.0000 Muxn_2_65
system/tile_prci_domain/tile_reset_domain_tile/fusion/fgra/fgra/fggibs_18/mux_3       7.5264     0.0       7.5264      0.0000       0.0000 Muxn_607_67
system/tile_prci_domain/tile_reset_domain_tile/fusion/fgra/fgra/fggibs_18/mux_4       7.5264     0.0       7.5264      0.0000       0.0000 Muxn_607_66
system/tile_prci_domain/tile_reset_domain_tile/fusion/fgra/fgra/fggibs_18/mux_5       2.3520     0.0       2.3520      0.0000       0.0000 Muxn_2_64
system/tile_prci_domain/tile_reset_domain_tile/fusion/fgra/fgra/fggibs_18/mux_6      11.0544     0.0      11.0544      0.0000       0.0000 Muxn_650_29
system/tile_prci_domain/tile_reset_domain_tile/fusion/fgra/fgra/fggibs_18/mux_7      13.4064     0.0      13.4064      0.0000       0.0000 Muxn_68_16
system/tile_prci_domain/tile_reset_domain_tile/fusion/fgra/fgra/fggibs_18/mux_8      11.0544     0.0      11.0544      0.0000       0.0000 Muxn_650_28
system/tile_prci_domain/tile_reset_domain_tile/fusion/fgra/fgra/fggibs_18/mux_9       7.5264     0.0       7.5264      0.0000       0.0000 Muxn_607_65
system/tile_prci_domain/tile_reset_domain_tile/fusion/fgra/fgra/fggibs_19     225.0864     0.0       5.4096     18.8160       0.0000 GIB_68
system/tile_prci_domain/tile_reset_domain_tile/fusion/fgra/fgra/fggibs_19/cfg     133.3584     0.0      43.9824     89.3760       0.0000 ConfigMem_112_6
system/tile_prci_domain/tile_reset_domain_tile/fusion/fgra/fgra/fggibs_19/mux       2.3520     0.0       2.3520      0.0000       0.0000 Muxn_2_63
system/tile_prci_domain/tile_reset_domain_tile/fusion/fgra/fgra/fggibs_19/mux_1       2.3520     0.0       2.3520      0.0000       0.0000 Muxn_2_62
system/tile_prci_domain/tile_reset_domain_tile/fusion/fgra/fgra/fggibs_19/mux_2       2.3520     0.0       2.3520      0.0000       0.0000 Muxn_2_61
system/tile_prci_domain/tile_reset_domain_tile/fusion/fgra/fgra/fggibs_19/mux_3       7.5264     0.0       7.5264      0.0000       0.0000 Muxn_607_64
system/tile_prci_domain/tile_reset_domain_tile/fusion/fgra/fgra/fggibs_19/mux_4       7.5264     0.0       7.5264      0.0000       0.0000 Muxn_607_63
system/tile_prci_domain/tile_reset_domain_tile/fusion/fgra/fgra/fggibs_19/mux_5       2.3520     0.0       2.3520      0.0000       0.0000 Muxn_2_60
system/tile_prci_domain/tile_reset_domain_tile/fusion/fgra/fgra/fggibs_19/mux_6      11.0544     0.0      11.0544      0.0000       0.0000 Muxn_650_27
system/tile_prci_domain/tile_reset_domain_tile/fusion/fgra/fgra/fggibs_19/mux_7      13.4064     0.0      13.4064      0.0000       0.0000 Muxn_68_15
system/tile_prci_domain/tile_reset_domain_tile/fusion/fgra/fgra/fggibs_19/mux_8      11.0544     0.0      11.0544      0.0000       0.0000 Muxn_650_26
system/tile_prci_domain/tile_reset_domain_tile/fusion/fgra/fgra/fggibs_19/mux_9       7.5264     0.0       7.5264      0.0000       0.0000 Muxn_607_62
system/tile_prci_domain/tile_reset_domain_tile/fusion/fgra/fgra/fggibs_2     147.0000     0.0       5.1744      0.0000       0.0000 GIB_51
system/tile_prci_domain/tile_reset_domain_tile/fusion/fgra/fgra/fggibs_2/cfg      97.3728     0.0      31.5168     65.8560       0.0000 ConfigMem_98_8
system/tile_prci_domain/tile_reset_domain_tile/fusion/fgra/fgra/fggibs_2/mux       5.8800     0.0       5.8800      0.0000       0.0000 Muxn_605_75
system/tile_prci_domain/tile_reset_domain_tile/fusion/fgra/fgra/fggibs_2/mux_1       5.8800     0.0       5.8800      0.0000       0.0000 Muxn_605_74
system/tile_prci_domain/tile_reset_domain_tile/fusion/fgra/fgra/fggibs_2/mux_2       7.5264     0.0       7.5264      0.0000       0.0000 Muxn_607_96
system/tile_prci_domain/tile_reset_domain_tile/fusion/fgra/fgra/fggibs_2/mux_3       7.5264     0.0       7.5264      0.0000       0.0000 Muxn_607_95
system/tile_prci_domain/tile_reset_domain_tile/fusion/fgra/fgra/fggibs_2/mux_4       5.8800     0.0       5.8800      0.0000       0.0000 Muxn_605_73
system/tile_prci_domain/tile_reset_domain_tile/fusion/fgra/fgra/fggibs_2/mux_5       5.8800     0.0       5.8800      0.0000       0.0000 Muxn_605_72
system/tile_prci_domain/tile_reset_domain_tile/fusion/fgra/fgra/fggibs_2/mux_6       5.8800     0.0       5.8800      0.0000       0.0000 Muxn_605_71
system/tile_prci_domain/tile_reset_domain_tile/fusion/fgra/fgra/fggibs_20      47.9808     0.0       8.2320      0.0000       0.0000 GIB_69
system/tile_prci_domain/tile_reset_domain_tile/fusion/fgra/fgra/fggibs_20/cfg      29.1648     0.0      10.3488     18.8160       0.0000 ConfigMem_104_0
system/tile_prci_domain/tile_reset_domain_tile/fusion/fgra/fgra/fggibs_20/mux       2.3520     0.0       2.3520      0.0000       0.0000 Muxn_2_59
system/tile_prci_domain/tile_reset_domain_tile/fusion/fgra/fgra/fggibs_20/mux_1       5.8800     0.0       5.8800      0.0000       0.0000 Muxn_605_44
system/tile_prci_domain/tile_reset_domain_tile/fusion/fgra/fgra/fggibs_20/mux_2       2.3520     0.0       2.3520      0.0000       0.0000 Muxn_2_58
system/tile_prci_domain/tile_reset_domain_tile/fusion/fgra/fgra/fggibs_21      95.0208     0.0       7.9968     14.1120       0.0000 GIB_70
system/tile_prci_domain/tile_reset_domain_tile/fusion/fgra/fgra/fggibs_21/cfg      49.6272     0.0      16.6992     32.9280       0.0000 ConfigMem_118_2
system/tile_prci_domain/tile_reset_domain_tile/fusion/fgra/fgra/fggibs_21/mux       7.5264     0.0       7.5264      0.0000       0.0000 Muxn_607_61
system/tile_prci_domain/tile_reset_domain_tile/fusion/fgra/fgra/fggibs_21/mux_1       7.5264     0.0       7.5264      0.0000       0.0000 Muxn_607_60
system/tile_prci_domain/tile_reset_domain_tile/fusion/fgra/fgra/fggibs_21/mux_2       2.3520     0.0       2.3520      0.0000       0.0000 Muxn_2_57
system/tile_prci_domain/tile_reset_domain_tile/fusion/fgra/fgra/fggibs_21/mux_3       5.8800     0.0       5.8800      0.0000       0.0000 Muxn_605_43
system/tile_prci_domain/tile_reset_domain_tile/fusion/fgra/fgra/fggibs_22     237.7872     0.0       5.4096      0.0000       0.0000 GIB_71
system/tile_prci_domain/tile_reset_domain_tile/fusion/fgra/fgra/fggibs_22/cfg     155.9376     0.0      52.4496    103.4880       0.0000 ConfigMem_119_1
system/tile_prci_domain/tile_reset_domain_tile/fusion/fgra/fgra/fggibs_22/mux       2.3520     0.0       2.3520      0.0000       0.0000 Muxn_2_56
system/tile_prci_domain/tile_reset_domain_tile/fusion/fgra/fgra/fggibs_22/mux_1       7.5264     0.0       7.5264      0.0000       0.0000 Muxn_607_59
system/tile_prci_domain/tile_reset_domain_tile/fusion/fgra/fgra/fggibs_22/mux_10      13.4064     0.0      13.4064      0.0000       0.0000 Muxn_68_14
system/tile_prci_domain/tile_reset_domain_tile/fusion/fgra/fgra/fggibs_22/mux_2       2.3520     0.0       2.3520      0.0000       0.0000 Muxn_2_55
system/tile_prci_domain/tile_reset_domain_tile/fusion/fgra/fgra/fggibs_22/mux_3       5.8800     0.0       5.8800      0.0000       0.0000 Muxn_605_42
system/tile_prci_domain/tile_reset_domain_tile/fusion/fgra/fgra/fggibs_22/mux_4       2.3520     0.0       2.3520      0.0000       0.0000 Muxn_2_54
system/tile_prci_domain/tile_reset_domain_tile/fusion/fgra/fgra/fggibs_22/mux_5       7.5264     0.0       7.5264      0.0000       0.0000 Muxn_607_58
system/tile_prci_domain/tile_reset_domain_tile/fusion/fgra/fgra/fggibs_22/mux_6       5.8800     0.0       5.8800      0.0000       0.0000 Muxn_605_41
system/tile_prci_domain/tile_reset_domain_tile/fusion/fgra/fgra/fggibs_22/mux_7      11.0544     0.0      11.0544      0.0000       0.0000 Muxn_650_25
system/tile_prci_domain/tile_reset_domain_tile/fusion/fgra/fgra/fggibs_22/mux_8       5.8800     0.0       5.8800      0.0000       0.0000 Muxn_605_40
system/tile_prci_domain/tile_reset_domain_tile/fusion/fgra/fgra/fggibs_22/mux_9      12.2304     0.0      12.2304      0.0000       0.0000 Muxn_38_20
system/tile_prci_domain/tile_reset_domain_tile/fusion/fgra/fgra/fggibs_23     224.8512     0.0       5.1744     18.8160       0.0000 GIB_72
system/tile_prci_domain/tile_reset_domain_tile/fusion/fgra/fgra/fggibs_23/cfg     133.3584     0.0      43.9824     89.3760       0.0000 ConfigMem_112_5
system/tile_prci_domain/tile_reset_domain_tile/fusion/fgra/fgra/fggibs_23/mux       2.3520     0.0       2.3520      0.0000       0.0000 Muxn_2_53
system/tile_prci_domain/tile_reset_domain_tile/fusion/fgra/fgra/fggibs_23/mux_1       2.3520     0.0       2.3520      0.0000       0.0000 Muxn_2_52
system/tile_prci_domain/tile_reset_domain_tile/fusion/fgra/fgra/fggibs_23/mux_2       2.3520     0.0       2.3520      0.0000       0.0000 Muxn_2_51
system/tile_prci_domain/tile_reset_domain_tile/fusion/fgra/fgra/fggibs_23/mux_3       7.5264     0.0       7.5264      0.0000       0.0000 Muxn_607_57
system/tile_prci_domain/tile_reset_domain_tile/fusion/fgra/fgra/fggibs_23/mux_4       2.3520     0.0       2.3520      0.0000       0.0000 Muxn_2_50
system/tile_prci_domain/tile_reset_domain_tile/fusion/fgra/fgra/fggibs_23/mux_5       7.5264     0.0       7.5264      0.0000       0.0000 Muxn_607_56
system/tile_prci_domain/tile_reset_domain_tile/fusion/fgra/fgra/fggibs_23/mux_6      11.0544     0.0      11.0544      0.0000       0.0000 Muxn_650_24
system/tile_prci_domain/tile_reset_domain_tile/fusion/fgra/fgra/fggibs_23/mux_7       7.5264     0.0       7.5264      0.0000       0.0000 Muxn_607_55
system/tile_prci_domain/tile_reset_domain_tile/fusion/fgra/fgra/fggibs_23/mux_8      11.0544     0.0      11.0544      0.0000       0.0000 Muxn_650_23
system/tile_prci_domain/tile_reset_domain_tile/fusion/fgra/fgra/fggibs_23/mux_9      13.4064     0.0      13.4064      0.0000       0.0000 Muxn_68_13
system/tile_prci_domain/tile_reset_domain_tile/fusion/fgra/fgra/fggibs_24     206.2704     0.0       5.4096      0.0000       0.0000 GIB_73
system/tile_prci_domain/tile_reset_domain_tile/fusion/fgra/fgra/fggibs_24/cfg     133.3584     0.0      43.9824     89.3760       0.0000 ConfigMem_112_4
system/tile_prci_domain/tile_reset_domain_tile/fusion/fgra/fgra/fggibs_24/mux       2.3520     0.0       2.3520      0.0000       0.0000 Muxn_2_49
system/tile_prci_domain/tile_reset_domain_tile/fusion/fgra/fgra/fggibs_24/mux_1       2.3520     0.0       2.3520      0.0000       0.0000 Muxn_2_48
system/tile_prci_domain/tile_reset_domain_tile/fusion/fgra/fgra/fggibs_24/mux_2       2.3520     0.0       2.3520      0.0000       0.0000 Muxn_2_47
system/tile_prci_domain/tile_reset_domain_tile/fusion/fgra/fgra/fggibs_24/mux_3       7.5264     0.0       7.5264      0.0000       0.0000 Muxn_607_54
system/tile_prci_domain/tile_reset_domain_tile/fusion/fgra/fgra/fggibs_24/mux_4       2.3520     0.0       2.3520      0.0000       0.0000 Muxn_2_46
system/tile_prci_domain/tile_reset_domain_tile/fusion/fgra/fgra/fggibs_24/mux_5       7.5264     0.0       7.5264      0.0000       0.0000 Muxn_607_53
system/tile_prci_domain/tile_reset_domain_tile/fusion/fgra/fgra/fggibs_24/mux_6      11.0544     0.0      11.0544      0.0000       0.0000 Muxn_650_22
system/tile_prci_domain/tile_reset_domain_tile/fusion/fgra/fgra/fggibs_24/mux_7       7.5264     0.0       7.5264      0.0000       0.0000 Muxn_607_52
system/tile_prci_domain/tile_reset_domain_tile/fusion/fgra/fgra/fggibs_24/mux_8      11.0544     0.0      11.0544      0.0000       0.0000 Muxn_650_21
system/tile_prci_domain/tile_reset_domain_tile/fusion/fgra/fgra/fggibs_24/mux_9      13.4064     0.0      13.4064      0.0000       0.0000 Muxn_68_12
system/tile_prci_domain/tile_reset_domain_tile/fusion/fgra/fgra/fggibs_25     225.0864     0.0       5.4096     18.8160       0.0000 GIB_74
system/tile_prci_domain/tile_reset_domain_tile/fusion/fgra/fgra/fggibs_25/cfg     133.3584     0.0      43.9824     89.3760       0.0000 ConfigMem_112_3
system/tile_prci_domain/tile_reset_domain_tile/fusion/fgra/fgra/fggibs_25/mux       2.3520     0.0       2.3520      0.0000       0.0000 Muxn_2_45
system/tile_prci_domain/tile_reset_domain_tile/fusion/fgra/fgra/fggibs_25/mux_1       2.3520     0.0       2.3520      0.0000       0.0000 Muxn_2_44
system/tile_prci_domain/tile_reset_domain_tile/fusion/fgra/fgra/fggibs_25/mux_2       2.3520     0.0       2.3520      0.0000       0.0000 Muxn_2_43
system/tile_prci_domain/tile_reset_domain_tile/fusion/fgra/fgra/fggibs_25/mux_3       7.5264     0.0       7.5264      0.0000       0.0000 Muxn_607_51
system/tile_prci_domain/tile_reset_domain_tile/fusion/fgra/fgra/fggibs_25/mux_4       2.3520     0.0       2.3520      0.0000       0.0000 Muxn_2_42
system/tile_prci_domain/tile_reset_domain_tile/fusion/fgra/fgra/fggibs_25/mux_5       7.5264     0.0       7.5264      0.0000       0.0000 Muxn_607_50
system/tile_prci_domain/tile_reset_domain_tile/fusion/fgra/fgra/fggibs_25/mux_6      11.0544     0.0      11.0544      0.0000       0.0000 Muxn_650_20
system/tile_prci_domain/tile_reset_domain_tile/fusion/fgra/fgra/fggibs_25/mux_7       7.5264     0.0       7.5264      0.0000       0.0000 Muxn_607_49
system/tile_prci_domain/tile_reset_domain_tile/fusion/fgra/fgra/fggibs_25/mux_8      11.0544     0.0      11.0544      0.0000       0.0000 Muxn_650_19
system/tile_prci_domain/tile_reset_domain_tile/fusion/fgra/fgra/fggibs_25/mux_9      13.4064     0.0      13.4064      0.0000       0.0000 Muxn_68_11
system/tile_prci_domain/tile_reset_domain_tile/fusion/fgra/fgra/fggibs_26     252.8400     0.0       5.1744      0.0000       0.0000 GIB_75
system/tile_prci_domain/tile_reset_domain_tile/fusion/fgra/fgra/fggibs_26/cfg     163.2288     0.0      55.0368    108.1920       0.0000 ConfigMem_123_1
system/tile_prci_domain/tile_reset_domain_tile/fusion/fgra/fgra/fggibs_26/mux       7.5264     0.0       7.5264      0.0000       0.0000 Muxn_607_48
system/tile_prci_domain/tile_reset_domain_tile/fusion/fgra/fgra/fggibs_26/mux_1       2.3520     0.0       2.3520      0.0000       0.0000 Muxn_2_41
system/tile_prci_domain/tile_reset_domain_tile/fusion/fgra/fgra/fggibs_26/mux_10      13.4064     0.0      13.4064      0.0000       0.0000 Muxn_68_10
system/tile_prci_domain/tile_reset_domain_tile/fusion/fgra/fgra/fggibs_26/mux_2       2.3520     0.0       2.3520      0.0000       0.0000 Muxn_2_40
system/tile_prci_domain/tile_reset_domain_tile/fusion/fgra/fgra/fggibs_26/mux_3       7.5264     0.0       7.5264      0.0000       0.0000 Muxn_607_47
system/tile_prci_domain/tile_reset_domain_tile/fusion/fgra/fgra/fggibs_26/mux_4       2.3520     0.0       2.3520      0.0000       0.0000 Muxn_2_39
system/tile_prci_domain/tile_reset_domain_tile/fusion/fgra/fgra/fggibs_26/mux_5       7.5264     0.0       7.5264      0.0000       0.0000 Muxn_607_46
system/tile_prci_domain/tile_reset_domain_tile/fusion/fgra/fgra/fggibs_26/mux_6      12.2304     0.0      12.2304      0.0000       0.0000 Muxn_38_19
system/tile_prci_domain/tile_reset_domain_tile/fusion/fgra/fgra/fggibs_26/mux_7      12.2304     0.0      12.2304      0.0000       0.0000 Muxn_38_18
system/tile_prci_domain/tile_reset_domain_tile/fusion/fgra/fgra/fggibs_26/mux_8       5.8800     0.0       5.8800      0.0000       0.0000 Muxn_605_39
system/tile_prci_domain/tile_reset_domain_tile/fusion/fgra/fgra/fggibs_26/mux_9      11.0544     0.0      11.0544      0.0000       0.0000 Muxn_650_18
system/tile_prci_domain/tile_reset_domain_tile/fusion/fgra/fgra/fggibs_27      83.4960     0.0       8.4672     14.1120       0.0000 GIB_76
system/tile_prci_domain/tile_reset_domain_tile/fusion/fgra/fgra/fggibs_27/cfg      42.8064     0.0      14.5824     28.2240       0.0000 ConfigMem_55_2
system/tile_prci_domain/tile_reset_domain_tile/fusion/fgra/fgra/fggibs_27/mux       2.3520     0.0       2.3520      0.0000       0.0000 Muxn_2_38
system/tile_prci_domain/tile_reset_domain_tile/fusion/fgra/fgra/fggibs_27/mux_1       2.3520     0.0       2.3520      0.0000       0.0000 Muxn_2_37
system/tile_prci_domain/tile_reset_domain_tile/fusion/fgra/fgra/fggibs_27/mux_2       7.5264     0.0       7.5264      0.0000       0.0000 Muxn_607_45
system/tile_prci_domain/tile_reset_domain_tile/fusion/fgra/fgra/fggibs_27/mux_3       5.8800     0.0       5.8800      0.0000       0.0000 Muxn_605_38
system/tile_prci_domain/tile_reset_domain_tile/fusion/fgra/fgra/fggibs_28      69.6192     0.0       8.7024      0.0000       0.0000 GIB_77
system/tile_prci_domain/tile_reset_domain_tile/fusion/fgra/fgra/fggibs_28/cfg      42.8064     0.0      14.5824     28.2240       0.0000 ConfigMem_55_1
system/tile_prci_domain/tile_reset_domain_tile/fusion/fgra/fgra/fggibs_28/mux       2.3520     0.0       2.3520      0.0000       0.0000 Muxn_2_36
system/tile_prci_domain/tile_reset_domain_tile/fusion/fgra/fgra/fggibs_28/mux_1       5.8800     0.0       5.8800      0.0000       0.0000 Muxn_605_37
system/tile_prci_domain/tile_reset_domain_tile/fusion/fgra/fgra/fggibs_28/mux_2       2.3520     0.0       2.3520      0.0000       0.0000 Muxn_2_35
system/tile_prci_domain/tile_reset_domain_tile/fusion/fgra/fgra/fggibs_28/mux_3       7.5264     0.0       7.5264      0.0000       0.0000 Muxn_607_44
system/tile_prci_domain/tile_reset_domain_tile/fusion/fgra/fgra/fggibs_29     271.8912     0.0       5.4096     18.8160       0.0000 GIB_78
system/tile_prci_domain/tile_reset_domain_tile/fusion/fgra/fgra/fggibs_29/cfg     163.2288     0.0      55.0368    108.1920       0.0000 ConfigMem_123_0
system/tile_prci_domain/tile_reset_domain_tile/fusion/fgra/fgra/fggibs_29/mux      12.2304     0.0      12.2304      0.0000       0.0000 Muxn_38_17
system/tile_prci_domain/tile_reset_domain_tile/fusion/fgra/fgra/fggibs_29/mux_1       7.5264     0.0       7.5264      0.0000       0.0000 Muxn_607_43
system/tile_prci_domain/tile_reset_domain_tile/fusion/fgra/fgra/fggibs_29/mux_10       5.8800     0.0       5.8800      0.0000       0.0000 Muxn_605_36
system/tile_prci_domain/tile_reset_domain_tile/fusion/fgra/fgra/fggibs_29/mux_2       2.3520     0.0       2.3520      0.0000       0.0000 Muxn_2_34
system/tile_prci_domain/tile_reset_domain_tile/fusion/fgra/fgra/fggibs_29/mux_3       2.3520     0.0       2.3520      0.0000       0.0000 Muxn_2_33
system/tile_prci_domain/tile_reset_domain_tile/fusion/fgra/fgra/fggibs_29/mux_4       7.5264     0.0       7.5264      0.0000       0.0000 Muxn_607_42
system/tile_prci_domain/tile_reset_domain_tile/fusion/fgra/fgra/fggibs_29/mux_5       7.5264     0.0       7.5264      0.0000       0.0000 Muxn_607_41
system/tile_prci_domain/tile_reset_domain_tile/fusion/fgra/fgra/fggibs_29/mux_6       2.3520     0.0       2.3520      0.0000       0.0000 Muxn_2_32
system/tile_prci_domain/tile_reset_domain_tile/fusion/fgra/fgra/fggibs_29/mux_7      11.0544     0.0      11.0544      0.0000       0.0000 Muxn_650_17
system/tile_prci_domain/tile_reset_domain_tile/fusion/fgra/fgra/fggibs_29/mux_8      13.4064     0.0      13.4064      0.0000       0.0000 Muxn_68_9
system/tile_prci_domain/tile_reset_domain_tile/fusion/fgra/fgra/fggibs_29/mux_9      12.2304     0.0      12.2304      0.0000       0.0000 Muxn_38_16
system/tile_prci_domain/tile_reset_domain_tile/fusion/fgra/fgra/fggibs_3     161.1120     0.0       5.1744     14.1120       0.0000 GIB_52
system/tile_prci_domain/tile_reset_domain_tile/fusion/fgra/fgra/fggibs_3/cfg      97.3728     0.0      31.5168     65.8560       0.0000 ConfigMem_98_7
system/tile_prci_domain/tile_reset_domain_tile/fusion/fgra/fgra/fggibs_3/mux       5.8800     0.0       5.8800      0.0000       0.0000 Muxn_605_70
system/tile_prci_domain/tile_reset_domain_tile/fusion/fgra/fgra/fggibs_3/mux_1       5.8800     0.0       5.8800      0.0000       0.0000 Muxn_605_69
system/tile_prci_domain/tile_reset_domain_tile/fusion/fgra/fgra/fggibs_3/mux_2       7.5264     0.0       7.5264      0.0000       0.0000 Muxn_607_94
system/tile_prci_domain/tile_reset_domain_tile/fusion/fgra/fgra/fggibs_3/mux_3       7.5264     0.0       7.5264      0.0000       0.0000 Muxn_607_93
system/tile_prci_domain/tile_reset_domain_tile/fusion/fgra/fgra/fggibs_3/mux_4       5.8800     0.0       5.8800      0.0000       0.0000 Muxn_605_68
system/tile_prci_domain/tile_reset_domain_tile/fusion/fgra/fgra/fggibs_3/mux_5       5.8800     0.0       5.8800      0.0000       0.0000 Muxn_605_67
system/tile_prci_domain/tile_reset_domain_tile/fusion/fgra/fgra/fggibs_3/mux_6       5.8800     0.0       5.8800      0.0000       0.0000 Muxn_605_66
system/tile_prci_domain/tile_reset_domain_tile/fusion/fgra/fgra/fggibs_30     206.0352     0.0       5.1744      0.0000       0.0000 GIB_79
system/tile_prci_domain/tile_reset_domain_tile/fusion/fgra/fgra/fggibs_30/cfg     133.3584     0.0      43.9824     89.3760       0.0000 ConfigMem_112_2
system/tile_prci_domain/tile_reset_domain_tile/fusion/fgra/fgra/fggibs_30/mux       2.3520     0.0       2.3520      0.0000       0.0000 Muxn_2_31
system/tile_prci_domain/tile_reset_domain_tile/fusion/fgra/fgra/fggibs_30/mux_1       2.3520     0.0       2.3520      0.0000       0.0000 Muxn_2_30
system/tile_prci_domain/tile_reset_domain_tile/fusion/fgra/fgra/fggibs_30/mux_2       2.3520     0.0       2.3520      0.0000       0.0000 Muxn_2_29
system/tile_prci_domain/tile_reset_domain_tile/fusion/fgra/fgra/fggibs_30/mux_3       7.5264     0.0       7.5264      0.0000       0.0000 Muxn_607_40
system/tile_prci_domain/tile_reset_domain_tile/fusion/fgra/fgra/fggibs_30/mux_4       7.5264     0.0       7.5264      0.0000       0.0000 Muxn_607_39
system/tile_prci_domain/tile_reset_domain_tile/fusion/fgra/fgra/fggibs_30/mux_5       2.3520     0.0       2.3520      0.0000       0.0000 Muxn_2_28
system/tile_prci_domain/tile_reset_domain_tile/fusion/fgra/fgra/fggibs_30/mux_6      11.0544     0.0      11.0544      0.0000       0.0000 Muxn_650_16
system/tile_prci_domain/tile_reset_domain_tile/fusion/fgra/fgra/fggibs_30/mux_7      13.4064     0.0      13.4064      0.0000       0.0000 Muxn_68_8
system/tile_prci_domain/tile_reset_domain_tile/fusion/fgra/fgra/fggibs_30/mux_8      11.0544     0.0      11.0544      0.0000       0.0000 Muxn_650_15
system/tile_prci_domain/tile_reset_domain_tile/fusion/fgra/fgra/fggibs_30/mux_9       7.5264     0.0       7.5264      0.0000       0.0000 Muxn_607_38
system/tile_prci_domain/tile_reset_domain_tile/fusion/fgra/fgra/fggibs_31     224.8512     0.0       5.1744     18.8160       0.0000 GIB_80
system/tile_prci_domain/tile_reset_domain_tile/fusion/fgra/fgra/fggibs_31/cfg     133.3584     0.0      43.9824     89.3760       0.0000 ConfigMem_112_1
system/tile_prci_domain/tile_reset_domain_tile/fusion/fgra/fgra/fggibs_31/mux       2.3520     0.0       2.3520      0.0000       0.0000 Muxn_2_27
system/tile_prci_domain/tile_reset_domain_tile/fusion/fgra/fgra/fggibs_31/mux_1       2.3520     0.0       2.3520      0.0000       0.0000 Muxn_2_26
system/tile_prci_domain/tile_reset_domain_tile/fusion/fgra/fgra/fggibs_31/mux_2       2.3520     0.0       2.3520      0.0000       0.0000 Muxn_2_25
system/tile_prci_domain/tile_reset_domain_tile/fusion/fgra/fgra/fggibs_31/mux_3       7.5264     0.0       7.5264      0.0000       0.0000 Muxn_607_37
system/tile_prci_domain/tile_reset_domain_tile/fusion/fgra/fgra/fggibs_31/mux_4       7.5264     0.0       7.5264      0.0000       0.0000 Muxn_607_36
system/tile_prci_domain/tile_reset_domain_tile/fusion/fgra/fgra/fggibs_31/mux_5       2.3520     0.0       2.3520      0.0000       0.0000 Muxn_2_24
system/tile_prci_domain/tile_reset_domain_tile/fusion/fgra/fgra/fggibs_31/mux_6      11.0544     0.0      11.0544      0.0000       0.0000 Muxn_650_14
system/tile_prci_domain/tile_reset_domain_tile/fusion/fgra/fgra/fggibs_31/mux_7      13.4064     0.0      13.4064      0.0000       0.0000 Muxn_68_7
system/tile_prci_domain/tile_reset_domain_tile/fusion/fgra/fgra/fggibs_31/mux_8      11.0544     0.0      11.0544      0.0000       0.0000 Muxn_650_13
system/tile_prci_domain/tile_reset_domain_tile/fusion/fgra/fgra/fggibs_31/mux_9       7.5264     0.0       7.5264      0.0000       0.0000 Muxn_607_35
system/tile_prci_domain/tile_reset_domain_tile/fusion/fgra/fgra/fggibs_32     206.2704     0.0       5.4096      0.0000       0.0000 GIB_81
system/tile_prci_domain/tile_reset_domain_tile/fusion/fgra/fgra/fggibs_32/cfg     133.3584     0.0      43.9824     89.3760       0.0000 ConfigMem_112_0
system/tile_prci_domain/tile_reset_domain_tile/fusion/fgra/fgra/fggibs_32/mux       2.3520     0.0       2.3520      0.0000       0.0000 Muxn_2_23
system/tile_prci_domain/tile_reset_domain_tile/fusion/fgra/fgra/fggibs_32/mux_1       2.3520     0.0       2.3520      0.0000       0.0000 Muxn_2_22
system/tile_prci_domain/tile_reset_domain_tile/fusion/fgra/fgra/fggibs_32/mux_2       2.3520     0.0       2.3520      0.0000       0.0000 Muxn_2_21
system/tile_prci_domain/tile_reset_domain_tile/fusion/fgra/fgra/fggibs_32/mux_3       7.5264     0.0       7.5264      0.0000       0.0000 Muxn_607_34
system/tile_prci_domain/tile_reset_domain_tile/fusion/fgra/fgra/fggibs_32/mux_4       7.5264     0.0       7.5264      0.0000       0.0000 Muxn_607_33
system/tile_prci_domain/tile_reset_domain_tile/fusion/fgra/fgra/fggibs_32/mux_5       2.3520     0.0       2.3520      0.0000       0.0000 Muxn_2_20
system/tile_prci_domain/tile_reset_domain_tile/fusion/fgra/fgra/fggibs_32/mux_6      11.0544     0.0      11.0544      0.0000       0.0000 Muxn_650_12
system/tile_prci_domain/tile_reset_domain_tile/fusion/fgra/fgra/fggibs_32/mux_7      13.4064     0.0      13.4064      0.0000       0.0000 Muxn_68_6
system/tile_prci_domain/tile_reset_domain_tile/fusion/fgra/fgra/fggibs_32/mux_8      11.0544     0.0      11.0544      0.0000       0.0000 Muxn_650_11
system/tile_prci_domain/tile_reset_domain_tile/fusion/fgra/fgra/fggibs_32/mux_9       7.5264     0.0       7.5264      0.0000       0.0000 Muxn_607_32
system/tile_prci_domain/tile_reset_domain_tile/fusion/fgra/fgra/fggibs_33     256.6032     0.0       5.4096     18.8160       0.0000 GIB_82
system/tile_prci_domain/tile_reset_domain_tile/fusion/fgra/fgra/fggibs_33/cfg     155.9376     0.0      52.4496    103.4880       0.0000 ConfigMem_119_0
system/tile_prci_domain/tile_reset_domain_tile/fusion/fgra/fgra/fggibs_33/mux       5.8800     0.0       5.8800      0.0000       0.0000 Muxn_605_35
system/tile_prci_domain/tile_reset_domain_tile/fusion/fgra/fgra/fggibs_33/mux_1       2.3520     0.0       2.3520      0.0000       0.0000 Muxn_2_19
system/tile_prci_domain/tile_reset_domain_tile/fusion/fgra/fgra/fggibs_33/mux_10       5.8800     0.0       5.8800      0.0000       0.0000 Muxn_605_33
system/tile_prci_domain/tile_reset_domain_tile/fusion/fgra/fgra/fggibs_33/mux_2       7.5264     0.0       7.5264      0.0000       0.0000 Muxn_607_31
system/tile_prci_domain/tile_reset_domain_tile/fusion/fgra/fgra/fggibs_33/mux_3       2.3520     0.0       2.3520      0.0000       0.0000 Muxn_2_18
system/tile_prci_domain/tile_reset_domain_tile/fusion/fgra/fgra/fggibs_33/mux_4       5.8800     0.0       5.8800      0.0000       0.0000 Muxn_605_34
system/tile_prci_domain/tile_reset_domain_tile/fusion/fgra/fgra/fggibs_33/mux_5       7.5264     0.0       7.5264      0.0000       0.0000 Muxn_607_30
system/tile_prci_domain/tile_reset_domain_tile/fusion/fgra/fgra/fggibs_33/mux_6       2.3520     0.0       2.3520      0.0000       0.0000 Muxn_2_17
system/tile_prci_domain/tile_reset_domain_tile/fusion/fgra/fgra/fggibs_33/mux_7      12.2304     0.0      12.2304      0.0000       0.0000 Muxn_38_15
system/tile_prci_domain/tile_reset_domain_tile/fusion/fgra/fgra/fggibs_33/mux_8      13.4064     0.0      13.4064      0.0000       0.0000 Muxn_68_5
system/tile_prci_domain/tile_reset_domain_tile/fusion/fgra/fgra/fggibs_33/mux_9      11.0544     0.0      11.0544      0.0000       0.0000 Muxn_650_10
system/tile_prci_domain/tile_reset_domain_tile/fusion/fgra/fgra/fggibs_34      80.9088     0.0       7.9968      0.0000       0.0000 GIB_83
system/tile_prci_domain/tile_reset_domain_tile/fusion/fgra/fgra/fggibs_34/cfg      49.6272     0.0      16.6992     32.9280       0.0000 ConfigMem_118_1
system/tile_prci_domain/tile_reset_domain_tile/fusion/fgra/fgra/fggibs_34/mux       7.5264     0.0       7.5264      0.0000       0.0000 Muxn_607_29
system/tile_prci_domain/tile_reset_domain_tile/fusion/fgra/fgra/fggibs_34/mux_1       2.3520     0.0       2.3520      0.0000       0.0000 Muxn_2_16
system/tile_prci_domain/tile_reset_domain_tile/fusion/fgra/fgra/fggibs_34/mux_2       5.8800     0.0       5.8800      0.0000       0.0000 Muxn_605_32
system/tile_prci_domain/tile_reset_domain_tile/fusion/fgra/fgra/fggibs_34/mux_3       7.5264     0.0       7.5264      0.0000       0.0000 Muxn_607_28
system/tile_prci_domain/tile_reset_domain_tile/fusion/fgra/fgra/fggibs_35      95.0208     0.0       7.9968     14.1120       0.0000 GIB_84
system/tile_prci_domain/tile_reset_domain_tile/fusion/fgra/fgra/fggibs_35/cfg      49.6272     0.0      16.6992     32.9280       0.0000 ConfigMem_118_0
system/tile_prci_domain/tile_reset_domain_tile/fusion/fgra/fgra/fggibs_35/mux       7.5264     0.0       7.5264      0.0000       0.0000 Muxn_607_27
system/tile_prci_domain/tile_reset_domain_tile/fusion/fgra/fgra/fggibs_35/mux_1       7.5264     0.0       7.5264      0.0000       0.0000 Muxn_607_26
system/tile_prci_domain/tile_reset_domain_tile/fusion/fgra/fgra/fggibs_35/mux_2       2.3520     0.0       2.3520      0.0000       0.0000 Muxn_2_15
system/tile_prci_domain/tile_reset_domain_tile/fusion/fgra/fgra/fggibs_35/mux_3       5.8800     0.0       5.8800      0.0000       0.0000 Muxn_605_31
system/tile_prci_domain/tile_reset_domain_tile/fusion/fgra/fgra/fggibs_36     308.3472     0.0       5.4096      0.0000       0.0000 GIB_85
system/tile_prci_domain/tile_reset_domain_tile/fusion/fgra/fgra/fggibs_36/cfg     197.5680     0.0      65.8560    131.7120       0.0000 ConfigMem_133_4
system/tile_prci_domain/tile_reset_domain_tile/fusion/fgra/fgra/fggibs_36/mux       7.5264     0.0       7.5264      0.0000       0.0000 Muxn_607_25
system/tile_prci_domain/tile_reset_domain_tile/fusion/fgra/fgra/fggibs_36/mux_1       7.5264     0.0       7.5264      0.0000       0.0000 Muxn_607_24
system/tile_prci_domain/tile_reset_domain_tile/fusion/fgra/fgra/fggibs_36/mux_10      12.2304     0.0      12.2304      0.0000       0.0000 Muxn_38_12
system/tile_prci_domain/tile_reset_domain_tile/fusion/fgra/fgra/fggibs_36/mux_11      13.4064     0.0      13.4064      0.0000       0.0000 Muxn_68_4
system/tile_prci_domain/tile_reset_domain_tile/fusion/fgra/fgra/fggibs_36/mux_2       2.3520     0.0       2.3520      0.0000       0.0000 Muxn_2_14
system/tile_prci_domain/tile_reset_domain_tile/fusion/fgra/fgra/fggibs_36/mux_3       5.8800     0.0       5.8800      0.0000       0.0000 Muxn_605_30
system/tile_prci_domain/tile_reset_domain_tile/fusion/fgra/fgra/fggibs_36/mux_4       2.3520     0.0       2.3520      0.0000       0.0000 Muxn_2_13
system/tile_prci_domain/tile_reset_domain_tile/fusion/fgra/fgra/fggibs_36/mux_5       7.5264     0.0       7.5264      0.0000       0.0000 Muxn_607_23
system/tile_prci_domain/tile_reset_domain_tile/fusion/fgra/fgra/fggibs_36/mux_6      12.2304     0.0      12.2304      0.0000       0.0000 Muxn_38_14
system/tile_prci_domain/tile_reset_domain_tile/fusion/fgra/fgra/fggibs_36/mux_7      11.0544     0.0      11.0544      0.0000       0.0000 Muxn_650_9
system/tile_prci_domain/tile_reset_domain_tile/fusion/fgra/fgra/fggibs_36/mux_8      12.2304     0.0      12.2304      0.0000       0.0000 Muxn_38_13
system/tile_prci_domain/tile_reset_domain_tile/fusion/fgra/fgra/fggibs_36/mux_9      11.0544     0.0      11.0544      0.0000       0.0000 Muxn_650_8
system/tile_prci_domain/tile_reset_domain_tile/fusion/fgra/fgra/fggibs_37     327.1632     0.0       5.4096     18.8160       0.0000 GIB_86
system/tile_prci_domain/tile_reset_domain_tile/fusion/fgra/fgra/fggibs_37/cfg     197.5680     0.0      65.8560    131.7120       0.0000 ConfigMem_133_3
system/tile_prci_domain/tile_reset_domain_tile/fusion/fgra/fgra/fggibs_37/mux       7.5264     0.0       7.5264      0.0000       0.0000 Muxn_607_22
system/tile_prci_domain/tile_reset_domain_tile/fusion/fgra/fgra/fggibs_37/mux_1       7.5264     0.0       7.5264      0.0000       0.0000 Muxn_607_21
system/tile_prci_domain/tile_reset_domain_tile/fusion/fgra/fgra/fggibs_37/mux_10      12.2304     0.0      12.2304      0.0000       0.0000 Muxn_38_9
system/tile_prci_domain/tile_reset_domain_tile/fusion/fgra/fgra/fggibs_37/mux_11      13.4064     0.0      13.4064      0.0000       0.0000 Muxn_68_3
system/tile_prci_domain/tile_reset_domain_tile/fusion/fgra/fgra/fggibs_37/mux_2       2.3520     0.0       2.3520      0.0000       0.0000 Muxn_2_12
system/tile_prci_domain/tile_reset_domain_tile/fusion/fgra/fgra/fggibs_37/mux_3       5.8800     0.0       5.8800      0.0000       0.0000 Muxn_605_29
system/tile_prci_domain/tile_reset_domain_tile/fusion/fgra/fgra/fggibs_37/mux_4       2.3520     0.0       2.3520      0.0000       0.0000 Muxn_2_11
system/tile_prci_domain/tile_reset_domain_tile/fusion/fgra/fgra/fggibs_37/mux_5       7.5264     0.0       7.5264      0.0000       0.0000 Muxn_607_20
system/tile_prci_domain/tile_reset_domain_tile/fusion/fgra/fgra/fggibs_37/mux_6      12.2304     0.0      12.2304      0.0000       0.0000 Muxn_38_11
system/tile_prci_domain/tile_reset_domain_tile/fusion/fgra/fgra/fggibs_37/mux_7      11.0544     0.0      11.0544      0.0000       0.0000 Muxn_650_7
system/tile_prci_domain/tile_reset_domain_tile/fusion/fgra/fgra/fggibs_37/mux_8      12.2304     0.0      12.2304      0.0000       0.0000 Muxn_38_10
system/tile_prci_domain/tile_reset_domain_tile/fusion/fgra/fgra/fggibs_37/mux_9      11.0544     0.0      11.0544      0.0000       0.0000 Muxn_650_6
system/tile_prci_domain/tile_reset_domain_tile/fusion/fgra/fgra/fggibs_38     308.3472     0.0       5.4096      0.0000       0.0000 GIB_87
system/tile_prci_domain/tile_reset_domain_tile/fusion/fgra/fgra/fggibs_38/cfg     197.5680     0.0      65.8560    131.7120       0.0000 ConfigMem_133_2
system/tile_prci_domain/tile_reset_domain_tile/fusion/fgra/fgra/fggibs_38/mux       7.5264     0.0       7.5264      0.0000       0.0000 Muxn_607_19
system/tile_prci_domain/tile_reset_domain_tile/fusion/fgra/fgra/fggibs_38/mux_1       7.5264     0.0       7.5264      0.0000       0.0000 Muxn_607_18
system/tile_prci_domain/tile_reset_domain_tile/fusion/fgra/fgra/fggibs_38/mux_10      12.2304     0.0      12.2304      0.0000       0.0000 Muxn_38_6
system/tile_prci_domain/tile_reset_domain_tile/fusion/fgra/fgra/fggibs_38/mux_11      13.4064     0.0      13.4064      0.0000       0.0000 Muxn_68_2
system/tile_prci_domain/tile_reset_domain_tile/fusion/fgra/fgra/fggibs_38/mux_2       2.3520     0.0       2.3520      0.0000       0.0000 Muxn_2_10
system/tile_prci_domain/tile_reset_domain_tile/fusion/fgra/fgra/fggibs_38/mux_3       5.8800     0.0       5.8800      0.0000       0.0000 Muxn_605_28
system/tile_prci_domain/tile_reset_domain_tile/fusion/fgra/fgra/fggibs_38/mux_4       2.3520     0.0       2.3520      0.0000       0.0000 Muxn_2_9
system/tile_prci_domain/tile_reset_domain_tile/fusion/fgra/fgra/fggibs_38/mux_5       7.5264     0.0       7.5264      0.0000       0.0000 Muxn_607_17
system/tile_prci_domain/tile_reset_domain_tile/fusion/fgra/fgra/fggibs_38/mux_6      12.2304     0.0      12.2304      0.0000       0.0000 Muxn_38_8
system/tile_prci_domain/tile_reset_domain_tile/fusion/fgra/fgra/fggibs_38/mux_7      11.0544     0.0      11.0544      0.0000       0.0000 Muxn_650_5
system/tile_prci_domain/tile_reset_domain_tile/fusion/fgra/fgra/fggibs_38/mux_8      12.2304     0.0      12.2304      0.0000       0.0000 Muxn_38_7
system/tile_prci_domain/tile_reset_domain_tile/fusion/fgra/fgra/fggibs_38/mux_9      11.0544     0.0      11.0544      0.0000       0.0000 Muxn_650_4
system/tile_prci_domain/tile_reset_domain_tile/fusion/fgra/fgra/fggibs_39     327.1632     0.0       5.4096     18.8160       0.0000 GIB_88
system/tile_prci_domain/tile_reset_domain_tile/fusion/fgra/fgra/fggibs_39/cfg     197.5680     0.0      65.8560    131.7120       0.0000 ConfigMem_133_1
system/tile_prci_domain/tile_reset_domain_tile/fusion/fgra/fgra/fggibs_39/mux       7.5264     0.0       7.5264      0.0000       0.0000 Muxn_607_16
system/tile_prci_domain/tile_reset_domain_tile/fusion/fgra/fgra/fggibs_39/mux_1       7.5264     0.0       7.5264      0.0000       0.0000 Muxn_607_15
system/tile_prci_domain/tile_reset_domain_tile/fusion/fgra/fgra/fggibs_39/mux_10      12.2304     0.0      12.2304      0.0000       0.0000 Muxn_38_3
system/tile_prci_domain/tile_reset_domain_tile/fusion/fgra/fgra/fggibs_39/mux_11      13.4064     0.0      13.4064      0.0000       0.0000 Muxn_68_1
system/tile_prci_domain/tile_reset_domain_tile/fusion/fgra/fgra/fggibs_39/mux_2       2.3520     0.0       2.3520      0.0000       0.0000 Muxn_2_8
system/tile_prci_domain/tile_reset_domain_tile/fusion/fgra/fgra/fggibs_39/mux_3       5.8800     0.0       5.8800      0.0000       0.0000 Muxn_605_27
system/tile_prci_domain/tile_reset_domain_tile/fusion/fgra/fgra/fggibs_39/mux_4       2.3520     0.0       2.3520      0.0000       0.0000 Muxn_2_7
system/tile_prci_domain/tile_reset_domain_tile/fusion/fgra/fgra/fggibs_39/mux_5       7.5264     0.0       7.5264      0.0000       0.0000 Muxn_607_14
system/tile_prci_domain/tile_reset_domain_tile/fusion/fgra/fgra/fggibs_39/mux_6      12.2304     0.0      12.2304      0.0000       0.0000 Muxn_38_5
system/tile_prci_domain/tile_reset_domain_tile/fusion/fgra/fgra/fggibs_39/mux_7      11.0544     0.0      11.0544      0.0000       0.0000 Muxn_650_3
system/tile_prci_domain/tile_reset_domain_tile/fusion/fgra/fgra/fggibs_39/mux_8      12.2304     0.0      12.2304      0.0000       0.0000 Muxn_38_4
system/tile_prci_domain/tile_reset_domain_tile/fusion/fgra/fgra/fggibs_39/mux_9      11.0544     0.0      11.0544      0.0000       0.0000 Muxn_650_2
system/tile_prci_domain/tile_reset_domain_tile/fusion/fgra/fgra/fggibs_4     148.1760     0.0       5.4096      0.0000       0.0000 GIB_53
system/tile_prci_domain/tile_reset_domain_tile/fusion/fgra/fgra/fggibs_4/cfg      98.3136     0.0      32.4576     65.8560       0.0000 ConfigMem_98_6
system/tile_prci_domain/tile_reset_domain_tile/fusion/fgra/fgra/fggibs_4/mux       5.8800     0.0       5.8800      0.0000       0.0000 Muxn_605_65
system/tile_prci_domain/tile_reset_domain_tile/fusion/fgra/fgra/fggibs_4/mux_1       5.8800     0.0       5.8800      0.0000       0.0000 Muxn_605_64
system/tile_prci_domain/tile_reset_domain_tile/fusion/fgra/fgra/fggibs_4/mux_2       7.5264     0.0       7.5264      0.0000       0.0000 Muxn_607_92
system/tile_prci_domain/tile_reset_domain_tile/fusion/fgra/fgra/fggibs_4/mux_3       7.5264     0.0       7.5264      0.0000       0.0000 Muxn_607_91
system/tile_prci_domain/tile_reset_domain_tile/fusion/fgra/fgra/fggibs_4/mux_4       5.8800     0.0       5.8800      0.0000       0.0000 Muxn_605_63
system/tile_prci_domain/tile_reset_domain_tile/fusion/fgra/fgra/fggibs_4/mux_5       5.8800     0.0       5.8800      0.0000       0.0000 Muxn_605_62
system/tile_prci_domain/tile_reset_domain_tile/fusion/fgra/fgra/fggibs_4/mux_6       5.8800     0.0       5.8800      0.0000       0.0000 Muxn_605_61
system/tile_prci_domain/tile_reset_domain_tile/fusion/fgra/fgra/fggibs_40     308.3472     0.0       5.4096      0.0000       0.0000 GIB_89
system/tile_prci_domain/tile_reset_domain_tile/fusion/fgra/fgra/fggibs_40/cfg     197.5680     0.0      65.8560    131.7120       0.0000 ConfigMem_133_0
system/tile_prci_domain/tile_reset_domain_tile/fusion/fgra/fgra/fggibs_40/mux       7.5264     0.0       7.5264      0.0000       0.0000 Muxn_607_13
system/tile_prci_domain/tile_reset_domain_tile/fusion/fgra/fgra/fggibs_40/mux_1       7.5264     0.0       7.5264      0.0000       0.0000 Muxn_607_12
system/tile_prci_domain/tile_reset_domain_tile/fusion/fgra/fgra/fggibs_40/mux_10      12.2304     0.0      12.2304      0.0000       0.0000 Muxn_38_0
system/tile_prci_domain/tile_reset_domain_tile/fusion/fgra/fgra/fggibs_40/mux_11      13.4064     0.0      13.4064      0.0000       0.0000 Muxn_68_0
system/tile_prci_domain/tile_reset_domain_tile/fusion/fgra/fgra/fggibs_40/mux_2       2.3520     0.0       2.3520      0.0000       0.0000 Muxn_2_6
system/tile_prci_domain/tile_reset_domain_tile/fusion/fgra/fgra/fggibs_40/mux_3       5.8800     0.0       5.8800      0.0000       0.0000 Muxn_605_26
system/tile_prci_domain/tile_reset_domain_tile/fusion/fgra/fgra/fggibs_40/mux_4       2.3520     0.0       2.3520      0.0000       0.0000 Muxn_2_5
system/tile_prci_domain/tile_reset_domain_tile/fusion/fgra/fgra/fggibs_40/mux_5       7.5264     0.0       7.5264      0.0000       0.0000 Muxn_607_11
system/tile_prci_domain/tile_reset_domain_tile/fusion/fgra/fgra/fggibs_40/mux_6      12.2304     0.0      12.2304      0.0000       0.0000 Muxn_38_2
system/tile_prci_domain/tile_reset_domain_tile/fusion/fgra/fgra/fggibs_40/mux_7      11.0544     0.0      11.0544      0.0000       0.0000 Muxn_650_1
system/tile_prci_domain/tile_reset_domain_tile/fusion/fgra/fgra/fggibs_40/mux_8      12.2304     0.0      12.2304      0.0000       0.0000 Muxn_38_1
system/tile_prci_domain/tile_reset_domain_tile/fusion/fgra/fgra/fggibs_40/mux_9      11.0544     0.0      11.0544      0.0000       0.0000 Muxn_650_0
system/tile_prci_domain/tile_reset_domain_tile/fusion/fgra/fgra/fggibs_41      83.4960     0.0       8.4672     14.1120       0.0000 GIB_90
system/tile_prci_domain/tile_reset_domain_tile/fusion/fgra/fgra/fggibs_41/cfg      42.8064     0.0      14.5824     28.2240       0.0000 ConfigMem_55_0
system/tile_prci_domain/tile_reset_domain_tile/fusion/fgra/fgra/fggibs_41/mux       2.3520     0.0       2.3520      0.0000       0.0000 Muxn_2_4
system/tile_prci_domain/tile_reset_domain_tile/fusion/fgra/fgra/fggibs_41/mux_1       2.3520     0.0       2.3520      0.0000       0.0000 Muxn_2_3
system/tile_prci_domain/tile_reset_domain_tile/fusion/fgra/fgra/fggibs_41/mux_2       7.5264     0.0       7.5264      0.0000       0.0000 Muxn_607_10
system/tile_prci_domain/tile_reset_domain_tile/fusion/fgra/fgra/fggibs_41/mux_3       5.8800     0.0       5.8800      0.0000       0.0000 Muxn_605_25
system/tile_prci_domain/tile_reset_domain_tile/fusion/fgra/fgra/fggibs_42      26.1072     0.0       6.1152      0.0000       0.0000 GIB_91
system/tile_prci_domain/tile_reset_domain_tile/fusion/fgra/fgra/fggibs_42/cfg      15.2880     0.0       5.8800      9.4080       0.0000 ConfigMem_54_0
system/tile_prci_domain/tile_reset_domain_tile/fusion/fgra/fgra/fggibs_42/mux       2.3520     0.0       2.3520      0.0000       0.0000 Muxn_2_2
system/tile_prci_domain/tile_reset_domain_tile/fusion/fgra/fgra/fggibs_42/mux_1       2.3520     0.0       2.3520      0.0000       0.0000 Muxn_2_1
system/tile_prci_domain/tile_reset_domain_tile/fusion/fgra/fgra/fggibs_43     162.0528     0.0       5.1744     14.1120       0.0000 GIB_92
system/tile_prci_domain/tile_reset_domain_tile/fusion/fgra/fgra/fggibs_43/cfg      98.3136     0.0      32.4576     65.8560       0.0000 ConfigMem_98_4
system/tile_prci_domain/tile_reset_domain_tile/fusion/fgra/fgra/fggibs_43/mux       7.5264     0.0       7.5264      0.0000       0.0000 Muxn_607_9
system/tile_prci_domain/tile_reset_domain_tile/fusion/fgra/fgra/fggibs_43/mux_1       7.5264     0.0       7.5264      0.0000       0.0000 Muxn_607_8
system/tile_prci_domain/tile_reset_domain_tile/fusion/fgra/fgra/fggibs_43/mux_2       5.8800     0.0       5.8800      0.0000       0.0000 Muxn_605_24
system/tile_prci_domain/tile_reset_domain_tile/fusion/fgra/fgra/fggibs_43/mux_3       5.8800     0.0       5.8800      0.0000       0.0000 Muxn_605_23
system/tile_prci_domain/tile_reset_domain_tile/fusion/fgra/fgra/fggibs_43/mux_4       5.8800     0.0       5.8800      0.0000       0.0000 Muxn_605_22
system/tile_prci_domain/tile_reset_domain_tile/fusion/fgra/fgra/fggibs_43/mux_5       5.8800     0.0       5.8800      0.0000       0.0000 Muxn_605_21
system/tile_prci_domain/tile_reset_domain_tile/fusion/fgra/fgra/fggibs_43/mux_6       5.8800     0.0       5.8800      0.0000       0.0000 Muxn_605_20
system/tile_prci_domain/tile_reset_domain_tile/fusion/fgra/fgra/fggibs_44     147.2352     0.0       5.4096      0.0000       0.0000 GIB_93
system/tile_prci_domain/tile_reset_domain_tile/fusion/fgra/fgra/fggibs_44/cfg      97.3728     0.0      31.5168     65.8560       0.0000 ConfigMem_98_3
system/tile_prci_domain/tile_reset_domain_tile/fusion/fgra/fgra/fggibs_44/mux       7.5264     0.0       7.5264      0.0000       0.0000 Muxn_607_7
system/tile_prci_domain/tile_reset_domain_tile/fusion/fgra/fgra/fggibs_44/mux_1       7.5264     0.0       7.5264      0.0000       0.0000 Muxn_607_6
system/tile_prci_domain/tile_reset_domain_tile/fusion/fgra/fgra/fggibs_44/mux_2       5.8800     0.0       5.8800      0.0000       0.0000 Muxn_605_19
system/tile_prci_domain/tile_reset_domain_tile/fusion/fgra/fgra/fggibs_44/mux_3       5.8800     0.0       5.8800      0.0000       0.0000 Muxn_605_18
system/tile_prci_domain/tile_reset_domain_tile/fusion/fgra/fgra/fggibs_44/mux_4       5.8800     0.0       5.8800      0.0000       0.0000 Muxn_605_17
system/tile_prci_domain/tile_reset_domain_tile/fusion/fgra/fgra/fggibs_44/mux_5       5.8800     0.0       5.8800      0.0000       0.0000 Muxn_605_16
system/tile_prci_domain/tile_reset_domain_tile/fusion/fgra/fgra/fggibs_44/mux_6       5.8800     0.0       5.8800      0.0000       0.0000 Muxn_605_15
system/tile_prci_domain/tile_reset_domain_tile/fusion/fgra/fgra/fggibs_45     161.1120     0.0       5.1744     14.1120       0.0000 GIB_94
system/tile_prci_domain/tile_reset_domain_tile/fusion/fgra/fgra/fggibs_45/cfg      97.3728     0.0      31.5168     65.8560       0.0000 ConfigMem_98_2
system/tile_prci_domain/tile_reset_domain_tile/fusion/fgra/fgra/fggibs_45/mux       7.5264     0.0       7.5264      0.0000       0.0000 Muxn_607_5
system/tile_prci_domain/tile_reset_domain_tile/fusion/fgra/fgra/fggibs_45/mux_1       7.5264     0.0       7.5264      0.0000       0.0000 Muxn_607_4
system/tile_prci_domain/tile_reset_domain_tile/fusion/fgra/fgra/fggibs_45/mux_2       5.8800     0.0       5.8800      0.0000       0.0000 Muxn_605_14
system/tile_prci_domain/tile_reset_domain_tile/fusion/fgra/fgra/fggibs_45/mux_3       5.8800     0.0       5.8800      0.0000       0.0000 Muxn_605_13
system/tile_prci_domain/tile_reset_domain_tile/fusion/fgra/fgra/fggibs_45/mux_4       5.8800     0.0       5.8800      0.0000       0.0000 Muxn_605_12
system/tile_prci_domain/tile_reset_domain_tile/fusion/fgra/fgra/fggibs_45/mux_5       5.8800     0.0       5.8800      0.0000       0.0000 Muxn_605_11
system/tile_prci_domain/tile_reset_domain_tile/fusion/fgra/fgra/fggibs_45/mux_6       5.8800     0.0       5.8800      0.0000       0.0000 Muxn_605_10
system/tile_prci_domain/tile_reset_domain_tile/fusion/fgra/fgra/fggibs_46     147.2352     0.0       5.4096      0.0000       0.0000 GIB_95
system/tile_prci_domain/tile_reset_domain_tile/fusion/fgra/fgra/fggibs_46/cfg      97.3728     0.0      31.5168     65.8560       0.0000 ConfigMem_98_1
system/tile_prci_domain/tile_reset_domain_tile/fusion/fgra/fgra/fggibs_46/mux       7.5264     0.0       7.5264      0.0000       0.0000 Muxn_607_3
system/tile_prci_domain/tile_reset_domain_tile/fusion/fgra/fgra/fggibs_46/mux_1       7.5264     0.0       7.5264      0.0000       0.0000 Muxn_607_2
system/tile_prci_domain/tile_reset_domain_tile/fusion/fgra/fgra/fggibs_46/mux_2       5.8800     0.0       5.8800      0.0000       0.0000 Muxn_605_9
system/tile_prci_domain/tile_reset_domain_tile/fusion/fgra/fgra/fggibs_46/mux_3       5.8800     0.0       5.8800      0.0000       0.0000 Muxn_605_8
system/tile_prci_domain/tile_reset_domain_tile/fusion/fgra/fgra/fggibs_46/mux_4       5.8800     0.0       5.8800      0.0000       0.0000 Muxn_605_7
system/tile_prci_domain/tile_reset_domain_tile/fusion/fgra/fgra/fggibs_46/mux_5       5.8800     0.0       5.8800      0.0000       0.0000 Muxn_605_6
system/tile_prci_domain/tile_reset_domain_tile/fusion/fgra/fgra/fggibs_46/mux_6       5.8800     0.0       5.8800      0.0000       0.0000 Muxn_605_5
system/tile_prci_domain/tile_reset_domain_tile/fusion/fgra/fgra/fggibs_47     161.3472     0.0       5.4096     14.1120       0.0000 GIB_96
system/tile_prci_domain/tile_reset_domain_tile/fusion/fgra/fgra/fggibs_47/cfg      97.3728     0.0      31.5168     65.8560       0.0000 ConfigMem_98_0
system/tile_prci_domain/tile_reset_domain_tile/fusion/fgra/fgra/fggibs_47/mux       7.5264     0.0       7.5264      0.0000       0.0000 Muxn_607_1
system/tile_prci_domain/tile_reset_domain_tile/fusion/fgra/fgra/fggibs_47/mux_1       7.5264     0.0       7.5264      0.0000       0.0000 Muxn_607_0
system/tile_prci_domain/tile_reset_domain_tile/fusion/fgra/fgra/fggibs_47/mux_2       5.8800     0.0       5.8800      0.0000       0.0000 Muxn_605_4
system/tile_prci_domain/tile_reset_domain_tile/fusion/fgra/fgra/fggibs_47/mux_3       5.8800     0.0       5.8800      0.0000       0.0000 Muxn_605_3
system/tile_prci_domain/tile_reset_domain_tile/fusion/fgra/fgra/fggibs_47/mux_4       5.8800     0.0       5.8800      0.0000       0.0000 Muxn_605_2
system/tile_prci_domain/tile_reset_domain_tile/fusion/fgra/fgra/fggibs_47/mux_5       5.8800     0.0       5.8800      0.0000       0.0000 Muxn_605_1
system/tile_prci_domain/tile_reset_domain_tile/fusion/fgra/fgra/fggibs_47/mux_6       5.8800     0.0       5.8800      0.0000       0.0000 Muxn_605_0
system/tile_prci_domain/tile_reset_domain_tile/fusion/fgra/fgra/fggibs_48      18.1104     0.0       8.2320      0.0000       0.0000 GIB_97
system/tile_prci_domain/tile_reset_domain_tile/fusion/fgra/fgra/fggibs_48/cfg       7.5264     0.0       2.8224      4.7040       0.0000 ConfigMem_48_0
system/tile_prci_domain/tile_reset_domain_tile/fusion/fgra/fgra/fggibs_48/mux       2.3520     0.0       2.3520      0.0000       0.0000 Muxn_2_0
system/tile_prci_domain/tile_reset_domain_tile/fusion/fgra/fgra/fggibs_5     162.0528     0.0       5.1744     14.1120       0.0000 GIB_54
system/tile_prci_domain/tile_reset_domain_tile/fusion/fgra/fgra/fggibs_5/cfg      98.3136     0.0      32.4576     65.8560       0.0000 ConfigMem_98_5
system/tile_prci_domain/tile_reset_domain_tile/fusion/fgra/fgra/fggibs_5/mux       5.8800     0.0       5.8800      0.0000       0.0000 Muxn_605_60
system/tile_prci_domain/tile_reset_domain_tile/fusion/fgra/fgra/fggibs_5/mux_1       5.8800     0.0       5.8800      0.0000       0.0000 Muxn_605_59
system/tile_prci_domain/tile_reset_domain_tile/fusion/fgra/fgra/fggibs_5/mux_2       7.5264     0.0       7.5264      0.0000       0.0000 Muxn_607_90
system/tile_prci_domain/tile_reset_domain_tile/fusion/fgra/fgra/fggibs_5/mux_3       7.5264     0.0       7.5264      0.0000       0.0000 Muxn_607_89
system/tile_prci_domain/tile_reset_domain_tile/fusion/fgra/fgra/fggibs_5/mux_4       5.8800     0.0       5.8800      0.0000       0.0000 Muxn_605_58
system/tile_prci_domain/tile_reset_domain_tile/fusion/fgra/fgra/fggibs_5/mux_5       5.8800     0.0       5.8800      0.0000       0.0000 Muxn_605_57
system/tile_prci_domain/tile_reset_domain_tile/fusion/fgra/fgra/fggibs_5/mux_6       5.8800     0.0       5.8800      0.0000       0.0000 Muxn_605_56
system/tile_prci_domain/tile_reset_domain_tile/fusion/fgra/fgra/fggibs_6      26.3424     0.0       6.3504      0.0000       0.0000 GIB_55
system/tile_prci_domain/tile_reset_domain_tile/fusion/fgra/fgra/fggibs_6/cfg      15.2880     0.0       5.8800      9.4080       0.0000 ConfigMem_54_1
system/tile_prci_domain/tile_reset_domain_tile/fusion/fgra/fgra/fggibs_6/mux       2.3520     0.0       2.3520      0.0000       0.0000 Muxn_2_92
system/tile_prci_domain/tile_reset_domain_tile/fusion/fgra/fgra/fggibs_6/mux_1       2.3520     0.0       2.3520      0.0000       0.0000 Muxn_2_91
system/tile_prci_domain/tile_reset_domain_tile/fusion/fgra/fgra/fggibs_7      61.6224     0.0       6.1152     14.1120       0.0000 GIB_56
system/tile_prci_domain/tile_reset_domain_tile/fusion/fgra/fgra/fggibs_7/cfg      29.1648     0.0      10.3488     18.8160       0.0000 ConfigMem_104_3
system/tile_prci_domain/tile_reset_domain_tile/fusion/fgra/fgra/fggibs_7/mux       2.3520     0.0       2.3520      0.0000       0.0000 Muxn_2_90
system/tile_prci_domain/tile_reset_domain_tile/fusion/fgra/fgra/fggibs_7/mux_1       2.3520     0.0       2.3520      0.0000       0.0000 Muxn_2_89
system/tile_prci_domain/tile_reset_domain_tile/fusion/fgra/fgra/fggibs_7/mux_2       7.5264     0.0       7.5264      0.0000       0.0000 Muxn_607_88
system/tile_prci_domain/tile_reset_domain_tile/fusion/fgra/fgra/fggibs_8     129.3600     0.0       5.4096      0.0000       0.0000 GIB_57
system/tile_prci_domain/tile_reset_domain_tile/fusion/fgra/fgra/fggibs_8/cfg      83.7312     0.0      27.2832     56.4480       0.0000 ConfigMem_105_4
system/tile_prci_domain/tile_reset_domain_tile/fusion/fgra/fgra/fggibs_8/mux       2.3520     0.0       2.3520      0.0000       0.0000 Muxn_2_88
system/tile_prci_domain/tile_reset_domain_tile/fusion/fgra/fgra/fggibs_8/mux_1       7.5264     0.0       7.5264      0.0000       0.0000 Muxn_607_87
system/tile_prci_domain/tile_reset_domain_tile/fusion/fgra/fgra/fggibs_8/mux_2       5.8800     0.0       5.8800      0.0000       0.0000 Muxn_605_55
system/tile_prci_domain/tile_reset_domain_tile/fusion/fgra/fgra/fggibs_8/mux_3       7.5264     0.0       7.5264      0.0000       0.0000 Muxn_607_86
system/tile_prci_domain/tile_reset_domain_tile/fusion/fgra/fgra/fggibs_8/mux_4       5.8800     0.0       5.8800      0.0000       0.0000 Muxn_605_54
system/tile_prci_domain/tile_reset_domain_tile/fusion/fgra/fgra/fggibs_8/mux_5      11.0544     0.0      11.0544      0.0000       0.0000 Muxn_650_40
system/tile_prci_domain/tile_reset_domain_tile/fusion/fgra/fgra/fggibs_9     148.1760     0.0       5.4096     18.8160       0.0000 GIB_58
system/tile_prci_domain/tile_reset_domain_tile/fusion/fgra/fgra/fggibs_9/cfg      83.7312     0.0      27.2832     56.4480       0.0000 ConfigMem_105_3
system/tile_prci_domain/tile_reset_domain_tile/fusion/fgra/fgra/fggibs_9/mux       2.3520     0.0       2.3520      0.0000       0.0000 Muxn_2_87
system/tile_prci_domain/tile_reset_domain_tile/fusion/fgra/fgra/fggibs_9/mux_1       7.5264     0.0       7.5264      0.0000       0.0000 Muxn_607_85
system/tile_prci_domain/tile_reset_domain_tile/fusion/fgra/fgra/fggibs_9/mux_2       5.8800     0.0       5.8800      0.0000       0.0000 Muxn_605_53
system/tile_prci_domain/tile_reset_domain_tile/fusion/fgra/fgra/fggibs_9/mux_3       7.5264     0.0       7.5264      0.0000       0.0000 Muxn_607_84
system/tile_prci_domain/tile_reset_domain_tile/fusion/fgra/fgra/fggibs_9/mux_4       5.8800     0.0       5.8800      0.0000       0.0000 Muxn_605_52
system/tile_prci_domain/tile_reset_domain_tile/fusion/fgra/fgra/fggibs_9/mux_5      11.0544     0.0      11.0544      0.0000       0.0000 Muxn_650_39
system/tile_prci_domain/tile_reset_domain_tile/fusion/fgra/fgra/iobs_0    4580.2848     0.1       7.9968      0.0000       0.0000 IOB
system/tile_prci_domain/tile_reset_domain_tile/fusion/fgra/fgra/iobs_0/Muxn      78.0864     0.0      78.0864      0.0000       0.0000 Muxn_133
system/tile_prci_domain/tile_reset_domain_tile/fusion/fgra/fgra/iobs_0/Muxn_1      78.0864     0.0      78.0864      0.0000       0.0000 Muxn_132
system/tile_prci_domain/tile_reset_domain_tile/fusion/fgra/fgra/iobs_0/Muxn_2       2.3520     0.0       2.3520      0.0000       0.0000 Muxn_2_105
system/tile_prci_domain/tile_reset_domain_tile/fusion/fgra/fgra/iobs_0/cfg     821.3184     0.0     280.3584    540.9600       0.0000 ConfigMem_11
system/tile_prci_domain/tile_reset_domain_tile/fusion/fgra/fgra/iobs_0/delayPipeCG    1386.7392     0.0     746.9952    639.7440       0.0000 SharedDelayPipe_12
system/tile_prci_domain/tile_reset_domain_tile/fusion/fgra/fgra/iobs_0/delayPipeFG      78.0864     0.0      45.1584     32.9280       0.0000 SharedDelayPipe_1_11
system/tile_prci_domain/tile_reset_domain_tile/fusion/fgra/fgra/iobs_0/ioCtrl    2127.6192     0.1    1450.2432    677.3760       0.0000 IOController_11
system/tile_prci_domain/tile_reset_domain_tile/fusion/fgra/fgra/iobs_1    4575.8160     0.1       7.9968      0.0000       0.0000 IOB_1
system/tile_prci_domain/tile_reset_domain_tile/fusion/fgra/fgra/iobs_1/Muxn      78.0864     0.0      78.0864      0.0000       0.0000 Muxn_131
system/tile_prci_domain/tile_reset_domain_tile/fusion/fgra/fgra/iobs_1/Muxn_1      78.0864     0.0      78.0864      0.0000       0.0000 Muxn_130
system/tile_prci_domain/tile_reset_domain_tile/fusion/fgra/fgra/iobs_1/Muxn_2       2.3520     0.0       2.3520      0.0000       0.0000 Muxn_2_104
system/tile_prci_domain/tile_reset_domain_tile/fusion/fgra/fgra/iobs_1/cfg     821.3184     0.0     280.3584    540.9600       0.0000 ConfigMem_10
system/tile_prci_domain/tile_reset_domain_tile/fusion/fgra/fgra/iobs_1/delayPipeCG    1386.7392     0.0     746.9952    639.7440       0.0000 SharedDelayPipe_11
system/tile_prci_domain/tile_reset_domain_tile/fusion/fgra/fgra/iobs_1/delayPipeFG      78.0864     0.0      45.1584     32.9280       0.0000 SharedDelayPipe_1_10
system/tile_prci_domain/tile_reset_domain_tile/fusion/fgra/fgra/iobs_1/ioCtrl    2123.1504     0.1    1445.7744    677.3760       0.0000 IOController_10
system/tile_prci_domain/tile_reset_domain_tile/fusion/fgra/fgra/iobs_10    4576.0512     0.1       7.2912      0.0000       0.0000 IOB_10
system/tile_prci_domain/tile_reset_domain_tile/fusion/fgra/fgra/iobs_10/Muxn      78.0864     0.0      78.0864      0.0000       0.0000 Muxn_113
system/tile_prci_domain/tile_reset_domain_tile/fusion/fgra/fgra/iobs_10/Muxn_1      78.0864     0.0      78.0864      0.0000       0.0000 Muxn_112
system/tile_prci_domain/tile_reset_domain_tile/fusion/fgra/fgra/iobs_10/Muxn_2       2.3520     0.0       2.3520      0.0000       0.0000 Muxn_2_95
system/tile_prci_domain/tile_reset_domain_tile/fusion/fgra/fgra/iobs_10/cfg     818.9664     0.0     278.0064    540.9600       0.0000 ConfigMem_1
system/tile_prci_domain/tile_reset_domain_tile/fusion/fgra/fgra/iobs_10/delayPipeCG    1386.7392     0.0     746.9952    639.7440       0.0000 SharedDelayPipe_2
system/tile_prci_domain/tile_reset_domain_tile/fusion/fgra/fgra/iobs_10/delayPipeFG      78.0864     0.0      45.1584     32.9280       0.0000 SharedDelayPipe_1_1
system/tile_prci_domain/tile_reset_domain_tile/fusion/fgra/fgra/iobs_10/ioCtrl    2126.4432     0.1    1449.0672    677.3760       0.0000 IOController_1
system/tile_prci_domain/tile_reset_domain_tile/fusion/fgra/fgra/iobs_11    4574.6400     0.1       7.0560      0.0000       0.0000 IOB_11
system/tile_prci_domain/tile_reset_domain_tile/fusion/fgra/fgra/iobs_11/Muxn      78.0864     0.0      78.0864      0.0000       0.0000 Muxn_111
system/tile_prci_domain/tile_reset_domain_tile/fusion/fgra/fgra/iobs_11/Muxn_1      78.0864     0.0      78.0864      0.0000       0.0000 Muxn_110
system/tile_prci_domain/tile_reset_domain_tile/fusion/fgra/fgra/iobs_11/Muxn_2       2.3520     0.0       2.3520      0.0000       0.0000 Muxn_2_94
system/tile_prci_domain/tile_reset_domain_tile/fusion/fgra/fgra/iobs_11/cfg     818.2608     0.0     277.3008    540.9600       0.0000 ConfigMem_0
system/tile_prci_domain/tile_reset_domain_tile/fusion/fgra/fgra/iobs_11/delayPipeCG    1386.7392     0.0     746.9952    639.7440       0.0000 SharedDelayPipe_0
system/tile_prci_domain/tile_reset_domain_tile/fusion/fgra/fgra/iobs_11/delayPipeFG      78.0864     0.0      45.1584     32.9280       0.0000 SharedDelayPipe_1_0
system/tile_prci_domain/tile_reset_domain_tile/fusion/fgra/fgra/iobs_11/ioCtrl    2125.9728     0.1    1448.5968    677.3760       0.0000 IOController_0
system/tile_prci_domain/tile_reset_domain_tile/fusion/fgra/fgra/iobs_2    4572.5232     0.1       7.7616      0.0000       0.0000 IOB_2
system/tile_prci_domain/tile_reset_domain_tile/fusion/fgra/fgra/iobs_2/Muxn      78.0864     0.0      78.0864      0.0000       0.0000 Muxn_129
system/tile_prci_domain/tile_reset_domain_tile/fusion/fgra/fgra/iobs_2/Muxn_1      78.0864     0.0      78.0864      0.0000       0.0000 Muxn_128
system/tile_prci_domain/tile_reset_domain_tile/fusion/fgra/fgra/iobs_2/Muxn_2       2.3520     0.0       2.3520      0.0000       0.0000 Muxn_2_103
system/tile_prci_domain/tile_reset_domain_tile/fusion/fgra/fgra/iobs_2/cfg     821.3184     0.0     280.3584    540.9600       0.0000 ConfigMem_9
system/tile_prci_domain/tile_reset_domain_tile/fusion/fgra/fgra/iobs_2/delayPipeCG    1386.7392     0.0     746.9952    639.7440       0.0000 SharedDelayPipe_10
system/tile_prci_domain/tile_reset_domain_tile/fusion/fgra/fgra/iobs_2/delayPipeFG      78.0864     0.0      45.1584     32.9280       0.0000 SharedDelayPipe_1_9
system/tile_prci_domain/tile_reset_domain_tile/fusion/fgra/fgra/iobs_2/ioCtrl    2120.0928     0.1    1442.7168    677.3760       0.0000 IOController_9
system/tile_prci_domain/tile_reset_domain_tile/fusion/fgra/fgra/iobs_3    4586.6352     0.1       7.9968      0.0000       0.0000 IOB_3
system/tile_prci_domain/tile_reset_domain_tile/fusion/fgra/fgra/iobs_3/Muxn      78.0864     0.0      78.0864      0.0000       0.0000 Muxn_127
system/tile_prci_domain/tile_reset_domain_tile/fusion/fgra/fgra/iobs_3/Muxn_1      78.0864     0.0      78.0864      0.0000       0.0000 Muxn_126
system/tile_prci_domain/tile_reset_domain_tile/fusion/fgra/fgra/iobs_3/Muxn_2       2.3520     0.0       2.3520      0.0000       0.0000 Muxn_2_102
system/tile_prci_domain/tile_reset_domain_tile/fusion/fgra/fgra/iobs_3/cfg     821.3184     0.0     280.3584    540.9600       0.0000 ConfigMem_8
system/tile_prci_domain/tile_reset_domain_tile/fusion/fgra/fgra/iobs_3/delayPipeCG    1389.3264     0.0     749.5824    639.7440       0.0000 SharedDelayPipe_9
system/tile_prci_domain/tile_reset_domain_tile/fusion/fgra/fgra/iobs_3/delayPipeFG      78.0864     0.0      45.1584     32.9280       0.0000 SharedDelayPipe_1_8
system/tile_prci_domain/tile_reset_domain_tile/fusion/fgra/fgra/iobs_3/ioCtrl    2131.3824     0.1    1446.0096    685.3728       0.0000 IOController_8
system/tile_prci_domain/tile_reset_domain_tile/fusion/fgra/fgra/iobs_4    4582.1664     0.1       7.7616      0.0000       0.0000 IOB_4
system/tile_prci_domain/tile_reset_domain_tile/fusion/fgra/fgra/iobs_4/Muxn      78.0864     0.0      78.0864      0.0000       0.0000 Muxn_125
system/tile_prci_domain/tile_reset_domain_tile/fusion/fgra/fgra/iobs_4/Muxn_1      78.0864     0.0      78.0864      0.0000       0.0000 Muxn_124
system/tile_prci_domain/tile_reset_domain_tile/fusion/fgra/fgra/iobs_4/Muxn_2       2.3520     0.0       2.3520      0.0000       0.0000 Muxn_2_101
system/tile_prci_domain/tile_reset_domain_tile/fusion/fgra/fgra/iobs_4/cfg     819.9072     0.0     278.9472    540.9600       0.0000 ConfigMem_7
system/tile_prci_domain/tile_reset_domain_tile/fusion/fgra/fgra/iobs_4/delayPipeCG    1387.6800     0.0     747.9360    639.7440       0.0000 SharedDelayPipe_8
system/tile_prci_domain/tile_reset_domain_tile/fusion/fgra/fgra/iobs_4/delayPipeFG      78.0864     0.0      45.1584     32.9280       0.0000 SharedDelayPipe_1_7
system/tile_prci_domain/tile_reset_domain_tile/fusion/fgra/fgra/iobs_4/ioCtrl    2130.2064     0.1    1452.8304    677.3760       0.0000 IOController_7
system/tile_prci_domain/tile_reset_domain_tile/fusion/fgra/fgra/iobs_5    4575.1104     0.1       7.7616      0.0000       0.0000 IOB_5
system/tile_prci_domain/tile_reset_domain_tile/fusion/fgra/fgra/iobs_5/Muxn      78.0864     0.0      78.0864      0.0000       0.0000 Muxn_123
system/tile_prci_domain/tile_reset_domain_tile/fusion/fgra/fgra/iobs_5/Muxn_1      78.0864     0.0      78.0864      0.0000       0.0000 Muxn_122
system/tile_prci_domain/tile_reset_domain_tile/fusion/fgra/fgra/iobs_5/Muxn_2       2.3520     0.0       2.3520      0.0000       0.0000 Muxn_2_100
system/tile_prci_domain/tile_reset_domain_tile/fusion/fgra/fgra/iobs_5/cfg     819.9072     0.0     278.9472    540.9600       0.0000 ConfigMem_6
system/tile_prci_domain/tile_reset_domain_tile/fusion/fgra/fgra/iobs_5/delayPipeCG    1386.7392     0.0     746.9952    639.7440       0.0000 SharedDelayPipe_7
system/tile_prci_domain/tile_reset_domain_tile/fusion/fgra/fgra/iobs_5/delayPipeFG      78.0864     0.0      45.1584     32.9280       0.0000 SharedDelayPipe_1_6
system/tile_prci_domain/tile_reset_domain_tile/fusion/fgra/fgra/iobs_5/ioCtrl    2124.0912     0.1    1446.7152    677.3760       0.0000 IOController_6
system/tile_prci_domain/tile_reset_domain_tile/fusion/fgra/fgra/iobs_6    4570.8768     0.1       7.2912      0.0000       0.0000 IOB_6
system/tile_prci_domain/tile_reset_domain_tile/fusion/fgra/fgra/iobs_6/Muxn      78.0864     0.0      78.0864      0.0000       0.0000 Muxn_121
system/tile_prci_domain/tile_reset_domain_tile/fusion/fgra/fgra/iobs_6/Muxn_1      78.0864     0.0      78.0864      0.0000       0.0000 Muxn_120
system/tile_prci_domain/tile_reset_domain_tile/fusion/fgra/fgra/iobs_6/Muxn_2       2.3520     0.0       2.3520      0.0000       0.0000 Muxn_2_99
system/tile_prci_domain/tile_reset_domain_tile/fusion/fgra/fgra/iobs_6/cfg     818.9664     0.0     278.0064    540.9600       0.0000 ConfigMem_5
system/tile_prci_domain/tile_reset_domain_tile/fusion/fgra/fgra/iobs_6/delayPipeCG    1386.7392     0.0     746.9952    639.7440       0.0000 SharedDelayPipe_6
system/tile_prci_domain/tile_reset_domain_tile/fusion/fgra/fgra/iobs_6/delayPipeFG      78.0864     0.0      45.1584     32.9280       0.0000 SharedDelayPipe_1_5
system/tile_prci_domain/tile_reset_domain_tile/fusion/fgra/fgra/iobs_6/ioCtrl    2121.2688     0.1    1443.8928    677.3760       0.0000 IOController_5
system/tile_prci_domain/tile_reset_domain_tile/fusion/fgra/fgra/iobs_7    4566.6432     0.1       7.0560      0.0000       0.0000 IOB_7
system/tile_prci_domain/tile_reset_domain_tile/fusion/fgra/fgra/iobs_7/Muxn      78.0864     0.0      78.0864      0.0000       0.0000 Muxn_119
system/tile_prci_domain/tile_reset_domain_tile/fusion/fgra/fgra/iobs_7/Muxn_1      78.0864     0.0      78.0864      0.0000       0.0000 Muxn_118
system/tile_prci_domain/tile_reset_domain_tile/fusion/fgra/fgra/iobs_7/Muxn_2       2.3520     0.0       2.3520      0.0000       0.0000 Muxn_2_98
system/tile_prci_domain/tile_reset_domain_tile/fusion/fgra/fgra/iobs_7/cfg     820.3776     0.0     279.4176    540.9600       0.0000 ConfigMem_4
system/tile_prci_domain/tile_reset_domain_tile/fusion/fgra/fgra/iobs_7/delayPipeCG    1387.4448     0.0     747.7008    639.7440       0.0000 SharedDelayPipe_5
system/tile_prci_domain/tile_reset_domain_tile/fusion/fgra/fgra/iobs_7/delayPipeFG      78.0864     0.0      45.1584     32.9280       0.0000 SharedDelayPipe_1_4
system/tile_prci_domain/tile_reset_domain_tile/fusion/fgra/fgra/iobs_7/ioCtrl    2115.1536     0.1    1437.7776    677.3760       0.0000 IOController_4
system/tile_prci_domain/tile_reset_domain_tile/fusion/fgra/fgra/iobs_8    4575.8160     0.1       7.0560      0.0000       0.0000 IOB_8
system/tile_prci_domain/tile_reset_domain_tile/fusion/fgra/fgra/iobs_8/Muxn      78.0864     0.0      78.0864      0.0000       0.0000 Muxn_117
system/tile_prci_domain/tile_reset_domain_tile/fusion/fgra/fgra/iobs_8/Muxn_1      78.0864     0.0      78.0864      0.0000       0.0000 Muxn_116
system/tile_prci_domain/tile_reset_domain_tile/fusion/fgra/fgra/iobs_8/Muxn_2       2.3520     0.0       2.3520      0.0000       0.0000 Muxn_2_97
system/tile_prci_domain/tile_reset_domain_tile/fusion/fgra/fgra/iobs_8/cfg     818.9664     0.0     278.0064    540.9600       0.0000 ConfigMem_3
system/tile_prci_domain/tile_reset_domain_tile/fusion/fgra/fgra/iobs_8/delayPipeCG    1388.3856     0.0     748.6416    639.7440       0.0000 SharedDelayPipe_4
system/tile_prci_domain/tile_reset_domain_tile/fusion/fgra/fgra/iobs_8/delayPipeFG      78.0864     0.0      45.1584     32.9280       0.0000 SharedDelayPipe_1_3
system/tile_prci_domain/tile_reset_domain_tile/fusion/fgra/fgra/iobs_8/ioCtrl    2124.7968     0.1    1447.4208    677.3760       0.0000 IOController_3
system/tile_prci_domain/tile_reset_domain_tile/fusion/fgra/fgra/iobs_9    4571.5824     0.1       7.2912      0.0000       0.0000 IOB_9
system/tile_prci_domain/tile_reset_domain_tile/fusion/fgra/fgra/iobs_9/Muxn      78.0864     0.0      78.0864      0.0000       0.0000 Muxn_115
system/tile_prci_domain/tile_reset_domain_tile/fusion/fgra/fgra/iobs_9/Muxn_1      78.0864     0.0      78.0864      0.0000       0.0000 Muxn_114
system/tile_prci_domain/tile_reset_domain_tile/fusion/fgra/fgra/iobs_9/Muxn_2       2.3520     0.0       2.3520      0.0000       0.0000 Muxn_2_96
system/tile_prci_domain/tile_reset_domain_tile/fusion/fgra/fgra/iobs_9/cfg     818.9664     0.0     278.0064    540.9600       0.0000 ConfigMem_2
system/tile_prci_domain/tile_reset_domain_tile/fusion/fgra/fgra/iobs_9/delayPipeCG    1386.7392     0.0     746.9952    639.7440       0.0000 SharedDelayPipe_3
system/tile_prci_domain/tile_reset_domain_tile/fusion/fgra/fgra/iobs_9/delayPipeFG      78.0864     0.0      45.1584     32.9280       0.0000 SharedDelayPipe_1_2
system/tile_prci_domain/tile_reset_domain_tile/fusion/fgra/fgra/iobs_9/ioCtrl    2121.9744     0.1    1444.3632    677.6112       0.0000 IOController_2
system/tile_prci_domain/tile_reset_domain_tile/fusion/fgra/fgra/pes_0   24240.6531     0.7       7.7616      0.0000       0.0000 GPE
system/tile_prci_domain/tile_reset_domain_tile/fusion/fgra/fgra/pes_0/Muxn     194.0400     0.0     194.0400      0.0000       0.0000 Muxn_36_171
system/tile_prci_domain/tile_reset_domain_tile/fusion/fgra/fgra/pes_0/Muxn_1     292.1184     0.0     292.1184      0.0000       0.0000 Muxn_36_170
system/tile_prci_domain/tile_reset_domain_tile/fusion/fgra/fgra/pes_0/Muxn_2       7.5264     0.0       7.5264      0.0000       0.0000 Muxn_38_34
system/tile_prci_domain/tile_reset_domain_tile/fusion/fgra/fgra/pes_0/alu   15804.9698     0.5     597.4080      0.0000       0.0000 ALU_15
system/tile_prci_domain/tile_reset_domain_tile/fusion/fgra/fgra/pes_0/alu/arith     413.9520     0.0     413.9520      0.0000       0.0000 ARITH_35
system/tile_prci_domain/tile_reset_domain_tile/fusion/fgra/fgra/pes_0/alu/fadd    5078.4385     0.2       0.0000      0.0000       0.0000 FADD_35
system/tile_prci_domain/tile_reset_domain_tile/fusion/fgra/fgra/pes_0/alu/fadd/fcmaadd    5078.4385     0.2       4.2336      0.0000       0.0000 FCMA_ADD_35
system/tile_prci_domain/tile_reset_domain_tile/fusion/fgra/fgra/pes_0/alu/fadd/fcmaadd/fadd_s1    3479.3137     0.1     668.4384      0.0000       0.0000 FCMA_ADD_s1_35
system/tile_prci_domain/tile_reset_domain_tile/fusion/fgra/fgra/pes_0/alu/fadd/fcmaadd/fadd_s1/far_path_mods_0     867.6528     0.0     387.8448      0.0000       0.0000 FarPath_35
system/tile_prci_domain/tile_reset_domain_tile/fusion/fgra/fgra/pes_0/alu/fadd/fcmaadd/fadd_s1/far_path_mods_0/shiftRightJam     479.8080     0.0     479.8080      0.0000       0.0000 ShiftRightJam_35
system/tile_prci_domain/tile_reset_domain_tile/fusion/fgra/fgra/pes_0/alu/fadd/fcmaadd/fadd_s1/near_path_mods_0     988.5456     0.0     727.4736      0.0000       0.0000 NearPath_71
system/tile_prci_domain/tile_reset_domain_tile/fusion/fgra/fgra/pes_0/alu/fadd/fcmaadd/fadd_s1/near_path_mods_0/lza_ab     161.1120     0.0     161.1120      0.0000       0.0000 LZA_72
system/tile_prci_domain/tile_reset_domain_tile/fusion/fgra/fgra/pes_0/alu/fadd/fcmaadd/fadd_s1/near_path_mods_0/lzc_clz      99.9600     0.0      99.9600      0.0000       0.0000 CLZ_73
system/tile_prci_domain/tile_reset_domain_tile/fusion/fgra/fgra/pes_0/alu/fadd/fcmaadd/fadd_s1/near_path_mods_1     954.6768     0.0     715.2432      0.0000       0.0000 NearPath_70
system/tile_prci_domain/tile_reset_domain_tile/fusion/fgra/fgra/pes_0/alu/fadd/fcmaadd/fadd_s1/near_path_mods_1/lza_ab     143.0016     0.0     143.0016      0.0000       0.0000 LZA_71
system/tile_prci_domain/tile_reset_domain_tile/fusion/fgra/fgra/pes_0/alu/fadd/fcmaadd/fadd_s1/near_path_mods_1/lzc_clz      96.4320     0.0      96.4320      0.0000       0.0000 CLZ_72
system/tile_prci_domain/tile_reset_domain_tile/fusion/fgra/fgra/pes_0/alu/fadd/fcmaadd/fadd_s2    1594.8912     0.0    1178.3520      0.0000       0.0000 FCMA_ADD_s2_35
system/tile_prci_domain/tile_reset_domain_tile/fusion/fgra/fgra/pes_0/alu/fadd/fcmaadd/fadd_s2/far_path_rounder     216.3840     0.0     216.3840      0.0000       0.0000 RoundingUnit_179
system/tile_prci_domain/tile_reset_domain_tile/fusion/fgra/fgra/pes_0/alu/fadd/fcmaadd/fadd_s2/near_path_rounder     200.1552     0.0     200.1552      0.0000       0.0000 RoundingUnit_178
system/tile_prci_domain/tile_reset_domain_tile/fusion/fgra/fgra/pes_0/alu/fcmp     289.5312     0.0     289.5312      0.0000       0.0000 FCMP_107
system/tile_prci_domain/tile_reset_domain_tile/fusion/fgra/fgra/pes_0/alu/fmax     271.6560     0.0     271.6560      0.0000       0.0000 FCMP_105
system/tile_prci_domain/tile_reset_domain_tile/fusion/fgra/fgra/pes_0/alu/fmin     270.4800     0.0     270.4800      0.0000       0.0000 FCMP_106
system/tile_prci_domain/tile_reset_domain_tile/fusion/fgra/fgra/pes_0/alu/fmul    2246.6304     0.1      14.8176    555.5424       0.0000 FMUL_share_35
system/tile_prci_domain/tile_reset_domain_tile/fusion/fgra/fgra/pes_0/alu/fmul/fmul_s1     399.8400     0.0     317.5200      0.0000       0.0000 FMUL_s1_35
system/tile_prci_domain/tile_reset_domain_tile/fusion/fgra/fgra/pes_0/alu/fmul/fmul_s1/lzc_clz      82.3200     0.0      82.3200      0.0000       0.0000 CLZ_2_35
system/tile_prci_domain/tile_reset_domain_tile/fusion/fgra/fgra/pes_0/alu/fmul/fmul_s2    1071.5712     0.0    1071.5712      0.0000       0.0000 FMUL_s2_35
system/tile_prci_domain/tile_reset_domain_tile/fusion/fgra/fgra/pes_0/alu/fmul/fmul_s3     204.8592     0.0     104.1936      0.0000       0.0000 FMUL_s3_35
system/tile_prci_domain/tile_reset_domain_tile/fusion/fgra/fgra/pes_0/alu/fmul/fmul_s3/rounder     100.6656     0.0     100.6656      0.0000       0.0000 RoundingUnit_251
system/tile_prci_domain/tile_reset_domain_tile/fusion/fgra/fgra/pes_0/alu/logic_0     229.7904     0.0      11.2896      0.0000       0.0000 LOGIC_35
system/tile_prci_domain/tile_reset_domain_tile/fusion/fgra/fgra/pes_0/alu/logic_0/logicUnit       6.3504     0.0       6.3504      0.0000       0.0000 UnifiedCom_1151
system/tile_prci_domain/tile_reset_domain_tile/fusion/fgra/fgra/pes_0/alu/logic_0/logicUnit_1       7.0560     0.0       7.0560      0.0000       0.0000 UnifiedCom_1150
system/tile_prci_domain/tile_reset_domain_tile/fusion/fgra/fgra/pes_0/alu/logic_0/logicUnit_10       7.0560     0.0       7.0560      0.0000       0.0000 UnifiedCom_1141
system/tile_prci_domain/tile_reset_domain_tile/fusion/fgra/fgra/pes_0/alu/logic_0/logicUnit_11       6.3504     0.0       6.3504      0.0000       0.0000 UnifiedCom_1140
system/tile_prci_domain/tile_reset_domain_tile/fusion/fgra/fgra/pes_0/alu/logic_0/logicUnit_12       7.0560     0.0       7.0560      0.0000       0.0000 UnifiedCom_1139
system/tile_prci_domain/tile_reset_domain_tile/fusion/fgra/fgra/pes_0/alu/logic_0/logicUnit_13       7.0560     0.0       7.0560      0.0000       0.0000 UnifiedCom_1138
system/tile_prci_domain/tile_reset_domain_tile/fusion/fgra/fgra/pes_0/alu/logic_0/logicUnit_14       6.3504     0.0       6.3504      0.0000       0.0000 UnifiedCom_1137
system/tile_prci_domain/tile_reset_domain_tile/fusion/fgra/fgra/pes_0/alu/logic_0/logicUnit_15       7.0560     0.0       7.0560      0.0000       0.0000 UnifiedCom_1136
system/tile_prci_domain/tile_reset_domain_tile/fusion/fgra/fgra/pes_0/alu/logic_0/logicUnit_16       7.0560     0.0       7.0560      0.0000       0.0000 UnifiedCom_1135
system/tile_prci_domain/tile_reset_domain_tile/fusion/fgra/fgra/pes_0/alu/logic_0/logicUnit_17       6.3504     0.0       6.3504      0.0000       0.0000 UnifiedCom_1134
system/tile_prci_domain/tile_reset_domain_tile/fusion/fgra/fgra/pes_0/alu/logic_0/logicUnit_18       7.0560     0.0       7.0560      0.0000       0.0000 UnifiedCom_1133
system/tile_prci_domain/tile_reset_domain_tile/fusion/fgra/fgra/pes_0/alu/logic_0/logicUnit_19       7.0560     0.0       7.0560      0.0000       0.0000 UnifiedCom_1132
system/tile_prci_domain/tile_reset_domain_tile/fusion/fgra/fgra/pes_0/alu/logic_0/logicUnit_2       6.3504     0.0       6.3504      0.0000       0.0000 UnifiedCom_1149
system/tile_prci_domain/tile_reset_domain_tile/fusion/fgra/fgra/pes_0/alu/logic_0/logicUnit_20       7.0560     0.0       7.0560      0.0000       0.0000 UnifiedCom_1131
system/tile_prci_domain/tile_reset_domain_tile/fusion/fgra/fgra/pes_0/alu/logic_0/logicUnit_21       6.3504     0.0       6.3504      0.0000       0.0000 UnifiedCom_1130
system/tile_prci_domain/tile_reset_domain_tile/fusion/fgra/fgra/pes_0/alu/logic_0/logicUnit_22       7.0560     0.0       7.0560      0.0000       0.0000 UnifiedCom_1129
system/tile_prci_domain/tile_reset_domain_tile/fusion/fgra/fgra/pes_0/alu/logic_0/logicUnit_23       7.0560     0.0       7.0560      0.0000       0.0000 UnifiedCom_1128
system/tile_prci_domain/tile_reset_domain_tile/fusion/fgra/fgra/pes_0/alu/logic_0/logicUnit_24       7.0560     0.0       7.0560      0.0000       0.0000 UnifiedCom_1127
system/tile_prci_domain/tile_reset_domain_tile/fusion/fgra/fgra/pes_0/alu/logic_0/logicUnit_25       7.0560     0.0       7.0560      0.0000       0.0000 UnifiedCom_1126
system/tile_prci_domain/tile_reset_domain_tile/fusion/fgra/fgra/pes_0/alu/logic_0/logicUnit_26       7.0560     0.0       7.0560      0.0000       0.0000 UnifiedCom_1125
system/tile_prci_domain/tile_reset_domain_tile/fusion/fgra/fgra/pes_0/alu/logic_0/logicUnit_27       7.0560     0.0       7.0560      0.0000       0.0000 UnifiedCom_1124
system/tile_prci_domain/tile_reset_domain_tile/fusion/fgra/fgra/pes_0/alu/logic_0/logicUnit_28       6.3504     0.0       6.3504      0.0000       0.0000 UnifiedCom_1123
system/tile_prci_domain/tile_reset_domain_tile/fusion/fgra/fgra/pes_0/alu/logic_0/logicUnit_29       6.3504     0.0       6.3504      0.0000       0.0000 UnifiedCom_1122
system/tile_prci_domain/tile_reset_domain_tile/fusion/fgra/fgra/pes_0/alu/logic_0/logicUnit_3       7.0560     0.0       7.0560      0.0000       0.0000 UnifiedCom_1148
system/tile_prci_domain/tile_reset_domain_tile/fusion/fgra/fgra/pes_0/alu/logic_0/logicUnit_30       6.3504     0.0       6.3504      0.0000       0.0000 UnifiedCom_1121
system/tile_prci_domain/tile_reset_domain_tile/fusion/fgra/fgra/pes_0/alu/logic_0/logicUnit_31       7.0560     0.0       7.0560      0.0000       0.0000 UnifiedCom_1120
system/tile_prci_domain/tile_reset_domain_tile/fusion/fgra/fgra/pes_0/alu/logic_0/logicUnit_4       8.2320     0.0       8.2320      0.0000       0.0000 UnifiedCom_1147
system/tile_prci_domain/tile_reset_domain_tile/fusion/fgra/fgra/pes_0/alu/logic_0/logicUnit_5       7.0560     0.0       7.0560      0.0000       0.0000 UnifiedCom_1146
system/tile_prci_domain/tile_reset_domain_tile/fusion/fgra/fgra/pes_0/alu/logic_0/logicUnit_6       6.3504     0.0       6.3504      0.0000       0.0000 UnifiedCom_1145
system/tile_prci_domain/tile_reset_domain_tile/fusion/fgra/fgra/pes_0/alu/logic_0/logicUnit_7       7.0560     0.0       7.0560      0.0000       0.0000 UnifiedCom_1144
system/tile_prci_domain/tile_reset_domain_tile/fusion/fgra/fgra/pes_0/alu/logic_0/logicUnit_8       6.3504     0.0       6.3504      0.0000       0.0000 UnifiedCom_1143
system/tile_prci_domain/tile_reset_domain_tile/fusion/fgra/fgra/pes_0/alu/logic_0/logicUnit_9       6.3504     0.0       6.3504      0.0000       0.0000 UnifiedCom_1142
system/tile_prci_domain/tile_reset_domain_tile/fusion/fgra/fgra/pes_0/alu/multipler    5715.1249     0.2    5715.1249      0.0000       0.0000 Mul_35
system/tile_prci_domain/tile_reset_domain_tile/fusion/fgra/fgra/pes_0/alu/shift     691.9584     0.0     691.9584      0.0000       0.0000 SHIFT_35
system/tile_prci_domain/tile_reset_domain_tile/fusion/fgra/fgra/pes_0/cfg     569.6544     0.0     153.8208    415.8336       0.0000 ConfigMem_12_13
system/tile_prci_domain/tile_reset_domain_tile/fusion/fgra/fgra/pes_0/delayPipeCG    7000.2577     0.2    4114.1185   2886.1392       0.0000 SharedDelayPipe_24_35
system/tile_prci_domain/tile_reset_domain_tile/fusion/fgra/fgra/pes_0/delayPipeFG     205.8000     0.0     125.8320     79.9680       0.0000 SharedDelayPipe_25_13
system/tile_prci_domain/tile_reset_domain_tile/fusion/fgra/fgra/pes_0/dmr     150.5280     0.0       0.0000    150.5280       0.0000 DualModeReg_30
system/tile_prci_domain/tile_reset_domain_tile/fusion/fgra/fgra/pes_0/rf4alu       7.9968     0.0       3.2928      4.7040       0.0000 RF_37
system/tile_prci_domain/tile_reset_domain_tile/fusion/fgra/fgra/pes_1   23979.8162     0.7       7.0560      0.0000       0.0000 GPE_1
system/tile_prci_domain/tile_reset_domain_tile/fusion/fgra/fgra/pes_1/Muxn     251.4288     0.0     251.4288      0.0000       0.0000 Muxn_36_169
system/tile_prci_domain/tile_reset_domain_tile/fusion/fgra/fgra/pes_1/Muxn_1     222.7344     0.0     222.7344      0.0000       0.0000 Muxn_36_168
system/tile_prci_domain/tile_reset_domain_tile/fusion/fgra/fgra/pes_1/Muxn_2       7.5264     0.0       7.5264      0.0000       0.0000 Muxn_38_33
system/tile_prci_domain/tile_reset_domain_tile/fusion/fgra/fgra/pes_1/alu   15589.2914     0.5     596.4672      0.0000       0.0000 ALU_14
system/tile_prci_domain/tile_reset_domain_tile/fusion/fgra/fgra/pes_1/alu/arith     417.0096     0.0     417.0096      0.0000       0.0000 ARITH_34
system/tile_prci_domain/tile_reset_domain_tile/fusion/fgra/fgra/pes_1/alu/fadd    5021.0497     0.2       0.0000      0.0000       0.0000 FADD_34
system/tile_prci_domain/tile_reset_domain_tile/fusion/fgra/fgra/pes_1/alu/fadd/fcmaadd    5021.0497     0.2       2.3520      0.0000       0.0000 FCMA_ADD_34
system/tile_prci_domain/tile_reset_domain_tile/fusion/fgra/fgra/pes_1/alu/fadd/fcmaadd/fadd_s1    3458.8513     0.1     643.2720      0.0000       0.0000 FCMA_ADD_s1_34
system/tile_prci_domain/tile_reset_domain_tile/fusion/fgra/fgra/pes_1/alu/fadd/fcmaadd/fadd_s1/far_path_mods_0     881.2944     0.0     386.9040      0.0000       0.0000 FarPath_34
system/tile_prci_domain/tile_reset_domain_tile/fusion/fgra/fgra/pes_1/alu/fadd/fcmaadd/fadd_s1/far_path_mods_0/shiftRightJam     494.3904     0.0     494.3904      0.0000       0.0000 ShiftRightJam_34
system/tile_prci_domain/tile_reset_domain_tile/fusion/fgra/fgra/pes_1/alu/fadd/fcmaadd/fadd_s1/near_path_mods_0     969.7296     0.0     719.9472      0.0000       0.0000 NearPath_69
system/tile_prci_domain/tile_reset_domain_tile/fusion/fgra/fgra/pes_1/alu/fadd/fcmaadd/fadd_s1/near_path_mods_0/lza_ab     158.0544     0.0     158.0544      0.0000       0.0000 LZA_70
system/tile_prci_domain/tile_reset_domain_tile/fusion/fgra/fgra/pes_1/alu/fadd/fcmaadd/fadd_s1/near_path_mods_0/lzc_clz      91.7280     0.0      91.7280      0.0000       0.0000 CLZ_71
system/tile_prci_domain/tile_reset_domain_tile/fusion/fgra/fgra/pes_1/alu/fadd/fcmaadd/fadd_s1/near_path_mods_1     964.5552     0.0     720.4176      0.0000       0.0000 NearPath_68
system/tile_prci_domain/tile_reset_domain_tile/fusion/fgra/fgra/pes_1/alu/fadd/fcmaadd/fadd_s1/near_path_mods_1/lza_ab     145.8240     0.0     145.8240      0.0000       0.0000 LZA_69
system/tile_prci_domain/tile_reset_domain_tile/fusion/fgra/fgra/pes_1/alu/fadd/fcmaadd/fadd_s1/near_path_mods_1/lzc_clz      98.3136     0.0      98.3136      0.0000       0.0000 CLZ_70
system/tile_prci_domain/tile_reset_domain_tile/fusion/fgra/fgra/pes_1/alu/fadd/fcmaadd/fadd_s2    1559.8464     0.0    1137.1920      0.0000       0.0000 FCMA_ADD_s2_34
system/tile_prci_domain/tile_reset_domain_tile/fusion/fgra/fgra/pes_1/alu/fadd/fcmaadd/fadd_s2/far_path_rounder     221.7936     0.0     221.7936      0.0000       0.0000 RoundingUnit_176
system/tile_prci_domain/tile_reset_domain_tile/fusion/fgra/fgra/pes_1/alu/fadd/fcmaadd/fadd_s2/near_path_rounder     200.8608     0.0     200.8608      0.0000       0.0000 RoundingUnit_175
system/tile_prci_domain/tile_reset_domain_tile/fusion/fgra/fgra/pes_1/alu/fcmp     294.7056     0.0     294.7056      0.0000       0.0000 FCMP_104
system/tile_prci_domain/tile_reset_domain_tile/fusion/fgra/fgra/pes_1/alu/fmax     274.9488     0.0     274.9488      0.0000       0.0000 FCMP_102
system/tile_prci_domain/tile_reset_domain_tile/fusion/fgra/fgra/pes_1/alu/fmin     271.6560     0.0     271.6560      0.0000       0.0000 FCMP_103
system/tile_prci_domain/tile_reset_domain_tile/fusion/fgra/fgra/pes_1/alu/fmul    2285.2032     0.1      12.2304    556.9536       0.0000 FMUL_share_34
system/tile_prci_domain/tile_reset_domain_tile/fusion/fgra/fgra/pes_1/alu/fmul/fmul_s1     455.3472     0.0     380.5536      0.0000       0.0000 FMUL_s1_34
system/tile_prci_domain/tile_reset_domain_tile/fusion/fgra/fgra/pes_1/alu/fmul/fmul_s1/lzc_clz      74.7936     0.0      74.7936      0.0000       0.0000 CLZ_2_34
system/tile_prci_domain/tile_reset_domain_tile/fusion/fgra/fgra/pes_1/alu/fmul/fmul_s2    1055.8128     0.0    1055.8128      0.0000       0.0000 FMUL_s2_34
system/tile_prci_domain/tile_reset_domain_tile/fusion/fgra/fgra/pes_1/alu/fmul/fmul_s3     204.8592     0.0     104.1936      0.0000       0.0000 FMUL_s3_34
system/tile_prci_domain/tile_reset_domain_tile/fusion/fgra/fgra/pes_1/alu/fmul/fmul_s3/rounder     100.6656     0.0     100.6656      0.0000       0.0000 RoundingUnit_249
system/tile_prci_domain/tile_reset_domain_tile/fusion/fgra/fgra/pes_1/alu/logic_0     226.4976     0.0      11.2896      0.0000       0.0000 LOGIC_34
system/tile_prci_domain/tile_reset_domain_tile/fusion/fgra/fgra/pes_1/alu/logic_0/logicUnit       6.3504     0.0       6.3504      0.0000       0.0000 UnifiedCom_1119
system/tile_prci_domain/tile_reset_domain_tile/fusion/fgra/fgra/pes_1/alu/logic_0/logicUnit_1       6.3504     0.0       6.3504      0.0000       0.0000 UnifiedCom_1118
system/tile_prci_domain/tile_reset_domain_tile/fusion/fgra/fgra/pes_1/alu/logic_0/logicUnit_10       6.3504     0.0       6.3504      0.0000       0.0000 UnifiedCom_1109
system/tile_prci_domain/tile_reset_domain_tile/fusion/fgra/fgra/pes_1/alu/logic_0/logicUnit_11       7.0560     0.0       7.0560      0.0000       0.0000 UnifiedCom_1108
system/tile_prci_domain/tile_reset_domain_tile/fusion/fgra/fgra/pes_1/alu/logic_0/logicUnit_12       7.0560     0.0       7.0560      0.0000       0.0000 UnifiedCom_1107
system/tile_prci_domain/tile_reset_domain_tile/fusion/fgra/fgra/pes_1/alu/logic_0/logicUnit_13       7.0560     0.0       7.0560      0.0000       0.0000 UnifiedCom_1106
system/tile_prci_domain/tile_reset_domain_tile/fusion/fgra/fgra/pes_1/alu/logic_0/logicUnit_14       7.0560     0.0       7.0560      0.0000       0.0000 UnifiedCom_1105
system/tile_prci_domain/tile_reset_domain_tile/fusion/fgra/fgra/pes_1/alu/logic_0/logicUnit_15       7.0560     0.0       7.0560      0.0000       0.0000 UnifiedCom_1104
system/tile_prci_domain/tile_reset_domain_tile/fusion/fgra/fgra/pes_1/alu/logic_0/logicUnit_16       7.0560     0.0       7.0560      0.0000       0.0000 UnifiedCom_1103
system/tile_prci_domain/tile_reset_domain_tile/fusion/fgra/fgra/pes_1/alu/logic_0/logicUnit_17       7.0560     0.0       7.0560      0.0000       0.0000 UnifiedCom_1102
system/tile_prci_domain/tile_reset_domain_tile/fusion/fgra/fgra/pes_1/alu/logic_0/logicUnit_18       7.0560     0.0       7.0560      0.0000       0.0000 UnifiedCom_1101
system/tile_prci_domain/tile_reset_domain_tile/fusion/fgra/fgra/pes_1/alu/logic_0/logicUnit_19       7.0560     0.0       7.0560      0.0000       0.0000 UnifiedCom_1100
system/tile_prci_domain/tile_reset_domain_tile/fusion/fgra/fgra/pes_1/alu/logic_0/logicUnit_2       7.0560     0.0       7.0560      0.0000       0.0000 UnifiedCom_1117
system/tile_prci_domain/tile_reset_domain_tile/fusion/fgra/fgra/pes_1/alu/logic_0/logicUnit_20       7.0560     0.0       7.0560      0.0000       0.0000 UnifiedCom_1099
system/tile_prci_domain/tile_reset_domain_tile/fusion/fgra/fgra/pes_1/alu/logic_0/logicUnit_21       7.0560     0.0       7.0560      0.0000       0.0000 UnifiedCom_1098
system/tile_prci_domain/tile_reset_domain_tile/fusion/fgra/fgra/pes_1/alu/logic_0/logicUnit_22       7.0560     0.0       7.0560      0.0000       0.0000 UnifiedCom_1097
system/tile_prci_domain/tile_reset_domain_tile/fusion/fgra/fgra/pes_1/alu/logic_0/logicUnit_23       6.3504     0.0       6.3504      0.0000       0.0000 UnifiedCom_1096
system/tile_prci_domain/tile_reset_domain_tile/fusion/fgra/fgra/pes_1/alu/logic_0/logicUnit_24       6.3504     0.0       6.3504      0.0000       0.0000 UnifiedCom_1095
system/tile_prci_domain/tile_reset_domain_tile/fusion/fgra/fgra/pes_1/alu/logic_0/logicUnit_25       7.0560     0.0       7.0560      0.0000       0.0000 UnifiedCom_1094
system/tile_prci_domain/tile_reset_domain_tile/fusion/fgra/fgra/pes_1/alu/logic_0/logicUnit_26       6.3504     0.0       6.3504      0.0000       0.0000 UnifiedCom_1093
system/tile_prci_domain/tile_reset_domain_tile/fusion/fgra/fgra/pes_1/alu/logic_0/logicUnit_27       6.3504     0.0       6.3504      0.0000       0.0000 UnifiedCom_1092
system/tile_prci_domain/tile_reset_domain_tile/fusion/fgra/fgra/pes_1/alu/logic_0/logicUnit_28       7.0560     0.0       7.0560      0.0000       0.0000 UnifiedCom_1091
system/tile_prci_domain/tile_reset_domain_tile/fusion/fgra/fgra/pes_1/alu/logic_0/logicUnit_29       6.3504     0.0       6.3504      0.0000       0.0000 UnifiedCom_1090
system/tile_prci_domain/tile_reset_domain_tile/fusion/fgra/fgra/pes_1/alu/logic_0/logicUnit_3       6.3504     0.0       6.3504      0.0000       0.0000 UnifiedCom_1116
system/tile_prci_domain/tile_reset_domain_tile/fusion/fgra/fgra/pes_1/alu/logic_0/logicUnit_30       6.3504     0.0       6.3504      0.0000       0.0000 UnifiedCom_1089
system/tile_prci_domain/tile_reset_domain_tile/fusion/fgra/fgra/pes_1/alu/logic_0/logicUnit_31       7.0560     0.0       7.0560      0.0000       0.0000 UnifiedCom_1088
system/tile_prci_domain/tile_reset_domain_tile/fusion/fgra/fgra/pes_1/alu/logic_0/logicUnit_4       6.3504     0.0       6.3504      0.0000       0.0000 UnifiedCom_1115
system/tile_prci_domain/tile_reset_domain_tile/fusion/fgra/fgra/pes_1/alu/logic_0/logicUnit_5       6.3504     0.0       6.3504      0.0000       0.0000 UnifiedCom_1114
system/tile_prci_domain/tile_reset_domain_tile/fusion/fgra/fgra/pes_1/alu/logic_0/logicUnit_6       6.3504     0.0       6.3504      0.0000       0.0000 UnifiedCom_1113
system/tile_prci_domain/tile_reset_domain_tile/fusion/fgra/fgra/pes_1/alu/logic_0/logicUnit_7       7.0560     0.0       7.0560      0.0000       0.0000 UnifiedCom_1112
system/tile_prci_domain/tile_reset_domain_tile/fusion/fgra/fgra/pes_1/alu/logic_0/logicUnit_8       6.3504     0.0       6.3504      0.0000       0.0000 UnifiedCom_1111
system/tile_prci_domain/tile_reset_domain_tile/fusion/fgra/fgra/pes_1/alu/logic_0/logicUnit_9       6.3504     0.0       6.3504      0.0000       0.0000 UnifiedCom_1110
system/tile_prci_domain/tile_reset_domain_tile/fusion/fgra/fgra/pes_1/alu/multipler    5511.4417     0.2    5511.4417      0.0000       0.0000 Mul_34
system/tile_prci_domain/tile_reset_domain_tile/fusion/fgra/fgra/pes_1/alu/shift     690.3120     0.0     690.3120      0.0000       0.0000 SHIFT_34
system/tile_prci_domain/tile_reset_domain_tile/fusion/fgra/fgra/pes_1/cfg     566.8320     0.0     153.8208    413.0112       0.0000 ConfigMem_12_12
system/tile_prci_domain/tile_reset_domain_tile/fusion/fgra/fgra/pes_1/delayPipeCG    6968.9761     0.2    4058.1409   2910.8352       0.0000 SharedDelayPipe_24_34
system/tile_prci_domain/tile_reset_domain_tile/fusion/fgra/fgra/pes_1/delayPipeFG     205.8000     0.0     125.8320     79.9680       0.0000 SharedDelayPipe_25_12
system/tile_prci_domain/tile_reset_domain_tile/fusion/fgra/fgra/pes_1/dmr     150.7632     0.0       0.0000    150.7632       0.0000 DualModeReg_29
system/tile_prci_domain/tile_reset_domain_tile/fusion/fgra/fgra/pes_1/rf4alu       9.4080     0.0       4.7040      4.7040       0.0000 RF_36
system/tile_prci_domain/tile_reset_domain_tile/fusion/fgra/fgra/pes_10   20999.5970     0.6      10.5840      0.0000       0.0000 GPE_10
system/tile_prci_domain/tile_reset_domain_tile/fusion/fgra/fgra/pes_10/Muxn     252.1344     0.0     252.1344      0.0000       0.0000 Muxn_36_151
system/tile_prci_domain/tile_reset_domain_tile/fusion/fgra/fgra/pes_10/Muxn_1     259.8960     0.0     259.8960      0.0000       0.0000 Muxn_36_150
system/tile_prci_domain/tile_reset_domain_tile/fusion/fgra/fgra/pes_10/alu   12851.3282     0.4     170.0496      0.0000       0.0000 ALU_6_5
system/tile_prci_domain/tile_reset_domain_tile/fusion/fgra/fgra/pes_10/alu/fadd    4928.1457     0.2       0.0000      0.0000       0.0000 FADD_25
system/tile_prci_domain/tile_reset_domain_tile/fusion/fgra/fgra/pes_10/alu/fadd/fcmaadd    4928.1457     0.2       2.3520      0.0000       0.0000 FCMA_ADD_25
system/tile_prci_domain/tile_reset_domain_tile/fusion/fgra/fgra/pes_10/alu/fadd/fcmaadd/fadd_s1    3334.9008     0.1     600.9360      0.0000       0.0000 FCMA_ADD_s1_25
system/tile_prci_domain/tile_reset_domain_tile/fusion/fgra/fgra/pes_10/alu/fadd/fcmaadd/fadd_s1/far_path_mods_0     818.0256     0.0     350.6832      0.0000       0.0000 FarPath_25
system/tile_prci_domain/tile_reset_domain_tile/fusion/fgra/fgra/pes_10/alu/fadd/fcmaadd/fadd_s1/far_path_mods_0/shiftRightJam     467.3424     0.0     467.3424      0.0000       0.0000 ShiftRightJam_25
system/tile_prci_domain/tile_reset_domain_tile/fusion/fgra/fgra/pes_10/alu/fadd/fcmaadd/fadd_s1/near_path_mods_0     952.7952     0.0     721.8288      0.0000       0.0000 NearPath_51
system/tile_prci_domain/tile_reset_domain_tile/fusion/fgra/fgra/pes_10/alu/fadd/fcmaadd/fadd_s1/near_path_mods_0/lza_ab     135.9456     0.0     135.9456      0.0000       0.0000 LZA_52
system/tile_prci_domain/tile_reset_domain_tile/fusion/fgra/fgra/pes_10/alu/fadd/fcmaadd/fadd_s1/near_path_mods_0/lzc_clz      95.0208     0.0      95.0208      0.0000       0.0000 CLZ_53
system/tile_prci_domain/tile_reset_domain_tile/fusion/fgra/fgra/pes_10/alu/fadd/fcmaadd/fadd_s1/near_path_mods_1     963.1440     0.0     720.1824      0.0000       0.0000 NearPath_50
system/tile_prci_domain/tile_reset_domain_tile/fusion/fgra/fgra/pes_10/alu/fadd/fcmaadd/fadd_s1/near_path_mods_1/lza_ab     144.8832     0.0     144.8832      0.0000       0.0000 LZA_51
system/tile_prci_domain/tile_reset_domain_tile/fusion/fgra/fgra/pes_10/alu/fadd/fcmaadd/fadd_s1/near_path_mods_1/lzc_clz      98.0784     0.0      98.0784      0.0000       0.0000 CLZ_52
system/tile_prci_domain/tile_reset_domain_tile/fusion/fgra/fgra/pes_10/alu/fadd/fcmaadd/fadd_s2    1590.8928     0.0    1152.2448      0.0000       0.0000 FCMA_ADD_s2_25
system/tile_prci_domain/tile_reset_domain_tile/fusion/fgra/fgra/pes_10/alu/fadd/fcmaadd/fadd_s2/far_path_rounder     243.6672     0.0     243.6672      0.0000       0.0000 RoundingUnit_149
system/tile_prci_domain/tile_reset_domain_tile/fusion/fgra/fgra/pes_10/alu/fadd/fcmaadd/fadd_s2/near_path_rounder     194.9808     0.0     194.9808      0.0000       0.0000 RoundingUnit_148
system/tile_prci_domain/tile_reset_domain_tile/fusion/fgra/fgra/pes_10/alu/fmul    2223.5808     0.1      10.3488    556.0128       0.0000 FMUL_share_25
system/tile_prci_domain/tile_reset_domain_tile/fusion/fgra/fgra/pes_10/alu/fmul/fmul_s1     395.3712     0.0     314.2272      0.0000       0.0000 FMUL_s1_25
system/tile_prci_domain/tile_reset_domain_tile/fusion/fgra/fgra/pes_10/alu/fmul/fmul_s1/lzc_clz      81.1440     0.0      81.1440      0.0000       0.0000 CLZ_2_25
system/tile_prci_domain/tile_reset_domain_tile/fusion/fgra/fgra/pes_10/alu/fmul/fmul_s2    1056.9888     0.0    1056.9888      0.0000       0.0000 FMUL_s2_25
system/tile_prci_domain/tile_reset_domain_tile/fusion/fgra/fgra/pes_10/alu/fmul/fmul_s3     204.8592     0.0     104.1936      0.0000       0.0000 FMUL_s3_25
system/tile_prci_domain/tile_reset_domain_tile/fusion/fgra/fgra/pes_10/alu/fmul/fmul_s3/rounder     100.6656     0.0     100.6656      0.0000       0.0000 RoundingUnit_231
system/tile_prci_domain/tile_reset_domain_tile/fusion/fgra/fgra/pes_10/alu/multipler    5529.5521     0.2    5529.5521      0.0000       0.0000 Mul_25
system/tile_prci_domain/tile_reset_domain_tile/fusion/fgra/fgra/pes_10/cfg     507.5616     0.0     129.1248    378.4368       0.0000 ConfigMem_18_5
system/tile_prci_domain/tile_reset_domain_tile/fusion/fgra/fgra/pes_10/delayPipeCG    6967.5649     0.2    4066.6081   2900.9568       0.0000 SharedDelayPipe_24_25
system/tile_prci_domain/tile_reset_domain_tile/fusion/fgra/fgra/pes_10/dmr     150.5280     0.0       0.0000    150.5280       0.0000 DualModeReg_20
system/tile_prci_domain/tile_reset_domain_tile/fusion/fgra/fgra/pes_11   21171.5282     0.7       7.2912      0.0000       0.0000 GPE_11
system/tile_prci_domain/tile_reset_domain_tile/fusion/fgra/fgra/pes_11/Muxn     244.8432     0.0     244.8432      0.0000       0.0000 Muxn_36_149
system/tile_prci_domain/tile_reset_domain_tile/fusion/fgra/fgra/pes_11/Muxn_1     258.9552     0.0     258.9552      0.0000       0.0000 Muxn_36_148
system/tile_prci_domain/tile_reset_domain_tile/fusion/fgra/fgra/pes_11/alu   12960.9314     0.4     173.5776      0.0000       0.0000 ALU_6_4
system/tile_prci_domain/tile_reset_domain_tile/fusion/fgra/fgra/pes_11/alu/fadd    5077.9681     0.2       0.9408      0.0000       0.0000 FADD_24
system/tile_prci_domain/tile_reset_domain_tile/fusion/fgra/fgra/pes_11/alu/fadd/fcmaadd    5077.0273     0.2       3.2928      0.0000       0.0000 FCMA_ADD_24
system/tile_prci_domain/tile_reset_domain_tile/fusion/fgra/fgra/pes_11/alu/fadd/fcmaadd/fadd_s1    3477.9025     0.1     643.2720      0.0000       0.0000 FCMA_ADD_s1_24
system/tile_prci_domain/tile_reset_domain_tile/fusion/fgra/fgra/pes_11/alu/fadd/fcmaadd/fadd_s1/far_path_mods_0     882.4704     0.0     390.6672      0.0000       0.0000 FarPath_24
system/tile_prci_domain/tile_reset_domain_tile/fusion/fgra/fgra/pes_11/alu/fadd/fcmaadd/fadd_s1/far_path_mods_0/shiftRightJam     491.8032     0.0     491.8032      0.0000       0.0000 ShiftRightJam_24
system/tile_prci_domain/tile_reset_domain_tile/fusion/fgra/fgra/pes_11/alu/fadd/fcmaadd/fadd_s1/near_path_mods_0     980.0784     0.0     729.3552      0.0000       0.0000 NearPath_49
system/tile_prci_domain/tile_reset_domain_tile/fusion/fgra/fgra/pes_11/alu/fadd/fcmaadd/fadd_s1/near_path_mods_0/lza_ab     143.4720     0.0     143.4720      0.0000       0.0000 LZA_50
system/tile_prci_domain/tile_reset_domain_tile/fusion/fgra/fgra/pes_11/alu/fadd/fcmaadd/fadd_s1/near_path_mods_0/lzc_clz     107.2512     0.0     107.2512      0.0000       0.0000 CLZ_51
system/tile_prci_domain/tile_reset_domain_tile/fusion/fgra/fgra/pes_11/alu/fadd/fcmaadd/fadd_s1/near_path_mods_1     972.0816     0.0     727.0032      0.0000       0.0000 NearPath_48
system/tile_prci_domain/tile_reset_domain_tile/fusion/fgra/fgra/pes_11/alu/fadd/fcmaadd/fadd_s1/near_path_mods_1/lza_ab     145.8240     0.0     145.8240      0.0000       0.0000 LZA_49
system/tile_prci_domain/tile_reset_domain_tile/fusion/fgra/fgra/pes_11/alu/fadd/fcmaadd/fadd_s1/near_path_mods_1/lzc_clz      99.2544     0.0      99.2544      0.0000       0.0000 CLZ_50
system/tile_prci_domain/tile_reset_domain_tile/fusion/fgra/fgra/pes_11/alu/fadd/fcmaadd/fadd_s2    1595.8320     0.0    1167.5328      0.0000       0.0000 FCMA_ADD_s2_24
system/tile_prci_domain/tile_reset_domain_tile/fusion/fgra/fgra/pes_11/alu/fadd/fcmaadd/fadd_s2/far_path_rounder     221.5584     0.0     221.5584      0.0000       0.0000 RoundingUnit_146
system/tile_prci_domain/tile_reset_domain_tile/fusion/fgra/fgra/pes_11/alu/fadd/fcmaadd/fadd_s2/near_path_rounder     206.7408     0.0     206.7408      0.0000       0.0000 RoundingUnit_145
system/tile_prci_domain/tile_reset_domain_tile/fusion/fgra/fgra/pes_11/alu/fmul    2200.0608     0.1      12.4656    556.0128       0.0000 FMUL_share_24
system/tile_prci_domain/tile_reset_domain_tile/fusion/fgra/fgra/pes_11/alu/fmul/fmul_s1     403.8384     0.0     321.7536      0.0000       0.0000 FMUL_s1_24
system/tile_prci_domain/tile_reset_domain_tile/fusion/fgra/fgra/pes_11/alu/fmul/fmul_s1/lzc_clz      82.0848     0.0      82.0848      0.0000       0.0000 CLZ_2_24
system/tile_prci_domain/tile_reset_domain_tile/fusion/fgra/fgra/pes_11/alu/fmul/fmul_s2    1022.8848     0.0    1022.8848      0.0000       0.0000 FMUL_s2_24
system/tile_prci_domain/tile_reset_domain_tile/fusion/fgra/fgra/pes_11/alu/fmul/fmul_s3     204.8592     0.0     104.1936      0.0000       0.0000 FMUL_s3_24
system/tile_prci_domain/tile_reset_domain_tile/fusion/fgra/fgra/pes_11/alu/fmul/fmul_s3/rounder     100.6656     0.0     100.6656      0.0000       0.0000 RoundingUnit_229
system/tile_prci_domain/tile_reset_domain_tile/fusion/fgra/fgra/pes_11/alu/multipler    5509.3249     0.2    5509.3249      0.0000       0.0000 Mul_24
system/tile_prci_domain/tile_reset_domain_tile/fusion/fgra/fgra/pes_11/cfg     504.7392     0.0     129.1248    375.6144       0.0000 ConfigMem_18_4
system/tile_prci_domain/tile_reset_domain_tile/fusion/fgra/fgra/pes_11/delayPipeCG    7042.5937     0.2    4136.6977   2905.8960       0.0000 SharedDelayPipe_24_24
system/tile_prci_domain/tile_reset_domain_tile/fusion/fgra/fgra/pes_11/dmr     152.1744     0.0       0.0000    152.1744       0.0000 DualModeReg_19
system/tile_prci_domain/tile_reset_domain_tile/fusion/fgra/fgra/pes_12   26762.4675     0.8     246.0192      0.0000       0.0000 GPE_12
system/tile_prci_domain/tile_reset_domain_tile/fusion/fgra/fgra/pes_12/Muxn     246.7248     0.0     246.7248      0.0000       0.0000 Muxn_36_147
system/tile_prci_domain/tile_reset_domain_tile/fusion/fgra/fgra/pes_12/Muxn_1     240.6096     0.0     240.6096      0.0000       0.0000 Muxn_36_146
system/tile_prci_domain/tile_reset_domain_tile/fusion/fgra/fgra/pes_12/Muxn_2      10.1136     0.0      10.1136      0.0000       0.0000 Muxn_68_55
system/tile_prci_domain/tile_reset_domain_tile/fusion/fgra/fgra/pes_12/Muxn_3      10.1136     0.0      10.1136      0.0000       0.0000 Muxn_68_54
system/tile_prci_domain/tile_reset_domain_tile/fusion/fgra/fgra/pes_12/Muxn_4      10.1136     0.0      10.1136      0.0000       0.0000 Muxn_68_53
system/tile_prci_domain/tile_reset_domain_tile/fusion/fgra/fgra/pes_12/alu   15772.2770     0.5     577.6512      0.0000       0.0000 ALU_12_5
system/tile_prci_domain/tile_reset_domain_tile/fusion/fgra/fgra/pes_12/alu/arith     423.8304     0.0     423.8304      0.0000       0.0000 ARITH_23
system/tile_prci_domain/tile_reset_domain_tile/fusion/fgra/fgra/pes_12/alu/fadd    5275.7713     0.2       0.0000      0.0000       0.0000 FADD_23
system/tile_prci_domain/tile_reset_domain_tile/fusion/fgra/fgra/pes_12/alu/fadd/fcmaadd    5275.7713     0.2       2.3520      0.0000       0.0000 FCMA_ADD_23
system/tile_prci_domain/tile_reset_domain_tile/fusion/fgra/fgra/pes_12/alu/fadd/fcmaadd/fadd_s1    3610.7905     0.1     690.7824      0.0000       0.0000 FCMA_ADD_s1_23
system/tile_prci_domain/tile_reset_domain_tile/fusion/fgra/fgra/pes_12/alu/fadd/fcmaadd/fadd_s1/far_path_mods_0     913.7520     0.0     379.8480      0.0000       0.0000 FarPath_23
system/tile_prci_domain/tile_reset_domain_tile/fusion/fgra/fgra/pes_12/alu/fadd/fcmaadd/fadd_s1/far_path_mods_0/shiftRightJam     533.9040     0.0     533.9040      0.0000       0.0000 ShiftRightJam_23
system/tile_prci_domain/tile_reset_domain_tile/fusion/fgra/fgra/pes_12/alu/fadd/fcmaadd/fadd_s1/near_path_mods_0    1002.6576     0.0     729.5904      0.0000       0.0000 NearPath_47
system/tile_prci_domain/tile_reset_domain_tile/fusion/fgra/fgra/pes_12/alu/fadd/fcmaadd/fadd_s1/near_path_mods_0/lza_ab     177.1056     0.0     177.1056      0.0000       0.0000 LZA_48
system/tile_prci_domain/tile_reset_domain_tile/fusion/fgra/fgra/pes_12/alu/fadd/fcmaadd/fadd_s1/near_path_mods_0/lzc_clz      95.9616     0.0      95.9616      0.0000       0.0000 CLZ_49
system/tile_prci_domain/tile_reset_domain_tile/fusion/fgra/fgra/pes_12/alu/fadd/fcmaadd/fadd_s1/near_path_mods_1    1003.5984     0.0     743.7024      0.0000       0.0000 NearPath_46
system/tile_prci_domain/tile_reset_domain_tile/fusion/fgra/fgra/pes_12/alu/fadd/fcmaadd/fadd_s1/near_path_mods_1/lza_ab     163.6992     0.0     163.6992      0.0000       0.0000 LZA_47
system/tile_prci_domain/tile_reset_domain_tile/fusion/fgra/fgra/pes_12/alu/fadd/fcmaadd/fadd_s1/near_path_mods_1/lzc_clz      96.1968     0.0      96.1968      0.0000       0.0000 CLZ_48
system/tile_prci_domain/tile_reset_domain_tile/fusion/fgra/fgra/pes_12/alu/fadd/fcmaadd/fadd_s2    1662.6288     0.1    1213.6320      0.0000       0.0000 FCMA_ADD_s2_23
system/tile_prci_domain/tile_reset_domain_tile/fusion/fgra/fgra/pes_12/alu/fadd/fcmaadd/fadd_s2/far_path_rounder     245.0784     0.0     245.0784      0.0000       0.0000 RoundingUnit_143
system/tile_prci_domain/tile_reset_domain_tile/fusion/fgra/fgra/pes_12/alu/fadd/fcmaadd/fadd_s2/near_path_rounder     203.9184     0.0     203.9184      0.0000       0.0000 RoundingUnit_142
system/tile_prci_domain/tile_reset_domain_tile/fusion/fgra/fgra/pes_12/alu/fmax     277.3008     0.0     277.3008      0.0000       0.0000 FCMP_69
system/tile_prci_domain/tile_reset_domain_tile/fusion/fgra/fgra/pes_12/alu/fmin     251.1936     0.0     251.1936      0.0000       0.0000 FCMP_70
system/tile_prci_domain/tile_reset_domain_tile/fusion/fgra/fgra/pes_12/alu/fmul    2380.2240     0.1      16.4640    556.4832       0.0000 FMUL_share_23
system/tile_prci_domain/tile_reset_domain_tile/fusion/fgra/fgra/pes_12/alu/fmul/fmul_s1     462.6384     0.0     383.3760      0.0000       0.0000 FMUL_s1_23
system/tile_prci_domain/tile_reset_domain_tile/fusion/fgra/fgra/pes_12/alu/fmul/fmul_s1/lzc_clz      79.2624     0.0      79.2624      0.0000       0.0000 CLZ_2_23
system/tile_prci_domain/tile_reset_domain_tile/fusion/fgra/fgra/pes_12/alu/fmul/fmul_s2    1139.7792     0.0    1139.7792      0.0000       0.0000 FMUL_s2_23
system/tile_prci_domain/tile_reset_domain_tile/fusion/fgra/fgra/pes_12/alu/fmul/fmul_s3     204.8592     0.0     104.1936      0.0000       0.0000 FMUL_s3_23
system/tile_prci_domain/tile_reset_domain_tile/fusion/fgra/fgra/pes_12/alu/fmul/fmul_s3/rounder     100.6656     0.0     100.6656      0.0000       0.0000 RoundingUnit_227
system/tile_prci_domain/tile_reset_domain_tile/fusion/fgra/fgra/pes_12/alu/logic_0     221.0880     0.0       9.4080      0.0000       0.0000 LOGIC_23
system/tile_prci_domain/tile_reset_domain_tile/fusion/fgra/fgra/pes_12/alu/logic_0/logicUnit       6.3504     0.0       6.3504      0.0000       0.0000 UnifiedCom_767
system/tile_prci_domain/tile_reset_domain_tile/fusion/fgra/fgra/pes_12/alu/logic_0/logicUnit_1       6.3504     0.0       6.3504      0.0000       0.0000 UnifiedCom_766
system/tile_prci_domain/tile_reset_domain_tile/fusion/fgra/fgra/pes_12/alu/logic_0/logicUnit_10       7.0560     0.0       7.0560      0.0000       0.0000 UnifiedCom_757
system/tile_prci_domain/tile_reset_domain_tile/fusion/fgra/fgra/pes_12/alu/logic_0/logicUnit_11       7.0560     0.0       7.0560      0.0000       0.0000 UnifiedCom_756
system/tile_prci_domain/tile_reset_domain_tile/fusion/fgra/fgra/pes_12/alu/logic_0/logicUnit_12       6.3504     0.0       6.3504      0.0000       0.0000 UnifiedCom_755
system/tile_prci_domain/tile_reset_domain_tile/fusion/fgra/fgra/pes_12/alu/logic_0/logicUnit_13       6.3504     0.0       6.3504      0.0000       0.0000 UnifiedCom_754
system/tile_prci_domain/tile_reset_domain_tile/fusion/fgra/fgra/pes_12/alu/logic_0/logicUnit_14       7.0560     0.0       7.0560      0.0000       0.0000 UnifiedCom_753
system/tile_prci_domain/tile_reset_domain_tile/fusion/fgra/fgra/pes_12/alu/logic_0/logicUnit_15       6.3504     0.0       6.3504      0.0000       0.0000 UnifiedCom_752
system/tile_prci_domain/tile_reset_domain_tile/fusion/fgra/fgra/pes_12/alu/logic_0/logicUnit_16       6.3504     0.0       6.3504      0.0000       0.0000 UnifiedCom_751
system/tile_prci_domain/tile_reset_domain_tile/fusion/fgra/fgra/pes_12/alu/logic_0/logicUnit_17       6.3504     0.0       6.3504      0.0000       0.0000 UnifiedCom_750
system/tile_prci_domain/tile_reset_domain_tile/fusion/fgra/fgra/pes_12/alu/logic_0/logicUnit_18       6.3504     0.0       6.3504      0.0000       0.0000 UnifiedCom_749
system/tile_prci_domain/tile_reset_domain_tile/fusion/fgra/fgra/pes_12/alu/logic_0/logicUnit_19       7.0560     0.0       7.0560      0.0000       0.0000 UnifiedCom_748
system/tile_prci_domain/tile_reset_domain_tile/fusion/fgra/fgra/pes_12/alu/logic_0/logicUnit_2       6.3504     0.0       6.3504      0.0000       0.0000 UnifiedCom_765
system/tile_prci_domain/tile_reset_domain_tile/fusion/fgra/fgra/pes_12/alu/logic_0/logicUnit_20       6.3504     0.0       6.3504      0.0000       0.0000 UnifiedCom_747
system/tile_prci_domain/tile_reset_domain_tile/fusion/fgra/fgra/pes_12/alu/logic_0/logicUnit_21       6.3504     0.0       6.3504      0.0000       0.0000 UnifiedCom_746
system/tile_prci_domain/tile_reset_domain_tile/fusion/fgra/fgra/pes_12/alu/logic_0/logicUnit_22       6.3504     0.0       6.3504      0.0000       0.0000 UnifiedCom_745
system/tile_prci_domain/tile_reset_domain_tile/fusion/fgra/fgra/pes_12/alu/logic_0/logicUnit_23       7.0560     0.0       7.0560      0.0000       0.0000 UnifiedCom_744
system/tile_prci_domain/tile_reset_domain_tile/fusion/fgra/fgra/pes_12/alu/logic_0/logicUnit_24       6.3504     0.0       6.3504      0.0000       0.0000 UnifiedCom_743
system/tile_prci_domain/tile_reset_domain_tile/fusion/fgra/fgra/pes_12/alu/logic_0/logicUnit_25       6.3504     0.0       6.3504      0.0000       0.0000 UnifiedCom_742
system/tile_prci_domain/tile_reset_domain_tile/fusion/fgra/fgra/pes_12/alu/logic_0/logicUnit_26       7.0560     0.0       7.0560      0.0000       0.0000 UnifiedCom_741
system/tile_prci_domain/tile_reset_domain_tile/fusion/fgra/fgra/pes_12/alu/logic_0/logicUnit_27       7.0560     0.0       7.0560      0.0000       0.0000 UnifiedCom_740
system/tile_prci_domain/tile_reset_domain_tile/fusion/fgra/fgra/pes_12/alu/logic_0/logicUnit_28       6.3504     0.0       6.3504      0.0000       0.0000 UnifiedCom_739
system/tile_prci_domain/tile_reset_domain_tile/fusion/fgra/fgra/pes_12/alu/logic_0/logicUnit_29       7.0560     0.0       7.0560      0.0000       0.0000 UnifiedCom_738
system/tile_prci_domain/tile_reset_domain_tile/fusion/fgra/fgra/pes_12/alu/logic_0/logicUnit_3       7.0560     0.0       7.0560      0.0000       0.0000 UnifiedCom_764
system/tile_prci_domain/tile_reset_domain_tile/fusion/fgra/fgra/pes_12/alu/logic_0/logicUnit_30       6.3504     0.0       6.3504      0.0000       0.0000 UnifiedCom_737
system/tile_prci_domain/tile_reset_domain_tile/fusion/fgra/fgra/pes_12/alu/logic_0/logicUnit_31       6.3504     0.0       6.3504      0.0000       0.0000 UnifiedCom_736
system/tile_prci_domain/tile_reset_domain_tile/fusion/fgra/fgra/pes_12/alu/logic_0/logicUnit_4       6.3504     0.0       6.3504      0.0000       0.0000 UnifiedCom_763
system/tile_prci_domain/tile_reset_domain_tile/fusion/fgra/fgra/pes_12/alu/logic_0/logicUnit_5       6.3504     0.0       6.3504      0.0000       0.0000 UnifiedCom_762
system/tile_prci_domain/tile_reset_domain_tile/fusion/fgra/fgra/pes_12/alu/logic_0/logicUnit_6       7.0560     0.0       7.0560      0.0000       0.0000 UnifiedCom_761
system/tile_prci_domain/tile_reset_domain_tile/fusion/fgra/fgra/pes_12/alu/logic_0/logicUnit_7       7.0560     0.0       7.0560      0.0000       0.0000 UnifiedCom_760
system/tile_prci_domain/tile_reset_domain_tile/fusion/fgra/fgra/pes_12/alu/logic_0/logicUnit_8       6.3504     0.0       6.3504      0.0000       0.0000 UnifiedCom_759
system/tile_prci_domain/tile_reset_domain_tile/fusion/fgra/fgra/pes_12/alu/logic_0/logicUnit_9       7.0560     0.0       7.0560      0.0000       0.0000 UnifiedCom_758
system/tile_prci_domain/tile_reset_domain_tile/fusion/fgra/fgra/pes_12/alu/multipler    5675.6113     0.2    5675.6113      0.0000       0.0000 Mul_23
system/tile_prci_domain/tile_reset_domain_tile/fusion/fgra/fgra/pes_12/alu/shift     689.6064     0.0     689.6064      0.0000       0.0000 SHIFT_23
system/tile_prci_domain/tile_reset_domain_tile/fusion/fgra/fgra/pes_12/cfg    1350.9888     0.0     459.8160    891.1728       0.0000 ConfigMem_24_5
system/tile_prci_domain/tile_reset_domain_tile/fusion/fgra/fgra/pes_12/delayPipeCG    6923.1121     0.2    4017.2161   2905.8960       0.0000 SharedDelayPipe_24_23
system/tile_prci_domain/tile_reset_domain_tile/fusion/fgra/fgra/pes_12/delayPipeFG     611.7552     0.0     447.1152    164.6400       0.0000 SharedDelayPipe_43_11
system/tile_prci_domain/tile_reset_domain_tile/fusion/fgra/fgra/pes_12/dmr    1318.0608     0.0       0.0000      0.0000       0.0000 DualModeReg_12_5
system/tile_prci_domain/tile_reset_domain_tile/fusion/fgra/fgra/pes_12/dmr/acr    1318.0608     0.0     789.8016    528.2592       0.0000 CtrlReg_5
system/tile_prci_domain/tile_reset_domain_tile/fusion/fgra/fgra/pes_12/lut       5.8800     0.0       5.8800      0.0000       0.0000 LUT_11
system/tile_prci_domain/tile_reset_domain_tile/fusion/fgra/fgra/pes_12/rf4alu       8.2320     0.0       3.5280      4.7040       0.0000 RF_31
system/tile_prci_domain/tile_reset_domain_tile/fusion/fgra/fgra/pes_12/rf4lut       8.4672     0.0       3.7632      4.7040       0.0000 RF_30
system/tile_prci_domain/tile_reset_domain_tile/fusion/fgra/fgra/pes_13   26897.9427     0.8     265.5408      0.0000       0.0000 GPE_13
system/tile_prci_domain/tile_reset_domain_tile/fusion/fgra/fgra/pes_13/Muxn     251.1936     0.0     251.1936      0.0000       0.0000 Muxn_36_145
system/tile_prci_domain/tile_reset_domain_tile/fusion/fgra/fgra/pes_13/Muxn_1     240.6096     0.0     240.6096      0.0000       0.0000 Muxn_36_144
system/tile_prci_domain/tile_reset_domain_tile/fusion/fgra/fgra/pes_13/Muxn_2      10.1136     0.0      10.1136      0.0000       0.0000 Muxn_68_52
system/tile_prci_domain/tile_reset_domain_tile/fusion/fgra/fgra/pes_13/Muxn_3      10.1136     0.0      10.1136      0.0000       0.0000 Muxn_68_51
system/tile_prci_domain/tile_reset_domain_tile/fusion/fgra/fgra/pes_13/Muxn_4      10.1136     0.0      10.1136      0.0000       0.0000 Muxn_68_50
system/tile_prci_domain/tile_reset_domain_tile/fusion/fgra/fgra/pes_13/alu   15882.5858     0.5     581.6496      0.0000       0.0000 ALU_12_4
system/tile_prci_domain/tile_reset_domain_tile/fusion/fgra/fgra/pes_13/alu/arith     423.8304     0.0     423.8304      0.0000       0.0000 ARITH_22
system/tile_prci_domain/tile_reset_domain_tile/fusion/fgra/fgra/pes_13/alu/fadd    5358.5617     0.2       0.0000      0.0000       0.0000 FADD_22
system/tile_prci_domain/tile_reset_domain_tile/fusion/fgra/fgra/pes_13/alu/fadd/fcmaadd    5358.5617     0.2       2.3520      0.0000       0.0000 FCMA_ADD_22
system/tile_prci_domain/tile_reset_domain_tile/fusion/fgra/fgra/pes_13/alu/fadd/fcmaadd/fadd_s1    3655.2433     0.1     685.1376      0.0000       0.0000 FCMA_ADD_s1_22
system/tile_prci_domain/tile_reset_domain_tile/fusion/fgra/fgra/pes_13/alu/fadd/fcmaadd/fadd_s1/far_path_mods_0     960.5568     0.0     427.3584      0.0000       0.0000 FarPath_22
system/tile_prci_domain/tile_reset_domain_tile/fusion/fgra/fgra/pes_13/alu/fadd/fcmaadd/fadd_s1/far_path_mods_0/shiftRightJam     533.1984     0.0     533.1984      0.0000       0.0000 ShiftRightJam_22
system/tile_prci_domain/tile_reset_domain_tile/fusion/fgra/fgra/pes_13/alu/fadd/fcmaadd/fadd_s1/near_path_mods_0    1008.7728     0.0     740.8800      0.0000       0.0000 NearPath_45
system/tile_prci_domain/tile_reset_domain_tile/fusion/fgra/fgra/pes_13/alu/fadd/fcmaadd/fadd_s1/near_path_mods_0/lza_ab     163.2288     0.0     163.2288      0.0000       0.0000 LZA_46
system/tile_prci_domain/tile_reset_domain_tile/fusion/fgra/fgra/pes_13/alu/fadd/fcmaadd/fadd_s1/near_path_mods_0/lzc_clz     104.6640     0.0     104.6640      0.0000       0.0000 CLZ_47
system/tile_prci_domain/tile_reset_domain_tile/fusion/fgra/fgra/pes_13/alu/fadd/fcmaadd/fadd_s1/near_path_mods_1    1000.7760     0.0     743.9376      0.0000       0.0000 NearPath_44
system/tile_prci_domain/tile_reset_domain_tile/fusion/fgra/fgra/pes_13/alu/fadd/fcmaadd/fadd_s1/near_path_mods_1/lza_ab     155.9376     0.0     155.9376      0.0000       0.0000 LZA_45
system/tile_prci_domain/tile_reset_domain_tile/fusion/fgra/fgra/pes_13/alu/fadd/fcmaadd/fadd_s1/near_path_mods_1/lzc_clz     100.9008     0.0     100.9008      0.0000       0.0000 CLZ_46
system/tile_prci_domain/tile_reset_domain_tile/fusion/fgra/fgra/pes_13/alu/fadd/fcmaadd/fadd_s2    1700.9664     0.1    1238.7984      0.0000       0.0000 FCMA_ADD_s2_22
system/tile_prci_domain/tile_reset_domain_tile/fusion/fgra/fgra/pes_13/alu/fadd/fcmaadd/fadd_s2/far_path_rounder     264.3648     0.0     264.3648      0.0000       0.0000 RoundingUnit_140
system/tile_prci_domain/tile_reset_domain_tile/fusion/fgra/fgra/pes_13/alu/fadd/fcmaadd/fadd_s2/near_path_rounder     197.8032     0.0     197.8032      0.0000       0.0000 RoundingUnit_139
system/tile_prci_domain/tile_reset_domain_tile/fusion/fgra/fgra/pes_13/alu/fmax     280.1232     0.0     280.1232      0.0000       0.0000 FCMP_66
system/tile_prci_domain/tile_reset_domain_tile/fusion/fgra/fgra/pes_13/alu/fmin     271.1856     0.0     271.1856      0.0000       0.0000 FCMP_67
system/tile_prci_domain/tile_reset_domain_tile/fusion/fgra/fgra/pes_13/alu/fmul    2302.3728     0.1      13.4064    556.0128       0.0000 FMUL_share_22
system/tile_prci_domain/tile_reset_domain_tile/fusion/fgra/fgra/pes_13/alu/fmul/fmul_s1     401.9568     0.0     322.9296      0.0000       0.0000 FMUL_s1_22
system/tile_prci_domain/tile_reset_domain_tile/fusion/fgra/fgra/pes_13/alu/fmul/fmul_s1/lzc_clz      79.0272     0.0      79.0272      0.0000       0.0000 CLZ_2_22
system/tile_prci_domain/tile_reset_domain_tile/fusion/fgra/fgra/pes_13/alu/fmul/fmul_s2    1126.1376     0.0    1126.1376      0.0000       0.0000 FMUL_s2_22
system/tile_prci_domain/tile_reset_domain_tile/fusion/fgra/fgra/pes_13/alu/fmul/fmul_s3     204.8592     0.0     104.1936      0.0000       0.0000 FMUL_s3_22
system/tile_prci_domain/tile_reset_domain_tile/fusion/fgra/fgra/pes_13/alu/fmul/fmul_s3/rounder     100.6656     0.0     100.6656      0.0000       0.0000 RoundingUnit_225
system/tile_prci_domain/tile_reset_domain_tile/fusion/fgra/fgra/pes_13/alu/logic_0     225.3216     0.0       9.4080      0.0000       0.0000 LOGIC_22
system/tile_prci_domain/tile_reset_domain_tile/fusion/fgra/fgra/pes_13/alu/logic_0/logicUnit       6.3504     0.0       6.3504      0.0000       0.0000 UnifiedCom_735
system/tile_prci_domain/tile_reset_domain_tile/fusion/fgra/fgra/pes_13/alu/logic_0/logicUnit_1       6.3504     0.0       6.3504      0.0000       0.0000 UnifiedCom_734
system/tile_prci_domain/tile_reset_domain_tile/fusion/fgra/fgra/pes_13/alu/logic_0/logicUnit_10       7.0560     0.0       7.0560      0.0000       0.0000 UnifiedCom_725
system/tile_prci_domain/tile_reset_domain_tile/fusion/fgra/fgra/pes_13/alu/logic_0/logicUnit_11       6.3504     0.0       6.3504      0.0000       0.0000 UnifiedCom_724
system/tile_prci_domain/tile_reset_domain_tile/fusion/fgra/fgra/pes_13/alu/logic_0/logicUnit_12       6.3504     0.0       6.3504      0.0000       0.0000 UnifiedCom_723
system/tile_prci_domain/tile_reset_domain_tile/fusion/fgra/fgra/pes_13/alu/logic_0/logicUnit_13       7.0560     0.0       7.0560      0.0000       0.0000 UnifiedCom_722
system/tile_prci_domain/tile_reset_domain_tile/fusion/fgra/fgra/pes_13/alu/logic_0/logicUnit_14       7.0560     0.0       7.0560      0.0000       0.0000 UnifiedCom_721
system/tile_prci_domain/tile_reset_domain_tile/fusion/fgra/fgra/pes_13/alu/logic_0/logicUnit_15       7.0560     0.0       7.0560      0.0000       0.0000 UnifiedCom_720
system/tile_prci_domain/tile_reset_domain_tile/fusion/fgra/fgra/pes_13/alu/logic_0/logicUnit_16       6.3504     0.0       6.3504      0.0000       0.0000 UnifiedCom_719
system/tile_prci_domain/tile_reset_domain_tile/fusion/fgra/fgra/pes_13/alu/logic_0/logicUnit_17       7.0560     0.0       7.0560      0.0000       0.0000 UnifiedCom_718
system/tile_prci_domain/tile_reset_domain_tile/fusion/fgra/fgra/pes_13/alu/logic_0/logicUnit_18       7.0560     0.0       7.0560      0.0000       0.0000 UnifiedCom_717
system/tile_prci_domain/tile_reset_domain_tile/fusion/fgra/fgra/pes_13/alu/logic_0/logicUnit_19       7.0560     0.0       7.0560      0.0000       0.0000 UnifiedCom_716
system/tile_prci_domain/tile_reset_domain_tile/fusion/fgra/fgra/pes_13/alu/logic_0/logicUnit_2       6.3504     0.0       6.3504      0.0000       0.0000 UnifiedCom_733
system/tile_prci_domain/tile_reset_domain_tile/fusion/fgra/fgra/pes_13/alu/logic_0/logicUnit_20       7.0560     0.0       7.0560      0.0000       0.0000 UnifiedCom_715
system/tile_prci_domain/tile_reset_domain_tile/fusion/fgra/fgra/pes_13/alu/logic_0/logicUnit_21       7.0560     0.0       7.0560      0.0000       0.0000 UnifiedCom_714
system/tile_prci_domain/tile_reset_domain_tile/fusion/fgra/fgra/pes_13/alu/logic_0/logicUnit_22       7.0560     0.0       7.0560      0.0000       0.0000 UnifiedCom_713
system/tile_prci_domain/tile_reset_domain_tile/fusion/fgra/fgra/pes_13/alu/logic_0/logicUnit_23       7.0560     0.0       7.0560      0.0000       0.0000 UnifiedCom_712
system/tile_prci_domain/tile_reset_domain_tile/fusion/fgra/fgra/pes_13/alu/logic_0/logicUnit_24       7.0560     0.0       7.0560      0.0000       0.0000 UnifiedCom_711
system/tile_prci_domain/tile_reset_domain_tile/fusion/fgra/fgra/pes_13/alu/logic_0/logicUnit_25       6.3504     0.0       6.3504      0.0000       0.0000 UnifiedCom_710
system/tile_prci_domain/tile_reset_domain_tile/fusion/fgra/fgra/pes_13/alu/logic_0/logicUnit_26       6.3504     0.0       6.3504      0.0000       0.0000 UnifiedCom_709
system/tile_prci_domain/tile_reset_domain_tile/fusion/fgra/fgra/pes_13/alu/logic_0/logicUnit_27       6.3504     0.0       6.3504      0.0000       0.0000 UnifiedCom_708
system/tile_prci_domain/tile_reset_domain_tile/fusion/fgra/fgra/pes_13/alu/logic_0/logicUnit_28       6.3504     0.0       6.3504      0.0000       0.0000 UnifiedCom_707
system/tile_prci_domain/tile_reset_domain_tile/fusion/fgra/fgra/pes_13/alu/logic_0/logicUnit_29       7.0560     0.0       7.0560      0.0000       0.0000 UnifiedCom_706
system/tile_prci_domain/tile_reset_domain_tile/fusion/fgra/fgra/pes_13/alu/logic_0/logicUnit_3       6.3504     0.0       6.3504      0.0000       0.0000 UnifiedCom_732
system/tile_prci_domain/tile_reset_domain_tile/fusion/fgra/fgra/pes_13/alu/logic_0/logicUnit_30       7.0560     0.0       7.0560      0.0000       0.0000 UnifiedCom_705
system/tile_prci_domain/tile_reset_domain_tile/fusion/fgra/fgra/pes_13/alu/logic_0/logicUnit_31       6.3504     0.0       6.3504      0.0000       0.0000 UnifiedCom_704
system/tile_prci_domain/tile_reset_domain_tile/fusion/fgra/fgra/pes_13/alu/logic_0/logicUnit_4       7.0560     0.0       7.0560      0.0000       0.0000 UnifiedCom_731
system/tile_prci_domain/tile_reset_domain_tile/fusion/fgra/fgra/pes_13/alu/logic_0/logicUnit_5       7.0560     0.0       7.0560      0.0000       0.0000 UnifiedCom_730
system/tile_prci_domain/tile_reset_domain_tile/fusion/fgra/fgra/pes_13/alu/logic_0/logicUnit_6       7.0560     0.0       7.0560      0.0000       0.0000 UnifiedCom_729
system/tile_prci_domain/tile_reset_domain_tile/fusion/fgra/fgra/pes_13/alu/logic_0/logicUnit_7       6.3504     0.0       6.3504      0.0000       0.0000 UnifiedCom_728
system/tile_prci_domain/tile_reset_domain_tile/fusion/fgra/fgra/pes_13/alu/logic_0/logicUnit_8       6.3504     0.0       6.3504      0.0000       0.0000 UnifiedCom_727
system/tile_prci_domain/tile_reset_domain_tile/fusion/fgra/fgra/pes_13/alu/logic_0/logicUnit_9       7.0560     0.0       7.0560      0.0000       0.0000 UnifiedCom_726
system/tile_prci_domain/tile_reset_domain_tile/fusion/fgra/fgra/pes_13/alu/multipler    5750.6401     0.2    5750.6401      0.0000       0.0000 Mul_22
system/tile_prci_domain/tile_reset_domain_tile/fusion/fgra/fgra/pes_13/alu/shift     688.9008     0.0     688.9008      0.0000       0.0000 SHIFT_22
system/tile_prci_domain/tile_reset_domain_tile/fusion/fgra/fgra/pes_13/cfg    1350.9888     0.0     459.8160    891.1728       0.0000 ConfigMem_24_4
system/tile_prci_domain/tile_reset_domain_tile/fusion/fgra/fgra/pes_13/delayPipeCG    6925.9345     0.2    4015.0993   2910.8352       0.0000 SharedDelayPipe_24_22
system/tile_prci_domain/tile_reset_domain_tile/fusion/fgra/fgra/pes_13/delayPipeFG     611.7552     0.0     447.1152    164.6400       0.0000 SharedDelayPipe_43_10
system/tile_prci_domain/tile_reset_domain_tile/fusion/fgra/fgra/pes_13/dmr    1315.9440     0.0       0.0000      0.0000       0.0000 DualModeReg_12_4
system/tile_prci_domain/tile_reset_domain_tile/fusion/fgra/fgra/pes_13/dmr/acr    1315.9440     0.0     785.0976    530.8464       0.0000 CtrlReg_4
system/tile_prci_domain/tile_reset_domain_tile/fusion/fgra/fgra/pes_13/lut       5.8800     0.0       5.8800      0.0000       0.0000 LUT_10
system/tile_prci_domain/tile_reset_domain_tile/fusion/fgra/fgra/pes_13/rf4alu       8.7024     0.0       3.9984      4.7040       0.0000 RF_29
system/tile_prci_domain/tile_reset_domain_tile/fusion/fgra/fgra/pes_13/rf4lut       8.4672     0.0       3.7632      4.7040       0.0000 RF_28
system/tile_prci_domain/tile_reset_domain_tile/fusion/fgra/fgra/pes_14   26742.2403     0.8     267.4224      0.0000       0.0000 GPE_14
system/tile_prci_domain/tile_reset_domain_tile/fusion/fgra/fgra/pes_14/Muxn     250.2528     0.0     250.2528      0.0000       0.0000 Muxn_36_143
system/tile_prci_domain/tile_reset_domain_tile/fusion/fgra/fgra/pes_14/Muxn_1     267.4224     0.0     267.4224      0.0000       0.0000 Muxn_36_142
system/tile_prci_domain/tile_reset_domain_tile/fusion/fgra/fgra/pes_14/Muxn_2      10.1136     0.0      10.1136      0.0000       0.0000 Muxn_68_49
system/tile_prci_domain/tile_reset_domain_tile/fusion/fgra/fgra/pes_14/Muxn_3      10.1136     0.0      10.1136      0.0000       0.0000 Muxn_68_48
system/tile_prci_domain/tile_reset_domain_tile/fusion/fgra/fgra/pes_14/Muxn_4      10.1136     0.0      10.1136      0.0000       0.0000 Muxn_68_47
system/tile_prci_domain/tile_reset_domain_tile/fusion/fgra/fgra/pes_14/alu   15755.8130     0.5     588.4704      0.0000       0.0000 ALU_12_3
system/tile_prci_domain/tile_reset_domain_tile/fusion/fgra/fgra/pes_14/alu/arith     423.8304     0.0     423.8304      0.0000       0.0000 ARITH_21
system/tile_prci_domain/tile_reset_domain_tile/fusion/fgra/fgra/pes_14/alu/fadd    5234.3761     0.2       0.0000      0.0000       0.0000 FADD_21
system/tile_prci_domain/tile_reset_domain_tile/fusion/fgra/fgra/pes_14/alu/fadd/fcmaadd    5234.3761     0.2       2.3520      0.0000       0.0000 FCMA_ADD_21
system/tile_prci_domain/tile_reset_domain_tile/fusion/fgra/fgra/pes_14/alu/fadd/fcmaadd/fadd_s1    3581.6257     0.1     707.9520      0.0000       0.0000 FCMA_ADD_s1_21
system/tile_prci_domain/tile_reset_domain_tile/fusion/fgra/fgra/pes_14/alu/fadd/fcmaadd/fadd_s1/far_path_mods_0     886.2336     0.0     385.9632      0.0000       0.0000 FarPath_21
system/tile_prci_domain/tile_reset_domain_tile/fusion/fgra/fgra/pes_14/alu/fadd/fcmaadd/fadd_s1/far_path_mods_0/shiftRightJam     500.2704     0.0     500.2704      0.0000       0.0000 ShiftRightJam_21
system/tile_prci_domain/tile_reset_domain_tile/fusion/fgra/fgra/pes_14/alu/fadd/fcmaadd/fadd_s1/near_path_mods_0     989.4864     0.0     730.5312      0.0000       0.0000 NearPath_43
system/tile_prci_domain/tile_reset_domain_tile/fusion/fgra/fgra/pes_14/alu/fadd/fcmaadd/fadd_s1/near_path_mods_0/lza_ab     158.5248     0.0     158.5248      0.0000       0.0000 LZA_44
system/tile_prci_domain/tile_reset_domain_tile/fusion/fgra/fgra/pes_14/alu/fadd/fcmaadd/fadd_s1/near_path_mods_0/lzc_clz     100.4304     0.0     100.4304      0.0000       0.0000 CLZ_45
system/tile_prci_domain/tile_reset_domain_tile/fusion/fgra/fgra/pes_14/alu/fadd/fcmaadd/fadd_s1/near_path_mods_1     997.9536     0.0     737.1168      0.0000       0.0000 NearPath_42
system/tile_prci_domain/tile_reset_domain_tile/fusion/fgra/fgra/pes_14/alu/fadd/fcmaadd/fadd_s1/near_path_mods_1/lza_ab     157.3488     0.0     157.3488      0.0000       0.0000 LZA_43
system/tile_prci_domain/tile_reset_domain_tile/fusion/fgra/fgra/pes_14/alu/fadd/fcmaadd/fadd_s1/near_path_mods_1/lzc_clz     103.4880     0.0     103.4880      0.0000       0.0000 CLZ_44
system/tile_prci_domain/tile_reset_domain_tile/fusion/fgra/fgra/pes_14/alu/fadd/fcmaadd/fadd_s2    1650.3984     0.1    1186.3488      0.0000       0.0000 FCMA_ADD_s2_21
system/tile_prci_domain/tile_reset_domain_tile/fusion/fgra/fgra/pes_14/alu/fadd/fcmaadd/fadd_s2/far_path_rounder     256.6032     0.0     256.6032      0.0000       0.0000 RoundingUnit_137
system/tile_prci_domain/tile_reset_domain_tile/fusion/fgra/fgra/pes_14/alu/fadd/fcmaadd/fadd_s2/near_path_rounder     207.4464     0.0     207.4464      0.0000       0.0000 RoundingUnit_136
system/tile_prci_domain/tile_reset_domain_tile/fusion/fgra/fgra/pes_14/alu/fmax     279.1824     0.0     279.1824      0.0000       0.0000 FCMP_63
system/tile_prci_domain/tile_reset_domain_tile/fusion/fgra/fgra/pes_14/alu/fmin     274.4784     0.0     274.4784      0.0000       0.0000 FCMP_64
system/tile_prci_domain/tile_reset_domain_tile/fusion/fgra/fgra/pes_14/alu/fmul    2313.8976     0.1      12.4656    556.0128       0.0000 FMUL_share_21
system/tile_prci_domain/tile_reset_domain_tile/fusion/fgra/fgra/pes_14/alu/fmul/fmul_s1     452.0544     0.0     377.0256      0.0000       0.0000 FMUL_s1_21
system/tile_prci_domain/tile_reset_domain_tile/fusion/fgra/fgra/pes_14/alu/fmul/fmul_s1/lzc_clz      75.0288     0.0      75.0288      0.0000       0.0000 CLZ_2_21
system/tile_prci_domain/tile_reset_domain_tile/fusion/fgra/fgra/pes_14/alu/fmul/fmul_s2    1088.5056     0.0    1088.5056      0.0000       0.0000 FMUL_s2_21
system/tile_prci_domain/tile_reset_domain_tile/fusion/fgra/fgra/pes_14/alu/fmul/fmul_s3     204.8592     0.0     104.1936      0.0000       0.0000 FMUL_s3_21
system/tile_prci_domain/tile_reset_domain_tile/fusion/fgra/fgra/pes_14/alu/fmul/fmul_s3/rounder     100.6656     0.0     100.6656      0.0000       0.0000 RoundingUnit_223
system/tile_prci_domain/tile_reset_domain_tile/fusion/fgra/fgra/pes_14/alu/logic_0     223.9104     0.0       9.4080      0.0000       0.0000 LOGIC_21
system/tile_prci_domain/tile_reset_domain_tile/fusion/fgra/fgra/pes_14/alu/logic_0/logicUnit       6.3504     0.0       6.3504      0.0000       0.0000 UnifiedCom_703
system/tile_prci_domain/tile_reset_domain_tile/fusion/fgra/fgra/pes_14/alu/logic_0/logicUnit_1       7.0560     0.0       7.0560      0.0000       0.0000 UnifiedCom_702
system/tile_prci_domain/tile_reset_domain_tile/fusion/fgra/fgra/pes_14/alu/logic_0/logicUnit_10       6.3504     0.0       6.3504      0.0000       0.0000 UnifiedCom_693
system/tile_prci_domain/tile_reset_domain_tile/fusion/fgra/fgra/pes_14/alu/logic_0/logicUnit_11       7.0560     0.0       7.0560      0.0000       0.0000 UnifiedCom_692
system/tile_prci_domain/tile_reset_domain_tile/fusion/fgra/fgra/pes_14/alu/logic_0/logicUnit_12       6.3504     0.0       6.3504      0.0000       0.0000 UnifiedCom_691
system/tile_prci_domain/tile_reset_domain_tile/fusion/fgra/fgra/pes_14/alu/logic_0/logicUnit_13       6.3504     0.0       6.3504      0.0000       0.0000 UnifiedCom_690
system/tile_prci_domain/tile_reset_domain_tile/fusion/fgra/fgra/pes_14/alu/logic_0/logicUnit_14       7.0560     0.0       7.0560      0.0000       0.0000 UnifiedCom_689
system/tile_prci_domain/tile_reset_domain_tile/fusion/fgra/fgra/pes_14/alu/logic_0/logicUnit_15       6.3504     0.0       6.3504      0.0000       0.0000 UnifiedCom_688
system/tile_prci_domain/tile_reset_domain_tile/fusion/fgra/fgra/pes_14/alu/logic_0/logicUnit_16       6.3504     0.0       6.3504      0.0000       0.0000 UnifiedCom_687
system/tile_prci_domain/tile_reset_domain_tile/fusion/fgra/fgra/pes_14/alu/logic_0/logicUnit_17       6.3504     0.0       6.3504      0.0000       0.0000 UnifiedCom_686
system/tile_prci_domain/tile_reset_domain_tile/fusion/fgra/fgra/pes_14/alu/logic_0/logicUnit_18       6.3504     0.0       6.3504      0.0000       0.0000 UnifiedCom_685
system/tile_prci_domain/tile_reset_domain_tile/fusion/fgra/fgra/pes_14/alu/logic_0/logicUnit_19       7.0560     0.0       7.0560      0.0000       0.0000 UnifiedCom_684
system/tile_prci_domain/tile_reset_domain_tile/fusion/fgra/fgra/pes_14/alu/logic_0/logicUnit_2       7.0560     0.0       7.0560      0.0000       0.0000 UnifiedCom_701
system/tile_prci_domain/tile_reset_domain_tile/fusion/fgra/fgra/pes_14/alu/logic_0/logicUnit_20       7.0560     0.0       7.0560      0.0000       0.0000 UnifiedCom_683
system/tile_prci_domain/tile_reset_domain_tile/fusion/fgra/fgra/pes_14/alu/logic_0/logicUnit_21       6.3504     0.0       6.3504      0.0000       0.0000 UnifiedCom_682
system/tile_prci_domain/tile_reset_domain_tile/fusion/fgra/fgra/pes_14/alu/logic_0/logicUnit_22       7.0560     0.0       7.0560      0.0000       0.0000 UnifiedCom_681
system/tile_prci_domain/tile_reset_domain_tile/fusion/fgra/fgra/pes_14/alu/logic_0/logicUnit_23       6.3504     0.0       6.3504      0.0000       0.0000 UnifiedCom_680
system/tile_prci_domain/tile_reset_domain_tile/fusion/fgra/fgra/pes_14/alu/logic_0/logicUnit_24       7.0560     0.0       7.0560      0.0000       0.0000 UnifiedCom_679
system/tile_prci_domain/tile_reset_domain_tile/fusion/fgra/fgra/pes_14/alu/logic_0/logicUnit_25       6.3504     0.0       6.3504      0.0000       0.0000 UnifiedCom_678
system/tile_prci_domain/tile_reset_domain_tile/fusion/fgra/fgra/pes_14/alu/logic_0/logicUnit_26       7.0560     0.0       7.0560      0.0000       0.0000 UnifiedCom_677
system/tile_prci_domain/tile_reset_domain_tile/fusion/fgra/fgra/pes_14/alu/logic_0/logicUnit_27       7.0560     0.0       7.0560      0.0000       0.0000 UnifiedCom_676
system/tile_prci_domain/tile_reset_domain_tile/fusion/fgra/fgra/pes_14/alu/logic_0/logicUnit_28       6.3504     0.0       6.3504      0.0000       0.0000 UnifiedCom_675
system/tile_prci_domain/tile_reset_domain_tile/fusion/fgra/fgra/pes_14/alu/logic_0/logicUnit_29       7.0560     0.0       7.0560      0.0000       0.0000 UnifiedCom_674
system/tile_prci_domain/tile_reset_domain_tile/fusion/fgra/fgra/pes_14/alu/logic_0/logicUnit_3       6.3504     0.0       6.3504      0.0000       0.0000 UnifiedCom_700
system/tile_prci_domain/tile_reset_domain_tile/fusion/fgra/fgra/pes_14/alu/logic_0/logicUnit_30       7.0560     0.0       7.0560      0.0000       0.0000 UnifiedCom_673
system/tile_prci_domain/tile_reset_domain_tile/fusion/fgra/fgra/pes_14/alu/logic_0/logicUnit_31       6.3504     0.0       6.3504      0.0000       0.0000 UnifiedCom_672
system/tile_prci_domain/tile_reset_domain_tile/fusion/fgra/fgra/pes_14/alu/logic_0/logicUnit_4       7.0560     0.0       7.0560      0.0000       0.0000 UnifiedCom_699
system/tile_prci_domain/tile_reset_domain_tile/fusion/fgra/fgra/pes_14/alu/logic_0/logicUnit_5       7.0560     0.0       7.0560      0.0000       0.0000 UnifiedCom_698
system/tile_prci_domain/tile_reset_domain_tile/fusion/fgra/fgra/pes_14/alu/logic_0/logicUnit_6       7.0560     0.0       7.0560      0.0000       0.0000 UnifiedCom_697
system/tile_prci_domain/tile_reset_domain_tile/fusion/fgra/fgra/pes_14/alu/logic_0/logicUnit_7       6.3504     0.0       6.3504      0.0000       0.0000 UnifiedCom_696
system/tile_prci_domain/tile_reset_domain_tile/fusion/fgra/fgra/pes_14/alu/logic_0/logicUnit_8       6.3504     0.0       6.3504      0.0000       0.0000 UnifiedCom_695
system/tile_prci_domain/tile_reset_domain_tile/fusion/fgra/fgra/pes_14/alu/logic_0/logicUnit_9       7.0560     0.0       7.0560      0.0000       0.0000 UnifiedCom_694
system/tile_prci_domain/tile_reset_domain_tile/fusion/fgra/fgra/pes_14/alu/multipler    5728.7665     0.2    5728.7665      0.0000       0.0000 Mul_21
system/tile_prci_domain/tile_reset_domain_tile/fusion/fgra/fgra/pes_14/alu/shift     688.9008     0.0     688.9008      0.0000       0.0000 SHIFT_21
system/tile_prci_domain/tile_reset_domain_tile/fusion/fgra/fgra/pes_14/cfg    1350.9888     0.0     459.8160    891.1728       0.0000 ConfigMem_24_3
system/tile_prci_domain/tile_reset_domain_tile/fusion/fgra/fgra/pes_14/delayPipeCG    6873.4849     0.2    3987.3457   2886.1392       0.0000 SharedDelayPipe_24_21
system/tile_prci_domain/tile_reset_domain_tile/fusion/fgra/fgra/pes_14/delayPipeFG     611.7552     0.0     447.1152    164.6400       0.0000 SharedDelayPipe_43_9
system/tile_prci_domain/tile_reset_domain_tile/fusion/fgra/fgra/pes_14/dmr    1311.7104     0.0       0.0000      0.0000       0.0000 DualModeReg_12_3
system/tile_prci_domain/tile_reset_domain_tile/fusion/fgra/fgra/pes_14/dmr/acr    1311.7104     0.0     781.3344    530.3760       0.0000 CtrlReg_3
system/tile_prci_domain/tile_reset_domain_tile/fusion/fgra/fgra/pes_14/lut       5.8800     0.0       5.8800      0.0000       0.0000 LUT_9
system/tile_prci_domain/tile_reset_domain_tile/fusion/fgra/fgra/pes_14/rf4alu       8.2320     0.0       3.5280      4.7040       0.0000 RF_27
system/tile_prci_domain/tile_reset_domain_tile/fusion/fgra/fgra/pes_14/rf4lut       8.9376     0.0       4.2336      4.7040       0.0000 RF_26
system/tile_prci_domain/tile_reset_domain_tile/fusion/fgra/fgra/pes_15   26785.9875     0.8     254.2512      0.0000       0.0000 GPE_15
system/tile_prci_domain/tile_reset_domain_tile/fusion/fgra/fgra/pes_15/Muxn     253.5456     0.0     253.5456      0.0000       0.0000 Muxn_36_141
system/tile_prci_domain/tile_reset_domain_tile/fusion/fgra/fgra/pes_15/Muxn_1     246.7248     0.0     246.7248      0.0000       0.0000 Muxn_36_140
system/tile_prci_domain/tile_reset_domain_tile/fusion/fgra/fgra/pes_15/Muxn_2      10.1136     0.0      10.1136      0.0000       0.0000 Muxn_68_46
system/tile_prci_domain/tile_reset_domain_tile/fusion/fgra/fgra/pes_15/Muxn_3      10.1136     0.0      10.1136      0.0000       0.0000 Muxn_68_45
system/tile_prci_domain/tile_reset_domain_tile/fusion/fgra/fgra/pes_15/Muxn_4      10.1136     0.0      10.1136      0.0000       0.0000 Muxn_68_44
system/tile_prci_domain/tile_reset_domain_tile/fusion/fgra/fgra/pes_15/alu   15881.8802     0.5     588.9408      0.0000       0.0000 ALU_12_2
system/tile_prci_domain/tile_reset_domain_tile/fusion/fgra/fgra/pes_15/alu/arith     424.7712     0.0     424.7712      0.0000       0.0000 ARITH_20
system/tile_prci_domain/tile_reset_domain_tile/fusion/fgra/fgra/pes_15/alu/fadd    5263.3057     0.2       0.0000      0.0000       0.0000 FADD_20
system/tile_prci_domain/tile_reset_domain_tile/fusion/fgra/fgra/pes_15/alu/fadd/fcmaadd    5263.3057     0.2       2.3520      0.0000       0.0000 FCMA_ADD_20
system/tile_prci_domain/tile_reset_domain_tile/fusion/fgra/fgra/pes_15/alu/fadd/fcmaadd/fadd_s1    3602.0881     0.1     704.6592      0.0000       0.0000 FCMA_ADD_s1_20
system/tile_prci_domain/tile_reset_domain_tile/fusion/fgra/fgra/pes_15/alu/fadd/fcmaadd/fadd_s1/far_path_mods_0     909.5184     0.0     399.6048      0.0000       0.0000 FarPath_20
system/tile_prci_domain/tile_reset_domain_tile/fusion/fgra/fgra/pes_15/alu/fadd/fcmaadd/fadd_s1/far_path_mods_0/shiftRightJam     509.9136     0.0     509.9136      0.0000       0.0000 ShiftRightJam_20
system/tile_prci_domain/tile_reset_domain_tile/fusion/fgra/fgra/pes_15/alu/fadd/fcmaadd/fadd_s1/near_path_mods_0    1002.4224     0.0     743.9376      0.0000       0.0000 NearPath_41
system/tile_prci_domain/tile_reset_domain_tile/fusion/fgra/fgra/pes_15/alu/fadd/fcmaadd/fadd_s1/near_path_mods_0/lza_ab     148.4112     0.0     148.4112      0.0000       0.0000 LZA_42
system/tile_prci_domain/tile_reset_domain_tile/fusion/fgra/fgra/pes_15/alu/fadd/fcmaadd/fadd_s1/near_path_mods_0/lzc_clz     110.0736     0.0     110.0736      0.0000       0.0000 CLZ_43
system/tile_prci_domain/tile_reset_domain_tile/fusion/fgra/fgra/pes_15/alu/fadd/fcmaadd/fadd_s1/near_path_mods_1     985.4880     0.0     734.0592      0.0000       0.0000 NearPath_40
system/tile_prci_domain/tile_reset_domain_tile/fusion/fgra/fgra/pes_15/alu/fadd/fcmaadd/fadd_s1/near_path_mods_1/lza_ab     150.5280     0.0     150.5280      0.0000       0.0000 LZA_41
system/tile_prci_domain/tile_reset_domain_tile/fusion/fgra/fgra/pes_15/alu/fadd/fcmaadd/fadd_s1/near_path_mods_1/lzc_clz     100.9008     0.0     100.9008      0.0000       0.0000 CLZ_42
system/tile_prci_domain/tile_reset_domain_tile/fusion/fgra/fgra/pes_15/alu/fadd/fcmaadd/fadd_s2    1658.8656     0.1    1201.4016      0.0000       0.0000 FCMA_ADD_s2_20
system/tile_prci_domain/tile_reset_domain_tile/fusion/fgra/fgra/pes_15/alu/fadd/fcmaadd/fadd_s2/far_path_rounder     253.3104     0.0     253.3104      0.0000       0.0000 RoundingUnit_134
system/tile_prci_domain/tile_reset_domain_tile/fusion/fgra/fgra/pes_15/alu/fadd/fcmaadd/fadd_s2/near_path_rounder     204.1536     0.0     204.1536      0.0000       0.0000 RoundingUnit_133
system/tile_prci_domain/tile_reset_domain_tile/fusion/fgra/fgra/pes_15/alu/fmax     279.4176     0.0     279.4176      0.0000       0.0000 FCMP_60
system/tile_prci_domain/tile_reset_domain_tile/fusion/fgra/fgra/pes_15/alu/fmin     244.8432     0.0     244.8432      0.0000       0.0000 FCMP_61
system/tile_prci_domain/tile_reset_domain_tile/fusion/fgra/fgra/pes_15/alu/fmul    2332.9488     0.1      13.8768    555.5424       0.0000 FMUL_share_20
system/tile_prci_domain/tile_reset_domain_tile/fusion/fgra/fgra/pes_15/alu/fmul/fmul_s1     458.4048     0.0     376.5552      0.0000       0.0000 FMUL_s1_20
system/tile_prci_domain/tile_reset_domain_tile/fusion/fgra/fgra/pes_15/alu/fmul/fmul_s1/lzc_clz      81.8496     0.0      81.8496      0.0000       0.0000 CLZ_2_20
system/tile_prci_domain/tile_reset_domain_tile/fusion/fgra/fgra/pes_15/alu/fmul/fmul_s2    1100.2656     0.0    1100.2656      0.0000       0.0000 FMUL_s2_20
system/tile_prci_domain/tile_reset_domain_tile/fusion/fgra/fgra/pes_15/alu/fmul/fmul_s3     204.8592     0.0     104.1936      0.0000       0.0000 FMUL_s3_20
system/tile_prci_domain/tile_reset_domain_tile/fusion/fgra/fgra/pes_15/alu/fmul/fmul_s3/rounder     100.6656     0.0     100.6656      0.0000       0.0000 RoundingUnit_221
system/tile_prci_domain/tile_reset_domain_tile/fusion/fgra/fgra/pes_15/alu/logic_0     222.9696     0.0      11.2896      0.0000       0.0000 LOGIC_20
system/tile_prci_domain/tile_reset_domain_tile/fusion/fgra/fgra/pes_15/alu/logic_0/logicUnit       6.3504     0.0       6.3504      0.0000       0.0000 UnifiedCom_671
system/tile_prci_domain/tile_reset_domain_tile/fusion/fgra/fgra/pes_15/alu/logic_0/logicUnit_1       6.3504     0.0       6.3504      0.0000       0.0000 UnifiedCom_670
system/tile_prci_domain/tile_reset_domain_tile/fusion/fgra/fgra/pes_15/alu/logic_0/logicUnit_10       6.3504     0.0       6.3504      0.0000       0.0000 UnifiedCom_661
system/tile_prci_domain/tile_reset_domain_tile/fusion/fgra/fgra/pes_15/alu/logic_0/logicUnit_11       7.0560     0.0       7.0560      0.0000       0.0000 UnifiedCom_660
system/tile_prci_domain/tile_reset_domain_tile/fusion/fgra/fgra/pes_15/alu/logic_0/logicUnit_12       7.0560     0.0       7.0560      0.0000       0.0000 UnifiedCom_659
system/tile_prci_domain/tile_reset_domain_tile/fusion/fgra/fgra/pes_15/alu/logic_0/logicUnit_13       7.0560     0.0       7.0560      0.0000       0.0000 UnifiedCom_658
system/tile_prci_domain/tile_reset_domain_tile/fusion/fgra/fgra/pes_15/alu/logic_0/logicUnit_14       7.0560     0.0       7.0560      0.0000       0.0000 UnifiedCom_657
system/tile_prci_domain/tile_reset_domain_tile/fusion/fgra/fgra/pes_15/alu/logic_0/logicUnit_15       7.0560     0.0       7.0560      0.0000       0.0000 UnifiedCom_656
system/tile_prci_domain/tile_reset_domain_tile/fusion/fgra/fgra/pes_15/alu/logic_0/logicUnit_16       6.3504     0.0       6.3504      0.0000       0.0000 UnifiedCom_655
system/tile_prci_domain/tile_reset_domain_tile/fusion/fgra/fgra/pes_15/alu/logic_0/logicUnit_17       6.3504     0.0       6.3504      0.0000       0.0000 UnifiedCom_654
system/tile_prci_domain/tile_reset_domain_tile/fusion/fgra/fgra/pes_15/alu/logic_0/logicUnit_18       6.3504     0.0       6.3504      0.0000       0.0000 UnifiedCom_653
system/tile_prci_domain/tile_reset_domain_tile/fusion/fgra/fgra/pes_15/alu/logic_0/logicUnit_19       7.0560     0.0       7.0560      0.0000       0.0000 UnifiedCom_652
system/tile_prci_domain/tile_reset_domain_tile/fusion/fgra/fgra/pes_15/alu/logic_0/logicUnit_2       7.0560     0.0       7.0560      0.0000       0.0000 UnifiedCom_669
system/tile_prci_domain/tile_reset_domain_tile/fusion/fgra/fgra/pes_15/alu/logic_0/logicUnit_20       6.3504     0.0       6.3504      0.0000       0.0000 UnifiedCom_651
system/tile_prci_domain/tile_reset_domain_tile/fusion/fgra/fgra/pes_15/alu/logic_0/logicUnit_21       6.3504     0.0       6.3504      0.0000       0.0000 UnifiedCom_650
system/tile_prci_domain/tile_reset_domain_tile/fusion/fgra/fgra/pes_15/alu/logic_0/logicUnit_22       6.3504     0.0       6.3504      0.0000       0.0000 UnifiedCom_649
system/tile_prci_domain/tile_reset_domain_tile/fusion/fgra/fgra/pes_15/alu/logic_0/logicUnit_23       7.0560     0.0       7.0560      0.0000       0.0000 UnifiedCom_648
system/tile_prci_domain/tile_reset_domain_tile/fusion/fgra/fgra/pes_15/alu/logic_0/logicUnit_24       6.3504     0.0       6.3504      0.0000       0.0000 UnifiedCom_647
system/tile_prci_domain/tile_reset_domain_tile/fusion/fgra/fgra/pes_15/alu/logic_0/logicUnit_25       6.3504     0.0       6.3504      0.0000       0.0000 UnifiedCom_646
system/tile_prci_domain/tile_reset_domain_tile/fusion/fgra/fgra/pes_15/alu/logic_0/logicUnit_26       6.3504     0.0       6.3504      0.0000       0.0000 UnifiedCom_645
system/tile_prci_domain/tile_reset_domain_tile/fusion/fgra/fgra/pes_15/alu/logic_0/logicUnit_27       6.3504     0.0       6.3504      0.0000       0.0000 UnifiedCom_644
system/tile_prci_domain/tile_reset_domain_tile/fusion/fgra/fgra/pes_15/alu/logic_0/logicUnit_28       6.3504     0.0       6.3504      0.0000       0.0000 UnifiedCom_643
system/tile_prci_domain/tile_reset_domain_tile/fusion/fgra/fgra/pes_15/alu/logic_0/logicUnit_29       6.3504     0.0       6.3504      0.0000       0.0000 UnifiedCom_642
system/tile_prci_domain/tile_reset_domain_tile/fusion/fgra/fgra/pes_15/alu/logic_0/logicUnit_3       6.3504     0.0       6.3504      0.0000       0.0000 UnifiedCom_668
system/tile_prci_domain/tile_reset_domain_tile/fusion/fgra/fgra/pes_15/alu/logic_0/logicUnit_30       6.3504     0.0       6.3504      0.0000       0.0000 UnifiedCom_641
system/tile_prci_domain/tile_reset_domain_tile/fusion/fgra/fgra/pes_15/alu/logic_0/logicUnit_31       6.3504     0.0       6.3504      0.0000       0.0000 UnifiedCom_640
system/tile_prci_domain/tile_reset_domain_tile/fusion/fgra/fgra/pes_15/alu/logic_0/logicUnit_4       7.0560     0.0       7.0560      0.0000       0.0000 UnifiedCom_667
system/tile_prci_domain/tile_reset_domain_tile/fusion/fgra/fgra/pes_15/alu/logic_0/logicUnit_5       7.0560     0.0       7.0560      0.0000       0.0000 UnifiedCom_666
system/tile_prci_domain/tile_reset_domain_tile/fusion/fgra/fgra/pes_15/alu/logic_0/logicUnit_6       7.0560     0.0       7.0560      0.0000       0.0000 UnifiedCom_665
system/tile_prci_domain/tile_reset_domain_tile/fusion/fgra/fgra/pes_15/alu/logic_0/logicUnit_7       7.0560     0.0       7.0560      0.0000       0.0000 UnifiedCom_664
system/tile_prci_domain/tile_reset_domain_tile/fusion/fgra/fgra/pes_15/alu/logic_0/logicUnit_8       6.3504     0.0       6.3504      0.0000       0.0000 UnifiedCom_663
system/tile_prci_domain/tile_reset_domain_tile/fusion/fgra/fgra/pes_15/alu/logic_0/logicUnit_9       6.3504     0.0       6.3504      0.0000       0.0000 UnifiedCom_662
system/tile_prci_domain/tile_reset_domain_tile/fusion/fgra/fgra/pes_15/alu/multipler    5835.3121     0.2    5835.3121      0.0000       0.0000 Mul_20
system/tile_prci_domain/tile_reset_domain_tile/fusion/fgra/fgra/pes_15/alu/shift     689.3712     0.0     689.3712      0.0000       0.0000 SHIFT_20
system/tile_prci_domain/tile_reset_domain_tile/fusion/fgra/fgra/pes_15/cfg    1338.5232     0.0     459.8160    878.7072       0.0000 ConfigMem_24_2
system/tile_prci_domain/tile_reset_domain_tile/fusion/fgra/fgra/pes_15/delayPipeCG    6822.6817     0.2    3926.6641   2896.0176       0.0000 SharedDelayPipe_24_20
system/tile_prci_domain/tile_reset_domain_tile/fusion/fgra/fgra/pes_15/delayPipeFG     611.7552     0.0     447.1152    164.6400       0.0000 SharedDelayPipe_43_8
system/tile_prci_domain/tile_reset_domain_tile/fusion/fgra/fgra/pes_15/dmr    1322.5296     0.0       0.0000      0.0000       0.0000 DualModeReg_12_2
system/tile_prci_domain/tile_reset_domain_tile/fusion/fgra/fgra/pes_15/dmr/acr    1322.5296     0.0     791.9184    530.6112       0.0000 CtrlReg_2
system/tile_prci_domain/tile_reset_domain_tile/fusion/fgra/fgra/pes_15/lut       5.8800     0.0       5.8800      0.0000       0.0000 LUT_8
system/tile_prci_domain/tile_reset_domain_tile/fusion/fgra/fgra/pes_15/rf4alu       8.2320     0.0       3.5280      4.7040       0.0000 RF_25
system/tile_prci_domain/tile_reset_domain_tile/fusion/fgra/fgra/pes_15/rf4lut       9.6432     0.0       4.9392      4.7040       0.0000 RF_24
system/tile_prci_domain/tile_reset_domain_tile/fusion/fgra/fgra/pes_16   26920.0515     0.8     266.2464      0.0000       0.0000 GPE_16
system/tile_prci_domain/tile_reset_domain_tile/fusion/fgra/fgra/pes_16/Muxn     251.1936     0.0     251.1936      0.0000       0.0000 Muxn_36_139
system/tile_prci_domain/tile_reset_domain_tile/fusion/fgra/fgra/pes_16/Muxn_1     260.1312     0.0     260.1312      0.0000       0.0000 Muxn_36_138
system/tile_prci_domain/tile_reset_domain_tile/fusion/fgra/fgra/pes_16/Muxn_2      10.1136     0.0      10.1136      0.0000       0.0000 Muxn_68_43
system/tile_prci_domain/tile_reset_domain_tile/fusion/fgra/fgra/pes_16/Muxn_3      10.1136     0.0      10.1136      0.0000       0.0000 Muxn_68_42
system/tile_prci_domain/tile_reset_domain_tile/fusion/fgra/fgra/pes_16/Muxn_4      10.1136     0.0      10.1136      0.0000       0.0000 Muxn_68_41
system/tile_prci_domain/tile_reset_domain_tile/fusion/fgra/fgra/pes_16/alu   15958.5554     0.5     594.5856      0.0000       0.0000 ALU_12_1
system/tile_prci_domain/tile_reset_domain_tile/fusion/fgra/fgra/pes_16/alu/arith     427.3584     0.0     427.3584      0.0000       0.0000 ARITH_19
system/tile_prci_domain/tile_reset_domain_tile/fusion/fgra/fgra/pes_16/alu/fadd    5277.1825     0.2       0.0000      0.0000       0.0000 FADD_19
system/tile_prci_domain/tile_reset_domain_tile/fusion/fgra/fgra/pes_16/alu/fadd/fcmaadd    5277.1825     0.2       3.2928      0.0000       0.0000 FCMA_ADD_19
system/tile_prci_domain/tile_reset_domain_tile/fusion/fgra/fgra/pes_16/alu/fadd/fcmaadd/fadd_s1    3611.0257     0.1     701.3664      0.0000       0.0000 FCMA_ADD_s1_19
system/tile_prci_domain/tile_reset_domain_tile/fusion/fgra/fgra/pes_16/alu/fadd/fcmaadd/fadd_s1/far_path_mods_0     902.2272     0.0     379.1424      0.0000       0.0000 FarPath_19
system/tile_prci_domain/tile_reset_domain_tile/fusion/fgra/fgra/pes_16/alu/fadd/fcmaadd/fadd_s1/far_path_mods_0/shiftRightJam     523.0848     0.0     523.0848      0.0000       0.0000 ShiftRightJam_19
system/tile_prci_domain/tile_reset_domain_tile/fusion/fgra/fgra/pes_16/alu/fadd/fcmaadd/fadd_s1/near_path_mods_0    1005.4800     0.0     737.8224      0.0000       0.0000 NearPath_39
system/tile_prci_domain/tile_reset_domain_tile/fusion/fgra/fgra/pes_16/alu/fadd/fcmaadd/fadd_s1/near_path_mods_0/lza_ab     161.3472     0.0     161.3472      0.0000       0.0000 LZA_40
system/tile_prci_domain/tile_reset_domain_tile/fusion/fgra/fgra/pes_16/alu/fadd/fcmaadd/fadd_s1/near_path_mods_0/lzc_clz     106.3104     0.0     106.3104      0.0000       0.0000 CLZ_41
system/tile_prci_domain/tile_reset_domain_tile/fusion/fgra/fgra/pes_16/alu/fadd/fcmaadd/fadd_s1/near_path_mods_1    1001.9520     0.0     737.1168      0.0000       0.0000 NearPath_38
system/tile_prci_domain/tile_reset_domain_tile/fusion/fgra/fgra/pes_16/alu/fadd/fcmaadd/fadd_s1/near_path_mods_1/lza_ab     157.5840     0.0     157.5840      0.0000       0.0000 LZA_39
system/tile_prci_domain/tile_reset_domain_tile/fusion/fgra/fgra/pes_16/alu/fadd/fcmaadd/fadd_s1/near_path_mods_1/lzc_clz     107.2512     0.0     107.2512      0.0000       0.0000 CLZ_40
system/tile_prci_domain/tile_reset_domain_tile/fusion/fgra/fgra/pes_16/alu/fadd/fcmaadd/fadd_s2    1662.8640     0.1    1227.5088      0.0000       0.0000 FCMA_ADD_s2_19
system/tile_prci_domain/tile_reset_domain_tile/fusion/fgra/fgra/pes_16/alu/fadd/fcmaadd/fadd_s2/far_path_rounder     234.0240     0.0     234.0240      0.0000       0.0000 RoundingUnit_131
system/tile_prci_domain/tile_reset_domain_tile/fusion/fgra/fgra/pes_16/alu/fadd/fcmaadd/fadd_s2/near_path_rounder     201.3312     0.0     201.3312      0.0000       0.0000 RoundingUnit_130
system/tile_prci_domain/tile_reset_domain_tile/fusion/fgra/fgra/pes_16/alu/fmax     279.6528     0.0     279.6528      0.0000       0.0000 FCMP_57
system/tile_prci_domain/tile_reset_domain_tile/fusion/fgra/fgra/pes_16/alu/fmin     277.7712     0.0     277.7712      0.0000       0.0000 FCMP_58
system/tile_prci_domain/tile_reset_domain_tile/fusion/fgra/fgra/pes_16/alu/fmul    2328.4800     0.1      15.7584    556.0128       0.0000 FMUL_share_19
system/tile_prci_domain/tile_reset_domain_tile/fusion/fgra/fgra/pes_16/alu/fmul/fmul_s1     415.1280     0.0     335.6304      0.0000       0.0000 FMUL_s1_19
system/tile_prci_domain/tile_reset_domain_tile/fusion/fgra/fgra/pes_16/alu/fmul/fmul_s1/lzc_clz      79.4976     0.0      79.4976      0.0000       0.0000 CLZ_2_19
system/tile_prci_domain/tile_reset_domain_tile/fusion/fgra/fgra/pes_16/alu/fmul/fmul_s2    1136.7216     0.0    1136.7216      0.0000       0.0000 FMUL_s2_19
system/tile_prci_domain/tile_reset_domain_tile/fusion/fgra/fgra/pes_16/alu/fmul/fmul_s3     204.8592     0.0     104.1936      0.0000       0.0000 FMUL_s3_19
system/tile_prci_domain/tile_reset_domain_tile/fusion/fgra/fgra/pes_16/alu/fmul/fmul_s3/rounder     100.6656     0.0     100.6656      0.0000       0.0000 RoundingUnit_219
system/tile_prci_domain/tile_reset_domain_tile/fusion/fgra/fgra/pes_16/alu/logic_0     222.2640     0.0      11.2896      0.0000       0.0000 LOGIC_19
system/tile_prci_domain/tile_reset_domain_tile/fusion/fgra/fgra/pes_16/alu/logic_0/logicUnit       6.3504     0.0       6.3504      0.0000       0.0000 UnifiedCom_639
system/tile_prci_domain/tile_reset_domain_tile/fusion/fgra/fgra/pes_16/alu/logic_0/logicUnit_1       6.3504     0.0       6.3504      0.0000       0.0000 UnifiedCom_638
system/tile_prci_domain/tile_reset_domain_tile/fusion/fgra/fgra/pes_16/alu/logic_0/logicUnit_10       7.0560     0.0       7.0560      0.0000       0.0000 UnifiedCom_629
system/tile_prci_domain/tile_reset_domain_tile/fusion/fgra/fgra/pes_16/alu/logic_0/logicUnit_11       7.0560     0.0       7.0560      0.0000       0.0000 UnifiedCom_628
system/tile_prci_domain/tile_reset_domain_tile/fusion/fgra/fgra/pes_16/alu/logic_0/logicUnit_12       6.3504     0.0       6.3504      0.0000       0.0000 UnifiedCom_627
system/tile_prci_domain/tile_reset_domain_tile/fusion/fgra/fgra/pes_16/alu/logic_0/logicUnit_13       6.3504     0.0       6.3504      0.0000       0.0000 UnifiedCom_626
system/tile_prci_domain/tile_reset_domain_tile/fusion/fgra/fgra/pes_16/alu/logic_0/logicUnit_14       7.0560     0.0       7.0560      0.0000       0.0000 UnifiedCom_625
system/tile_prci_domain/tile_reset_domain_tile/fusion/fgra/fgra/pes_16/alu/logic_0/logicUnit_15       6.3504     0.0       6.3504      0.0000       0.0000 UnifiedCom_624
system/tile_prci_domain/tile_reset_domain_tile/fusion/fgra/fgra/pes_16/alu/logic_0/logicUnit_16       6.3504     0.0       6.3504      0.0000       0.0000 UnifiedCom_623
system/tile_prci_domain/tile_reset_domain_tile/fusion/fgra/fgra/pes_16/alu/logic_0/logicUnit_17       6.3504     0.0       6.3504      0.0000       0.0000 UnifiedCom_622
system/tile_prci_domain/tile_reset_domain_tile/fusion/fgra/fgra/pes_16/alu/logic_0/logicUnit_18       6.3504     0.0       6.3504      0.0000       0.0000 UnifiedCom_621
system/tile_prci_domain/tile_reset_domain_tile/fusion/fgra/fgra/pes_16/alu/logic_0/logicUnit_19       6.3504     0.0       6.3504      0.0000       0.0000 UnifiedCom_620
system/tile_prci_domain/tile_reset_domain_tile/fusion/fgra/fgra/pes_16/alu/logic_0/logicUnit_2       6.3504     0.0       6.3504      0.0000       0.0000 UnifiedCom_637
system/tile_prci_domain/tile_reset_domain_tile/fusion/fgra/fgra/pes_16/alu/logic_0/logicUnit_20       6.3504     0.0       6.3504      0.0000       0.0000 UnifiedCom_619
system/tile_prci_domain/tile_reset_domain_tile/fusion/fgra/fgra/pes_16/alu/logic_0/logicUnit_21       6.3504     0.0       6.3504      0.0000       0.0000 UnifiedCom_618
system/tile_prci_domain/tile_reset_domain_tile/fusion/fgra/fgra/pes_16/alu/logic_0/logicUnit_22       6.3504     0.0       6.3504      0.0000       0.0000 UnifiedCom_617
system/tile_prci_domain/tile_reset_domain_tile/fusion/fgra/fgra/pes_16/alu/logic_0/logicUnit_23       6.3504     0.0       6.3504      0.0000       0.0000 UnifiedCom_616
system/tile_prci_domain/tile_reset_domain_tile/fusion/fgra/fgra/pes_16/alu/logic_0/logicUnit_24       7.0560     0.0       7.0560      0.0000       0.0000 UnifiedCom_615
system/tile_prci_domain/tile_reset_domain_tile/fusion/fgra/fgra/pes_16/alu/logic_0/logicUnit_25       6.3504     0.0       6.3504      0.0000       0.0000 UnifiedCom_614
system/tile_prci_domain/tile_reset_domain_tile/fusion/fgra/fgra/pes_16/alu/logic_0/logicUnit_26       7.0560     0.0       7.0560      0.0000       0.0000 UnifiedCom_613
system/tile_prci_domain/tile_reset_domain_tile/fusion/fgra/fgra/pes_16/alu/logic_0/logicUnit_27       7.0560     0.0       7.0560      0.0000       0.0000 UnifiedCom_612
system/tile_prci_domain/tile_reset_domain_tile/fusion/fgra/fgra/pes_16/alu/logic_0/logicUnit_28       7.0560     0.0       7.0560      0.0000       0.0000 UnifiedCom_611
system/tile_prci_domain/tile_reset_domain_tile/fusion/fgra/fgra/pes_16/alu/logic_0/logicUnit_29       6.3504     0.0       6.3504      0.0000       0.0000 UnifiedCom_610
system/tile_prci_domain/tile_reset_domain_tile/fusion/fgra/fgra/pes_16/alu/logic_0/logicUnit_3       6.3504     0.0       6.3504      0.0000       0.0000 UnifiedCom_636
system/tile_prci_domain/tile_reset_domain_tile/fusion/fgra/fgra/pes_16/alu/logic_0/logicUnit_30       7.0560     0.0       7.0560      0.0000       0.0000 UnifiedCom_609
system/tile_prci_domain/tile_reset_domain_tile/fusion/fgra/fgra/pes_16/alu/logic_0/logicUnit_31       6.3504     0.0       6.3504      0.0000       0.0000 UnifiedCom_608
system/tile_prci_domain/tile_reset_domain_tile/fusion/fgra/fgra/pes_16/alu/logic_0/logicUnit_4       7.0560     0.0       7.0560      0.0000       0.0000 UnifiedCom_635
system/tile_prci_domain/tile_reset_domain_tile/fusion/fgra/fgra/pes_16/alu/logic_0/logicUnit_5       7.0560     0.0       7.0560      0.0000       0.0000 UnifiedCom_634
system/tile_prci_domain/tile_reset_domain_tile/fusion/fgra/fgra/pes_16/alu/logic_0/logicUnit_6       7.0560     0.0       7.0560      0.0000       0.0000 UnifiedCom_633
system/tile_prci_domain/tile_reset_domain_tile/fusion/fgra/fgra/pes_16/alu/logic_0/logicUnit_7       6.3504     0.0       6.3504      0.0000       0.0000 UnifiedCom_632
system/tile_prci_domain/tile_reset_domain_tile/fusion/fgra/fgra/pes_16/alu/logic_0/logicUnit_8       6.3504     0.0       6.3504      0.0000       0.0000 UnifiedCom_631
system/tile_prci_domain/tile_reset_domain_tile/fusion/fgra/fgra/pes_16/alu/logic_0/logicUnit_9       6.3504     0.0       6.3504      0.0000       0.0000 UnifiedCom_630
system/tile_prci_domain/tile_reset_domain_tile/fusion/fgra/fgra/pes_16/alu/multipler    5861.6545     0.2    5861.6545      0.0000       0.0000 Mul_19
system/tile_prci_domain/tile_reset_domain_tile/fusion/fgra/fgra/pes_16/alu/shift     689.6064     0.0     689.6064      0.0000       0.0000 SHIFT_19
system/tile_prci_domain/tile_reset_domain_tile/fusion/fgra/fgra/pes_16/cfg    1322.7648     0.0     459.8160    862.9488       0.0000 ConfigMem_24_1
system/tile_prci_domain/tile_reset_domain_tile/fusion/fgra/fgra/pes_16/delayPipeCG    6885.7153     0.2    3974.8801   2910.8352       0.0000 SharedDelayPipe_24_19
system/tile_prci_domain/tile_reset_domain_tile/fusion/fgra/fgra/pes_16/delayPipeFG     611.7552     0.0     447.1152    164.6400       0.0000 SharedDelayPipe_43_7
system/tile_prci_domain/tile_reset_domain_tile/fusion/fgra/fgra/pes_16/dmr    1309.1232     0.0       0.0000      0.0000       0.0000 DualModeReg_12_1
system/tile_prci_domain/tile_reset_domain_tile/fusion/fgra/fgra/pes_16/dmr/acr    1309.1232     0.0     781.3344    527.7888       0.0000 CtrlReg_1
system/tile_prci_domain/tile_reset_domain_tile/fusion/fgra/fgra/pes_16/lut       5.8800     0.0       5.8800      0.0000       0.0000 LUT_7
system/tile_prci_domain/tile_reset_domain_tile/fusion/fgra/fgra/pes_16/rf4alu       8.7024     0.0       3.9984      4.7040       0.0000 RF_23
system/tile_prci_domain/tile_reset_domain_tile/fusion/fgra/fgra/pes_16/rf4lut       9.6432     0.0       4.9392      4.7040       0.0000 RF_22
system/tile_prci_domain/tile_reset_domain_tile/fusion/fgra/fgra/pes_17   26776.5795     0.8     247.1952      0.0000       0.0000 GPE_17
system/tile_prci_domain/tile_reset_domain_tile/fusion/fgra/fgra/pes_17/Muxn     239.9040     0.0     239.9040      0.0000       0.0000 Muxn_36_137
system/tile_prci_domain/tile_reset_domain_tile/fusion/fgra/fgra/pes_17/Muxn_1     243.9024     0.0     243.9024      0.0000       0.0000 Muxn_36_136
system/tile_prci_domain/tile_reset_domain_tile/fusion/fgra/fgra/pes_17/Muxn_2      10.1136     0.0      10.1136      0.0000       0.0000 Muxn_68_40
system/tile_prci_domain/tile_reset_domain_tile/fusion/fgra/fgra/pes_17/Muxn_3      10.1136     0.0      10.1136      0.0000       0.0000 Muxn_68_39
system/tile_prci_domain/tile_reset_domain_tile/fusion/fgra/fgra/pes_17/Muxn_4      10.1136     0.0      10.1136      0.0000       0.0000 Muxn_68_38
system/tile_prci_domain/tile_reset_domain_tile/fusion/fgra/fgra/pes_17/alu   15818.1410     0.5     581.6496      0.0000       0.0000 ALU_12_0
system/tile_prci_domain/tile_reset_domain_tile/fusion/fgra/fgra/pes_17/alu/arith     427.3584     0.0     427.3584      0.0000       0.0000 ARITH_18
system/tile_prci_domain/tile_reset_domain_tile/fusion/fgra/fgra/pes_17/alu/fadd    5353.6225     0.2       0.0000      0.0000       0.0000 FADD_18
system/tile_prci_domain/tile_reset_domain_tile/fusion/fgra/fgra/pes_17/alu/fadd/fcmaadd    5353.6225     0.2       3.2928      0.0000       0.0000 FCMA_ADD_18
system/tile_prci_domain/tile_reset_domain_tile/fusion/fgra/fgra/pes_17/alu/fadd/fcmaadd/fadd_s1    3626.5489     0.1     674.3184      0.0000       0.0000 FCMA_ADD_s1_18
system/tile_prci_domain/tile_reset_domain_tile/fusion/fgra/fgra/pes_17/alu/fadd/fcmaadd/fadd_s1/far_path_mods_0     932.0976     0.0     389.0208      0.0000       0.0000 FarPath_18
system/tile_prci_domain/tile_reset_domain_tile/fusion/fgra/fgra/pes_17/alu/fadd/fcmaadd/fadd_s1/far_path_mods_0/shiftRightJam     543.0768     0.0     543.0768      0.0000       0.0000 ShiftRightJam_18
system/tile_prci_domain/tile_reset_domain_tile/fusion/fgra/fgra/pes_17/alu/fadd/fcmaadd/fadd_s1/near_path_mods_0    1007.3616     0.0     747.2304      0.0000       0.0000 NearPath_37
system/tile_prci_domain/tile_reset_domain_tile/fusion/fgra/fgra/pes_17/alu/fadd/fcmaadd/fadd_s1/near_path_mods_0/lza_ab     152.6448     0.0     152.6448      0.0000       0.0000 LZA_38
system/tile_prci_domain/tile_reset_domain_tile/fusion/fgra/fgra/pes_17/alu/fadd/fcmaadd/fadd_s1/near_path_mods_0/lzc_clz     107.4864     0.0     107.4864      0.0000       0.0000 CLZ_39
system/tile_prci_domain/tile_reset_domain_tile/fusion/fgra/fgra/pes_17/alu/fadd/fcmaadd/fadd_s1/near_path_mods_1    1012.7712     0.0     743.7024      0.0000       0.0000 NearPath_36
system/tile_prci_domain/tile_reset_domain_tile/fusion/fgra/fgra/pes_17/alu/fadd/fcmaadd/fadd_s1/near_path_mods_1/lza_ab     163.2288     0.0     163.2288      0.0000       0.0000 LZA_37
system/tile_prci_domain/tile_reset_domain_tile/fusion/fgra/fgra/pes_17/alu/fadd/fcmaadd/fadd_s1/near_path_mods_1/lzc_clz     105.8400     0.0     105.8400      0.0000       0.0000 CLZ_38
system/tile_prci_domain/tile_reset_domain_tile/fusion/fgra/fgra/pes_17/alu/fadd/fcmaadd/fadd_s2    1723.7808     0.1    1246.5600      0.0000       0.0000 FCMA_ADD_s2_18
system/tile_prci_domain/tile_reset_domain_tile/fusion/fgra/fgra/pes_17/alu/fadd/fcmaadd/fadd_s2/far_path_rounder     275.6544     0.0     275.6544      0.0000       0.0000 RoundingUnit_128
system/tile_prci_domain/tile_reset_domain_tile/fusion/fgra/fgra/pes_17/alu/fadd/fcmaadd/fadd_s2/near_path_rounder     201.5664     0.0     201.5664      0.0000       0.0000 RoundingUnit_127
system/tile_prci_domain/tile_reset_domain_tile/fusion/fgra/fgra/pes_17/alu/fmax     280.3584     0.0     280.3584      0.0000       0.0000 FCMP_54
system/tile_prci_domain/tile_reset_domain_tile/fusion/fgra/fgra/pes_17/alu/fmin     277.3008     0.0     277.3008      0.0000       0.0000 FCMP_55
system/tile_prci_domain/tile_reset_domain_tile/fusion/fgra/fgra/pes_17/alu/fmul    2266.8576     0.1      12.4656    556.0128       0.0000 FMUL_share_18
system/tile_prci_domain/tile_reset_domain_tile/fusion/fgra/fgra/pes_17/alu/fmul/fmul_s1     409.7184     0.0     330.4560      0.0000       0.0000 FMUL_s1_18
system/tile_prci_domain/tile_reset_domain_tile/fusion/fgra/fgra/pes_17/alu/fmul/fmul_s1/lzc_clz      79.2624     0.0      79.2624      0.0000       0.0000 CLZ_2_18
system/tile_prci_domain/tile_reset_domain_tile/fusion/fgra/fgra/pes_17/alu/fmul/fmul_s2    1083.8016     0.0    1083.8016      0.0000       0.0000 FMUL_s2_18
system/tile_prci_domain/tile_reset_domain_tile/fusion/fgra/fgra/pes_17/alu/fmul/fmul_s3     204.8592     0.0     104.1936      0.0000       0.0000 FMUL_s3_18
system/tile_prci_domain/tile_reset_domain_tile/fusion/fgra/fgra/pes_17/alu/fmul/fmul_s3/rounder     100.6656     0.0     100.6656      0.0000       0.0000 RoundingUnit_217
system/tile_prci_domain/tile_reset_domain_tile/fusion/fgra/fgra/pes_17/alu/logic_0     224.6160     0.0       9.4080      0.0000       0.0000 LOGIC_18
system/tile_prci_domain/tile_reset_domain_tile/fusion/fgra/fgra/pes_17/alu/logic_0/logicUnit       6.3504     0.0       6.3504      0.0000       0.0000 UnifiedCom_607
system/tile_prci_domain/tile_reset_domain_tile/fusion/fgra/fgra/pes_17/alu/logic_0/logicUnit_1       6.3504     0.0       6.3504      0.0000       0.0000 UnifiedCom_606
system/tile_prci_domain/tile_reset_domain_tile/fusion/fgra/fgra/pes_17/alu/logic_0/logicUnit_10       6.3504     0.0       6.3504      0.0000       0.0000 UnifiedCom_597
system/tile_prci_domain/tile_reset_domain_tile/fusion/fgra/fgra/pes_17/alu/logic_0/logicUnit_11       7.0560     0.0       7.0560      0.0000       0.0000 UnifiedCom_596
system/tile_prci_domain/tile_reset_domain_tile/fusion/fgra/fgra/pes_17/alu/logic_0/logicUnit_12       6.3504     0.0       6.3504      0.0000       0.0000 UnifiedCom_595
system/tile_prci_domain/tile_reset_domain_tile/fusion/fgra/fgra/pes_17/alu/logic_0/logicUnit_13       7.0560     0.0       7.0560      0.0000       0.0000 UnifiedCom_594
system/tile_prci_domain/tile_reset_domain_tile/fusion/fgra/fgra/pes_17/alu/logic_0/logicUnit_14       7.0560     0.0       7.0560      0.0000       0.0000 UnifiedCom_593
system/tile_prci_domain/tile_reset_domain_tile/fusion/fgra/fgra/pes_17/alu/logic_0/logicUnit_15       6.3504     0.0       6.3504      0.0000       0.0000 UnifiedCom_592
system/tile_prci_domain/tile_reset_domain_tile/fusion/fgra/fgra/pes_17/alu/logic_0/logicUnit_16       7.0560     0.0       7.0560      0.0000       0.0000 UnifiedCom_591
system/tile_prci_domain/tile_reset_domain_tile/fusion/fgra/fgra/pes_17/alu/logic_0/logicUnit_17       7.0560     0.0       7.0560      0.0000       0.0000 UnifiedCom_590
system/tile_prci_domain/tile_reset_domain_tile/fusion/fgra/fgra/pes_17/alu/logic_0/logicUnit_18       7.0560     0.0       7.0560      0.0000       0.0000 UnifiedCom_589
system/tile_prci_domain/tile_reset_domain_tile/fusion/fgra/fgra/pes_17/alu/logic_0/logicUnit_19       7.0560     0.0       7.0560      0.0000       0.0000 UnifiedCom_588
system/tile_prci_domain/tile_reset_domain_tile/fusion/fgra/fgra/pes_17/alu/logic_0/logicUnit_2       6.3504     0.0       6.3504      0.0000       0.0000 UnifiedCom_605
system/tile_prci_domain/tile_reset_domain_tile/fusion/fgra/fgra/pes_17/alu/logic_0/logicUnit_20       6.3504     0.0       6.3504      0.0000       0.0000 UnifiedCom_587
system/tile_prci_domain/tile_reset_domain_tile/fusion/fgra/fgra/pes_17/alu/logic_0/logicUnit_21       6.3504     0.0       6.3504      0.0000       0.0000 UnifiedCom_586
system/tile_prci_domain/tile_reset_domain_tile/fusion/fgra/fgra/pes_17/alu/logic_0/logicUnit_22       7.0560     0.0       7.0560      0.0000       0.0000 UnifiedCom_585
system/tile_prci_domain/tile_reset_domain_tile/fusion/fgra/fgra/pes_17/alu/logic_0/logicUnit_23       6.3504     0.0       6.3504      0.0000       0.0000 UnifiedCom_584
system/tile_prci_domain/tile_reset_domain_tile/fusion/fgra/fgra/pes_17/alu/logic_0/logicUnit_24       7.0560     0.0       7.0560      0.0000       0.0000 UnifiedCom_583
system/tile_prci_domain/tile_reset_domain_tile/fusion/fgra/fgra/pes_17/alu/logic_0/logicUnit_25       7.0560     0.0       7.0560      0.0000       0.0000 UnifiedCom_582
system/tile_prci_domain/tile_reset_domain_tile/fusion/fgra/fgra/pes_17/alu/logic_0/logicUnit_26       6.3504     0.0       6.3504      0.0000       0.0000 UnifiedCom_581
system/tile_prci_domain/tile_reset_domain_tile/fusion/fgra/fgra/pes_17/alu/logic_0/logicUnit_27       7.0560     0.0       7.0560      0.0000       0.0000 UnifiedCom_580
system/tile_prci_domain/tile_reset_domain_tile/fusion/fgra/fgra/pes_17/alu/logic_0/logicUnit_28       6.3504     0.0       6.3504      0.0000       0.0000 UnifiedCom_579
system/tile_prci_domain/tile_reset_domain_tile/fusion/fgra/fgra/pes_17/alu/logic_0/logicUnit_29       7.0560     0.0       7.0560      0.0000       0.0000 UnifiedCom_578
system/tile_prci_domain/tile_reset_domain_tile/fusion/fgra/fgra/pes_17/alu/logic_0/logicUnit_3       6.3504     0.0       6.3504      0.0000       0.0000 UnifiedCom_604
system/tile_prci_domain/tile_reset_domain_tile/fusion/fgra/fgra/pes_17/alu/logic_0/logicUnit_30       7.0560     0.0       7.0560      0.0000       0.0000 UnifiedCom_577
system/tile_prci_domain/tile_reset_domain_tile/fusion/fgra/fgra/pes_17/alu/logic_0/logicUnit_31       6.3504     0.0       6.3504      0.0000       0.0000 UnifiedCom_576
system/tile_prci_domain/tile_reset_domain_tile/fusion/fgra/fgra/pes_17/alu/logic_0/logicUnit_4       7.0560     0.0       7.0560      0.0000       0.0000 UnifiedCom_603
system/tile_prci_domain/tile_reset_domain_tile/fusion/fgra/fgra/pes_17/alu/logic_0/logicUnit_5       7.0560     0.0       7.0560      0.0000       0.0000 UnifiedCom_602
system/tile_prci_domain/tile_reset_domain_tile/fusion/fgra/fgra/pes_17/alu/logic_0/logicUnit_6       7.0560     0.0       7.0560      0.0000       0.0000 UnifiedCom_601
system/tile_prci_domain/tile_reset_domain_tile/fusion/fgra/fgra/pes_17/alu/logic_0/logicUnit_7       7.0560     0.0       7.0560      0.0000       0.0000 UnifiedCom_600
system/tile_prci_domain/tile_reset_domain_tile/fusion/fgra/fgra/pes_17/alu/logic_0/logicUnit_8       6.3504     0.0       6.3504      0.0000       0.0000 UnifiedCom_599
system/tile_prci_domain/tile_reset_domain_tile/fusion/fgra/fgra/pes_17/alu/logic_0/logicUnit_9       6.3504     0.0       6.3504      0.0000       0.0000 UnifiedCom_598
system/tile_prci_domain/tile_reset_domain_tile/fusion/fgra/fgra/pes_17/alu/multipler    5717.4769     0.2    5717.4769      0.0000       0.0000 Mul_18
system/tile_prci_domain/tile_reset_domain_tile/fusion/fgra/fgra/pes_17/alu/shift     688.9008     0.0     688.9008      0.0000       0.0000 SHIFT_18
system/tile_prci_domain/tile_reset_domain_tile/fusion/fgra/fgra/pes_17/cfg    1356.8688     0.0     458.4048    898.4640       0.0000 ConfigMem_24_0
system/tile_prci_domain/tile_reset_domain_tile/fusion/fgra/fgra/pes_17/delayPipeCG    6891.5953     0.2    3985.6993   2905.8960       0.0000 SharedDelayPipe_24_18
system/tile_prci_domain/tile_reset_domain_tile/fusion/fgra/fgra/pes_17/delayPipeFG     611.7552     0.0     447.1152    164.6400       0.0000 SharedDelayPipe_43_6
system/tile_prci_domain/tile_reset_domain_tile/fusion/fgra/fgra/pes_17/dmr    1313.1216     0.0       0.0000      0.0000       0.0000 DualModeReg_12_0
system/tile_prci_domain/tile_reset_domain_tile/fusion/fgra/fgra/pes_17/dmr/acr    1313.1216     0.0     786.0384    527.0832       0.0000 CtrlReg_0
system/tile_prci_domain/tile_reset_domain_tile/fusion/fgra/fgra/pes_17/lut       5.8800     0.0       5.8800      0.0000       0.0000 LUT_6
system/tile_prci_domain/tile_reset_domain_tile/fusion/fgra/fgra/pes_17/rf4alu       8.2320     0.0       3.5280      4.7040       0.0000 RF_21
system/tile_prci_domain/tile_reset_domain_tile/fusion/fgra/fgra/pes_17/rf4lut       9.6432     0.0       4.9392      4.7040       0.0000 RF_20
system/tile_prci_domain/tile_reset_domain_tile/fusion/fgra/fgra/pes_18   23975.8178     0.7       5.1744      0.0000       0.0000 GPE_18
system/tile_prci_domain/tile_reset_domain_tile/fusion/fgra/fgra/pes_18/Muxn     255.8976     0.0     255.8976      0.0000       0.0000 Muxn_36_135
system/tile_prci_domain/tile_reset_domain_tile/fusion/fgra/fgra/pes_18/Muxn_1     256.8384     0.0     256.8384      0.0000       0.0000 Muxn_36_134
system/tile_prci_domain/tile_reset_domain_tile/fusion/fgra/fgra/pes_18/Muxn_2       7.5264     0.0       7.5264      0.0000       0.0000 Muxn_38_28
system/tile_prci_domain/tile_reset_domain_tile/fusion/fgra/fgra/pes_18/alu   15614.6930     0.5     599.0544      0.0000       0.0000 ALU_8
system/tile_prci_domain/tile_reset_domain_tile/fusion/fgra/fgra/pes_18/alu/arith     417.4800     0.0     417.4800      0.0000       0.0000 ARITH_17
system/tile_prci_domain/tile_reset_domain_tile/fusion/fgra/fgra/pes_18/alu/fadd    4897.8049     0.2       0.9408      0.0000       0.0000 FADD_17
system/tile_prci_domain/tile_reset_domain_tile/fusion/fgra/fgra/pes_18/alu/fadd/fcmaadd    4896.8641     0.2       4.4688      0.0000       0.0000 FCMA_ADD_17
system/tile_prci_domain/tile_reset_domain_tile/fusion/fgra/fgra/pes_18/alu/fadd/fcmaadd/fadd_s1    3362.4192     0.1     618.8112      0.0000       0.0000 FCMA_ADD_s1_17
system/tile_prci_domain/tile_reset_domain_tile/fusion/fgra/fgra/pes_18/alu/fadd/fcmaadd/fadd_s1/far_path_mods_0     816.3792     0.0     345.5088      0.0000       0.0000 FarPath_17
system/tile_prci_domain/tile_reset_domain_tile/fusion/fgra/fgra/pes_18/alu/fadd/fcmaadd/fadd_s1/far_path_mods_0/shiftRightJam     470.8704     0.0     470.8704      0.0000       0.0000 ShiftRightJam_17
system/tile_prci_domain/tile_reset_domain_tile/fusion/fgra/fgra/pes_18/alu/fadd/fcmaadd/fadd_s1/near_path_mods_0     969.0240     0.0     725.5920      0.0000       0.0000 NearPath_35
system/tile_prci_domain/tile_reset_domain_tile/fusion/fgra/fgra/pes_18/alu/fadd/fcmaadd/fadd_s1/near_path_mods_0/lza_ab     148.8816     0.0     148.8816      0.0000       0.0000 LZA_36
system/tile_prci_domain/tile_reset_domain_tile/fusion/fgra/fgra/pes_18/alu/fadd/fcmaadd/fadd_s1/near_path_mods_0/lzc_clz      94.5504     0.0      94.5504      0.0000       0.0000 CLZ_37
system/tile_prci_domain/tile_reset_domain_tile/fusion/fgra/fgra/pes_18/alu/fadd/fcmaadd/fadd_s1/near_path_mods_1     958.2048     0.0     720.4176      0.0000       0.0000 NearPath_34
system/tile_prci_domain/tile_reset_domain_tile/fusion/fgra/fgra/pes_18/alu/fadd/fcmaadd/fadd_s1/near_path_mods_1/lza_ab     143.2368     0.0     143.2368      0.0000       0.0000 LZA_35
system/tile_prci_domain/tile_reset_domain_tile/fusion/fgra/fgra/pes_18/alu/fadd/fcmaadd/fadd_s1/near_path_mods_1/lzc_clz      94.5504     0.0      94.5504      0.0000       0.0000 CLZ_36
system/tile_prci_domain/tile_reset_domain_tile/fusion/fgra/fgra/pes_18/alu/fadd/fcmaadd/fadd_s2    1529.9760     0.0    1103.0880      0.0000       0.0000 FCMA_ADD_s2_17
system/tile_prci_domain/tile_reset_domain_tile/fusion/fgra/fgra/pes_18/alu/fadd/fcmaadd/fadd_s2/far_path_rounder     231.4368     0.0     231.4368      0.0000       0.0000 RoundingUnit_125
system/tile_prci_domain/tile_reset_domain_tile/fusion/fgra/fgra/pes_18/alu/fadd/fcmaadd/fadd_s2/near_path_rounder     195.4512     0.0     195.4512      0.0000       0.0000 RoundingUnit_124
system/tile_prci_domain/tile_reset_domain_tile/fusion/fgra/fgra/pes_18/alu/fcmp     295.1760     0.0     295.1760      0.0000       0.0000 FCMP_53
system/tile_prci_domain/tile_reset_domain_tile/fusion/fgra/fgra/pes_18/alu/fmax     276.3600     0.0     276.3600      0.0000       0.0000 FCMP_51
system/tile_prci_domain/tile_reset_domain_tile/fusion/fgra/fgra/pes_18/alu/fmin     272.3616     0.0     272.3616      0.0000       0.0000 FCMP_52
system/tile_prci_domain/tile_reset_domain_tile/fusion/fgra/fgra/pes_18/alu/fmul    2315.0736     0.1      15.2880    555.7776       0.0000 FMUL_share_17
system/tile_prci_domain/tile_reset_domain_tile/fusion/fgra/fgra/pes_18/alu/fmul/fmul_s1     463.1088     0.0     387.3744      0.0000       0.0000 FMUL_s1_17
system/tile_prci_domain/tile_reset_domain_tile/fusion/fgra/fgra/pes_18/alu/fmul/fmul_s1/lzc_clz      75.7344     0.0      75.7344      0.0000       0.0000 CLZ_2_17
system/tile_prci_domain/tile_reset_domain_tile/fusion/fgra/fgra/pes_18/alu/fmul/fmul_s2    1076.0400     0.0    1076.0400      0.0000       0.0000 FMUL_s2_17
system/tile_prci_domain/tile_reset_domain_tile/fusion/fgra/fgra/pes_18/alu/fmul/fmul_s3     204.8592     0.0     104.1936      0.0000       0.0000 FMUL_s3_17
system/tile_prci_domain/tile_reset_domain_tile/fusion/fgra/fgra/pes_18/alu/fmul/fmul_s3/rounder     100.6656     0.0     100.6656      0.0000       0.0000 RoundingUnit_215
system/tile_prci_domain/tile_reset_domain_tile/fusion/fgra/fgra/pes_18/alu/logic_0     226.4976     0.0      11.2896      0.0000       0.0000 LOGIC_17
system/tile_prci_domain/tile_reset_domain_tile/fusion/fgra/fgra/pes_18/alu/logic_0/logicUnit       6.3504     0.0       6.3504      0.0000       0.0000 UnifiedCom_575
system/tile_prci_domain/tile_reset_domain_tile/fusion/fgra/fgra/pes_18/alu/logic_0/logicUnit_1       6.3504     0.0       6.3504      0.0000       0.0000 UnifiedCom_574
system/tile_prci_domain/tile_reset_domain_tile/fusion/fgra/fgra/pes_18/alu/logic_0/logicUnit_10       6.3504     0.0       6.3504      0.0000       0.0000 UnifiedCom_565
system/tile_prci_domain/tile_reset_domain_tile/fusion/fgra/fgra/pes_18/alu/logic_0/logicUnit_11       7.0560     0.0       7.0560      0.0000       0.0000 UnifiedCom_564
system/tile_prci_domain/tile_reset_domain_tile/fusion/fgra/fgra/pes_18/alu/logic_0/logicUnit_12       7.0560     0.0       7.0560      0.0000       0.0000 UnifiedCom_563
system/tile_prci_domain/tile_reset_domain_tile/fusion/fgra/fgra/pes_18/alu/logic_0/logicUnit_13       7.0560     0.0       7.0560      0.0000       0.0000 UnifiedCom_562
system/tile_prci_domain/tile_reset_domain_tile/fusion/fgra/fgra/pes_18/alu/logic_0/logicUnit_14       6.3504     0.0       6.3504      0.0000       0.0000 UnifiedCom_561
system/tile_prci_domain/tile_reset_domain_tile/fusion/fgra/fgra/pes_18/alu/logic_0/logicUnit_15       7.0560     0.0       7.0560      0.0000       0.0000 UnifiedCom_560
system/tile_prci_domain/tile_reset_domain_tile/fusion/fgra/fgra/pes_18/alu/logic_0/logicUnit_16       7.0560     0.0       7.0560      0.0000       0.0000 UnifiedCom_559
system/tile_prci_domain/tile_reset_domain_tile/fusion/fgra/fgra/pes_18/alu/logic_0/logicUnit_17       7.0560     0.0       7.0560      0.0000       0.0000 UnifiedCom_558
system/tile_prci_domain/tile_reset_domain_tile/fusion/fgra/fgra/pes_18/alu/logic_0/logicUnit_18       7.0560     0.0       7.0560      0.0000       0.0000 UnifiedCom_557
system/tile_prci_domain/tile_reset_domain_tile/fusion/fgra/fgra/pes_18/alu/logic_0/logicUnit_19       6.3504     0.0       6.3504      0.0000       0.0000 UnifiedCom_556
system/tile_prci_domain/tile_reset_domain_tile/fusion/fgra/fgra/pes_18/alu/logic_0/logicUnit_2       6.3504     0.0       6.3504      0.0000       0.0000 UnifiedCom_573
system/tile_prci_domain/tile_reset_domain_tile/fusion/fgra/fgra/pes_18/alu/logic_0/logicUnit_20       7.0560     0.0       7.0560      0.0000       0.0000 UnifiedCom_555
system/tile_prci_domain/tile_reset_domain_tile/fusion/fgra/fgra/pes_18/alu/logic_0/logicUnit_21       7.0560     0.0       7.0560      0.0000       0.0000 UnifiedCom_554
system/tile_prci_domain/tile_reset_domain_tile/fusion/fgra/fgra/pes_18/alu/logic_0/logicUnit_22       7.0560     0.0       7.0560      0.0000       0.0000 UnifiedCom_553
system/tile_prci_domain/tile_reset_domain_tile/fusion/fgra/fgra/pes_18/alu/logic_0/logicUnit_23       6.3504     0.0       6.3504      0.0000       0.0000 UnifiedCom_552
system/tile_prci_domain/tile_reset_domain_tile/fusion/fgra/fgra/pes_18/alu/logic_0/logicUnit_24       6.3504     0.0       6.3504      0.0000       0.0000 UnifiedCom_551
system/tile_prci_domain/tile_reset_domain_tile/fusion/fgra/fgra/pes_18/alu/logic_0/logicUnit_25       7.0560     0.0       7.0560      0.0000       0.0000 UnifiedCom_550
system/tile_prci_domain/tile_reset_domain_tile/fusion/fgra/fgra/pes_18/alu/logic_0/logicUnit_26       7.0560     0.0       7.0560      0.0000       0.0000 UnifiedCom_549
system/tile_prci_domain/tile_reset_domain_tile/fusion/fgra/fgra/pes_18/alu/logic_0/logicUnit_27       6.3504     0.0       6.3504      0.0000       0.0000 UnifiedCom_548
system/tile_prci_domain/tile_reset_domain_tile/fusion/fgra/fgra/pes_18/alu/logic_0/logicUnit_28       7.0560     0.0       7.0560      0.0000       0.0000 UnifiedCom_547
system/tile_prci_domain/tile_reset_domain_tile/fusion/fgra/fgra/pes_18/alu/logic_0/logicUnit_29       6.3504     0.0       6.3504      0.0000       0.0000 UnifiedCom_546
system/tile_prci_domain/tile_reset_domain_tile/fusion/fgra/fgra/pes_18/alu/logic_0/logicUnit_3       7.0560     0.0       7.0560      0.0000       0.0000 UnifiedCom_572
system/tile_prci_domain/tile_reset_domain_tile/fusion/fgra/fgra/pes_18/alu/logic_0/logicUnit_30       6.3504     0.0       6.3504      0.0000       0.0000 UnifiedCom_545
system/tile_prci_domain/tile_reset_domain_tile/fusion/fgra/fgra/pes_18/alu/logic_0/logicUnit_31       7.0560     0.0       7.0560      0.0000       0.0000 UnifiedCom_544
system/tile_prci_domain/tile_reset_domain_tile/fusion/fgra/fgra/pes_18/alu/logic_0/logicUnit_4       6.3504     0.0       6.3504      0.0000       0.0000 UnifiedCom_571
system/tile_prci_domain/tile_reset_domain_tile/fusion/fgra/fgra/pes_18/alu/logic_0/logicUnit_5       6.3504     0.0       6.3504      0.0000       0.0000 UnifiedCom_570
system/tile_prci_domain/tile_reset_domain_tile/fusion/fgra/fgra/pes_18/alu/logic_0/logicUnit_6       7.0560     0.0       7.0560      0.0000       0.0000 UnifiedCom_569
system/tile_prci_domain/tile_reset_domain_tile/fusion/fgra/fgra/pes_18/alu/logic_0/logicUnit_7       7.0560     0.0       7.0560      0.0000       0.0000 UnifiedCom_568
system/tile_prci_domain/tile_reset_domain_tile/fusion/fgra/fgra/pes_18/alu/logic_0/logicUnit_8       6.3504     0.0       6.3504      0.0000       0.0000 UnifiedCom_567
system/tile_prci_domain/tile_reset_domain_tile/fusion/fgra/fgra/pes_18/alu/logic_0/logicUnit_9       6.3504     0.0       6.3504      0.0000       0.0000 UnifiedCom_566
system/tile_prci_domain/tile_reset_domain_tile/fusion/fgra/fgra/pes_18/alu/multipler    5625.5137     0.2    5625.5137      0.0000       0.0000 Mul_17
system/tile_prci_domain/tile_reset_domain_tile/fusion/fgra/fgra/pes_18/alu/shift     689.3712     0.0     689.3712      0.0000       0.0000 SHIFT_17
system/tile_prci_domain/tile_reset_domain_tile/fusion/fgra/fgra/pes_18/cfg     546.6048     0.0     153.8208    392.7840       0.0000 ConfigMem_12_7
system/tile_prci_domain/tile_reset_domain_tile/fusion/fgra/fgra/pes_18/delayPipeCG    6924.2881     0.2    4038.1489   2886.1392       0.0000 SharedDelayPipe_24_17
system/tile_prci_domain/tile_reset_domain_tile/fusion/fgra/fgra/pes_18/delayPipeFG     205.8000     0.0     125.8320     79.9680       0.0000 SharedDelayPipe_25_7
system/tile_prci_domain/tile_reset_domain_tile/fusion/fgra/fgra/pes_18/dmr     150.9984     0.0       0.0000    150.9984       0.0000 DualModeReg_18
system/tile_prci_domain/tile_reset_domain_tile/fusion/fgra/fgra/pes_18/rf4alu       7.9968     0.0       3.2928      4.7040       0.0000 RF_19
system/tile_prci_domain/tile_reset_domain_tile/fusion/fgra/fgra/pes_19   21183.9938     0.7      19.9920      0.0000       0.0000 GPE_19
system/tile_prci_domain/tile_reset_domain_tile/fusion/fgra/fgra/pes_19/Muxn     267.8928     0.0     267.8928      0.0000       0.0000 Muxn_36_133
system/tile_prci_domain/tile_reset_domain_tile/fusion/fgra/fgra/pes_19/Muxn_1     267.6576     0.0     267.6576      0.0000       0.0000 Muxn_36_132
system/tile_prci_domain/tile_reset_domain_tile/fusion/fgra/fgra/pes_19/alu   13020.4370     0.4     196.8624      0.0000       0.0000 ALU_6_3
system/tile_prci_domain/tile_reset_domain_tile/fusion/fgra/fgra/pes_19/alu/fadd    5041.5121     0.2       0.0000      0.0000       0.0000 FADD_16
system/tile_prci_domain/tile_reset_domain_tile/fusion/fgra/fgra/pes_19/alu/fadd/fcmaadd    5041.5121     0.2       2.3520      0.0000       0.0000 FCMA_ADD_16
system/tile_prci_domain/tile_reset_domain_tile/fusion/fgra/fgra/pes_19/alu/fadd/fcmaadd/fadd_s1    3421.4544     0.1     636.4512      0.0000       0.0000 FCMA_ADD_s1_16
system/tile_prci_domain/tile_reset_domain_tile/fusion/fgra/fgra/pes_19/alu/fadd/fcmaadd/fadd_s1/far_path_mods_0     840.1344     0.0     389.4912      0.0000       0.0000 FarPath_16
system/tile_prci_domain/tile_reset_domain_tile/fusion/fgra/fgra/pes_19/alu/fadd/fcmaadd/fadd_s1/far_path_mods_0/shiftRightJam     450.6432     0.0     450.6432      0.0000       0.0000 ShiftRightJam_16
system/tile_prci_domain/tile_reset_domain_tile/fusion/fgra/fgra/pes_19/alu/fadd/fcmaadd/fadd_s1/near_path_mods_0     973.4928     0.0     740.6448      0.0000       0.0000 NearPath_33
system/tile_prci_domain/tile_reset_domain_tile/fusion/fgra/fgra/pes_19/alu/fadd/fcmaadd/fadd_s1/near_path_mods_0/lza_ab     142.0608     0.0     142.0608      0.0000       0.0000 LZA_34
system/tile_prci_domain/tile_reset_domain_tile/fusion/fgra/fgra/pes_19/alu/fadd/fcmaadd/fadd_s1/near_path_mods_0/lzc_clz      90.7872     0.0      90.7872      0.0000       0.0000 CLZ_35
system/tile_prci_domain/tile_reset_domain_tile/fusion/fgra/fgra/pes_19/alu/fadd/fcmaadd/fadd_s1/near_path_mods_1     971.3760     0.0     727.0032      0.0000       0.0000 NearPath_32
system/tile_prci_domain/tile_reset_domain_tile/fusion/fgra/fgra/pes_19/alu/fadd/fcmaadd/fadd_s1/near_path_mods_1/lza_ab     150.0576     0.0     150.0576      0.0000       0.0000 LZA_33
system/tile_prci_domain/tile_reset_domain_tile/fusion/fgra/fgra/pes_19/alu/fadd/fcmaadd/fadd_s1/near_path_mods_1/lzc_clz      94.3152     0.0      94.3152      0.0000       0.0000 CLZ_34
system/tile_prci_domain/tile_reset_domain_tile/fusion/fgra/fgra/pes_19/alu/fadd/fcmaadd/fadd_s2    1617.7056     0.0    1186.5840      0.0000       0.0000 FCMA_ADD_s2_16
system/tile_prci_domain/tile_reset_domain_tile/fusion/fgra/fgra/pes_19/alu/fadd/fcmaadd/fadd_s2/far_path_rounder     232.8480     0.0     232.8480      0.0000       0.0000 RoundingUnit_122
system/tile_prci_domain/tile_reset_domain_tile/fusion/fgra/fgra/pes_19/alu/fadd/fcmaadd/fadd_s2/near_path_rounder     198.2736     0.0     198.2736      0.0000       0.0000 RoundingUnit_121
system/tile_prci_domain/tile_reset_domain_tile/fusion/fgra/fgra/pes_19/alu/fmul    2203.8240     0.1       9.4080    555.7776       0.0000 FMUL_share_16
system/tile_prci_domain/tile_reset_domain_tile/fusion/fgra/fgra/pes_19/alu/fmul/fmul_s1     381.2592     0.0     301.0560      0.0000       0.0000 FMUL_s1_16
system/tile_prci_domain/tile_reset_domain_tile/fusion/fgra/fgra/pes_19/alu/fmul/fmul_s1/lzc_clz      80.2032     0.0      80.2032      0.0000       0.0000 CLZ_2_16
system/tile_prci_domain/tile_reset_domain_tile/fusion/fgra/fgra/pes_19/alu/fmul/fmul_s2    1052.5200     0.0    1052.5200      0.0000       0.0000 FMUL_s2_16
system/tile_prci_domain/tile_reset_domain_tile/fusion/fgra/fgra/pes_19/alu/fmul/fmul_s3     204.8592     0.0     104.1936      0.0000       0.0000 FMUL_s3_16
system/tile_prci_domain/tile_reset_domain_tile/fusion/fgra/fgra/pes_19/alu/fmul/fmul_s3/rounder     100.6656     0.0     100.6656      0.0000       0.0000 RoundingUnit_213
system/tile_prci_domain/tile_reset_domain_tile/fusion/fgra/fgra/pes_19/alu/multipler    5578.2385     0.2    5578.2385      0.0000       0.0000 Mul_16
system/tile_prci_domain/tile_reset_domain_tile/fusion/fgra/fgra/pes_19/cfg     494.1552     0.0     128.4192    365.7360       0.0000 ConfigMem_18_3
system/tile_prci_domain/tile_reset_domain_tile/fusion/fgra/fgra/pes_19/delayPipeCG    6953.4529     0.2    4067.3137   2886.1392       0.0000 SharedDelayPipe_24_16
system/tile_prci_domain/tile_reset_domain_tile/fusion/fgra/fgra/pes_19/dmr     160.4064     0.0       0.0000    160.4064       0.0000 DualModeReg_17
system/tile_prci_domain/tile_reset_domain_tile/fusion/fgra/fgra/pes_2   24103.0611     0.7       5.1744      0.0000       0.0000 GPE_2
system/tile_prci_domain/tile_reset_domain_tile/fusion/fgra/fgra/pes_2/Muxn     261.7776     0.0     261.7776      0.0000       0.0000 Muxn_36_167
system/tile_prci_domain/tile_reset_domain_tile/fusion/fgra/fgra/pes_2/Muxn_1     272.3616     0.0     272.3616      0.0000       0.0000 Muxn_36_166
system/tile_prci_domain/tile_reset_domain_tile/fusion/fgra/fgra/pes_2/Muxn_2       7.5264     0.0       7.5264      0.0000       0.0000 Muxn_38_32
system/tile_prci_domain/tile_reset_domain_tile/fusion/fgra/fgra/pes_2/alu   15718.1810     0.5     616.2240      0.0000       0.0000 ALU_13
system/tile_prci_domain/tile_reset_domain_tile/fusion/fgra/fgra/pes_2/alu/arith     424.3008     0.0     424.3008      0.0000       0.0000 ARITH_33
system/tile_prci_domain/tile_reset_domain_tile/fusion/fgra/fgra/pes_2/alu/fadd    5036.3377     0.2       0.0000      0.0000       0.0000 FADD_33
system/tile_prci_domain/tile_reset_domain_tile/fusion/fgra/fgra/pes_2/alu/fadd/fcmaadd    5036.3377     0.2       2.3520      0.0000       0.0000 FCMA_ADD_33
system/tile_prci_domain/tile_reset_domain_tile/fusion/fgra/fgra/pes_2/alu/fadd/fcmaadd/fadd_s1    3464.2608     0.1     663.0288      0.0000       0.0000 FCMA_ADD_s1_33
system/tile_prci_domain/tile_reset_domain_tile/fusion/fgra/fgra/pes_2/alu/fadd/fcmaadd/fadd_s1/far_path_mods_0     842.7216     0.0     386.6688      0.0000       0.0000 FarPath_33
system/tile_prci_domain/tile_reset_domain_tile/fusion/fgra/fgra/pes_2/alu/fadd/fcmaadd/fadd_s1/far_path_mods_0/shiftRightJam     456.0528     0.0     456.0528      0.0000       0.0000 ShiftRightJam_33
system/tile_prci_domain/tile_reset_domain_tile/fusion/fgra/fgra/pes_2/alu/fadd/fcmaadd/fadd_s1/near_path_mods_0     987.6048     0.0     742.0560      0.0000       0.0000 NearPath_67
system/tile_prci_domain/tile_reset_domain_tile/fusion/fgra/fgra/pes_2/alu/fadd/fcmaadd/fadd_s1/near_path_mods_0/lza_ab     144.1776     0.0     144.1776      0.0000       0.0000 LZA_68
system/tile_prci_domain/tile_reset_domain_tile/fusion/fgra/fgra/pes_2/alu/fadd/fcmaadd/fadd_s1/near_path_mods_0/lzc_clz     101.3712     0.0     101.3712      0.0000       0.0000 CLZ_69
system/tile_prci_domain/tile_reset_domain_tile/fusion/fgra/fgra/pes_2/alu/fadd/fcmaadd/fadd_s1/near_path_mods_1     970.9056     0.0     729.3552      0.0000       0.0000 NearPath_66
system/tile_prci_domain/tile_reset_domain_tile/fusion/fgra/fgra/pes_2/alu/fadd/fcmaadd/fadd_s1/near_path_mods_1/lza_ab     147.9408     0.0     147.9408      0.0000       0.0000 LZA_67
system/tile_prci_domain/tile_reset_domain_tile/fusion/fgra/fgra/pes_2/alu/fadd/fcmaadd/fadd_s1/near_path_mods_1/lzc_clz      93.6096     0.0      93.6096      0.0000       0.0000 CLZ_68
system/tile_prci_domain/tile_reset_domain_tile/fusion/fgra/fgra/pes_2/alu/fadd/fcmaadd/fadd_s2    1569.7248     0.0    1145.4240      0.0000       0.0000 FCMA_ADD_s2_33
system/tile_prci_domain/tile_reset_domain_tile/fusion/fgra/fgra/pes_2/alu/fadd/fcmaadd/fadd_s2/far_path_rounder     230.7312     0.0     230.7312      0.0000       0.0000 RoundingUnit_173
system/tile_prci_domain/tile_reset_domain_tile/fusion/fgra/fgra/pes_2/alu/fadd/fcmaadd/fadd_s2/near_path_rounder     193.5696     0.0     193.5696      0.0000       0.0000 RoundingUnit_172
system/tile_prci_domain/tile_reset_domain_tile/fusion/fgra/fgra/pes_2/alu/fcmp     290.9424     0.0     290.9424      0.0000       0.0000 FCMP_101
system/tile_prci_domain/tile_reset_domain_tile/fusion/fgra/fgra/pes_2/alu/fmax     273.3024     0.0     273.3024      0.0000       0.0000 FCMP_99
system/tile_prci_domain/tile_reset_domain_tile/fusion/fgra/fgra/pes_2/alu/fmin     273.0672     0.0     273.0672      0.0000       0.0000 FCMP_100
system/tile_prci_domain/tile_reset_domain_tile/fusion/fgra/fgra/pes_2/alu/fmul    2302.6080     0.1      15.9936    556.0128       0.0000 FMUL_share_33
system/tile_prci_domain/tile_reset_domain_tile/fusion/fgra/fgra/pes_2/alu/fmul/fmul_s1     466.8720     0.0     387.8448      0.0000       0.0000 FMUL_s1_33
system/tile_prci_domain/tile_reset_domain_tile/fusion/fgra/fgra/pes_2/alu/fmul/fmul_s1/lzc_clz      79.0272     0.0      79.0272      0.0000       0.0000 CLZ_2_33
system/tile_prci_domain/tile_reset_domain_tile/fusion/fgra/fgra/pes_2/alu/fmul/fmul_s2    1058.8704     0.0    1058.8704      0.0000       0.0000 FMUL_s2_33
system/tile_prci_domain/tile_reset_domain_tile/fusion/fgra/fgra/pes_2/alu/fmul/fmul_s3     204.8592     0.0     104.1936      0.0000       0.0000 FMUL_s3_33
system/tile_prci_domain/tile_reset_domain_tile/fusion/fgra/fgra/pes_2/alu/fmul/fmul_s3/rounder     100.6656     0.0     100.6656      0.0000       0.0000 RoundingUnit_247
system/tile_prci_domain/tile_reset_domain_tile/fusion/fgra/fgra/pes_2/alu/logic_0     229.0848     0.0      10.3488      0.0000       0.0000 LOGIC_33
system/tile_prci_domain/tile_reset_domain_tile/fusion/fgra/fgra/pes_2/alu/logic_0/logicUnit       6.3504     0.0       6.3504      0.0000       0.0000 UnifiedCom_1087
system/tile_prci_domain/tile_reset_domain_tile/fusion/fgra/fgra/pes_2/alu/logic_0/logicUnit_1       7.0560     0.0       7.0560      0.0000       0.0000 UnifiedCom_1086
system/tile_prci_domain/tile_reset_domain_tile/fusion/fgra/fgra/pes_2/alu/logic_0/logicUnit_10       7.0560     0.0       7.0560      0.0000       0.0000 UnifiedCom_1077
system/tile_prci_domain/tile_reset_domain_tile/fusion/fgra/fgra/pes_2/alu/logic_0/logicUnit_11       6.3504     0.0       6.3504      0.0000       0.0000 UnifiedCom_1076
system/tile_prci_domain/tile_reset_domain_tile/fusion/fgra/fgra/pes_2/alu/logic_0/logicUnit_12       7.0560     0.0       7.0560      0.0000       0.0000 UnifiedCom_1075
system/tile_prci_domain/tile_reset_domain_tile/fusion/fgra/fgra/pes_2/alu/logic_0/logicUnit_13       7.0560     0.0       7.0560      0.0000       0.0000 UnifiedCom_1074
system/tile_prci_domain/tile_reset_domain_tile/fusion/fgra/fgra/pes_2/alu/logic_0/logicUnit_14       7.0560     0.0       7.0560      0.0000       0.0000 UnifiedCom_1073
system/tile_prci_domain/tile_reset_domain_tile/fusion/fgra/fgra/pes_2/alu/logic_0/logicUnit_15       7.0560     0.0       7.0560      0.0000       0.0000 UnifiedCom_1072
system/tile_prci_domain/tile_reset_domain_tile/fusion/fgra/fgra/pes_2/alu/logic_0/logicUnit_16       7.0560     0.0       7.0560      0.0000       0.0000 UnifiedCom_1071
system/tile_prci_domain/tile_reset_domain_tile/fusion/fgra/fgra/pes_2/alu/logic_0/logicUnit_17       7.0560     0.0       7.0560      0.0000       0.0000 UnifiedCom_1070
system/tile_prci_domain/tile_reset_domain_tile/fusion/fgra/fgra/pes_2/alu/logic_0/logicUnit_18       7.0560     0.0       7.0560      0.0000       0.0000 UnifiedCom_1069
system/tile_prci_domain/tile_reset_domain_tile/fusion/fgra/fgra/pes_2/alu/logic_0/logicUnit_19       7.0560     0.0       7.0560      0.0000       0.0000 UnifiedCom_1068
system/tile_prci_domain/tile_reset_domain_tile/fusion/fgra/fgra/pes_2/alu/logic_0/logicUnit_2       7.0560     0.0       7.0560      0.0000       0.0000 UnifiedCom_1085
system/tile_prci_domain/tile_reset_domain_tile/fusion/fgra/fgra/pes_2/alu/logic_0/logicUnit_20       7.0560     0.0       7.0560      0.0000       0.0000 UnifiedCom_1067
system/tile_prci_domain/tile_reset_domain_tile/fusion/fgra/fgra/pes_2/alu/logic_0/logicUnit_21       7.0560     0.0       7.0560      0.0000       0.0000 UnifiedCom_1066
system/tile_prci_domain/tile_reset_domain_tile/fusion/fgra/fgra/pes_2/alu/logic_0/logicUnit_22       7.0560     0.0       7.0560      0.0000       0.0000 UnifiedCom_1065
system/tile_prci_domain/tile_reset_domain_tile/fusion/fgra/fgra/pes_2/alu/logic_0/logicUnit_23       6.3504     0.0       6.3504      0.0000       0.0000 UnifiedCom_1064
system/tile_prci_domain/tile_reset_domain_tile/fusion/fgra/fgra/pes_2/alu/logic_0/logicUnit_24       6.3504     0.0       6.3504      0.0000       0.0000 UnifiedCom_1063
system/tile_prci_domain/tile_reset_domain_tile/fusion/fgra/fgra/pes_2/alu/logic_0/logicUnit_25       7.0560     0.0       7.0560      0.0000       0.0000 UnifiedCom_1062
system/tile_prci_domain/tile_reset_domain_tile/fusion/fgra/fgra/pes_2/alu/logic_0/logicUnit_26       7.0560     0.0       7.0560      0.0000       0.0000 UnifiedCom_1061
system/tile_prci_domain/tile_reset_domain_tile/fusion/fgra/fgra/pes_2/alu/logic_0/logicUnit_27       6.3504     0.0       6.3504      0.0000       0.0000 UnifiedCom_1060
system/tile_prci_domain/tile_reset_domain_tile/fusion/fgra/fgra/pes_2/alu/logic_0/logicUnit_28       7.0560     0.0       7.0560      0.0000       0.0000 UnifiedCom_1059
system/tile_prci_domain/tile_reset_domain_tile/fusion/fgra/fgra/pes_2/alu/logic_0/logicUnit_29       6.3504     0.0       6.3504      0.0000       0.0000 UnifiedCom_1058
system/tile_prci_domain/tile_reset_domain_tile/fusion/fgra/fgra/pes_2/alu/logic_0/logicUnit_3       7.0560     0.0       7.0560      0.0000       0.0000 UnifiedCom_1084
system/tile_prci_domain/tile_reset_domain_tile/fusion/fgra/fgra/pes_2/alu/logic_0/logicUnit_30       6.3504     0.0       6.3504      0.0000       0.0000 UnifiedCom_1057
system/tile_prci_domain/tile_reset_domain_tile/fusion/fgra/fgra/pes_2/alu/logic_0/logicUnit_31       7.0560     0.0       7.0560      0.0000       0.0000 UnifiedCom_1056
system/tile_prci_domain/tile_reset_domain_tile/fusion/fgra/fgra/pes_2/alu/logic_0/logicUnit_4       7.0560     0.0       7.0560      0.0000       0.0000 UnifiedCom_1083
system/tile_prci_domain/tile_reset_domain_tile/fusion/fgra/fgra/pes_2/alu/logic_0/logicUnit_5       7.0560     0.0       7.0560      0.0000       0.0000 UnifiedCom_1082
system/tile_prci_domain/tile_reset_domain_tile/fusion/fgra/fgra/pes_2/alu/logic_0/logicUnit_6       6.3504     0.0       6.3504      0.0000       0.0000 UnifiedCom_1081
system/tile_prci_domain/tile_reset_domain_tile/fusion/fgra/fgra/pes_2/alu/logic_0/logicUnit_7       7.0560     0.0       7.0560      0.0000       0.0000 UnifiedCom_1080
system/tile_prci_domain/tile_reset_domain_tile/fusion/fgra/fgra/pes_2/alu/logic_0/logicUnit_8       6.3504     0.0       6.3504      0.0000       0.0000 UnifiedCom_1079
system/tile_prci_domain/tile_reset_domain_tile/fusion/fgra/fgra/pes_2/alu/logic_0/logicUnit_9       6.3504     0.0       6.3504      0.0000       0.0000 UnifiedCom_1078
system/tile_prci_domain/tile_reset_domain_tile/fusion/fgra/fgra/pes_2/alu/multipler    5582.0017     0.2    5582.0017      0.0000       0.0000 Mul_33
system/tile_prci_domain/tile_reset_domain_tile/fusion/fgra/fgra/pes_2/alu/shift     690.3120     0.0     690.3120      0.0000       0.0000 SHIFT_33
system/tile_prci_domain/tile_reset_domain_tile/fusion/fgra/fgra/pes_2/cfg     569.6544     0.0     153.8208    415.8336       0.0000 ConfigMem_12_11
system/tile_prci_domain/tile_reset_domain_tile/fusion/fgra/fgra/pes_2/delayPipeCG    6902.1793     0.2    4011.1009   2891.0784       0.0000 SharedDelayPipe_24_33
system/tile_prci_domain/tile_reset_domain_tile/fusion/fgra/fgra/pes_2/delayPipeFG     205.8000     0.0     125.8320     79.9680       0.0000 SharedDelayPipe_25_11
system/tile_prci_domain/tile_reset_domain_tile/fusion/fgra/fgra/pes_2/dmr     151.4688     0.0       0.0000    151.4688       0.0000 DualModeReg_28
system/tile_prci_domain/tile_reset_domain_tile/fusion/fgra/fgra/pes_2/rf4alu       8.9376     0.0       4.2336      4.7040       0.0000 RF_35
system/tile_prci_domain/tile_reset_domain_tile/fusion/fgra/fgra/pes_20   21165.1778     0.7       5.4096      0.0000       0.0000 GPE_20
system/tile_prci_domain/tile_reset_domain_tile/fusion/fgra/fgra/pes_20/Muxn     251.6640     0.0     251.6640      0.0000       0.0000 Muxn_36_131
system/tile_prci_domain/tile_reset_domain_tile/fusion/fgra/fgra/pes_20/Muxn_1     274.9488     0.0     274.9488      0.0000       0.0000 Muxn_36_130
system/tile_prci_domain/tile_reset_domain_tile/fusion/fgra/fgra/pes_20/alu   13024.2002     0.4     171.6960      0.0000       0.0000 ALU_6_2
system/tile_prci_domain/tile_reset_domain_tile/fusion/fgra/fgra/pes_20/alu/fadd    4956.1345     0.2       0.0000      0.0000       0.0000 FADD_15
system/tile_prci_domain/tile_reset_domain_tile/fusion/fgra/fgra/pes_20/alu/fadd/fcmaadd    4956.1345     0.2       2.3520      0.0000       0.0000 FCMA_ADD_15
system/tile_prci_domain/tile_reset_domain_tile/fusion/fgra/fgra/pes_20/alu/fadd/fcmaadd/fadd_s1    3387.1152     0.1     613.4016      0.0000       0.0000 FCMA_ADD_s1_15
system/tile_prci_domain/tile_reset_domain_tile/fusion/fgra/fgra/pes_20/alu/fadd/fcmaadd/fadd_s1/far_path_mods_0     804.1488     0.0     337.5120      0.0000       0.0000 FarPath_15
system/tile_prci_domain/tile_reset_domain_tile/fusion/fgra/fgra/pes_20/alu/fadd/fcmaadd/fadd_s1/far_path_mods_0/shiftRightJam     466.6368     0.0     466.6368      0.0000       0.0000 ShiftRightJam_15
system/tile_prci_domain/tile_reset_domain_tile/fusion/fgra/fgra/pes_20/alu/fadd/fcmaadd/fadd_s1/near_path_mods_0     964.3200     0.0     732.4128      0.0000       0.0000 NearPath_31
system/tile_prci_domain/tile_reset_domain_tile/fusion/fgra/fgra/pes_20/alu/fadd/fcmaadd/fadd_s1/near_path_mods_0/lza_ab     142.2960     0.0     142.2960      0.0000       0.0000 LZA_32
system/tile_prci_domain/tile_reset_domain_tile/fusion/fgra/fgra/pes_20/alu/fadd/fcmaadd/fadd_s1/near_path_mods_0/lzc_clz      89.6112     0.0      89.6112      0.0000       0.0000 CLZ_33
system/tile_prci_domain/tile_reset_domain_tile/fusion/fgra/fgra/pes_20/alu/fadd/fcmaadd/fadd_s1/near_path_mods_1    1005.2448     0.0     742.0560      0.0000       0.0000 NearPath_30
system/tile_prci_domain/tile_reset_domain_tile/fusion/fgra/fgra/pes_20/alu/fadd/fcmaadd/fadd_s1/near_path_mods_1/lza_ab     162.5232     0.0     162.5232      0.0000       0.0000 LZA_31
system/tile_prci_domain/tile_reset_domain_tile/fusion/fgra/fgra/pes_20/alu/fadd/fcmaadd/fadd_s1/near_path_mods_1/lzc_clz     100.6656     0.0     100.6656      0.0000       0.0000 CLZ_32
system/tile_prci_domain/tile_reset_domain_tile/fusion/fgra/fgra/pes_20/alu/fadd/fcmaadd/fadd_s2    1566.6672     0.0    1160.9472      0.0000       0.0000 FCMA_ADD_s2_15
system/tile_prci_domain/tile_reset_domain_tile/fusion/fgra/fgra/pes_20/alu/fadd/fcmaadd/fadd_s2/far_path_rounder     200.8608     0.0     200.8608      0.0000       0.0000 RoundingUnit_119
system/tile_prci_domain/tile_reset_domain_tile/fusion/fgra/fgra/pes_20/alu/fadd/fcmaadd/fadd_s2/near_path_rounder     204.8592     0.0     204.8592      0.0000       0.0000 RoundingUnit_118
system/tile_prci_domain/tile_reset_domain_tile/fusion/fgra/fgra/pes_20/alu/fmul    2224.7568     0.1      10.3488    555.5424       0.0000 FMUL_share_15
system/tile_prci_domain/tile_reset_domain_tile/fusion/fgra/fgra/pes_20/alu/fmul/fmul_s1     405.7200     0.0     325.9872      0.0000       0.0000 FMUL_s1_15
system/tile_prci_domain/tile_reset_domain_tile/fusion/fgra/fgra/pes_20/alu/fmul/fmul_s1/lzc_clz      79.7328     0.0      79.7328      0.0000       0.0000 CLZ_2_15
system/tile_prci_domain/tile_reset_domain_tile/fusion/fgra/fgra/pes_20/alu/fmul/fmul_s2    1048.2864     0.0    1048.2864      0.0000       0.0000 FMUL_s2_15
system/tile_prci_domain/tile_reset_domain_tile/fusion/fgra/fgra/pes_20/alu/fmul/fmul_s3     204.8592     0.0     104.1936      0.0000       0.0000 FMUL_s3_15
system/tile_prci_domain/tile_reset_domain_tile/fusion/fgra/fgra/pes_20/alu/fmul/fmul_s3/rounder     100.6656     0.0     100.6656      0.0000       0.0000 RoundingUnit_211
system/tile_prci_domain/tile_reset_domain_tile/fusion/fgra/fgra/pes_20/alu/multipler    5671.6129     0.2    5671.6129      0.0000       0.0000 Mul_15
system/tile_prci_domain/tile_reset_domain_tile/fusion/fgra/fgra/pes_20/cfg     502.6224     0.0     129.1248    373.4976       0.0000 ConfigMem_18_2
system/tile_prci_domain/tile_reset_domain_tile/fusion/fgra/fgra/pes_20/delayPipeCG    6955.0993     0.2    4054.1425   2900.9568       0.0000 SharedDelayPipe_24_15
system/tile_prci_domain/tile_reset_domain_tile/fusion/fgra/fgra/pes_20/dmr     151.2336     0.0       0.0000    151.2336       0.0000 DualModeReg_16
system/tile_prci_domain/tile_reset_domain_tile/fusion/fgra/fgra/pes_21   21134.3666     0.7       5.4096      0.0000       0.0000 GPE_21
system/tile_prci_domain/tile_reset_domain_tile/fusion/fgra/fgra/pes_21/Muxn     278.2416     0.0     278.2416      0.0000       0.0000 Muxn_36_129
system/tile_prci_domain/tile_reset_domain_tile/fusion/fgra/fgra/pes_21/Muxn_1     274.7136     0.0     274.7136      0.0000       0.0000 Muxn_36_128
system/tile_prci_domain/tile_reset_domain_tile/fusion/fgra/fgra/pes_21/alu   12957.6386     0.4     179.4576      0.0000       0.0000 ALU_6_1
system/tile_prci_domain/tile_reset_domain_tile/fusion/fgra/fgra/pes_21/alu/fadd    4939.4353     0.2       0.0000      0.0000       0.0000 FADD_14
system/tile_prci_domain/tile_reset_domain_tile/fusion/fgra/fgra/pes_21/alu/fadd/fcmaadd    4939.4353     0.2       2.3520      0.0000       0.0000 FCMA_ADD_14
system/tile_prci_domain/tile_reset_domain_tile/fusion/fgra/fgra/pes_21/alu/fadd/fcmaadd/fadd_s1    3375.5904     0.1     608.6976      0.0000       0.0000 FCMA_ADD_s1_14
system/tile_prci_domain/tile_reset_domain_tile/fusion/fgra/fgra/pes_21/alu/fadd/fcmaadd/fadd_s1/far_path_mods_0     849.5424     0.0     379.1424      0.0000       0.0000 FarPath_14
system/tile_prci_domain/tile_reset_domain_tile/fusion/fgra/fgra/pes_21/alu/fadd/fcmaadd/fadd_s1/far_path_mods_0/shiftRightJam     470.4000     0.0     470.4000      0.0000       0.0000 ShiftRightJam_14
system/tile_prci_domain/tile_reset_domain_tile/fusion/fgra/fgra/pes_21/alu/fadd/fcmaadd/fadd_s1/near_path_mods_0     942.4464     0.0     717.1248      0.0000       0.0000 NearPath_29
system/tile_prci_domain/tile_reset_domain_tile/fusion/fgra/fgra/pes_21/alu/fadd/fcmaadd/fadd_s1/near_path_mods_0/lza_ab     127.7136     0.0     127.7136      0.0000       0.0000 LZA_30
system/tile_prci_domain/tile_reset_domain_tile/fusion/fgra/fgra/pes_21/alu/fadd/fcmaadd/fadd_s1/near_path_mods_0/lzc_clz      97.6080     0.0      97.6080      0.0000       0.0000 CLZ_31
system/tile_prci_domain/tile_reset_domain_tile/fusion/fgra/fgra/pes_21/alu/fadd/fcmaadd/fadd_s1/near_path_mods_1     974.9040     0.0     724.1808      0.0000       0.0000 NearPath_28
system/tile_prci_domain/tile_reset_domain_tile/fusion/fgra/fgra/pes_21/alu/fadd/fcmaadd/fadd_s1/near_path_mods_1/lza_ab     151.9392     0.0     151.9392      0.0000       0.0000 LZA_29
system/tile_prci_domain/tile_reset_domain_tile/fusion/fgra/fgra/pes_21/alu/fadd/fcmaadd/fadd_s1/near_path_mods_1/lzc_clz      98.7840     0.0      98.7840      0.0000       0.0000 CLZ_30
system/tile_prci_domain/tile_reset_domain_tile/fusion/fgra/fgra/pes_21/alu/fadd/fcmaadd/fadd_s2    1561.4928     0.0    1149.6576      0.0000       0.0000 FCMA_ADD_s2_14
system/tile_prci_domain/tile_reset_domain_tile/fusion/fgra/fgra/pes_21/alu/fadd/fcmaadd/fadd_s2/far_path_rounder     205.8000     0.0     205.8000      0.0000       0.0000 RoundingUnit_116
system/tile_prci_domain/tile_reset_domain_tile/fusion/fgra/fgra/pes_21/alu/fadd/fcmaadd/fadd_s2/near_path_rounder     206.0352     0.0     206.0352      0.0000       0.0000 RoundingUnit_115
system/tile_prci_domain/tile_reset_domain_tile/fusion/fgra/fgra/pes_21/alu/fmul    2268.2688     0.1      12.4656    555.7776       0.0000 FMUL_share_14
system/tile_prci_domain/tile_reset_domain_tile/fusion/fgra/fgra/pes_21/alu/fmul/fmul_s1     462.6384     0.0     385.9632      0.0000       0.0000 FMUL_s1_14
system/tile_prci_domain/tile_reset_domain_tile/fusion/fgra/fgra/pes_21/alu/fmul/fmul_s1/lzc_clz      76.6752     0.0      76.6752      0.0000       0.0000 CLZ_2_14
system/tile_prci_domain/tile_reset_domain_tile/fusion/fgra/fgra/pes_21/alu/fmul/fmul_s2    1032.5280     0.0    1032.5280      0.0000       0.0000 FMUL_s2_14
system/tile_prci_domain/tile_reset_domain_tile/fusion/fgra/fgra/pes_21/alu/fmul/fmul_s3     204.8592     0.0     104.1936      0.0000       0.0000 FMUL_s3_14
system/tile_prci_domain/tile_reset_domain_tile/fusion/fgra/fgra/pes_21/alu/fmul/fmul_s3/rounder     100.6656     0.0     100.6656      0.0000       0.0000 RoundingUnit_209
system/tile_prci_domain/tile_reset_domain_tile/fusion/fgra/fgra/pes_21/alu/multipler    5570.4769     0.2    5570.4769      0.0000       0.0000 Mul_14
system/tile_prci_domain/tile_reset_domain_tile/fusion/fgra/fgra/pes_21/cfg     494.8608     0.0     129.1248    365.7360       0.0000 ConfigMem_18_1
system/tile_prci_domain/tile_reset_domain_tile/fusion/fgra/fgra/pes_21/delayPipeCG    6972.5041     0.2    4081.4257   2891.0784       0.0000 SharedDelayPipe_24_14
system/tile_prci_domain/tile_reset_domain_tile/fusion/fgra/fgra/pes_21/dmr     150.9984     0.0       0.0000    150.9984       0.0000 DualModeReg_15
system/tile_prci_domain/tile_reset_domain_tile/fusion/fgra/fgra/pes_22   21279.4850     0.7       5.1744      0.0000       0.0000 GPE_22
system/tile_prci_domain/tile_reset_domain_tile/fusion/fgra/fgra/pes_22/Muxn     267.1872     0.0     267.1872      0.0000       0.0000 Muxn_36_127
system/tile_prci_domain/tile_reset_domain_tile/fusion/fgra/fgra/pes_22/Muxn_1     266.2464     0.0     266.2464      0.0000       0.0000 Muxn_36_126
system/tile_prci_domain/tile_reset_domain_tile/fusion/fgra/fgra/pes_22/alu   13128.3938     0.4     173.1072      0.0000       0.0000 ALU_6_0
system/tile_prci_domain/tile_reset_domain_tile/fusion/fgra/fgra/pes_22/alu/fadd    5016.5809     0.2       0.0000      0.0000       0.0000 FADD_13
system/tile_prci_domain/tile_reset_domain_tile/fusion/fgra/fgra/pes_22/alu/fadd/fcmaadd    5016.5809     0.2       2.3520      0.0000       0.0000 FCMA_ADD_13
system/tile_prci_domain/tile_reset_domain_tile/fusion/fgra/fgra/pes_22/alu/fadd/fcmaadd/fadd_s1    3444.7393     0.1     639.9792      0.0000       0.0000 FCMA_ADD_s1_13
system/tile_prci_domain/tile_reset_domain_tile/fusion/fgra/fgra/pes_22/alu/fadd/fcmaadd/fadd_s1/far_path_mods_0     850.2480     0.0     373.4976      0.0000       0.0000 FarPath_13
system/tile_prci_domain/tile_reset_domain_tile/fusion/fgra/fgra/pes_22/alu/fadd/fcmaadd/fadd_s1/far_path_mods_0/shiftRightJam     476.7504     0.0     476.7504      0.0000       0.0000 ShiftRightJam_13
system/tile_prci_domain/tile_reset_domain_tile/fusion/fgra/fgra/pes_22/alu/fadd/fcmaadd/fadd_s1/near_path_mods_0     975.6096     0.0     722.0640      0.0000       0.0000 NearPath_27
system/tile_prci_domain/tile_reset_domain_tile/fusion/fgra/fgra/pes_22/alu/fadd/fcmaadd/fadd_s1/near_path_mods_0/lza_ab     149.5872     0.0     149.5872      0.0000       0.0000 LZA_28
system/tile_prci_domain/tile_reset_domain_tile/fusion/fgra/fgra/pes_22/alu/fadd/fcmaadd/fadd_s1/near_path_mods_0/lzc_clz     103.9584     0.0     103.9584      0.0000       0.0000 CLZ_29
system/tile_prci_domain/tile_reset_domain_tile/fusion/fgra/fgra/pes_22/alu/fadd/fcmaadd/fadd_s1/near_path_mods_1     978.9024     0.0     737.8224      0.0000       0.0000 NearPath_26
system/tile_prci_domain/tile_reset_domain_tile/fusion/fgra/fgra/pes_22/alu/fadd/fcmaadd/fadd_s1/near_path_mods_1/lza_ab     140.4144     0.0     140.4144      0.0000       0.0000 LZA_27
system/tile_prci_domain/tile_reset_domain_tile/fusion/fgra/fgra/pes_22/alu/fadd/fcmaadd/fadd_s1/near_path_mods_1/lzc_clz     100.6656     0.0     100.6656      0.0000       0.0000 CLZ_28
system/tile_prci_domain/tile_reset_domain_tile/fusion/fgra/fgra/pes_22/alu/fadd/fcmaadd/fadd_s2    1569.4896     0.0    1142.1312      0.0000       0.0000 FCMA_ADD_s2_13
system/tile_prci_domain/tile_reset_domain_tile/fusion/fgra/fgra/pes_22/alu/fadd/fcmaadd/fadd_s2/far_path_rounder     228.1440     0.0     228.1440      0.0000       0.0000 RoundingUnit_113
system/tile_prci_domain/tile_reset_domain_tile/fusion/fgra/fgra/pes_22/alu/fadd/fcmaadd/fadd_s2/near_path_rounder     199.2144     0.0     199.2144      0.0000       0.0000 RoundingUnit_112
system/tile_prci_domain/tile_reset_domain_tile/fusion/fgra/fgra/pes_22/alu/fmul    2316.9552     0.1      16.2288    555.7776       0.0000 FMUL_share_13
system/tile_prci_domain/tile_reset_domain_tile/fusion/fgra/fgra/pes_22/alu/fmul/fmul_s1     471.3408     0.0     389.2560      0.0000       0.0000 FMUL_s1_13
system/tile_prci_domain/tile_reset_domain_tile/fusion/fgra/fgra/pes_22/alu/fmul/fmul_s1/lzc_clz      82.0848     0.0      82.0848      0.0000       0.0000 CLZ_2_13
system/tile_prci_domain/tile_reset_domain_tile/fusion/fgra/fgra/pes_22/alu/fmul/fmul_s2    1068.7488     0.0    1068.7488      0.0000       0.0000 FMUL_s2_13
system/tile_prci_domain/tile_reset_domain_tile/fusion/fgra/fgra/pes_22/alu/fmul/fmul_s3     204.8592     0.0     104.1936      0.0000       0.0000 FMUL_s3_13
system/tile_prci_domain/tile_reset_domain_tile/fusion/fgra/fgra/pes_22/alu/fmul/fmul_s3/rounder     100.6656     0.0     100.6656      0.0000       0.0000 RoundingUnit_207
system/tile_prci_domain/tile_reset_domain_tile/fusion/fgra/fgra/pes_22/alu/multipler    5621.7505     0.2    5621.7505      0.0000       0.0000 Mul_13
system/tile_prci_domain/tile_reset_domain_tile/fusion/fgra/fgra/pes_22/cfg     512.5008     0.0     129.1248    383.3760       0.0000 ConfigMem_18_0
system/tile_prci_domain/tile_reset_domain_tile/fusion/fgra/fgra/pes_22/delayPipeCG    6947.5729     0.2    4041.6769   2905.8960       0.0000 SharedDelayPipe_24_13
system/tile_prci_domain/tile_reset_domain_tile/fusion/fgra/fgra/pes_22/dmr     152.4096     0.0       0.0000    152.4096       0.0000 DualModeReg_14
system/tile_prci_domain/tile_reset_domain_tile/fusion/fgra/fgra/pes_23   24011.3331     0.7       5.1744      0.0000       0.0000 GPE_23
system/tile_prci_domain/tile_reset_domain_tile/fusion/fgra/fgra/pes_23/Muxn     256.3680     0.0     256.3680      0.0000       0.0000 Muxn_36_125
system/tile_prci_domain/tile_reset_domain_tile/fusion/fgra/fgra/pes_23/Muxn_1     238.7280     0.0     238.7280      0.0000       0.0000 Muxn_36_124
system/tile_prci_domain/tile_reset_domain_tile/fusion/fgra/fgra/pes_23/Muxn_2       7.5264     0.0       7.5264      0.0000       0.0000 Muxn_38_27
system/tile_prci_domain/tile_reset_domain_tile/fusion/fgra/fgra/pes_23/alu   15648.3266     0.5     597.1728      0.0000       0.0000 ALU_7
system/tile_prci_domain/tile_reset_domain_tile/fusion/fgra/fgra/pes_23/alu/arith     418.8912     0.0     418.8912      0.0000       0.0000 ARITH_12
system/tile_prci_domain/tile_reset_domain_tile/fusion/fgra/fgra/pes_23/alu/fadd    5053.9777     0.2       0.0000      0.0000       0.0000 FADD_12
system/tile_prci_domain/tile_reset_domain_tile/fusion/fgra/fgra/pes_23/alu/fadd/fcmaadd    5053.9777     0.2       2.3520      0.0000       0.0000 FCMA_ADD_12
system/tile_prci_domain/tile_reset_domain_tile/fusion/fgra/fgra/pes_23/alu/fadd/fcmaadd/fadd_s1    3468.7297     0.1     652.2096      0.0000       0.0000 FCMA_ADD_s1_12
system/tile_prci_domain/tile_reset_domain_tile/fusion/fgra/fgra/pes_23/alu/fadd/fcmaadd/fadd_s1/far_path_mods_0     870.2400     0.0     387.6096      0.0000       0.0000 FarPath_12
system/tile_prci_domain/tile_reset_domain_tile/fusion/fgra/fgra/pes_23/alu/fadd/fcmaadd/fadd_s1/far_path_mods_0/shiftRightJam     482.6304     0.0     482.6304      0.0000       0.0000 ShiftRightJam_12
system/tile_prci_domain/tile_reset_domain_tile/fusion/fgra/fgra/pes_23/alu/fadd/fcmaadd/fadd_s1/near_path_mods_0     961.9680     0.0     713.1264      0.0000       0.0000 NearPath_25
system/tile_prci_domain/tile_reset_domain_tile/fusion/fgra/fgra/pes_23/alu/fadd/fcmaadd/fadd_s1/near_path_mods_0/lza_ab     147.9408     0.0     147.9408      0.0000       0.0000 LZA_26
system/tile_prci_domain/tile_reset_domain_tile/fusion/fgra/fgra/pes_23/alu/fadd/fcmaadd/fadd_s1/near_path_mods_0/lzc_clz     100.9008     0.0     100.9008      0.0000       0.0000 CLZ_27
system/tile_prci_domain/tile_reset_domain_tile/fusion/fgra/fgra/pes_23/alu/fadd/fcmaadd/fadd_s1/near_path_mods_1     984.3120     0.0     730.7664      0.0000       0.0000 NearPath_24
system/tile_prci_domain/tile_reset_domain_tile/fusion/fgra/fgra/pes_23/alu/fadd/fcmaadd/fadd_s1/near_path_mods_1/lza_ab     151.4688     0.0     151.4688      0.0000       0.0000 LZA_25
system/tile_prci_domain/tile_reset_domain_tile/fusion/fgra/fgra/pes_23/alu/fadd/fcmaadd/fadd_s1/near_path_mods_1/lzc_clz     102.0768     0.0     102.0768      0.0000       0.0000 CLZ_26
system/tile_prci_domain/tile_reset_domain_tile/fusion/fgra/fgra/pes_23/alu/fadd/fcmaadd/fadd_s2    1582.8960     0.0    1155.5376      0.0000       0.0000 FCMA_ADD_s2_12
system/tile_prci_domain/tile_reset_domain_tile/fusion/fgra/fgra/pes_23/alu/fadd/fcmaadd/fadd_s2/far_path_rounder     224.1456     0.0     224.1456      0.0000       0.0000 RoundingUnit_110
system/tile_prci_domain/tile_reset_domain_tile/fusion/fgra/fgra/pes_23/alu/fadd/fcmaadd/fadd_s2/near_path_rounder     203.2128     0.0     203.2128      0.0000       0.0000 RoundingUnit_109
system/tile_prci_domain/tile_reset_domain_tile/fusion/fgra/fgra/pes_23/alu/fcmp     291.4128     0.0     291.4128      0.0000       0.0000 FCMP_38
system/tile_prci_domain/tile_reset_domain_tile/fusion/fgra/fgra/pes_23/alu/fmax     273.3024     0.0     273.3024      0.0000       0.0000 FCMP_36
system/tile_prci_domain/tile_reset_domain_tile/fusion/fgra/fgra/pes_23/alu/fmin     273.3024     0.0     273.3024      0.0000       0.0000 FCMP_37
system/tile_prci_domain/tile_reset_domain_tile/fusion/fgra/fgra/pes_23/alu/fmul    2251.5696     0.1      15.9936    555.5424       0.0000 FMUL_share_12
system/tile_prci_domain/tile_reset_domain_tile/fusion/fgra/fgra/pes_23/alu/fmul/fmul_s1     406.1904     0.0     324.8112      0.0000       0.0000 FMUL_s1_12
system/tile_prci_domain/tile_reset_domain_tile/fusion/fgra/fgra/pes_23/alu/fmul/fmul_s1/lzc_clz      81.3792     0.0      81.3792      0.0000       0.0000 CLZ_2_12
system/tile_prci_domain/tile_reset_domain_tile/fusion/fgra/fgra/pes_23/alu/fmul/fmul_s2    1068.9840     0.0    1068.9840      0.0000       0.0000 FMUL_s2_12
system/tile_prci_domain/tile_reset_domain_tile/fusion/fgra/fgra/pes_23/alu/fmul/fmul_s3     204.8592     0.0     104.1936      0.0000       0.0000 FMUL_s3_12
system/tile_prci_domain/tile_reset_domain_tile/fusion/fgra/fgra/pes_23/alu/fmul/fmul_s3/rounder     100.6656     0.0     100.6656      0.0000       0.0000 RoundingUnit_205
system/tile_prci_domain/tile_reset_domain_tile/fusion/fgra/fgra/pes_23/alu/logic_0     231.2016     0.0      10.3488      0.0000       0.0000 LOGIC_12
system/tile_prci_domain/tile_reset_domain_tile/fusion/fgra/fgra/pes_23/alu/logic_0/logicUnit       6.3504     0.0       6.3504      0.0000       0.0000 UnifiedCom_415
system/tile_prci_domain/tile_reset_domain_tile/fusion/fgra/fgra/pes_23/alu/logic_0/logicUnit_1       7.0560     0.0       7.0560      0.0000       0.0000 UnifiedCom_414
system/tile_prci_domain/tile_reset_domain_tile/fusion/fgra/fgra/pes_23/alu/logic_0/logicUnit_10       7.0560     0.0       7.0560      0.0000       0.0000 UnifiedCom_405
system/tile_prci_domain/tile_reset_domain_tile/fusion/fgra/fgra/pes_23/alu/logic_0/logicUnit_11       7.0560     0.0       7.0560      0.0000       0.0000 UnifiedCom_404
system/tile_prci_domain/tile_reset_domain_tile/fusion/fgra/fgra/pes_23/alu/logic_0/logicUnit_12       7.0560     0.0       7.0560      0.0000       0.0000 UnifiedCom_403
system/tile_prci_domain/tile_reset_domain_tile/fusion/fgra/fgra/pes_23/alu/logic_0/logicUnit_13       7.0560     0.0       7.0560      0.0000       0.0000 UnifiedCom_402
system/tile_prci_domain/tile_reset_domain_tile/fusion/fgra/fgra/pes_23/alu/logic_0/logicUnit_14       7.0560     0.0       7.0560      0.0000       0.0000 UnifiedCom_401
system/tile_prci_domain/tile_reset_domain_tile/fusion/fgra/fgra/pes_23/alu/logic_0/logicUnit_15       6.3504     0.0       6.3504      0.0000       0.0000 UnifiedCom_400
system/tile_prci_domain/tile_reset_domain_tile/fusion/fgra/fgra/pes_23/alu/logic_0/logicUnit_16       7.0560     0.0       7.0560      0.0000       0.0000 UnifiedCom_399
system/tile_prci_domain/tile_reset_domain_tile/fusion/fgra/fgra/pes_23/alu/logic_0/logicUnit_17       7.0560     0.0       7.0560      0.0000       0.0000 UnifiedCom_398
system/tile_prci_domain/tile_reset_domain_tile/fusion/fgra/fgra/pes_23/alu/logic_0/logicUnit_18       7.0560     0.0       7.0560      0.0000       0.0000 UnifiedCom_397
system/tile_prci_domain/tile_reset_domain_tile/fusion/fgra/fgra/pes_23/alu/logic_0/logicUnit_19       7.0560     0.0       7.0560      0.0000       0.0000 UnifiedCom_396
system/tile_prci_domain/tile_reset_domain_tile/fusion/fgra/fgra/pes_23/alu/logic_0/logicUnit_2       7.0560     0.0       7.0560      0.0000       0.0000 UnifiedCom_413
system/tile_prci_domain/tile_reset_domain_tile/fusion/fgra/fgra/pes_23/alu/logic_0/logicUnit_20       7.0560     0.0       7.0560      0.0000       0.0000 UnifiedCom_395
system/tile_prci_domain/tile_reset_domain_tile/fusion/fgra/fgra/pes_23/alu/logic_0/logicUnit_21       7.0560     0.0       7.0560      0.0000       0.0000 UnifiedCom_394
system/tile_prci_domain/tile_reset_domain_tile/fusion/fgra/fgra/pes_23/alu/logic_0/logicUnit_22       6.3504     0.0       6.3504      0.0000       0.0000 UnifiedCom_393
system/tile_prci_domain/tile_reset_domain_tile/fusion/fgra/fgra/pes_23/alu/logic_0/logicUnit_23       6.3504     0.0       6.3504      0.0000       0.0000 UnifiedCom_392
system/tile_prci_domain/tile_reset_domain_tile/fusion/fgra/fgra/pes_23/alu/logic_0/logicUnit_24       6.3504     0.0       6.3504      0.0000       0.0000 UnifiedCom_391
system/tile_prci_domain/tile_reset_domain_tile/fusion/fgra/fgra/pes_23/alu/logic_0/logicUnit_25       7.0560     0.0       7.0560      0.0000       0.0000 UnifiedCom_390
system/tile_prci_domain/tile_reset_domain_tile/fusion/fgra/fgra/pes_23/alu/logic_0/logicUnit_26       7.0560     0.0       7.0560      0.0000       0.0000 UnifiedCom_389
system/tile_prci_domain/tile_reset_domain_tile/fusion/fgra/fgra/pes_23/alu/logic_0/logicUnit_27       6.3504     0.0       6.3504      0.0000       0.0000 UnifiedCom_388
system/tile_prci_domain/tile_reset_domain_tile/fusion/fgra/fgra/pes_23/alu/logic_0/logicUnit_28       7.0560     0.0       7.0560      0.0000       0.0000 UnifiedCom_387
system/tile_prci_domain/tile_reset_domain_tile/fusion/fgra/fgra/pes_23/alu/logic_0/logicUnit_29       7.0560     0.0       7.0560      0.0000       0.0000 UnifiedCom_386
system/tile_prci_domain/tile_reset_domain_tile/fusion/fgra/fgra/pes_23/alu/logic_0/logicUnit_3       7.0560     0.0       7.0560      0.0000       0.0000 UnifiedCom_412
system/tile_prci_domain/tile_reset_domain_tile/fusion/fgra/fgra/pes_23/alu/logic_0/logicUnit_30       7.0560     0.0       7.0560      0.0000       0.0000 UnifiedCom_385
system/tile_prci_domain/tile_reset_domain_tile/fusion/fgra/fgra/pes_23/alu/logic_0/logicUnit_31       7.0560     0.0       7.0560      0.0000       0.0000 UnifiedCom_384
system/tile_prci_domain/tile_reset_domain_tile/fusion/fgra/fgra/pes_23/alu/logic_0/logicUnit_4       7.0560     0.0       7.0560      0.0000       0.0000 UnifiedCom_411
system/tile_prci_domain/tile_reset_domain_tile/fusion/fgra/fgra/pes_23/alu/logic_0/logicUnit_5       7.0560     0.0       7.0560      0.0000       0.0000 UnifiedCom_410
system/tile_prci_domain/tile_reset_domain_tile/fusion/fgra/fgra/pes_23/alu/logic_0/logicUnit_6       7.0560     0.0       7.0560      0.0000       0.0000 UnifiedCom_409
system/tile_prci_domain/tile_reset_domain_tile/fusion/fgra/fgra/pes_23/alu/logic_0/logicUnit_7       7.0560     0.0       7.0560      0.0000       0.0000 UnifiedCom_408
system/tile_prci_domain/tile_reset_domain_tile/fusion/fgra/fgra/pes_23/alu/logic_0/logicUnit_8       6.3504     0.0       6.3504      0.0000       0.0000 UnifiedCom_407
system/tile_prci_domain/tile_reset_domain_tile/fusion/fgra/fgra/pes_23/alu/logic_0/logicUnit_9       7.0560     0.0       7.0560      0.0000       0.0000 UnifiedCom_406
system/tile_prci_domain/tile_reset_domain_tile/fusion/fgra/fgra/pes_23/alu/multipler    5568.3601     0.2    5568.3601      0.0000       0.0000 Mul_12
system/tile_prci_domain/tile_reset_domain_tile/fusion/fgra/fgra/pes_23/alu/shift     689.1360     0.0     689.1360      0.0000       0.0000 SHIFT_12
system/tile_prci_domain/tile_reset_domain_tile/fusion/fgra/fgra/pes_23/cfg     561.8928     0.0     153.8208    408.0720       0.0000 ConfigMem_12_6
system/tile_prci_domain/tile_reset_domain_tile/fusion/fgra/fgra/pes_23/delayPipeCG    6929.2273     0.2    4055.5537   2873.6736       0.0000 SharedDelayPipe_24_12
system/tile_prci_domain/tile_reset_domain_tile/fusion/fgra/fgra/pes_23/delayPipeFG     205.0944     0.0     125.1264     79.9680       0.0000 SharedDelayPipe_25_6
system/tile_prci_domain/tile_reset_domain_tile/fusion/fgra/fgra/pes_23/dmr     150.9984     0.0       0.0000    150.9984       0.0000 DualModeReg_13
system/tile_prci_domain/tile_reset_domain_tile/fusion/fgra/fgra/pes_23/rf4alu       7.9968     0.0       3.2928      4.7040       0.0000 RF_18
system/tile_prci_domain/tile_reset_domain_tile/fusion/fgra/fgra/pes_24   38399.4580     1.2       7.9968      0.0000       0.0000 GPE_24
system/tile_prci_domain/tile_reset_domain_tile/fusion/fgra/fgra/pes_24/Muxn     252.1344     0.0     252.1344      0.0000       0.0000 Muxn_36_123
system/tile_prci_domain/tile_reset_domain_tile/fusion/fgra/fgra/pes_24/Muxn_1     245.7840     0.0     245.7840      0.0000       0.0000 Muxn_36_122
system/tile_prci_domain/tile_reset_domain_tile/fusion/fgra/fgra/pes_24/Muxn_2      10.1136     0.0      10.1136      0.0000       0.0000 Muxn_68_37
system/tile_prci_domain/tile_reset_domain_tile/fusion/fgra/fgra/pes_24/Muxn_3      10.1136     0.0      10.1136      0.0000       0.0000 Muxn_68_36
system/tile_prci_domain/tile_reset_domain_tile/fusion/fgra/fgra/pes_24/Muxn_4      10.1136     0.0      10.1136      0.0000       0.0000 Muxn_68_35
system/tile_prci_domain/tile_reset_domain_tile/fusion/fgra/fgra/pes_24/alu   29405.6451     0.9     649.8576      0.0000       0.0000 ALU_24_1
system/tile_prci_domain/tile_reset_domain_tile/fusion/fgra/fgra/pes_24/alu/arith     417.9504     0.0     417.9504      0.0000       0.0000 ARITH_11
system/tile_prci_domain/tile_reset_domain_tile/fusion/fgra/fgra/pes_24/alu/fadd    5028.3409     0.2       0.0000      0.0000       0.0000 FADD_11
system/tile_prci_domain/tile_reset_domain_tile/fusion/fgra/fgra/pes_24/alu/fadd/fcmaadd    5028.3409     0.2       2.3520      0.0000       0.0000 FCMA_ADD_11
system/tile_prci_domain/tile_reset_domain_tile/fusion/fgra/fgra/pes_24/alu/fadd/fcmaadd/fadd_s1    3485.6640     0.1     679.7280      0.0000       0.0000 FCMA_ADD_s1_11
system/tile_prci_domain/tile_reset_domain_tile/fusion/fgra/fgra/pes_24/alu/fadd/fcmaadd/fadd_s1/far_path_mods_0     889.9968     0.0     389.0208      0.0000       0.0000 FarPath_11
system/tile_prci_domain/tile_reset_domain_tile/fusion/fgra/fgra/pes_24/alu/fadd/fcmaadd/fadd_s1/far_path_mods_0/shiftRightJam     500.9760     0.0     500.9760      0.0000       0.0000 ShiftRightJam_11
system/tile_prci_domain/tile_reset_domain_tile/fusion/fgra/fgra/pes_24/alu/fadd/fcmaadd/fadd_s1/near_path_mods_0     968.0832     0.0     735.2352      0.0000       0.0000 NearPath_23
system/tile_prci_domain/tile_reset_domain_tile/fusion/fgra/fgra/pes_24/alu/fadd/fcmaadd/fadd_s1/near_path_mods_0/lza_ab     139.9440     0.0     139.9440      0.0000       0.0000 LZA_24
system/tile_prci_domain/tile_reset_domain_tile/fusion/fgra/fgra/pes_24/alu/fadd/fcmaadd/fadd_s1/near_path_mods_0/lzc_clz      92.9040     0.0      92.9040      0.0000       0.0000 CLZ_25
system/tile_prci_domain/tile_reset_domain_tile/fusion/fgra/fgra/pes_24/alu/fadd/fcmaadd/fadd_s1/near_path_mods_1     947.8560     0.0     727.4736      0.0000       0.0000 NearPath_22
system/tile_prci_domain/tile_reset_domain_tile/fusion/fgra/fgra/pes_24/alu/fadd/fcmaadd/fadd_s1/near_path_mods_1/lza_ab     136.8864     0.0     136.8864      0.0000       0.0000 LZA_23
system/tile_prci_domain/tile_reset_domain_tile/fusion/fgra/fgra/pes_24/alu/fadd/fcmaadd/fadd_s1/near_path_mods_1/lzc_clz      83.4960     0.0      83.4960      0.0000       0.0000 CLZ_24
system/tile_prci_domain/tile_reset_domain_tile/fusion/fgra/fgra/pes_24/alu/fadd/fcmaadd/fadd_s2    1540.3248     0.0    1139.5440      0.0000       0.0000 FCMA_ADD_s2_11
system/tile_prci_domain/tile_reset_domain_tile/fusion/fgra/fgra/pes_24/alu/fadd/fcmaadd/fadd_s2/far_path_rounder     209.7984     0.0     209.7984      0.0000       0.0000 RoundingUnit_107
system/tile_prci_domain/tile_reset_domain_tile/fusion/fgra/fgra/pes_24/alu/fadd/fcmaadd/fadd_s2/near_path_rounder     190.9824     0.0     190.9824      0.0000       0.0000 RoundingUnit_106
system/tile_prci_domain/tile_reset_domain_tile/fusion/fgra/fgra/pes_24/alu/fdiv   14001.2209     0.4     140.6496    884.3520       0.0000 fpDiv_11
system/tile_prci_domain/tile_reset_domain_tile/fusion/fgra/fgra/pes_24/alu/fdiv/inverter    9503.7265     0.3    1302.3024    880.5888       0.0000 fpInverter_11
system/tile_prci_domain/tile_reset_domain_tile/fusion/fgra/fgra/pes_24/alu/fdiv/inverter/adder     112.8960     0.0     112.8960      0.0000       0.0000 VarSizeAdder_11
system/tile_prci_domain/tile_reset_domain_tile/fusion/fgra/fgra/pes_24/alu/fdiv/inverter/mul1    1684.9728     0.1    1684.9728      0.0000       0.0000 VarSizeMul_11
system/tile_prci_domain/tile_reset_domain_tile/fusion/fgra/fgra/pes_24/alu/fdiv/inverter/mul2    1477.2912     0.0    1477.2912      0.0000       0.0000 mul2_11
system/tile_prci_domain/tile_reset_domain_tile/fusion/fgra/fgra/pes_24/alu/fdiv/inverter/mul3    2983.0416     0.1    2983.0416      0.0000       0.0000 mul3_11
system/tile_prci_domain/tile_reset_domain_tile/fusion/fgra/fgra/pes_24/alu/fdiv/inverter/sub2     139.4736     0.0     139.4736      0.0000       0.0000 VarSizeSub_11
system/tile_prci_domain/tile_reset_domain_tile/fusion/fgra/fgra/pes_24/alu/fdiv/inverter/tableC     185.1024     0.0     185.1024      0.0000       0.0000 lookupC_11
system/tile_prci_domain/tile_reset_domain_tile/fusion/fgra/fgra/pes_24/alu/fdiv/inverter/tableJ     273.0672     0.0     273.0672      0.0000       0.0000 lookupJ_11
system/tile_prci_domain/tile_reset_domain_tile/fusion/fgra/fgra/pes_24/alu/fdiv/inverter/tableL     464.9904     0.0     337.9824    127.0080       0.0000 lookupL_11
system/tile_prci_domain/tile_reset_domain_tile/fusion/fgra/fgra/pes_24/alu/fdiv/multiplier    3472.4928     0.1    3286.2144    164.6400       0.0000 FPMult_11
system/tile_prci_domain/tile_reset_domain_tile/fusion/fgra/fgra/pes_24/alu/fdiv/multiplier/rounder      21.6384     0.0      21.6384      0.0000       0.0000 MantissaRounder_11
system/tile_prci_domain/tile_reset_domain_tile/fusion/fgra/fgra/pes_24/alu/fmax     277.3008     0.0     277.3008      0.0000       0.0000 FCMP_33
system/tile_prci_domain/tile_reset_domain_tile/fusion/fgra/fgra/pes_24/alu/fmin     275.6544     0.0     275.6544      0.0000       0.0000 FCMP_34
system/tile_prci_domain/tile_reset_domain_tile/fusion/fgra/fgra/pes_24/alu/fmul    2253.9216     0.1      11.7600    556.0128       0.0000 FMUL_share_11
system/tile_prci_domain/tile_reset_domain_tile/fusion/fgra/fgra/pes_24/alu/fmul/fmul_s1     402.8976     0.0     322.6944      0.0000       0.0000 FMUL_s1_11
system/tile_prci_domain/tile_reset_domain_tile/fusion/fgra/fgra/pes_24/alu/fmul/fmul_s1/lzc_clz      80.2032     0.0      80.2032      0.0000       0.0000 CLZ_2_11
system/tile_prci_domain/tile_reset_domain_tile/fusion/fgra/fgra/pes_24/alu/fmul/fmul_s2    1078.3920     0.0    1078.3920      0.0000       0.0000 FMUL_s2_11
system/tile_prci_domain/tile_reset_domain_tile/fusion/fgra/fgra/pes_24/alu/fmul/fmul_s3     204.8592     0.0     104.1936      0.0000       0.0000 FMUL_s3_11
system/tile_prci_domain/tile_reset_domain_tile/fusion/fgra/fgra/pes_24/alu/fmul/fmul_s3/rounder     100.6656     0.0     100.6656      0.0000       0.0000 RoundingUnit_203
system/tile_prci_domain/tile_reset_domain_tile/fusion/fgra/fgra/pes_24/alu/logic_0     231.2016     0.0      10.3488      0.0000       0.0000 LOGIC_11
system/tile_prci_domain/tile_reset_domain_tile/fusion/fgra/fgra/pes_24/alu/logic_0/logicUnit       6.3504     0.0       6.3504      0.0000       0.0000 UnifiedCom_383
system/tile_prci_domain/tile_reset_domain_tile/fusion/fgra/fgra/pes_24/alu/logic_0/logicUnit_1       7.0560     0.0       7.0560      0.0000       0.0000 UnifiedCom_382
system/tile_prci_domain/tile_reset_domain_tile/fusion/fgra/fgra/pes_24/alu/logic_0/logicUnit_10       7.0560     0.0       7.0560      0.0000       0.0000 UnifiedCom_373
system/tile_prci_domain/tile_reset_domain_tile/fusion/fgra/fgra/pes_24/alu/logic_0/logicUnit_11       6.3504     0.0       6.3504      0.0000       0.0000 UnifiedCom_372
system/tile_prci_domain/tile_reset_domain_tile/fusion/fgra/fgra/pes_24/alu/logic_0/logicUnit_12       7.0560     0.0       7.0560      0.0000       0.0000 UnifiedCom_371
system/tile_prci_domain/tile_reset_domain_tile/fusion/fgra/fgra/pes_24/alu/logic_0/logicUnit_13       7.0560     0.0       7.0560      0.0000       0.0000 UnifiedCom_370
system/tile_prci_domain/tile_reset_domain_tile/fusion/fgra/fgra/pes_24/alu/logic_0/logicUnit_14       7.0560     0.0       7.0560      0.0000       0.0000 UnifiedCom_369
system/tile_prci_domain/tile_reset_domain_tile/fusion/fgra/fgra/pes_24/alu/logic_0/logicUnit_15       7.0560     0.0       7.0560      0.0000       0.0000 UnifiedCom_368
system/tile_prci_domain/tile_reset_domain_tile/fusion/fgra/fgra/pes_24/alu/logic_0/logicUnit_16       7.0560     0.0       7.0560      0.0000       0.0000 UnifiedCom_367
system/tile_prci_domain/tile_reset_domain_tile/fusion/fgra/fgra/pes_24/alu/logic_0/logicUnit_17       7.0560     0.0       7.0560      0.0000       0.0000 UnifiedCom_366
system/tile_prci_domain/tile_reset_domain_tile/fusion/fgra/fgra/pes_24/alu/logic_0/logicUnit_18       6.3504     0.0       6.3504      0.0000       0.0000 UnifiedCom_365
system/tile_prci_domain/tile_reset_domain_tile/fusion/fgra/fgra/pes_24/alu/logic_0/logicUnit_19       7.0560     0.0       7.0560      0.0000       0.0000 UnifiedCom_364
system/tile_prci_domain/tile_reset_domain_tile/fusion/fgra/fgra/pes_24/alu/logic_0/logicUnit_2       7.0560     0.0       7.0560      0.0000       0.0000 UnifiedCom_381
system/tile_prci_domain/tile_reset_domain_tile/fusion/fgra/fgra/pes_24/alu/logic_0/logicUnit_20       7.0560     0.0       7.0560      0.0000       0.0000 UnifiedCom_363
system/tile_prci_domain/tile_reset_domain_tile/fusion/fgra/fgra/pes_24/alu/logic_0/logicUnit_21       7.0560     0.0       7.0560      0.0000       0.0000 UnifiedCom_362
system/tile_prci_domain/tile_reset_domain_tile/fusion/fgra/fgra/pes_24/alu/logic_0/logicUnit_22       7.0560     0.0       7.0560      0.0000       0.0000 UnifiedCom_361
system/tile_prci_domain/tile_reset_domain_tile/fusion/fgra/fgra/pes_24/alu/logic_0/logicUnit_23       6.3504     0.0       6.3504      0.0000       0.0000 UnifiedCom_360
system/tile_prci_domain/tile_reset_domain_tile/fusion/fgra/fgra/pes_24/alu/logic_0/logicUnit_24       7.0560     0.0       7.0560      0.0000       0.0000 UnifiedCom_359
system/tile_prci_domain/tile_reset_domain_tile/fusion/fgra/fgra/pes_24/alu/logic_0/logicUnit_25       7.0560     0.0       7.0560      0.0000       0.0000 UnifiedCom_358
system/tile_prci_domain/tile_reset_domain_tile/fusion/fgra/fgra/pes_24/alu/logic_0/logicUnit_26       7.0560     0.0       7.0560      0.0000       0.0000 UnifiedCom_357
system/tile_prci_domain/tile_reset_domain_tile/fusion/fgra/fgra/pes_24/alu/logic_0/logicUnit_27       6.3504     0.0       6.3504      0.0000       0.0000 UnifiedCom_356
system/tile_prci_domain/tile_reset_domain_tile/fusion/fgra/fgra/pes_24/alu/logic_0/logicUnit_28       6.3504     0.0       6.3504      0.0000       0.0000 UnifiedCom_355
system/tile_prci_domain/tile_reset_domain_tile/fusion/fgra/fgra/pes_24/alu/logic_0/logicUnit_29       7.0560     0.0       7.0560      0.0000       0.0000 UnifiedCom_354
system/tile_prci_domain/tile_reset_domain_tile/fusion/fgra/fgra/pes_24/alu/logic_0/logicUnit_3       7.0560     0.0       7.0560      0.0000       0.0000 UnifiedCom_380
system/tile_prci_domain/tile_reset_domain_tile/fusion/fgra/fgra/pes_24/alu/logic_0/logicUnit_30       7.0560     0.0       7.0560      0.0000       0.0000 UnifiedCom_353
system/tile_prci_domain/tile_reset_domain_tile/fusion/fgra/fgra/pes_24/alu/logic_0/logicUnit_31       7.0560     0.0       7.0560      0.0000       0.0000 UnifiedCom_352
system/tile_prci_domain/tile_reset_domain_tile/fusion/fgra/fgra/pes_24/alu/logic_0/logicUnit_4       7.0560     0.0       7.0560      0.0000       0.0000 UnifiedCom_379
system/tile_prci_domain/tile_reset_domain_tile/fusion/fgra/fgra/pes_24/alu/logic_0/logicUnit_5       7.0560     0.0       7.0560      0.0000       0.0000 UnifiedCom_378
system/tile_prci_domain/tile_reset_domain_tile/fusion/fgra/fgra/pes_24/alu/logic_0/logicUnit_6       7.0560     0.0       7.0560      0.0000       0.0000 UnifiedCom_377
system/tile_prci_domain/tile_reset_domain_tile/fusion/fgra/fgra/pes_24/alu/logic_0/logicUnit_7       7.0560     0.0       7.0560      0.0000       0.0000 UnifiedCom_376
system/tile_prci_domain/tile_reset_domain_tile/fusion/fgra/fgra/pes_24/alu/logic_0/logicUnit_8       6.3504     0.0       6.3504      0.0000       0.0000 UnifiedCom_375
system/tile_prci_domain/tile_reset_domain_tile/fusion/fgra/fgra/pes_24/alu/logic_0/logicUnit_9       7.0560     0.0       7.0560      0.0000       0.0000 UnifiedCom_374
system/tile_prci_domain/tile_reset_domain_tile/fusion/fgra/fgra/pes_24/alu/multipler    5581.2961     0.2    5581.2961      0.0000       0.0000 Mul_11
system/tile_prci_domain/tile_reset_domain_tile/fusion/fgra/fgra/pes_24/alu/shift     688.9008     0.0     688.9008      0.0000       0.0000 SHIFT_11
system/tile_prci_domain/tile_reset_domain_tile/fusion/fgra/fgra/pes_24/cfg     694.7808     0.0     194.2752    500.5056       0.0000 ConfigMem_36_5
system/tile_prci_domain/tile_reset_domain_tile/fusion/fgra/fgra/pes_24/delayPipeCG    6976.7377     0.2    4095.5377   2881.2000       0.0000 SharedDelayPipe_24_11
system/tile_prci_domain/tile_reset_domain_tile/fusion/fgra/fgra/pes_24/delayPipeFG     611.7552     0.0     447.1152    164.6400       0.0000 SharedDelayPipe_43_5
system/tile_prci_domain/tile_reset_domain_tile/fusion/fgra/fgra/pes_24/dmr     150.9984     0.0       0.0000    150.9984       0.0000 DualModeReg_11
system/tile_prci_domain/tile_reset_domain_tile/fusion/fgra/fgra/pes_24/lut       5.8800     0.0       5.8800      0.0000       0.0000 LUT_5
system/tile_prci_domain/tile_reset_domain_tile/fusion/fgra/fgra/pes_24/rf4alu       8.9376     0.0       3.9984      4.9392       0.0000 RF_17
system/tile_prci_domain/tile_reset_domain_tile/fusion/fgra/fgra/pes_24/rf4lut       8.4672     0.0       3.7632      4.7040       0.0000 RF_16
system/tile_prci_domain/tile_reset_domain_tile/fusion/fgra/fgra/pes_25   33238.2291     1.0      11.9952      0.0000       0.0000 GPE_25
system/tile_prci_domain/tile_reset_domain_tile/fusion/fgra/fgra/pes_25/Muxn     250.0176     0.0     250.0176      0.0000       0.0000 Muxn_36_121
system/tile_prci_domain/tile_reset_domain_tile/fusion/fgra/fgra/pes_25/Muxn_1     259.8960     0.0     259.8960      0.0000       0.0000 Muxn_36_120
system/tile_prci_domain/tile_reset_domain_tile/fusion/fgra/fgra/pes_25/Muxn_2      10.1136     0.0      10.1136      0.0000       0.0000 Muxn_68_34
system/tile_prci_domain/tile_reset_domain_tile/fusion/fgra/fgra/pes_25/Muxn_3      10.1136     0.0      10.1136      0.0000       0.0000 Muxn_68_33
system/tile_prci_domain/tile_reset_domain_tile/fusion/fgra/fgra/pes_25/Muxn_4      10.1136     0.0      10.1136      0.0000       0.0000 Muxn_68_32
system/tile_prci_domain/tile_reset_domain_tile/fusion/fgra/fgra/pes_25/alu   24327.2067     0.7     528.4944      0.0000       0.0000 ALU_25_3
system/tile_prci_domain/tile_reset_domain_tile/fusion/fgra/fgra/pes_25/alu/arith     421.0080     0.0     421.0080      0.0000       0.0000 ARITH_10
system/tile_prci_domain/tile_reset_domain_tile/fusion/fgra/fgra/pes_25/alu/fadd    5084.5537     0.2       1.4112      0.0000       0.0000 FADD_10
system/tile_prci_domain/tile_reset_domain_tile/fusion/fgra/fgra/pes_25/alu/fadd/fcmaadd    5083.1425     0.2       2.3520      0.0000       0.0000 FCMA_ADD_10
system/tile_prci_domain/tile_reset_domain_tile/fusion/fgra/fgra/pes_25/alu/fadd/fcmaadd/fadd_s1    3491.3089     0.1     656.6784      0.0000       0.0000 FCMA_ADD_s1_10
system/tile_prci_domain/tile_reset_domain_tile/fusion/fgra/fgra/pes_25/alu/fadd/fcmaadd/fadd_s1/far_path_mods_0     876.3552     0.0     384.7872      0.0000       0.0000 FarPath_10
system/tile_prci_domain/tile_reset_domain_tile/fusion/fgra/fgra/pes_25/alu/fadd/fcmaadd/fadd_s1/far_path_mods_0/shiftRightJam     491.5680     0.0     491.5680      0.0000       0.0000 ShiftRightJam_10
system/tile_prci_domain/tile_reset_domain_tile/fusion/fgra/fgra/pes_25/alu/fadd/fcmaadd/fadd_s1/near_path_mods_0     973.4928     0.0     737.5872      0.0000       0.0000 NearPath_21
system/tile_prci_domain/tile_reset_domain_tile/fusion/fgra/fgra/pes_25/alu/fadd/fcmaadd/fadd_s1/near_path_mods_0/lza_ab     139.4736     0.0     139.4736      0.0000       0.0000 LZA_22
system/tile_prci_domain/tile_reset_domain_tile/fusion/fgra/fgra/pes_25/alu/fadd/fcmaadd/fadd_s1/near_path_mods_0/lzc_clz      96.4320     0.0      96.4320      0.0000       0.0000 CLZ_23
system/tile_prci_domain/tile_reset_domain_tile/fusion/fgra/fgra/pes_25/alu/fadd/fcmaadd/fadd_s1/near_path_mods_1     984.7824     0.0     743.9376      0.0000       0.0000 NearPath_20
system/tile_prci_domain/tile_reset_domain_tile/fusion/fgra/fgra/pes_25/alu/fadd/fcmaadd/fadd_s1/near_path_mods_1/lza_ab     142.7664     0.0     142.7664      0.0000       0.0000 LZA_21
system/tile_prci_domain/tile_reset_domain_tile/fusion/fgra/fgra/pes_25/alu/fadd/fcmaadd/fadd_s1/near_path_mods_1/lzc_clz      98.0784     0.0      98.0784      0.0000       0.0000 CLZ_22
system/tile_prci_domain/tile_reset_domain_tile/fusion/fgra/fgra/pes_25/alu/fadd/fcmaadd/fadd_s2    1589.4816     0.0    1167.7680      0.0000       0.0000 FCMA_ADD_s2_10
system/tile_prci_domain/tile_reset_domain_tile/fusion/fgra/fgra/pes_25/alu/fadd/fcmaadd/fadd_s2/far_path_rounder     222.7344     0.0     222.7344      0.0000       0.0000 RoundingUnit_104
system/tile_prci_domain/tile_reset_domain_tile/fusion/fgra/fgra/pes_25/alu/fadd/fcmaadd/fadd_s2/near_path_rounder     198.9792     0.0     198.9792      0.0000       0.0000 RoundingUnit_103
system/tile_prci_domain/tile_reset_domain_tile/fusion/fgra/fgra/pes_25/alu/fdiv   13977.7009     0.4     137.8272    884.3520       0.0000 fpDiv_10
system/tile_prci_domain/tile_reset_domain_tile/fusion/fgra/fgra/pes_25/alu/fdiv/inverter    9483.7345     0.3    1288.6608    882.7056       0.0000 fpInverter_10
system/tile_prci_domain/tile_reset_domain_tile/fusion/fgra/fgra/pes_25/alu/fdiv/inverter/adder     112.8960     0.0     112.8960      0.0000       0.0000 VarSizeAdder_10
system/tile_prci_domain/tile_reset_domain_tile/fusion/fgra/fgra/pes_25/alu/fdiv/inverter/mul1    1711.5504     0.1    1711.5504      0.0000       0.0000 VarSizeMul_10
system/tile_prci_domain/tile_reset_domain_tile/fusion/fgra/fgra/pes_25/alu/fdiv/inverter/mul2    1452.5952     0.0    1452.5952      0.0000       0.0000 mul2_10
system/tile_prci_domain/tile_reset_domain_tile/fusion/fgra/fgra/pes_25/alu/fdiv/inverter/mul3    2982.5712     0.1    2982.5712      0.0000       0.0000 mul3_10
system/tile_prci_domain/tile_reset_domain_tile/fusion/fgra/fgra/pes_25/alu/fdiv/inverter/sub2     139.4736     0.0     139.4736      0.0000       0.0000 VarSizeSub_10
system/tile_prci_domain/tile_reset_domain_tile/fusion/fgra/fgra/pes_25/alu/fdiv/inverter/tableC     180.6336     0.0     180.6336      0.0000       0.0000 lookupC_10
system/tile_prci_domain/tile_reset_domain_tile/fusion/fgra/fgra/pes_25/alu/fdiv/inverter/tableJ     268.8336     0.0     268.8336      0.0000       0.0000 lookupJ_10
system/tile_prci_domain/tile_reset_domain_tile/fusion/fgra/fgra/pes_25/alu/fdiv/inverter/tableL     463.8144     0.0     336.8064    127.0080       0.0000 lookupL_10
system/tile_prci_domain/tile_reset_domain_tile/fusion/fgra/fgra/pes_25/alu/fdiv/multiplier    3471.7872     0.1    3285.5088    164.6400       0.0000 FPMult_10
system/tile_prci_domain/tile_reset_domain_tile/fusion/fgra/fgra/pes_25/alu/fdiv/multiplier/rounder      21.6384     0.0      21.6384      0.0000       0.0000 MantissaRounder_10
system/tile_prci_domain/tile_reset_domain_tile/fusion/fgra/fgra/pes_25/alu/fmax     275.1840     0.0     275.1840      0.0000       0.0000 FCMP_30
system/tile_prci_domain/tile_reset_domain_tile/fusion/fgra/fgra/pes_25/alu/fmin     271.4208     0.0     271.4208      0.0000       0.0000 FCMP_31
system/tile_prci_domain/tile_reset_domain_tile/fusion/fgra/fgra/pes_25/alu/logic_0     220.3824     0.0       9.4080      0.0000       0.0000 LOGIC_10
system/tile_prci_domain/tile_reset_domain_tile/fusion/fgra/fgra/pes_25/alu/logic_0/logicUnit       6.3504     0.0       6.3504      0.0000       0.0000 UnifiedCom_351
system/tile_prci_domain/tile_reset_domain_tile/fusion/fgra/fgra/pes_25/alu/logic_0/logicUnit_1       6.3504     0.0       6.3504      0.0000       0.0000 UnifiedCom_350
system/tile_prci_domain/tile_reset_domain_tile/fusion/fgra/fgra/pes_25/alu/logic_0/logicUnit_10       6.3504     0.0       6.3504      0.0000       0.0000 UnifiedCom_341
system/tile_prci_domain/tile_reset_domain_tile/fusion/fgra/fgra/pes_25/alu/logic_0/logicUnit_11       6.3504     0.0       6.3504      0.0000       0.0000 UnifiedCom_340
system/tile_prci_domain/tile_reset_domain_tile/fusion/fgra/fgra/pes_25/alu/logic_0/logicUnit_12       6.3504     0.0       6.3504      0.0000       0.0000 UnifiedCom_339
system/tile_prci_domain/tile_reset_domain_tile/fusion/fgra/fgra/pes_25/alu/logic_0/logicUnit_13       6.3504     0.0       6.3504      0.0000       0.0000 UnifiedCom_338
system/tile_prci_domain/tile_reset_domain_tile/fusion/fgra/fgra/pes_25/alu/logic_0/logicUnit_14       6.3504     0.0       6.3504      0.0000       0.0000 UnifiedCom_337
system/tile_prci_domain/tile_reset_domain_tile/fusion/fgra/fgra/pes_25/alu/logic_0/logicUnit_15       7.0560     0.0       7.0560      0.0000       0.0000 UnifiedCom_336
system/tile_prci_domain/tile_reset_domain_tile/fusion/fgra/fgra/pes_25/alu/logic_0/logicUnit_16       6.3504     0.0       6.3504      0.0000       0.0000 UnifiedCom_335
system/tile_prci_domain/tile_reset_domain_tile/fusion/fgra/fgra/pes_25/alu/logic_0/logicUnit_17       7.0560     0.0       7.0560      0.0000       0.0000 UnifiedCom_334
system/tile_prci_domain/tile_reset_domain_tile/fusion/fgra/fgra/pes_25/alu/logic_0/logicUnit_18       6.3504     0.0       6.3504      0.0000       0.0000 UnifiedCom_333
system/tile_prci_domain/tile_reset_domain_tile/fusion/fgra/fgra/pes_25/alu/logic_0/logicUnit_19       6.3504     0.0       6.3504      0.0000       0.0000 UnifiedCom_332
system/tile_prci_domain/tile_reset_domain_tile/fusion/fgra/fgra/pes_25/alu/logic_0/logicUnit_2       6.3504     0.0       6.3504      0.0000       0.0000 UnifiedCom_349
system/tile_prci_domain/tile_reset_domain_tile/fusion/fgra/fgra/pes_25/alu/logic_0/logicUnit_20       6.3504     0.0       6.3504      0.0000       0.0000 UnifiedCom_331
system/tile_prci_domain/tile_reset_domain_tile/fusion/fgra/fgra/pes_25/alu/logic_0/logicUnit_21       7.0560     0.0       7.0560      0.0000       0.0000 UnifiedCom_330
system/tile_prci_domain/tile_reset_domain_tile/fusion/fgra/fgra/pes_25/alu/logic_0/logicUnit_22       6.3504     0.0       6.3504      0.0000       0.0000 UnifiedCom_329
system/tile_prci_domain/tile_reset_domain_tile/fusion/fgra/fgra/pes_25/alu/logic_0/logicUnit_23       6.3504     0.0       6.3504      0.0000       0.0000 UnifiedCom_328
system/tile_prci_domain/tile_reset_domain_tile/fusion/fgra/fgra/pes_25/alu/logic_0/logicUnit_24       6.3504     0.0       6.3504      0.0000       0.0000 UnifiedCom_327
system/tile_prci_domain/tile_reset_domain_tile/fusion/fgra/fgra/pes_25/alu/logic_0/logicUnit_25       6.3504     0.0       6.3504      0.0000       0.0000 UnifiedCom_326
system/tile_prci_domain/tile_reset_domain_tile/fusion/fgra/fgra/pes_25/alu/logic_0/logicUnit_26       7.0560     0.0       7.0560      0.0000       0.0000 UnifiedCom_325
system/tile_prci_domain/tile_reset_domain_tile/fusion/fgra/fgra/pes_25/alu/logic_0/logicUnit_27       7.0560     0.0       7.0560      0.0000       0.0000 UnifiedCom_324
system/tile_prci_domain/tile_reset_domain_tile/fusion/fgra/fgra/pes_25/alu/logic_0/logicUnit_28       6.3504     0.0       6.3504      0.0000       0.0000 UnifiedCom_323
system/tile_prci_domain/tile_reset_domain_tile/fusion/fgra/fgra/pes_25/alu/logic_0/logicUnit_29       6.3504     0.0       6.3504      0.0000       0.0000 UnifiedCom_322
system/tile_prci_domain/tile_reset_domain_tile/fusion/fgra/fgra/pes_25/alu/logic_0/logicUnit_3       6.3504     0.0       6.3504      0.0000       0.0000 UnifiedCom_348
system/tile_prci_domain/tile_reset_domain_tile/fusion/fgra/fgra/pes_25/alu/logic_0/logicUnit_30       7.0560     0.0       7.0560      0.0000       0.0000 UnifiedCom_321
system/tile_prci_domain/tile_reset_domain_tile/fusion/fgra/fgra/pes_25/alu/logic_0/logicUnit_31       7.0560     0.0       7.0560      0.0000       0.0000 UnifiedCom_320
system/tile_prci_domain/tile_reset_domain_tile/fusion/fgra/fgra/pes_25/alu/logic_0/logicUnit_4       7.0560     0.0       7.0560      0.0000       0.0000 UnifiedCom_347
system/tile_prci_domain/tile_reset_domain_tile/fusion/fgra/fgra/pes_25/alu/logic_0/logicUnit_5       7.0560     0.0       7.0560      0.0000       0.0000 UnifiedCom_346
system/tile_prci_domain/tile_reset_domain_tile/fusion/fgra/fgra/pes_25/alu/logic_0/logicUnit_6       7.0560     0.0       7.0560      0.0000       0.0000 UnifiedCom_345
system/tile_prci_domain/tile_reset_domain_tile/fusion/fgra/fgra/pes_25/alu/logic_0/logicUnit_7       7.0560     0.0       7.0560      0.0000       0.0000 UnifiedCom_344
system/tile_prci_domain/tile_reset_domain_tile/fusion/fgra/fgra/pes_25/alu/logic_0/logicUnit_8       6.3504     0.0       6.3504      0.0000       0.0000 UnifiedCom_343
system/tile_prci_domain/tile_reset_domain_tile/fusion/fgra/fgra/pes_25/alu/logic_0/logicUnit_9       6.3504     0.0       6.3504      0.0000       0.0000 UnifiedCom_342
system/tile_prci_domain/tile_reset_domain_tile/fusion/fgra/fgra/pes_25/alu/multipler    2857.9152     0.1    2857.9152      0.0000       0.0000 Mul_10
system/tile_prci_domain/tile_reset_domain_tile/fusion/fgra/fgra/pes_25/alu/shift     690.5472     0.0     690.5472      0.0000       0.0000 SHIFT_10
system/tile_prci_domain/tile_reset_domain_tile/fusion/fgra/fgra/pes_25/cfg     694.7808     0.0     194.2752    500.5056       0.0000 ConfigMem_36_4
system/tile_prci_domain/tile_reset_domain_tile/fusion/fgra/fgra/pes_25/delayPipeCG    6877.9537     0.2    3981.9361   2896.0176       0.0000 SharedDelayPipe_24_10
system/tile_prci_domain/tile_reset_domain_tile/fusion/fgra/fgra/pes_25/delayPipeFG     611.7552     0.0     447.1152    164.6400       0.0000 SharedDelayPipe_43_4
system/tile_prci_domain/tile_reset_domain_tile/fusion/fgra/fgra/pes_25/dmr     151.2336     0.0       0.0000    151.2336       0.0000 DualModeReg_10
system/tile_prci_domain/tile_reset_domain_tile/fusion/fgra/fgra/pes_25/lut       5.8800     0.0       5.8800      0.0000       0.0000 LUT_4
system/tile_prci_domain/tile_reset_domain_tile/fusion/fgra/fgra/pes_25/rf4alu       8.2320     0.0       3.5280      4.7040       0.0000 RF_15
system/tile_prci_domain/tile_reset_domain_tile/fusion/fgra/fgra/pes_25/rf4lut       8.9376     0.0       4.2336      4.7040       0.0000 RF_14
system/tile_prci_domain/tile_reset_domain_tile/fusion/fgra/fgra/pes_26   33263.3955     1.0       9.1728      0.0000       0.0000 GPE_26
system/tile_prci_domain/tile_reset_domain_tile/fusion/fgra/fgra/pes_26/Muxn     254.4864     0.0     254.4864      0.0000       0.0000 Muxn_36_119
system/tile_prci_domain/tile_reset_domain_tile/fusion/fgra/fgra/pes_26/Muxn_1     244.6080     0.0     244.6080      0.0000       0.0000 Muxn_36_118
system/tile_prci_domain/tile_reset_domain_tile/fusion/fgra/fgra/pes_26/Muxn_2      10.1136     0.0      10.1136      0.0000       0.0000 Muxn_68_31
system/tile_prci_domain/tile_reset_domain_tile/fusion/fgra/fgra/pes_26/Muxn_3      10.1136     0.0      10.1136      0.0000       0.0000 Muxn_68_30
system/tile_prci_domain/tile_reset_domain_tile/fusion/fgra/fgra/pes_26/Muxn_4      10.1136     0.0      10.1136      0.0000       0.0000 Muxn_68_29
system/tile_prci_domain/tile_reset_domain_tile/fusion/fgra/fgra/pes_26/alu   24379.4211     0.7     515.5584      0.0000       0.0000 ALU_25_2
system/tile_prci_domain/tile_reset_domain_tile/fusion/fgra/fgra/pes_26/alu/arith     419.5968     0.0     419.5968      0.0000       0.0000 ARITH_9
system/tile_prci_domain/tile_reset_domain_tile/fusion/fgra/fgra/pes_26/alu/fadd    5079.1441     0.2       1.4112      0.0000       0.0000 FADD_9
system/tile_prci_domain/tile_reset_domain_tile/fusion/fgra/fgra/pes_26/alu/fadd/fcmaadd    5077.7329     0.2       2.3520      0.0000       0.0000 FCMA_ADD_9
system/tile_prci_domain/tile_reset_domain_tile/fusion/fgra/fgra/pes_26/alu/fadd/fcmaadd/fadd_s1    3518.1217     0.1     655.5024      0.0000       0.0000 FCMA_ADD_s1_9
system/tile_prci_domain/tile_reset_domain_tile/fusion/fgra/fgra/pes_26/alu/fadd/fcmaadd/fadd_s1/far_path_mods_0     867.6528     0.0     385.4928      0.0000       0.0000 FarPath_9
system/tile_prci_domain/tile_reset_domain_tile/fusion/fgra/fgra/pes_26/alu/fadd/fcmaadd/fadd_s1/far_path_mods_0/shiftRightJam     482.1600     0.0     482.1600      0.0000       0.0000 ShiftRightJam_9
system/tile_prci_domain/tile_reset_domain_tile/fusion/fgra/fgra/pes_26/alu/fadd/fcmaadd/fadd_s1/near_path_mods_0     981.4896     0.0     730.0608      0.0000       0.0000 NearPath_19
system/tile_prci_domain/tile_reset_domain_tile/fusion/fgra/fgra/pes_26/alu/fadd/fcmaadd/fadd_s1/near_path_mods_0/lza_ab     149.5872     0.0     149.5872      0.0000       0.0000 LZA_20
system/tile_prci_domain/tile_reset_domain_tile/fusion/fgra/fgra/pes_26/alu/fadd/fcmaadd/fadd_s1/near_path_mods_0/lzc_clz     101.8416     0.0     101.8416      0.0000       0.0000 CLZ_21
system/tile_prci_domain/tile_reset_domain_tile/fusion/fgra/fgra/pes_26/alu/fadd/fcmaadd/fadd_s1/near_path_mods_1    1013.4768     0.0     751.4640      0.0000       0.0000 NearPath_18
system/tile_prci_domain/tile_reset_domain_tile/fusion/fgra/fgra/pes_26/alu/fadd/fcmaadd/fadd_s1/near_path_mods_1/lza_ab     156.4080     0.0     156.4080      0.0000       0.0000 LZA_19
system/tile_prci_domain/tile_reset_domain_tile/fusion/fgra/fgra/pes_26/alu/fadd/fcmaadd/fadd_s1/near_path_mods_1/lzc_clz     105.6048     0.0     105.6048      0.0000       0.0000 CLZ_20
system/tile_prci_domain/tile_reset_domain_tile/fusion/fgra/fgra/pes_26/alu/fadd/fcmaadd/fadd_s2    1557.2592     0.0    1153.8912      0.0000       0.0000 FCMA_ADD_s2_9
system/tile_prci_domain/tile_reset_domain_tile/fusion/fgra/fgra/pes_26/alu/fadd/fcmaadd/fadd_s2/far_path_rounder     203.2128     0.0     203.2128      0.0000       0.0000 RoundingUnit_101
system/tile_prci_domain/tile_reset_domain_tile/fusion/fgra/fgra/pes_26/alu/fadd/fcmaadd/fadd_s2/near_path_rounder     200.1552     0.0     200.1552      0.0000       0.0000 RoundingUnit_100
system/tile_prci_domain/tile_reset_domain_tile/fusion/fgra/fgra/pes_26/alu/fdiv   14044.7329     0.4     139.4736    884.3520       0.0000 fpDiv_9
system/tile_prci_domain/tile_reset_domain_tile/fusion/fgra/fgra/pes_26/alu/fdiv/inverter    9541.8289     0.3    1324.8816    881.7648       0.0000 fpInverter_9
system/tile_prci_domain/tile_reset_domain_tile/fusion/fgra/fgra/pes_26/alu/fdiv/inverter/adder     112.8960     0.0     112.8960      0.0000       0.0000 VarSizeAdder_9
system/tile_prci_domain/tile_reset_domain_tile/fusion/fgra/fgra/pes_26/alu/fdiv/inverter/mul1    1692.7344     0.1    1692.7344      0.0000       0.0000 VarSizeMul_9
system/tile_prci_domain/tile_reset_domain_tile/fusion/fgra/fgra/pes_26/alu/fdiv/inverter/mul2    1491.6384     0.0    1491.6384      0.0000       0.0000 mul2_9
system/tile_prci_domain/tile_reset_domain_tile/fusion/fgra/fgra/pes_26/alu/fdiv/inverter/mul3    2984.9232     0.1    2984.9232      0.0000       0.0000 mul3_9
system/tile_prci_domain/tile_reset_domain_tile/fusion/fgra/fgra/pes_26/alu/fdiv/inverter/sub2     139.4736     0.0     139.4736      0.0000       0.0000 VarSizeSub_9
system/tile_prci_domain/tile_reset_domain_tile/fusion/fgra/fgra/pes_26/alu/fdiv/inverter/tableC     179.6928     0.0     179.6928      0.0000       0.0000 lookupC_9
system/tile_prci_domain/tile_reset_domain_tile/fusion/fgra/fgra/pes_26/alu/fdiv/inverter/tableJ     269.5392     0.0     269.5392      0.0000       0.0000 lookupJ_9
system/tile_prci_domain/tile_reset_domain_tile/fusion/fgra/fgra/pes_26/alu/fdiv/inverter/tableL     464.2848     0.0     337.2768    127.0080       0.0000 lookupL_9
system/tile_prci_domain/tile_reset_domain_tile/fusion/fgra/fgra/pes_26/alu/fdiv/multiplier    3479.0784     0.1    3292.8000    164.6400       0.0000 FPMult_9
system/tile_prci_domain/tile_reset_domain_tile/fusion/fgra/fgra/pes_26/alu/fdiv/multiplier/rounder      21.6384     0.0      21.6384      0.0000       0.0000 MantissaRounder_9
system/tile_prci_domain/tile_reset_domain_tile/fusion/fgra/fgra/pes_26/alu/fmax     273.7728     0.0     273.7728      0.0000       0.0000 FCMP_27
system/tile_prci_domain/tile_reset_domain_tile/fusion/fgra/fgra/pes_26/alu/fmin     271.4208     0.0     271.4208      0.0000       0.0000 FCMP_28
system/tile_prci_domain/tile_reset_domain_tile/fusion/fgra/fgra/pes_26/alu/logic_0     223.9104     0.0       9.4080      0.0000       0.0000 LOGIC_9
system/tile_prci_domain/tile_reset_domain_tile/fusion/fgra/fgra/pes_26/alu/logic_0/logicUnit       6.3504     0.0       6.3504      0.0000       0.0000 UnifiedCom_319
system/tile_prci_domain/tile_reset_domain_tile/fusion/fgra/fgra/pes_26/alu/logic_0/logicUnit_1       6.3504     0.0       6.3504      0.0000       0.0000 UnifiedCom_318
system/tile_prci_domain/tile_reset_domain_tile/fusion/fgra/fgra/pes_26/alu/logic_0/logicUnit_10       6.3504     0.0       6.3504      0.0000       0.0000 UnifiedCom_309
system/tile_prci_domain/tile_reset_domain_tile/fusion/fgra/fgra/pes_26/alu/logic_0/logicUnit_11       7.0560     0.0       7.0560      0.0000       0.0000 UnifiedCom_308
system/tile_prci_domain/tile_reset_domain_tile/fusion/fgra/fgra/pes_26/alu/logic_0/logicUnit_12       6.3504     0.0       6.3504      0.0000       0.0000 UnifiedCom_307
system/tile_prci_domain/tile_reset_domain_tile/fusion/fgra/fgra/pes_26/alu/logic_0/logicUnit_13       7.0560     0.0       7.0560      0.0000       0.0000 UnifiedCom_306
system/tile_prci_domain/tile_reset_domain_tile/fusion/fgra/fgra/pes_26/alu/logic_0/logicUnit_14       6.3504     0.0       6.3504      0.0000       0.0000 UnifiedCom_305
system/tile_prci_domain/tile_reset_domain_tile/fusion/fgra/fgra/pes_26/alu/logic_0/logicUnit_15       7.0560     0.0       7.0560      0.0000       0.0000 UnifiedCom_304
system/tile_prci_domain/tile_reset_domain_tile/fusion/fgra/fgra/pes_26/alu/logic_0/logicUnit_16       7.0560     0.0       7.0560      0.0000       0.0000 UnifiedCom_303
system/tile_prci_domain/tile_reset_domain_tile/fusion/fgra/fgra/pes_26/alu/logic_0/logicUnit_17       6.3504     0.0       6.3504      0.0000       0.0000 UnifiedCom_302
system/tile_prci_domain/tile_reset_domain_tile/fusion/fgra/fgra/pes_26/alu/logic_0/logicUnit_18       7.0560     0.0       7.0560      0.0000       0.0000 UnifiedCom_301
system/tile_prci_domain/tile_reset_domain_tile/fusion/fgra/fgra/pes_26/alu/logic_0/logicUnit_19       6.3504     0.0       6.3504      0.0000       0.0000 UnifiedCom_300
system/tile_prci_domain/tile_reset_domain_tile/fusion/fgra/fgra/pes_26/alu/logic_0/logicUnit_2       6.3504     0.0       6.3504      0.0000       0.0000 UnifiedCom_317
system/tile_prci_domain/tile_reset_domain_tile/fusion/fgra/fgra/pes_26/alu/logic_0/logicUnit_20       7.0560     0.0       7.0560      0.0000       0.0000 UnifiedCom_299
system/tile_prci_domain/tile_reset_domain_tile/fusion/fgra/fgra/pes_26/alu/logic_0/logicUnit_21       6.3504     0.0       6.3504      0.0000       0.0000 UnifiedCom_298
system/tile_prci_domain/tile_reset_domain_tile/fusion/fgra/fgra/pes_26/alu/logic_0/logicUnit_22       7.0560     0.0       7.0560      0.0000       0.0000 UnifiedCom_297
system/tile_prci_domain/tile_reset_domain_tile/fusion/fgra/fgra/pes_26/alu/logic_0/logicUnit_23       7.0560     0.0       7.0560      0.0000       0.0000 UnifiedCom_296
system/tile_prci_domain/tile_reset_domain_tile/fusion/fgra/fgra/pes_26/alu/logic_0/logicUnit_24       7.0560     0.0       7.0560      0.0000       0.0000 UnifiedCom_295
system/tile_prci_domain/tile_reset_domain_tile/fusion/fgra/fgra/pes_26/alu/logic_0/logicUnit_25       6.3504     0.0       6.3504      0.0000       0.0000 UnifiedCom_294
system/tile_prci_domain/tile_reset_domain_tile/fusion/fgra/fgra/pes_26/alu/logic_0/logicUnit_26       7.0560     0.0       7.0560      0.0000       0.0000 UnifiedCom_293
system/tile_prci_domain/tile_reset_domain_tile/fusion/fgra/fgra/pes_26/alu/logic_0/logicUnit_27       7.0560     0.0       7.0560      0.0000       0.0000 UnifiedCom_292
system/tile_prci_domain/tile_reset_domain_tile/fusion/fgra/fgra/pes_26/alu/logic_0/logicUnit_28       6.3504     0.0       6.3504      0.0000       0.0000 UnifiedCom_291
system/tile_prci_domain/tile_reset_domain_tile/fusion/fgra/fgra/pes_26/alu/logic_0/logicUnit_29       7.0560     0.0       7.0560      0.0000       0.0000 UnifiedCom_290
system/tile_prci_domain/tile_reset_domain_tile/fusion/fgra/fgra/pes_26/alu/logic_0/logicUnit_3       6.3504     0.0       6.3504      0.0000       0.0000 UnifiedCom_316
system/tile_prci_domain/tile_reset_domain_tile/fusion/fgra/fgra/pes_26/alu/logic_0/logicUnit_30       6.3504     0.0       6.3504      0.0000       0.0000 UnifiedCom_289
system/tile_prci_domain/tile_reset_domain_tile/fusion/fgra/fgra/pes_26/alu/logic_0/logicUnit_31       7.0560     0.0       7.0560      0.0000       0.0000 UnifiedCom_288
system/tile_prci_domain/tile_reset_domain_tile/fusion/fgra/fgra/pes_26/alu/logic_0/logicUnit_4       7.0560     0.0       7.0560      0.0000       0.0000 UnifiedCom_315
system/tile_prci_domain/tile_reset_domain_tile/fusion/fgra/fgra/pes_26/alu/logic_0/logicUnit_5       7.0560     0.0       7.0560      0.0000       0.0000 UnifiedCom_314
system/tile_prci_domain/tile_reset_domain_tile/fusion/fgra/fgra/pes_26/alu/logic_0/logicUnit_6       7.0560     0.0       7.0560      0.0000       0.0000 UnifiedCom_313
system/tile_prci_domain/tile_reset_domain_tile/fusion/fgra/fgra/pes_26/alu/logic_0/logicUnit_7       6.3504     0.0       6.3504      0.0000       0.0000 UnifiedCom_312
system/tile_prci_domain/tile_reset_domain_tile/fusion/fgra/fgra/pes_26/alu/logic_0/logicUnit_8       6.3504     0.0       6.3504      0.0000       0.0000 UnifiedCom_311
system/tile_prci_domain/tile_reset_domain_tile/fusion/fgra/fgra/pes_26/alu/logic_0/logicUnit_9       6.3504     0.0       6.3504      0.0000       0.0000 UnifiedCom_310
system/tile_prci_domain/tile_reset_domain_tile/fusion/fgra/fgra/pes_26/alu/multipler    2861.2080     0.1    2861.2080      0.0000       0.0000 Mul_9
system/tile_prci_domain/tile_reset_domain_tile/fusion/fgra/fgra/pes_26/alu/shift     690.0768     0.0     690.0768      0.0000       0.0000 SHIFT_9
system/tile_prci_domain/tile_reset_domain_tile/fusion/fgra/fgra/pes_26/cfg     663.7344     0.0     194.2752    469.4592       0.0000 ConfigMem_36_3
system/tile_prci_domain/tile_reset_domain_tile/fusion/fgra/fgra/pes_26/delayPipeCG    6896.0641     0.2    4009.9249   2886.1392       0.0000 SharedDelayPipe_24_9
system/tile_prci_domain/tile_reset_domain_tile/fusion/fgra/fgra/pes_26/delayPipeFG     611.7552     0.0     447.1152    164.6400       0.0000 SharedDelayPipe_43_3
system/tile_prci_domain/tile_reset_domain_tile/fusion/fgra/fgra/pes_26/dmr     151.2336     0.0       0.0000    151.2336       0.0000 DualModeReg_9
system/tile_prci_domain/tile_reset_domain_tile/fusion/fgra/fgra/pes_26/lut       5.8800     0.0       5.8800      0.0000       0.0000 LUT_3
system/tile_prci_domain/tile_reset_domain_tile/fusion/fgra/fgra/pes_26/rf4alu       8.2320     0.0       3.5280      4.7040       0.0000 RF_13
system/tile_prci_domain/tile_reset_domain_tile/fusion/fgra/fgra/pes_26/rf4lut       8.4672     0.0       3.7632      4.7040       0.0000 RF_12
system/tile_prci_domain/tile_reset_domain_tile/fusion/fgra/fgra/pes_27   33128.3907     1.0       8.7024      0.0000       0.0000 GPE_27
system/tile_prci_domain/tile_reset_domain_tile/fusion/fgra/fgra/pes_27/Muxn     243.6672     0.0     243.6672      0.0000       0.0000 Muxn_36_117
system/tile_prci_domain/tile_reset_domain_tile/fusion/fgra/fgra/pes_27/Muxn_1     247.9008     0.0     247.9008      0.0000       0.0000 Muxn_36_116
system/tile_prci_domain/tile_reset_domain_tile/fusion/fgra/fgra/pes_27/Muxn_2      10.1136     0.0      10.1136      0.0000       0.0000 Muxn_68_28
system/tile_prci_domain/tile_reset_domain_tile/fusion/fgra/fgra/pes_27/Muxn_3      10.1136     0.0      10.1136      0.0000       0.0000 Muxn_68_27
system/tile_prci_domain/tile_reset_domain_tile/fusion/fgra/fgra/pes_27/Muxn_4      10.1136     0.0      10.1136      0.0000       0.0000 Muxn_68_26
system/tile_prci_domain/tile_reset_domain_tile/fusion/fgra/fgra/pes_27/alu   24227.2467     0.7     526.1424      0.0000       0.0000 ALU_25_1
system/tile_prci_domain/tile_reset_domain_tile/fusion/fgra/fgra/pes_27/alu/arith     418.6560     0.0     418.6560      0.0000       0.0000 ARITH_8
system/tile_prci_domain/tile_reset_domain_tile/fusion/fgra/fgra/pes_27/alu/fadd    4979.1841     0.2       0.0000      0.0000       0.0000 FADD_8
system/tile_prci_domain/tile_reset_domain_tile/fusion/fgra/fgra/pes_27/alu/fadd/fcmaadd    4979.1841     0.2       2.3520      0.0000       0.0000 FCMA_ADD_8
system/tile_prci_domain/tile_reset_domain_tile/fusion/fgra/fgra/pes_27/alu/fadd/fcmaadd/fadd_s1    3456.2641     0.1     666.3216      0.0000       0.0000 FCMA_ADD_s1_8
system/tile_prci_domain/tile_reset_domain_tile/fusion/fgra/fgra/pes_27/alu/fadd/fcmaadd/fadd_s1/far_path_mods_0     859.1856     0.0     385.9632      0.0000       0.0000 FarPath_8
system/tile_prci_domain/tile_reset_domain_tile/fusion/fgra/fgra/pes_27/alu/fadd/fcmaadd/fadd_s1/far_path_mods_0/shiftRightJam     473.2224     0.0     473.2224      0.0000       0.0000 ShiftRightJam_8
system/tile_prci_domain/tile_reset_domain_tile/fusion/fgra/fgra/pes_27/alu/fadd/fcmaadd/fadd_s1/near_path_mods_0     965.9664     0.0     716.8896      0.0000       0.0000 NearPath_17
system/tile_prci_domain/tile_reset_domain_tile/fusion/fgra/fgra/pes_27/alu/fadd/fcmaadd/fadd_s1/near_path_mods_0/lza_ab     154.7616     0.0     154.7616      0.0000       0.0000 LZA_18
system/tile_prci_domain/tile_reset_domain_tile/fusion/fgra/fgra/pes_27/alu/fadd/fcmaadd/fadd_s1/near_path_mods_0/lzc_clz      94.3152     0.0      94.3152      0.0000       0.0000 CLZ_19
system/tile_prci_domain/tile_reset_domain_tile/fusion/fgra/fgra/pes_27/alu/fadd/fcmaadd/fadd_s1/near_path_mods_1     964.7904     0.0     718.3008      0.0000       0.0000 NearPath_16
system/tile_prci_domain/tile_reset_domain_tile/fusion/fgra/fgra/pes_27/alu/fadd/fcmaadd/fadd_s1/near_path_mods_1/lza_ab     147.9408     0.0     147.9408      0.0000       0.0000 LZA_17
system/tile_prci_domain/tile_reset_domain_tile/fusion/fgra/fgra/pes_27/alu/fadd/fcmaadd/fadd_s1/near_path_mods_1/lzc_clz      98.5488     0.0      98.5488      0.0000       0.0000 CLZ_18
system/tile_prci_domain/tile_reset_domain_tile/fusion/fgra/fgra/pes_27/alu/fadd/fcmaadd/fadd_s2    1520.5680     0.0    1135.3104      0.0000       0.0000 FCMA_ADD_s2_8
system/tile_prci_domain/tile_reset_domain_tile/fusion/fgra/fgra/pes_27/alu/fadd/fcmaadd/fadd_s2/far_path_rounder     203.9184     0.0     203.9184      0.0000       0.0000 RoundingUnit_98
system/tile_prci_domain/tile_reset_domain_tile/fusion/fgra/fgra/pes_27/alu/fadd/fcmaadd/fadd_s2/near_path_rounder     181.3392     0.0     181.3392      0.0000       0.0000 RoundingUnit_97
system/tile_prci_domain/tile_reset_domain_tile/fusion/fgra/fgra/pes_27/alu/fdiv   13979.1121     0.4     137.8272    884.3520       0.0000 fpDiv_8
system/tile_prci_domain/tile_reset_domain_tile/fusion/fgra/fgra/pes_27/alu/fdiv/inverter    9483.7345     0.3    1272.9024    882.9408       0.0000 fpInverter_8
system/tile_prci_domain/tile_reset_domain_tile/fusion/fgra/fgra/pes_27/alu/fdiv/inverter/adder     112.8960     0.0     112.8960      0.0000       0.0000 VarSizeAdder_8
system/tile_prci_domain/tile_reset_domain_tile/fusion/fgra/fgra/pes_27/alu/fdiv/inverter/mul1    1706.8464     0.1    1706.8464      0.0000       0.0000 VarSizeMul_8
system/tile_prci_domain/tile_reset_domain_tile/fusion/fgra/fgra/pes_27/alu/fdiv/inverter/mul2    1471.1760     0.0    1471.1760      0.0000       0.0000 mul2_8
system/tile_prci_domain/tile_reset_domain_tile/fusion/fgra/fgra/pes_27/alu/fdiv/inverter/mul3    2982.3360     0.1    2982.3360      0.0000       0.0000 mul3_8
system/tile_prci_domain/tile_reset_domain_tile/fusion/fgra/fgra/pes_27/alu/fdiv/inverter/sub2     139.4736     0.0     139.4736      0.0000       0.0000 VarSizeSub_8
system/tile_prci_domain/tile_reset_domain_tile/fusion/fgra/fgra/pes_27/alu/fdiv/inverter/tableC     180.1632     0.0     180.1632      0.0000       0.0000 lookupC_8
system/tile_prci_domain/tile_reset_domain_tile/fusion/fgra/fgra/pes_27/alu/fdiv/inverter/tableJ     271.1856     0.0     271.1856      0.0000       0.0000 lookupJ_8
system/tile_prci_domain/tile_reset_domain_tile/fusion/fgra/fgra/pes_27/alu/fdiv/inverter/tableL     463.8144     0.0     336.8064    127.0080       0.0000 lookupL_8
system/tile_prci_domain/tile_reset_domain_tile/fusion/fgra/fgra/pes_27/alu/fdiv/multiplier    3473.1984     0.1    3286.9200    164.6400       0.0000 FPMult_8
system/tile_prci_domain/tile_reset_domain_tile/fusion/fgra/fgra/pes_27/alu/fdiv/multiplier/rounder      21.6384     0.0      21.6384      0.0000       0.0000 MantissaRounder_8
system/tile_prci_domain/tile_reset_domain_tile/fusion/fgra/fgra/pes_27/alu/fmax     275.6544     0.0     275.6544      0.0000       0.0000 FCMP_24
system/tile_prci_domain/tile_reset_domain_tile/fusion/fgra/fgra/pes_27/alu/fmin     269.7744     0.0     269.7744      0.0000       0.0000 FCMP_25
system/tile_prci_domain/tile_reset_domain_tile/fusion/fgra/fgra/pes_27/alu/logic_0     225.3216     0.0       9.4080      0.0000       0.0000 LOGIC_8
system/tile_prci_domain/tile_reset_domain_tile/fusion/fgra/fgra/pes_27/alu/logic_0/logicUnit       6.3504     0.0       6.3504      0.0000       0.0000 UnifiedCom_287
system/tile_prci_domain/tile_reset_domain_tile/fusion/fgra/fgra/pes_27/alu/logic_0/logicUnit_1       6.3504     0.0       6.3504      0.0000       0.0000 UnifiedCom_286
system/tile_prci_domain/tile_reset_domain_tile/fusion/fgra/fgra/pes_27/alu/logic_0/logicUnit_10       6.3504     0.0       6.3504      0.0000       0.0000 UnifiedCom_277
system/tile_prci_domain/tile_reset_domain_tile/fusion/fgra/fgra/pes_27/alu/logic_0/logicUnit_11       6.3504     0.0       6.3504      0.0000       0.0000 UnifiedCom_276
system/tile_prci_domain/tile_reset_domain_tile/fusion/fgra/fgra/pes_27/alu/logic_0/logicUnit_12       6.3504     0.0       6.3504      0.0000       0.0000 UnifiedCom_275
system/tile_prci_domain/tile_reset_domain_tile/fusion/fgra/fgra/pes_27/alu/logic_0/logicUnit_13       7.0560     0.0       7.0560      0.0000       0.0000 UnifiedCom_274
system/tile_prci_domain/tile_reset_domain_tile/fusion/fgra/fgra/pes_27/alu/logic_0/logicUnit_14       6.3504     0.0       6.3504      0.0000       0.0000 UnifiedCom_273
system/tile_prci_domain/tile_reset_domain_tile/fusion/fgra/fgra/pes_27/alu/logic_0/logicUnit_15       6.3504     0.0       6.3504      0.0000       0.0000 UnifiedCom_272
system/tile_prci_domain/tile_reset_domain_tile/fusion/fgra/fgra/pes_27/alu/logic_0/logicUnit_16       6.3504     0.0       6.3504      0.0000       0.0000 UnifiedCom_271
system/tile_prci_domain/tile_reset_domain_tile/fusion/fgra/fgra/pes_27/alu/logic_0/logicUnit_17       7.0560     0.0       7.0560      0.0000       0.0000 UnifiedCom_270
system/tile_prci_domain/tile_reset_domain_tile/fusion/fgra/fgra/pes_27/alu/logic_0/logicUnit_18       6.3504     0.0       6.3504      0.0000       0.0000 UnifiedCom_269
system/tile_prci_domain/tile_reset_domain_tile/fusion/fgra/fgra/pes_27/alu/logic_0/logicUnit_19       6.3504     0.0       6.3504      0.0000       0.0000 UnifiedCom_268
system/tile_prci_domain/tile_reset_domain_tile/fusion/fgra/fgra/pes_27/alu/logic_0/logicUnit_2       6.3504     0.0       6.3504      0.0000       0.0000 UnifiedCom_285
system/tile_prci_domain/tile_reset_domain_tile/fusion/fgra/fgra/pes_27/alu/logic_0/logicUnit_20       7.0560     0.0       7.0560      0.0000       0.0000 UnifiedCom_267
system/tile_prci_domain/tile_reset_domain_tile/fusion/fgra/fgra/pes_27/alu/logic_0/logicUnit_21       7.0560     0.0       7.0560      0.0000       0.0000 UnifiedCom_266
system/tile_prci_domain/tile_reset_domain_tile/fusion/fgra/fgra/pes_27/alu/logic_0/logicUnit_22       7.0560     0.0       7.0560      0.0000       0.0000 UnifiedCom_265
system/tile_prci_domain/tile_reset_domain_tile/fusion/fgra/fgra/pes_27/alu/logic_0/logicUnit_23       7.0560     0.0       7.0560      0.0000       0.0000 UnifiedCom_264
system/tile_prci_domain/tile_reset_domain_tile/fusion/fgra/fgra/pes_27/alu/logic_0/logicUnit_24       7.0560     0.0       7.0560      0.0000       0.0000 UnifiedCom_263
system/tile_prci_domain/tile_reset_domain_tile/fusion/fgra/fgra/pes_27/alu/logic_0/logicUnit_25       7.0560     0.0       7.0560      0.0000       0.0000 UnifiedCom_262
system/tile_prci_domain/tile_reset_domain_tile/fusion/fgra/fgra/pes_27/alu/logic_0/logicUnit_26       7.0560     0.0       7.0560      0.0000       0.0000 UnifiedCom_261
system/tile_prci_domain/tile_reset_domain_tile/fusion/fgra/fgra/pes_27/alu/logic_0/logicUnit_27       7.0560     0.0       7.0560      0.0000       0.0000 UnifiedCom_260
system/tile_prci_domain/tile_reset_domain_tile/fusion/fgra/fgra/pes_27/alu/logic_0/logicUnit_28       7.0560     0.0       7.0560      0.0000       0.0000 UnifiedCom_259
system/tile_prci_domain/tile_reset_domain_tile/fusion/fgra/fgra/pes_27/alu/logic_0/logicUnit_29       7.0560     0.0       7.0560      0.0000       0.0000 UnifiedCom_258
system/tile_prci_domain/tile_reset_domain_tile/fusion/fgra/fgra/pes_27/alu/logic_0/logicUnit_3       6.3504     0.0       6.3504      0.0000       0.0000 UnifiedCom_284
system/tile_prci_domain/tile_reset_domain_tile/fusion/fgra/fgra/pes_27/alu/logic_0/logicUnit_30       7.0560     0.0       7.0560      0.0000       0.0000 UnifiedCom_257
system/tile_prci_domain/tile_reset_domain_tile/fusion/fgra/fgra/pes_27/alu/logic_0/logicUnit_31       7.0560     0.0       7.0560      0.0000       0.0000 UnifiedCom_256
system/tile_prci_domain/tile_reset_domain_tile/fusion/fgra/fgra/pes_27/alu/logic_0/logicUnit_4       7.0560     0.0       7.0560      0.0000       0.0000 UnifiedCom_283
system/tile_prci_domain/tile_reset_domain_tile/fusion/fgra/fgra/pes_27/alu/logic_0/logicUnit_5       7.0560     0.0       7.0560      0.0000       0.0000 UnifiedCom_282
system/tile_prci_domain/tile_reset_domain_tile/fusion/fgra/fgra/pes_27/alu/logic_0/logicUnit_6       7.0560     0.0       7.0560      0.0000       0.0000 UnifiedCom_281
system/tile_prci_domain/tile_reset_domain_tile/fusion/fgra/fgra/pes_27/alu/logic_0/logicUnit_7       7.0560     0.0       7.0560      0.0000       0.0000 UnifiedCom_280
system/tile_prci_domain/tile_reset_domain_tile/fusion/fgra/fgra/pes_27/alu/logic_0/logicUnit_8       6.3504     0.0       6.3504      0.0000       0.0000 UnifiedCom_279
system/tile_prci_domain/tile_reset_domain_tile/fusion/fgra/fgra/pes_27/alu/logic_0/logicUnit_9       6.3504     0.0       6.3504      0.0000       0.0000 UnifiedCom_278
system/tile_prci_domain/tile_reset_domain_tile/fusion/fgra/fgra/pes_27/alu/multipler    2863.0896     0.1    2863.0896      0.0000       0.0000 Mul_8
system/tile_prci_domain/tile_reset_domain_tile/fusion/fgra/fgra/pes_27/alu/shift     690.3120     0.0     690.3120      0.0000       0.0000 SHIFT_8
system/tile_prci_domain/tile_reset_domain_tile/fusion/fgra/fgra/pes_27/cfg     687.2544     0.0     194.2752    492.9792       0.0000 ConfigMem_36_2
system/tile_prci_domain/tile_reset_domain_tile/fusion/fgra/fgra/pes_27/delayPipeCG    6895.1233     0.2    3994.1665   2900.9568       0.0000 SharedDelayPipe_24_8
system/tile_prci_domain/tile_reset_domain_tile/fusion/fgra/fgra/pes_27/delayPipeFG     611.7552     0.0     447.1152    164.6400       0.0000 SharedDelayPipe_43_2
system/tile_prci_domain/tile_reset_domain_tile/fusion/fgra/fgra/pes_27/dmr     153.8208     0.0       0.0000    153.8208       0.0000 DualModeReg_8
system/tile_prci_domain/tile_reset_domain_tile/fusion/fgra/fgra/pes_27/lut       5.8800     0.0       5.8800      0.0000       0.0000 LUT_2
system/tile_prci_domain/tile_reset_domain_tile/fusion/fgra/fgra/pes_27/rf4alu       8.2320     0.0       3.5280      4.7040       0.0000 RF_11
system/tile_prci_domain/tile_reset_domain_tile/fusion/fgra/fgra/pes_27/rf4lut       8.4672     0.0       3.7632      4.7040       0.0000 RF_10
system/tile_prci_domain/tile_reset_domain_tile/fusion/fgra/fgra/pes_28   33158.4963     1.0      10.1136      0.0000       0.0000 GPE_28
system/tile_prci_domain/tile_reset_domain_tile/fusion/fgra/fgra/pes_28/Muxn     253.5456     0.0     253.5456      0.0000       0.0000 Muxn_36_115
system/tile_prci_domain/tile_reset_domain_tile/fusion/fgra/fgra/pes_28/Muxn_1     257.3088     0.0     257.3088      0.0000       0.0000 Muxn_36_114
system/tile_prci_domain/tile_reset_domain_tile/fusion/fgra/fgra/pes_28/Muxn_2      10.1136     0.0      10.1136      0.0000       0.0000 Muxn_68_25
system/tile_prci_domain/tile_reset_domain_tile/fusion/fgra/fgra/pes_28/Muxn_3      10.1136     0.0      10.1136      0.0000       0.0000 Muxn_68_24
system/tile_prci_domain/tile_reset_domain_tile/fusion/fgra/fgra/pes_28/Muxn_4      10.1136     0.0      10.1136      0.0000       0.0000 Muxn_68_23
system/tile_prci_domain/tile_reset_domain_tile/fusion/fgra/fgra/pes_28/alu   24243.9459     0.7     540.9600      0.0000       0.0000 ALU_25_0
system/tile_prci_domain/tile_reset_domain_tile/fusion/fgra/fgra/pes_28/alu/arith     418.6560     0.0     418.6560      0.0000       0.0000 ARITH_7
system/tile_prci_domain/tile_reset_domain_tile/fusion/fgra/fgra/pes_28/alu/fadd    4982.7121     0.2       0.0000      0.0000       0.0000 FADD_7
system/tile_prci_domain/tile_reset_domain_tile/fusion/fgra/fgra/pes_28/alu/fadd/fcmaadd    4982.7121     0.2       2.3520      0.0000       0.0000 FCMA_ADD_7
system/tile_prci_domain/tile_reset_domain_tile/fusion/fgra/fgra/pes_28/alu/fadd/fcmaadd/fadd_s1    3441.6817     0.1     630.8064      0.0000       0.0000 FCMA_ADD_s1_7
system/tile_prci_domain/tile_reset_domain_tile/fusion/fgra/fgra/pes_28/alu/fadd/fcmaadd/fadd_s1/far_path_mods_0     829.3152     0.0     352.8000      0.0000       0.0000 FarPath_7
system/tile_prci_domain/tile_reset_domain_tile/fusion/fgra/fgra/pes_28/alu/fadd/fcmaadd/fadd_s1/far_path_mods_0/shiftRightJam     476.5152     0.0     476.5152      0.0000       0.0000 ShiftRightJam_7
system/tile_prci_domain/tile_reset_domain_tile/fusion/fgra/fgra/pes_28/alu/fadd/fcmaadd/fadd_s1/near_path_mods_0     983.3712     0.0     729.3552      0.0000       0.0000 NearPath_15
system/tile_prci_domain/tile_reset_domain_tile/fusion/fgra/fgra/pes_28/alu/fadd/fcmaadd/fadd_s1/near_path_mods_0/lza_ab     164.6400     0.0     164.6400      0.0000       0.0000 LZA_16
system/tile_prci_domain/tile_reset_domain_tile/fusion/fgra/fgra/pes_28/alu/fadd/fcmaadd/fadd_s1/near_path_mods_0/lzc_clz      89.3760     0.0      89.3760      0.0000       0.0000 CLZ_17
system/tile_prci_domain/tile_reset_domain_tile/fusion/fgra/fgra/pes_28/alu/fadd/fcmaadd/fadd_s1/near_path_mods_1     998.1888     0.0     742.5264      0.0000       0.0000 NearPath_14
system/tile_prci_domain/tile_reset_domain_tile/fusion/fgra/fgra/pes_28/alu/fadd/fcmaadd/fadd_s1/near_path_mods_1/lza_ab     161.3472     0.0     161.3472      0.0000       0.0000 LZA_15
system/tile_prci_domain/tile_reset_domain_tile/fusion/fgra/fgra/pes_28/alu/fadd/fcmaadd/fadd_s1/near_path_mods_1/lzc_clz      94.3152     0.0      94.3152      0.0000       0.0000 CLZ_16
system/tile_prci_domain/tile_reset_domain_tile/fusion/fgra/fgra/pes_28/alu/fadd/fcmaadd/fadd_s2    1538.6784     0.0    1118.8464      0.0000       0.0000 FCMA_ADD_s2_7
system/tile_prci_domain/tile_reset_domain_tile/fusion/fgra/fgra/pes_28/alu/fadd/fcmaadd/fadd_s2/far_path_rounder     223.4400     0.0     223.4400      0.0000       0.0000 RoundingUnit_95
system/tile_prci_domain/tile_reset_domain_tile/fusion/fgra/fgra/pes_28/alu/fadd/fcmaadd/fadd_s2/near_path_rounder     196.3920     0.0     196.3920      0.0000       0.0000 RoundingUnit_94
system/tile_prci_domain/tile_reset_domain_tile/fusion/fgra/fgra/pes_28/alu/fdiv   13992.0481     0.4     137.8272    884.3520       0.0000 fpDiv_7
system/tile_prci_domain/tile_reset_domain_tile/fusion/fgra/fgra/pes_28/alu/fdiv/inverter    9499.0225     0.3    1309.1232    880.8240       0.0000 fpInverter_7
system/tile_prci_domain/tile_reset_domain_tile/fusion/fgra/fgra/pes_28/alu/fdiv/inverter/adder     112.8960     0.0     112.8960      0.0000       0.0000 VarSizeAdder_7
system/tile_prci_domain/tile_reset_domain_tile/fusion/fgra/fgra/pes_28/alu/fdiv/inverter/mul1    1683.3264     0.1    1683.3264      0.0000       0.0000 VarSizeMul_7
system/tile_prci_domain/tile_reset_domain_tile/fusion/fgra/fgra/pes_28/alu/fdiv/inverter/mul2    1472.8224     0.0    1472.8224      0.0000       0.0000 mul2_7
system/tile_prci_domain/tile_reset_domain_tile/fusion/fgra/fgra/pes_28/alu/fdiv/inverter/mul3    2982.1008     0.1    2982.1008      0.0000       0.0000 mul3_7
system/tile_prci_domain/tile_reset_domain_tile/fusion/fgra/fgra/pes_28/alu/fdiv/inverter/sub2     139.4736     0.0     139.4736      0.0000       0.0000 VarSizeSub_7
system/tile_prci_domain/tile_reset_domain_tile/fusion/fgra/fgra/pes_28/alu/fdiv/inverter/tableC     181.8096     0.0     181.8096      0.0000       0.0000 lookupC_7
system/tile_prci_domain/tile_reset_domain_tile/fusion/fgra/fgra/pes_28/alu/fdiv/inverter/tableJ     271.6560     0.0     271.6560      0.0000       0.0000 lookupJ_7
system/tile_prci_domain/tile_reset_domain_tile/fusion/fgra/fgra/pes_28/alu/fdiv/inverter/tableL     464.9904     0.0     337.9824    127.0080       0.0000 lookupL_7
system/tile_prci_domain/tile_reset_domain_tile/fusion/fgra/fgra/pes_28/alu/fdiv/multiplier    3470.8464     0.1    3284.5680    164.6400       0.0000 FPMult_7
system/tile_prci_domain/tile_reset_domain_tile/fusion/fgra/fgra/pes_28/alu/fdiv/multiplier/rounder      21.6384     0.0      21.6384      0.0000       0.0000 MantissaRounder_7
system/tile_prci_domain/tile_reset_domain_tile/fusion/fgra/fgra/pes_28/alu/fmax     273.7728     0.0     273.7728      0.0000       0.0000 FCMP_21
system/tile_prci_domain/tile_reset_domain_tile/fusion/fgra/fgra/pes_28/alu/fmin     271.6560     0.0     271.6560      0.0000       0.0000 FCMP_22
system/tile_prci_domain/tile_reset_domain_tile/fusion/fgra/fgra/pes_28/alu/logic_0     219.6768     0.0       9.4080      0.0000       0.0000 LOGIC_7
system/tile_prci_domain/tile_reset_domain_tile/fusion/fgra/fgra/pes_28/alu/logic_0/logicUnit       6.3504     0.0       6.3504      0.0000       0.0000 UnifiedCom_255
system/tile_prci_domain/tile_reset_domain_tile/fusion/fgra/fgra/pes_28/alu/logic_0/logicUnit_1       6.3504     0.0       6.3504      0.0000       0.0000 UnifiedCom_254
system/tile_prci_domain/tile_reset_domain_tile/fusion/fgra/fgra/pes_28/alu/logic_0/logicUnit_10       6.3504     0.0       6.3504      0.0000       0.0000 UnifiedCom_245
system/tile_prci_domain/tile_reset_domain_tile/fusion/fgra/fgra/pes_28/alu/logic_0/logicUnit_11       6.3504     0.0       6.3504      0.0000       0.0000 UnifiedCom_244
system/tile_prci_domain/tile_reset_domain_tile/fusion/fgra/fgra/pes_28/alu/logic_0/logicUnit_12       7.0560     0.0       7.0560      0.0000       0.0000 UnifiedCom_243
system/tile_prci_domain/tile_reset_domain_tile/fusion/fgra/fgra/pes_28/alu/logic_0/logicUnit_13       7.0560     0.0       7.0560      0.0000       0.0000 UnifiedCom_242
system/tile_prci_domain/tile_reset_domain_tile/fusion/fgra/fgra/pes_28/alu/logic_0/logicUnit_14       6.3504     0.0       6.3504      0.0000       0.0000 UnifiedCom_241
system/tile_prci_domain/tile_reset_domain_tile/fusion/fgra/fgra/pes_28/alu/logic_0/logicUnit_15       7.0560     0.0       7.0560      0.0000       0.0000 UnifiedCom_240
system/tile_prci_domain/tile_reset_domain_tile/fusion/fgra/fgra/pes_28/alu/logic_0/logicUnit_16       6.3504     0.0       6.3504      0.0000       0.0000 UnifiedCom_239
system/tile_prci_domain/tile_reset_domain_tile/fusion/fgra/fgra/pes_28/alu/logic_0/logicUnit_17       6.3504     0.0       6.3504      0.0000       0.0000 UnifiedCom_238
system/tile_prci_domain/tile_reset_domain_tile/fusion/fgra/fgra/pes_28/alu/logic_0/logicUnit_18       6.3504     0.0       6.3504      0.0000       0.0000 UnifiedCom_237
system/tile_prci_domain/tile_reset_domain_tile/fusion/fgra/fgra/pes_28/alu/logic_0/logicUnit_19       6.3504     0.0       6.3504      0.0000       0.0000 UnifiedCom_236
system/tile_prci_domain/tile_reset_domain_tile/fusion/fgra/fgra/pes_28/alu/logic_0/logicUnit_2       6.3504     0.0       6.3504      0.0000       0.0000 UnifiedCom_253
system/tile_prci_domain/tile_reset_domain_tile/fusion/fgra/fgra/pes_28/alu/logic_0/logicUnit_20       6.3504     0.0       6.3504      0.0000       0.0000 UnifiedCom_235
system/tile_prci_domain/tile_reset_domain_tile/fusion/fgra/fgra/pes_28/alu/logic_0/logicUnit_21       6.3504     0.0       6.3504      0.0000       0.0000 UnifiedCom_234
system/tile_prci_domain/tile_reset_domain_tile/fusion/fgra/fgra/pes_28/alu/logic_0/logicUnit_22       6.3504     0.0       6.3504      0.0000       0.0000 UnifiedCom_233
system/tile_prci_domain/tile_reset_domain_tile/fusion/fgra/fgra/pes_28/alu/logic_0/logicUnit_23       6.3504     0.0       6.3504      0.0000       0.0000 UnifiedCom_232
system/tile_prci_domain/tile_reset_domain_tile/fusion/fgra/fgra/pes_28/alu/logic_0/logicUnit_24       6.3504     0.0       6.3504      0.0000       0.0000 UnifiedCom_231
system/tile_prci_domain/tile_reset_domain_tile/fusion/fgra/fgra/pes_28/alu/logic_0/logicUnit_25       7.0560     0.0       7.0560      0.0000       0.0000 UnifiedCom_230
system/tile_prci_domain/tile_reset_domain_tile/fusion/fgra/fgra/pes_28/alu/logic_0/logicUnit_26       6.3504     0.0       6.3504      0.0000       0.0000 UnifiedCom_229
system/tile_prci_domain/tile_reset_domain_tile/fusion/fgra/fgra/pes_28/alu/logic_0/logicUnit_27       7.0560     0.0       7.0560      0.0000       0.0000 UnifiedCom_228
system/tile_prci_domain/tile_reset_domain_tile/fusion/fgra/fgra/pes_28/alu/logic_0/logicUnit_28       6.3504     0.0       6.3504      0.0000       0.0000 UnifiedCom_227
system/tile_prci_domain/tile_reset_domain_tile/fusion/fgra/fgra/pes_28/alu/logic_0/logicUnit_29       7.0560     0.0       7.0560      0.0000       0.0000 UnifiedCom_226
system/tile_prci_domain/tile_reset_domain_tile/fusion/fgra/fgra/pes_28/alu/logic_0/logicUnit_3       6.3504     0.0       6.3504      0.0000       0.0000 UnifiedCom_252
system/tile_prci_domain/tile_reset_domain_tile/fusion/fgra/fgra/pes_28/alu/logic_0/logicUnit_30       7.0560     0.0       7.0560      0.0000       0.0000 UnifiedCom_225
system/tile_prci_domain/tile_reset_domain_tile/fusion/fgra/fgra/pes_28/alu/logic_0/logicUnit_31       6.3504     0.0       6.3504      0.0000       0.0000 UnifiedCom_224
system/tile_prci_domain/tile_reset_domain_tile/fusion/fgra/fgra/pes_28/alu/logic_0/logicUnit_4       7.0560     0.0       7.0560      0.0000       0.0000 UnifiedCom_251
system/tile_prci_domain/tile_reset_domain_tile/fusion/fgra/fgra/pes_28/alu/logic_0/logicUnit_5       7.0560     0.0       7.0560      0.0000       0.0000 UnifiedCom_250
system/tile_prci_domain/tile_reset_domain_tile/fusion/fgra/fgra/pes_28/alu/logic_0/logicUnit_6       6.3504     0.0       6.3504      0.0000       0.0000 UnifiedCom_249
system/tile_prci_domain/tile_reset_domain_tile/fusion/fgra/fgra/pes_28/alu/logic_0/logicUnit_7       7.0560     0.0       7.0560      0.0000       0.0000 UnifiedCom_248
system/tile_prci_domain/tile_reset_domain_tile/fusion/fgra/fgra/pes_28/alu/logic_0/logicUnit_8       6.3504     0.0       6.3504      0.0000       0.0000 UnifiedCom_247
system/tile_prci_domain/tile_reset_domain_tile/fusion/fgra/fgra/pes_28/alu/logic_0/logicUnit_9       6.3504     0.0       6.3504      0.0000       0.0000 UnifiedCom_246
system/tile_prci_domain/tile_reset_domain_tile/fusion/fgra/fgra/pes_28/alu/multipler    2855.0928     0.1    2855.0928      0.0000       0.0000 Mul_7
system/tile_prci_domain/tile_reset_domain_tile/fusion/fgra/fgra/pes_28/alu/shift     689.3712     0.0     689.3712      0.0000       0.0000 SHIFT_7
system/tile_prci_domain/tile_reset_domain_tile/fusion/fgra/fgra/pes_28/cfg     669.1440     0.0     194.2752    474.8688       0.0000 ConfigMem_36_1
system/tile_prci_domain/tile_reset_domain_tile/fusion/fgra/fgra/pes_28/delayPipeCG    6907.8241     0.2    4006.8673   2900.9568       0.0000 SharedDelayPipe_24_7
system/tile_prci_domain/tile_reset_domain_tile/fusion/fgra/fgra/pes_28/delayPipeFG     611.7552     0.0     447.1152    164.6400       0.0000 SharedDelayPipe_43_1
system/tile_prci_domain/tile_reset_domain_tile/fusion/fgra/fgra/pes_28/dmr     151.4688     0.0       0.0000    151.4688       0.0000 DualModeReg_7
system/tile_prci_domain/tile_reset_domain_tile/fusion/fgra/fgra/pes_28/lut       5.8800     0.0       5.8800      0.0000       0.0000 LUT_1
system/tile_prci_domain/tile_reset_domain_tile/fusion/fgra/fgra/pes_28/rf4alu       8.2320     0.0       3.5280      4.7040       0.0000 RF_9
system/tile_prci_domain/tile_reset_domain_tile/fusion/fgra/fgra/pes_28/rf4lut       8.9376     0.0       4.2336      4.7040       0.0000 RF_8
system/tile_prci_domain/tile_reset_domain_tile/fusion/fgra/fgra/pes_29   38290.7956     1.2       8.2320      0.0000       0.0000 GPE_29
system/tile_prci_domain/tile_reset_domain_tile/fusion/fgra/fgra/pes_29/Muxn     256.3680     0.0     256.3680      0.0000       0.0000 Muxn_36_113
system/tile_prci_domain/tile_reset_domain_tile/fusion/fgra/fgra/pes_29/Muxn_1     248.1360     0.0     248.1360      0.0000       0.0000 Muxn_36_112
system/tile_prci_domain/tile_reset_domain_tile/fusion/fgra/fgra/pes_29/Muxn_2      10.1136     0.0      10.1136      0.0000       0.0000 Muxn_68_22
system/tile_prci_domain/tile_reset_domain_tile/fusion/fgra/fgra/pes_29/Muxn_3      10.1136     0.0      10.1136      0.0000       0.0000 Muxn_68_21
system/tile_prci_domain/tile_reset_domain_tile/fusion/fgra/fgra/pes_29/Muxn_4      10.1136     0.0      10.1136      0.0000       0.0000 Muxn_68_20
system/tile_prci_domain/tile_reset_domain_tile/fusion/fgra/fgra/pes_29/alu   29284.0467     0.9     669.1440      0.0000       0.0000 ALU_24_0
system/tile_prci_domain/tile_reset_domain_tile/fusion/fgra/fgra/pes_29/alu/arith     415.8336     0.0     415.8336      0.0000       0.0000 ARITH_6
system/tile_prci_domain/tile_reset_domain_tile/fusion/fgra/fgra/pes_29/alu/fadd    5013.0529     0.2       0.0000      0.0000       0.0000 FADD_6
system/tile_prci_domain/tile_reset_domain_tile/fusion/fgra/fgra/pes_29/alu/fadd/fcmaadd    5013.0529     0.2       2.3520      0.0000       0.0000 FCMA_ADD_6
system/tile_prci_domain/tile_reset_domain_tile/fusion/fgra/fgra/pes_29/alu/fadd/fcmaadd/fadd_s1    3457.6753     0.1     640.2144      0.0000       0.0000 FCMA_ADD_s1_6
system/tile_prci_domain/tile_reset_domain_tile/fusion/fgra/fgra/pes_29/alu/fadd/fcmaadd/fadd_s1/far_path_mods_0     834.9600     0.0     364.7952      0.0000       0.0000 FarPath_6
system/tile_prci_domain/tile_reset_domain_tile/fusion/fgra/fgra/pes_29/alu/fadd/fcmaadd/fadd_s1/far_path_mods_0/shiftRightJam     470.1648     0.0     470.1648      0.0000       0.0000 ShiftRightJam_6
system/tile_prci_domain/tile_reset_domain_tile/fusion/fgra/fgra/pes_29/alu/fadd/fcmaadd/fadd_s1/near_path_mods_0     992.0736     0.0     732.6480      0.0000       0.0000 NearPath_13
system/tile_prci_domain/tile_reset_domain_tile/fusion/fgra/fgra/pes_29/alu/fadd/fcmaadd/fadd_s1/near_path_mods_0/lza_ab     164.8752     0.0     164.8752      0.0000       0.0000 LZA_14
system/tile_prci_domain/tile_reset_domain_tile/fusion/fgra/fgra/pes_29/alu/fadd/fcmaadd/fadd_s1/near_path_mods_0/lzc_clz      94.5504     0.0      94.5504      0.0000       0.0000 CLZ_15
system/tile_prci_domain/tile_reset_domain_tile/fusion/fgra/fgra/pes_29/alu/fadd/fcmaadd/fadd_s1/near_path_mods_1     990.4272     0.0     735.4704      0.0000       0.0000 NearPath_12
system/tile_prci_domain/tile_reset_domain_tile/fusion/fgra/fgra/pes_29/alu/fadd/fcmaadd/fadd_s1/near_path_mods_1/lza_ab     166.0512     0.0     166.0512      0.0000       0.0000 LZA_13
system/tile_prci_domain/tile_reset_domain_tile/fusion/fgra/fgra/pes_29/alu/fadd/fcmaadd/fadd_s1/near_path_mods_1/lzc_clz      88.9056     0.0      88.9056      0.0000       0.0000 CLZ_14
system/tile_prci_domain/tile_reset_domain_tile/fusion/fgra/fgra/pes_29/alu/fadd/fcmaadd/fadd_s2    1553.0256     0.0    1129.9008      0.0000       0.0000 FCMA_ADD_s2_6
system/tile_prci_domain/tile_reset_domain_tile/fusion/fgra/fgra/pes_29/alu/fadd/fcmaadd/fadd_s2/far_path_rounder     230.0256     0.0     230.0256      0.0000       0.0000 RoundingUnit_92
system/tile_prci_domain/tile_reset_domain_tile/fusion/fgra/fgra/pes_29/alu/fadd/fcmaadd/fadd_s2/near_path_rounder     193.0992     0.0     193.0992      0.0000       0.0000 RoundingUnit_91
system/tile_prci_domain/tile_reset_domain_tile/fusion/fgra/fgra/pes_29/alu/fdiv   13956.0625     0.4     139.9440    884.3520       0.0000 fpDiv_6
system/tile_prci_domain/tile_reset_domain_tile/fusion/fgra/fgra/pes_29/alu/fdiv/inverter    9459.2737     0.3    1279.2528    881.0592       0.0000 fpInverter_6
system/tile_prci_domain/tile_reset_domain_tile/fusion/fgra/fgra/pes_29/alu/fdiv/inverter/adder     112.8960     0.0     112.8960      0.0000       0.0000 VarSizeAdder_6
system/tile_prci_domain/tile_reset_domain_tile/fusion/fgra/fgra/pes_29/alu/fdiv/inverter/mul1    1698.1440     0.1    1698.1440      0.0000       0.0000 VarSizeMul_6
system/tile_prci_domain/tile_reset_domain_tile/fusion/fgra/fgra/pes_29/alu/fdiv/inverter/mul2    1450.4784     0.0    1450.4784      0.0000       0.0000 mul2_6
system/tile_prci_domain/tile_reset_domain_tile/fusion/fgra/fgra/pes_29/alu/fdiv/inverter/mul3    2983.7472     0.1    2983.7472      0.0000       0.0000 mul3_6
system/tile_prci_domain/tile_reset_domain_tile/fusion/fgra/fgra/pes_29/alu/fdiv/inverter/sub2     139.4736     0.0     139.4736      0.0000       0.0000 VarSizeSub_6
system/tile_prci_domain/tile_reset_domain_tile/fusion/fgra/fgra/pes_29/alu/fdiv/inverter/tableC     180.3984     0.0     180.3984      0.0000       0.0000 lookupC_6
system/tile_prci_domain/tile_reset_domain_tile/fusion/fgra/fgra/pes_29/alu/fdiv/inverter/tableJ     269.5392     0.0     269.5392      0.0000       0.0000 lookupJ_6
system/tile_prci_domain/tile_reset_domain_tile/fusion/fgra/fgra/pes_29/alu/fdiv/inverter/tableL     464.2848     0.0     337.2768    127.0080       0.0000 lookupL_6
system/tile_prci_domain/tile_reset_domain_tile/fusion/fgra/fgra/pes_29/alu/fdiv/multiplier    3472.4928     0.1    3286.2144    164.6400       0.0000 FPMult_6
system/tile_prci_domain/tile_reset_domain_tile/fusion/fgra/fgra/pes_29/alu/fdiv/multiplier/rounder      21.6384     0.0      21.6384      0.0000       0.0000 MantissaRounder_6
system/tile_prci_domain/tile_reset_domain_tile/fusion/fgra/fgra/pes_29/alu/fmax     274.4784     0.0     274.4784      0.0000       0.0000 FCMP_18
system/tile_prci_domain/tile_reset_domain_tile/fusion/fgra/fgra/pes_29/alu/fmin     273.0672     0.0     273.0672      0.0000       0.0000 FCMP_19
system/tile_prci_domain/tile_reset_domain_tile/fusion/fgra/fgra/pes_29/alu/fmul    2232.5184     0.1      10.1136    556.2480       0.0000 FMUL_share_6
system/tile_prci_domain/tile_reset_domain_tile/fusion/fgra/fgra/pes_29/alu/fmul/fmul_s1     394.9008     0.0     320.1072      0.0000       0.0000 FMUL_s1_6
system/tile_prci_domain/tile_reset_domain_tile/fusion/fgra/fgra/pes_29/alu/fmul/fmul_s1/lzc_clz      74.7936     0.0      74.7936      0.0000       0.0000 CLZ_2_6
system/tile_prci_domain/tile_reset_domain_tile/fusion/fgra/fgra/pes_29/alu/fmul/fmul_s2    1066.3968     0.0    1066.3968      0.0000       0.0000 FMUL_s2_6
system/tile_prci_domain/tile_reset_domain_tile/fusion/fgra/fgra/pes_29/alu/fmul/fmul_s3     204.8592     0.0     104.1936      0.0000       0.0000 FMUL_s3_6
system/tile_prci_domain/tile_reset_domain_tile/fusion/fgra/fgra/pes_29/alu/fmul/fmul_s3/rounder     100.6656     0.0     100.6656      0.0000       0.0000 RoundingUnit_193
system/tile_prci_domain/tile_reset_domain_tile/fusion/fgra/fgra/pes_29/alu/logic_0     222.4992     0.0       9.4080      0.0000       0.0000 LOGIC_6
system/tile_prci_domain/tile_reset_domain_tile/fusion/fgra/fgra/pes_29/alu/logic_0/logicUnit       6.3504     0.0       6.3504      0.0000       0.0000 UnifiedCom_223
system/tile_prci_domain/tile_reset_domain_tile/fusion/fgra/fgra/pes_29/alu/logic_0/logicUnit_1       6.3504     0.0       6.3504      0.0000       0.0000 UnifiedCom_222
system/tile_prci_domain/tile_reset_domain_tile/fusion/fgra/fgra/pes_29/alu/logic_0/logicUnit_10       7.0560     0.0       7.0560      0.0000       0.0000 UnifiedCom_213
system/tile_prci_domain/tile_reset_domain_tile/fusion/fgra/fgra/pes_29/alu/logic_0/logicUnit_11       6.3504     0.0       6.3504      0.0000       0.0000 UnifiedCom_212
system/tile_prci_domain/tile_reset_domain_tile/fusion/fgra/fgra/pes_29/alu/logic_0/logicUnit_12       6.3504     0.0       6.3504      0.0000       0.0000 UnifiedCom_211
system/tile_prci_domain/tile_reset_domain_tile/fusion/fgra/fgra/pes_29/alu/logic_0/logicUnit_13       7.0560     0.0       7.0560      0.0000       0.0000 UnifiedCom_210
system/tile_prci_domain/tile_reset_domain_tile/fusion/fgra/fgra/pes_29/alu/logic_0/logicUnit_14       7.0560     0.0       7.0560      0.0000       0.0000 UnifiedCom_209
system/tile_prci_domain/tile_reset_domain_tile/fusion/fgra/fgra/pes_29/alu/logic_0/logicUnit_15       6.3504     0.0       6.3504      0.0000       0.0000 UnifiedCom_208
system/tile_prci_domain/tile_reset_domain_tile/fusion/fgra/fgra/pes_29/alu/logic_0/logicUnit_16       6.3504     0.0       6.3504      0.0000       0.0000 UnifiedCom_207
system/tile_prci_domain/tile_reset_domain_tile/fusion/fgra/fgra/pes_29/alu/logic_0/logicUnit_17       6.3504     0.0       6.3504      0.0000       0.0000 UnifiedCom_206
system/tile_prci_domain/tile_reset_domain_tile/fusion/fgra/fgra/pes_29/alu/logic_0/logicUnit_18       7.0560     0.0       7.0560      0.0000       0.0000 UnifiedCom_205
system/tile_prci_domain/tile_reset_domain_tile/fusion/fgra/fgra/pes_29/alu/logic_0/logicUnit_19       6.3504     0.0       6.3504      0.0000       0.0000 UnifiedCom_204
system/tile_prci_domain/tile_reset_domain_tile/fusion/fgra/fgra/pes_29/alu/logic_0/logicUnit_2       6.3504     0.0       6.3504      0.0000       0.0000 UnifiedCom_221
system/tile_prci_domain/tile_reset_domain_tile/fusion/fgra/fgra/pes_29/alu/logic_0/logicUnit_20       7.0560     0.0       7.0560      0.0000       0.0000 UnifiedCom_203
system/tile_prci_domain/tile_reset_domain_tile/fusion/fgra/fgra/pes_29/alu/logic_0/logicUnit_21       6.3504     0.0       6.3504      0.0000       0.0000 UnifiedCom_202
system/tile_prci_domain/tile_reset_domain_tile/fusion/fgra/fgra/pes_29/alu/logic_0/logicUnit_22       7.0560     0.0       7.0560      0.0000       0.0000 UnifiedCom_201
system/tile_prci_domain/tile_reset_domain_tile/fusion/fgra/fgra/pes_29/alu/logic_0/logicUnit_23       6.3504     0.0       6.3504      0.0000       0.0000 UnifiedCom_200
system/tile_prci_domain/tile_reset_domain_tile/fusion/fgra/fgra/pes_29/alu/logic_0/logicUnit_24       7.0560     0.0       7.0560      0.0000       0.0000 UnifiedCom_199
system/tile_prci_domain/tile_reset_domain_tile/fusion/fgra/fgra/pes_29/alu/logic_0/logicUnit_25       6.3504     0.0       6.3504      0.0000       0.0000 UnifiedCom_198
system/tile_prci_domain/tile_reset_domain_tile/fusion/fgra/fgra/pes_29/alu/logic_0/logicUnit_26       7.0560     0.0       7.0560      0.0000       0.0000 UnifiedCom_197
system/tile_prci_domain/tile_reset_domain_tile/fusion/fgra/fgra/pes_29/alu/logic_0/logicUnit_27       7.0560     0.0       7.0560      0.0000       0.0000 UnifiedCom_196
system/tile_prci_domain/tile_reset_domain_tile/fusion/fgra/fgra/pes_29/alu/logic_0/logicUnit_28       6.3504     0.0       6.3504      0.0000       0.0000 UnifiedCom_195
system/tile_prci_domain/tile_reset_domain_tile/fusion/fgra/fgra/pes_29/alu/logic_0/logicUnit_29       6.3504     0.0       6.3504      0.0000       0.0000 UnifiedCom_194
system/tile_prci_domain/tile_reset_domain_tile/fusion/fgra/fgra/pes_29/alu/logic_0/logicUnit_3       6.3504     0.0       6.3504      0.0000       0.0000 UnifiedCom_220
system/tile_prci_domain/tile_reset_domain_tile/fusion/fgra/fgra/pes_29/alu/logic_0/logicUnit_30       7.0560     0.0       7.0560      0.0000       0.0000 UnifiedCom_193
system/tile_prci_domain/tile_reset_domain_tile/fusion/fgra/fgra/pes_29/alu/logic_0/logicUnit_31       6.3504     0.0       6.3504      0.0000       0.0000 UnifiedCom_192
system/tile_prci_domain/tile_reset_domain_tile/fusion/fgra/fgra/pes_29/alu/logic_0/logicUnit_4       7.0560     0.0       7.0560      0.0000       0.0000 UnifiedCom_219
system/tile_prci_domain/tile_reset_domain_tile/fusion/fgra/fgra/pes_29/alu/logic_0/logicUnit_5       7.0560     0.0       7.0560      0.0000       0.0000 UnifiedCom_218
system/tile_prci_domain/tile_reset_domain_tile/fusion/fgra/fgra/pes_29/alu/logic_0/logicUnit_6       7.0560     0.0       7.0560      0.0000       0.0000 UnifiedCom_217
system/tile_prci_domain/tile_reset_domain_tile/fusion/fgra/fgra/pes_29/alu/logic_0/logicUnit_7       6.3504     0.0       6.3504      0.0000       0.0000 UnifiedCom_216
system/tile_prci_domain/tile_reset_domain_tile/fusion/fgra/fgra/pes_29/alu/logic_0/logicUnit_8       6.3504     0.0       6.3504      0.0000       0.0000 UnifiedCom_215
system/tile_prci_domain/tile_reset_domain_tile/fusion/fgra/fgra/pes_29/alu/logic_0/logicUnit_9       7.0560     0.0       7.0560      0.0000       0.0000 UnifiedCom_214
system/tile_prci_domain/tile_reset_domain_tile/fusion/fgra/fgra/pes_29/alu/multipler    5537.5489     0.2    5537.5489      0.0000       0.0000 Mul_6
system/tile_prci_domain/tile_reset_domain_tile/fusion/fgra/fgra/pes_29/alu/shift     689.8416     0.0     689.8416      0.0000       0.0000 SHIFT_6
system/tile_prci_domain/tile_reset_domain_tile/fusion/fgra/fgra/pes_29/cfg     692.1936     0.0     194.2752    497.9184       0.0000 ConfigMem_36_0
system/tile_prci_domain/tile_reset_domain_tile/fusion/fgra/fgra/pes_29/delayPipeCG    6967.3297     0.2    4071.3121   2896.0176       0.0000 SharedDelayPipe_24_6
system/tile_prci_domain/tile_reset_domain_tile/fusion/fgra/fgra/pes_29/delayPipeFG     611.7552     0.0     447.1152    164.6400       0.0000 SharedDelayPipe_43_0
system/tile_prci_domain/tile_reset_domain_tile/fusion/fgra/fgra/pes_29/dmr     169.1088     0.0       0.0000    169.1088       0.0000 DualModeReg_6
system/tile_prci_domain/tile_reset_domain_tile/fusion/fgra/fgra/pes_29/lut       5.8800     0.0       5.8800      0.0000       0.0000 LUT_0
system/tile_prci_domain/tile_reset_domain_tile/fusion/fgra/fgra/pes_29/rf4alu       8.9376     0.0       3.9984      4.9392       0.0000 RF_7
system/tile_prci_domain/tile_reset_domain_tile/fusion/fgra/fgra/pes_29/rf4lut       8.4672     0.0       3.7632      4.7040       0.0000 RF_6
system/tile_prci_domain/tile_reset_domain_tile/fusion/fgra/fgra/pes_3   23972.5250     0.7       5.4096      0.0000       0.0000 GPE_3
system/tile_prci_domain/tile_reset_domain_tile/fusion/fgra/fgra/pes_3/Muxn     248.3712     0.0     248.3712      0.0000       0.0000 Muxn_36_165
system/tile_prci_domain/tile_reset_domain_tile/fusion/fgra/fgra/pes_3/Muxn_1     237.7872     0.0     237.7872      0.0000       0.0000 Muxn_36_164
system/tile_prci_domain/tile_reset_domain_tile/fusion/fgra/fgra/pes_3/Muxn_2       7.5264     0.0       7.5264      0.0000       0.0000 Muxn_38_31
system/tile_prci_domain/tile_reset_domain_tile/fusion/fgra/fgra/pes_3/alu   15575.6498     0.5     608.4624      0.0000       0.0000 ALU_11
system/tile_prci_domain/tile_reset_domain_tile/fusion/fgra/fgra/pes_3/alu/arith     419.1264     0.0     419.1264      0.0000       0.0000 ARITH_32
system/tile_prci_domain/tile_reset_domain_tile/fusion/fgra/fgra/pes_3/alu/fadd    4964.3665     0.2       0.0000      0.0000       0.0000 FADD_32
system/tile_prci_domain/tile_reset_domain_tile/fusion/fgra/fgra/pes_3/alu/fadd/fcmaadd    4964.3665     0.2       2.3520      0.0000       0.0000 FCMA_ADD_32
system/tile_prci_domain/tile_reset_domain_tile/fusion/fgra/fgra/pes_3/alu/fadd/fcmaadd/fadd_s1    3371.8272     0.1     603.7584      0.0000       0.0000 FCMA_ADD_s1_32
system/tile_prci_domain/tile_reset_domain_tile/fusion/fgra/fgra/pes_3/alu/fadd/fcmaadd/fadd_s1/far_path_mods_0     855.1872     0.0     367.3824      0.0000       0.0000 FarPath_32
system/tile_prci_domain/tile_reset_domain_tile/fusion/fgra/fgra/pes_3/alu/fadd/fcmaadd/fadd_s1/far_path_mods_0/shiftRightJam     487.8048     0.0     487.8048      0.0000       0.0000 ShiftRightJam_32
system/tile_prci_domain/tile_reset_domain_tile/fusion/fgra/fgra/pes_3/alu/fadd/fcmaadd/fadd_s1/near_path_mods_0     958.6752     0.0     717.5952      0.0000       0.0000 NearPath_65
system/tile_prci_domain/tile_reset_domain_tile/fusion/fgra/fgra/pes_3/alu/fadd/fcmaadd/fadd_s1/near_path_mods_0/lza_ab     150.9984     0.0     150.9984      0.0000       0.0000 LZA_66
system/tile_prci_domain/tile_reset_domain_tile/fusion/fgra/fgra/pes_3/alu/fadd/fcmaadd/fadd_s1/near_path_mods_0/lzc_clz      90.0816     0.0      90.0816      0.0000       0.0000 CLZ_67
system/tile_prci_domain/tile_reset_domain_tile/fusion/fgra/fgra/pes_3/alu/fadd/fcmaadd/fadd_s1/near_path_mods_1     954.2064     0.0     716.6544      0.0000       0.0000 NearPath_64
system/tile_prci_domain/tile_reset_domain_tile/fusion/fgra/fgra/pes_3/alu/fadd/fcmaadd/fadd_s1/near_path_mods_1/lza_ab     150.2928     0.0     150.2928      0.0000       0.0000 LZA_65
system/tile_prci_domain/tile_reset_domain_tile/fusion/fgra/fgra/pes_3/alu/fadd/fcmaadd/fadd_s1/near_path_mods_1/lzc_clz      87.2592     0.0      87.2592      0.0000       0.0000 CLZ_66
system/tile_prci_domain/tile_reset_domain_tile/fusion/fgra/fgra/pes_3/alu/fadd/fcmaadd/fadd_s2    1590.1872     0.0    1152.2448      0.0000       0.0000 FCMA_ADD_s2_32
system/tile_prci_domain/tile_reset_domain_tile/fusion/fgra/fgra/pes_3/alu/fadd/fcmaadd/fadd_s2/far_path_rounder     237.7872     0.0     237.7872      0.0000       0.0000 RoundingUnit_170
system/tile_prci_domain/tile_reset_domain_tile/fusion/fgra/fgra/pes_3/alu/fadd/fcmaadd/fadd_s2/near_path_rounder     200.1552     0.0     200.1552      0.0000       0.0000 RoundingUnit_169
system/tile_prci_domain/tile_reset_domain_tile/fusion/fgra/fgra/pes_3/alu/fcmp     292.1184     0.0     292.1184      0.0000       0.0000 FCMP_98
system/tile_prci_domain/tile_reset_domain_tile/fusion/fgra/fgra/pes_3/alu/fmax     274.4784     0.0     274.4784      0.0000       0.0000 FCMP_96
system/tile_prci_domain/tile_reset_domain_tile/fusion/fgra/fgra/pes_3/alu/fmin     271.4208     0.0     271.4208      0.0000       0.0000 FCMP_97
system/tile_prci_domain/tile_reset_domain_tile/fusion/fgra/fgra/pes_3/alu/fmul    2280.2640     0.1      15.7584    556.7184       0.0000 FMUL_share_32
system/tile_prci_domain/tile_reset_domain_tile/fusion/fgra/fgra/pes_3/alu/fmul/fmul_s1     457.9344     0.0     382.2000      0.0000       0.0000 FMUL_s1_32
system/tile_prci_domain/tile_reset_domain_tile/fusion/fgra/fgra/pes_3/alu/fmul/fmul_s1/lzc_clz      75.7344     0.0      75.7344      0.0000       0.0000 CLZ_2_32
system/tile_prci_domain/tile_reset_domain_tile/fusion/fgra/fgra/pes_3/alu/fmul/fmul_s2    1044.9936     0.0    1044.9936      0.0000       0.0000 FMUL_s2_32
system/tile_prci_domain/tile_reset_domain_tile/fusion/fgra/fgra/pes_3/alu/fmul/fmul_s3     204.8592     0.0     104.1936      0.0000       0.0000 FMUL_s3_32
system/tile_prci_domain/tile_reset_domain_tile/fusion/fgra/fgra/pes_3/alu/fmul/fmul_s3/rounder     100.6656     0.0     100.6656      0.0000       0.0000 RoundingUnit_245
system/tile_prci_domain/tile_reset_domain_tile/fusion/fgra/fgra/pes_3/alu/logic_0     225.5568     0.0      10.3488      0.0000       0.0000 LOGIC_32
system/tile_prci_domain/tile_reset_domain_tile/fusion/fgra/fgra/pes_3/alu/logic_0/logicUnit       6.3504     0.0       6.3504      0.0000       0.0000 UnifiedCom_1055
system/tile_prci_domain/tile_reset_domain_tile/fusion/fgra/fgra/pes_3/alu/logic_0/logicUnit_1       6.3504     0.0       6.3504      0.0000       0.0000 UnifiedCom_1054
system/tile_prci_domain/tile_reset_domain_tile/fusion/fgra/fgra/pes_3/alu/logic_0/logicUnit_10       6.3504     0.0       6.3504      0.0000       0.0000 UnifiedCom_1045
system/tile_prci_domain/tile_reset_domain_tile/fusion/fgra/fgra/pes_3/alu/logic_0/logicUnit_11       7.0560     0.0       7.0560      0.0000       0.0000 UnifiedCom_1044
system/tile_prci_domain/tile_reset_domain_tile/fusion/fgra/fgra/pes_3/alu/logic_0/logicUnit_12       6.3504     0.0       6.3504      0.0000       0.0000 UnifiedCom_1043
system/tile_prci_domain/tile_reset_domain_tile/fusion/fgra/fgra/pes_3/alu/logic_0/logicUnit_13       7.0560     0.0       7.0560      0.0000       0.0000 UnifiedCom_1042
system/tile_prci_domain/tile_reset_domain_tile/fusion/fgra/fgra/pes_3/alu/logic_0/logicUnit_14       7.0560     0.0       7.0560      0.0000       0.0000 UnifiedCom_1041
system/tile_prci_domain/tile_reset_domain_tile/fusion/fgra/fgra/pes_3/alu/logic_0/logicUnit_15       7.0560     0.0       7.0560      0.0000       0.0000 UnifiedCom_1040
system/tile_prci_domain/tile_reset_domain_tile/fusion/fgra/fgra/pes_3/alu/logic_0/logicUnit_16       7.0560     0.0       7.0560      0.0000       0.0000 UnifiedCom_1039
system/tile_prci_domain/tile_reset_domain_tile/fusion/fgra/fgra/pes_3/alu/logic_0/logicUnit_17       7.0560     0.0       7.0560      0.0000       0.0000 UnifiedCom_1038
system/tile_prci_domain/tile_reset_domain_tile/fusion/fgra/fgra/pes_3/alu/logic_0/logicUnit_18       7.0560     0.0       7.0560      0.0000       0.0000 UnifiedCom_1037
system/tile_prci_domain/tile_reset_domain_tile/fusion/fgra/fgra/pes_3/alu/logic_0/logicUnit_19       7.0560     0.0       7.0560      0.0000       0.0000 UnifiedCom_1036
system/tile_prci_domain/tile_reset_domain_tile/fusion/fgra/fgra/pes_3/alu/logic_0/logicUnit_2       7.0560     0.0       7.0560      0.0000       0.0000 UnifiedCom_1053
system/tile_prci_domain/tile_reset_domain_tile/fusion/fgra/fgra/pes_3/alu/logic_0/logicUnit_20       7.0560     0.0       7.0560      0.0000       0.0000 UnifiedCom_1035
system/tile_prci_domain/tile_reset_domain_tile/fusion/fgra/fgra/pes_3/alu/logic_0/logicUnit_21       7.0560     0.0       7.0560      0.0000       0.0000 UnifiedCom_1034
system/tile_prci_domain/tile_reset_domain_tile/fusion/fgra/fgra/pes_3/alu/logic_0/logicUnit_22       6.3504     0.0       6.3504      0.0000       0.0000 UnifiedCom_1033
system/tile_prci_domain/tile_reset_domain_tile/fusion/fgra/fgra/pes_3/alu/logic_0/logicUnit_23       6.3504     0.0       6.3504      0.0000       0.0000 UnifiedCom_1032
system/tile_prci_domain/tile_reset_domain_tile/fusion/fgra/fgra/pes_3/alu/logic_0/logicUnit_24       7.0560     0.0       7.0560      0.0000       0.0000 UnifiedCom_1031
system/tile_prci_domain/tile_reset_domain_tile/fusion/fgra/fgra/pes_3/alu/logic_0/logicUnit_25       7.0560     0.0       7.0560      0.0000       0.0000 UnifiedCom_1030
system/tile_prci_domain/tile_reset_domain_tile/fusion/fgra/fgra/pes_3/alu/logic_0/logicUnit_26       7.0560     0.0       7.0560      0.0000       0.0000 UnifiedCom_1029
system/tile_prci_domain/tile_reset_domain_tile/fusion/fgra/fgra/pes_3/alu/logic_0/logicUnit_27       6.3504     0.0       6.3504      0.0000       0.0000 UnifiedCom_1028
system/tile_prci_domain/tile_reset_domain_tile/fusion/fgra/fgra/pes_3/alu/logic_0/logicUnit_28       7.0560     0.0       7.0560      0.0000       0.0000 UnifiedCom_1027
system/tile_prci_domain/tile_reset_domain_tile/fusion/fgra/fgra/pes_3/alu/logic_0/logicUnit_29       6.3504     0.0       6.3504      0.0000       0.0000 UnifiedCom_1026
system/tile_prci_domain/tile_reset_domain_tile/fusion/fgra/fgra/pes_3/alu/logic_0/logicUnit_3       6.3504     0.0       6.3504      0.0000       0.0000 UnifiedCom_1052
system/tile_prci_domain/tile_reset_domain_tile/fusion/fgra/fgra/pes_3/alu/logic_0/logicUnit_30       7.0560     0.0       7.0560      0.0000       0.0000 UnifiedCom_1025
system/tile_prci_domain/tile_reset_domain_tile/fusion/fgra/fgra/pes_3/alu/logic_0/logicUnit_31       7.0560     0.0       7.0560      0.0000       0.0000 UnifiedCom_1024
system/tile_prci_domain/tile_reset_domain_tile/fusion/fgra/fgra/pes_3/alu/logic_0/logicUnit_4       6.3504     0.0       6.3504      0.0000       0.0000 UnifiedCom_1051
system/tile_prci_domain/tile_reset_domain_tile/fusion/fgra/fgra/pes_3/alu/logic_0/logicUnit_5       6.3504     0.0       6.3504      0.0000       0.0000 UnifiedCom_1050
system/tile_prci_domain/tile_reset_domain_tile/fusion/fgra/fgra/pes_3/alu/logic_0/logicUnit_6       6.3504     0.0       6.3504      0.0000       0.0000 UnifiedCom_1049
system/tile_prci_domain/tile_reset_domain_tile/fusion/fgra/fgra/pes_3/alu/logic_0/logicUnit_7       6.3504     0.0       6.3504      0.0000       0.0000 UnifiedCom_1048
system/tile_prci_domain/tile_reset_domain_tile/fusion/fgra/fgra/pes_3/alu/logic_0/logicUnit_8       6.3504     0.0       6.3504      0.0000       0.0000 UnifiedCom_1047
system/tile_prci_domain/tile_reset_domain_tile/fusion/fgra/fgra/pes_3/alu/logic_0/logicUnit_9       6.3504     0.0       6.3504      0.0000       0.0000 UnifiedCom_1046
system/tile_prci_domain/tile_reset_domain_tile/fusion/fgra/fgra/pes_3/alu/multipler    5549.5441     0.2    5549.5441      0.0000       0.0000 Mul_32
system/tile_prci_domain/tile_reset_domain_tile/fusion/fgra/fgra/pes_3/alu/shift     690.3120     0.0     690.3120      0.0000       0.0000 SHIFT_32
system/tile_prci_domain/tile_reset_domain_tile/fusion/fgra/fgra/pes_3/cfg     574.5936     0.0     153.8208    420.7728       0.0000 ConfigMem_12_10
system/tile_prci_domain/tile_reset_domain_tile/fusion/fgra/fgra/pes_3/delayPipeCG    6955.0993     0.2    4068.9601   2886.1392       0.0000 SharedDelayPipe_24_32
system/tile_prci_domain/tile_reset_domain_tile/fusion/fgra/fgra/pes_3/delayPipeFG     205.8000     0.0     125.8320     79.9680       0.0000 SharedDelayPipe_25_10
system/tile_prci_domain/tile_reset_domain_tile/fusion/fgra/fgra/pes_3/dmr     152.8800     0.0       0.0000    152.8800       0.0000 DualModeReg_27
system/tile_prci_domain/tile_reset_domain_tile/fusion/fgra/fgra/pes_3/rf4alu       9.4080     0.0       4.7040      4.7040       0.0000 RF_34
system/tile_prci_domain/tile_reset_domain_tile/fusion/fgra/fgra/pes_30   24094.5938     0.7       6.1152      0.0000       0.0000 GPE_30
system/tile_prci_domain/tile_reset_domain_tile/fusion/fgra/fgra/pes_30/Muxn     207.9168     0.0     207.9168      0.0000       0.0000 Muxn_36_111
system/tile_prci_domain/tile_reset_domain_tile/fusion/fgra/fgra/pes_30/Muxn_1     207.6816     0.0     207.6816      0.0000       0.0000 Muxn_36_110
system/tile_prci_domain/tile_reset_domain_tile/fusion/fgra/fgra/pes_30/Muxn_2       6.3504     0.0       6.3504      0.0000       0.0000 Muxn_38_26
system/tile_prci_domain/tile_reset_domain_tile/fusion/fgra/fgra/pes_30/alu   15695.8370     0.5     610.1088      0.0000       0.0000 ALU_5
system/tile_prci_domain/tile_reset_domain_tile/fusion/fgra/fgra/pes_30/alu/arith     413.4816     0.0     413.4816      0.0000       0.0000 ARITH_5
system/tile_prci_domain/tile_reset_domain_tile/fusion/fgra/fgra/pes_30/alu/fadd    5045.0401     0.2       0.0000      0.0000       0.0000 FADD_5
system/tile_prci_domain/tile_reset_domain_tile/fusion/fgra/fgra/pes_30/alu/fadd/fcmaadd    5045.0401     0.2       2.3520      0.0000       0.0000 FCMA_ADD_5
system/tile_prci_domain/tile_reset_domain_tile/fusion/fgra/fgra/pes_30/alu/fadd/fcmaadd/fadd_s1    3490.3681     0.1     659.0304      0.0000       0.0000 FCMA_ADD_s1_5
system/tile_prci_domain/tile_reset_domain_tile/fusion/fgra/fgra/pes_30/alu/fadd/fcmaadd/fadd_s1/far_path_mods_0     826.2576     0.0     366.9120      0.0000       0.0000 FarPath_5
system/tile_prci_domain/tile_reset_domain_tile/fusion/fgra/fgra/pes_30/alu/fadd/fcmaadd/fadd_s1/far_path_mods_0/shiftRightJam     459.3456     0.0     459.3456      0.0000       0.0000 ShiftRightJam_5
system/tile_prci_domain/tile_reset_domain_tile/fusion/fgra/fgra/pes_30/alu/fadd/fcmaadd/fadd_s1/near_path_mods_0     997.2480     0.0     734.2944      0.0000       0.0000 NearPath_11
system/tile_prci_domain/tile_reset_domain_tile/fusion/fgra/fgra/pes_30/alu/fadd/fcmaadd/fadd_s1/near_path_mods_0/lza_ab     172.1664     0.0     172.1664      0.0000       0.0000 LZA_12
system/tile_prci_domain/tile_reset_domain_tile/fusion/fgra/fgra/pes_30/alu/fadd/fcmaadd/fadd_s1/near_path_mods_0/lzc_clz      90.7872     0.0      90.7872      0.0000       0.0000 CLZ_13
system/tile_prci_domain/tile_reset_domain_tile/fusion/fgra/fgra/pes_30/alu/fadd/fcmaadd/fadd_s1/near_path_mods_1    1007.8320     0.0     753.1104      0.0000       0.0000 NearPath_10
system/tile_prci_domain/tile_reset_domain_tile/fusion/fgra/fgra/pes_30/alu/fadd/fcmaadd/fadd_s1/near_path_mods_1/lza_ab     166.7568     0.0     166.7568      0.0000       0.0000 LZA_11
system/tile_prci_domain/tile_reset_domain_tile/fusion/fgra/fgra/pes_30/alu/fadd/fcmaadd/fadd_s1/near_path_mods_1/lzc_clz      87.9648     0.0      87.9648      0.0000       0.0000 CLZ_12
system/tile_prci_domain/tile_reset_domain_tile/fusion/fgra/fgra/pes_30/alu/fadd/fcmaadd/fadd_s2    1552.3200     0.0    1133.6640      0.0000       0.0000 FCMA_ADD_s2_5
system/tile_prci_domain/tile_reset_domain_tile/fusion/fgra/fgra/pes_30/alu/fadd/fcmaadd/fadd_s2/far_path_rounder     216.3840     0.0     216.3840      0.0000       0.0000 RoundingUnit_89
system/tile_prci_domain/tile_reset_domain_tile/fusion/fgra/fgra/pes_30/alu/fadd/fcmaadd/fadd_s2/near_path_rounder     202.2720     0.0     202.2720      0.0000       0.0000 RoundingUnit_88
system/tile_prci_domain/tile_reset_domain_tile/fusion/fgra/fgra/pes_30/alu/fcmp     292.3536     0.0     292.3536      0.0000       0.0000 FCMP_17
system/tile_prci_domain/tile_reset_domain_tile/fusion/fgra/fgra/pes_30/alu/fmax     271.4208     0.0     271.4208      0.0000       0.0000 FCMP_15
system/tile_prci_domain/tile_reset_domain_tile/fusion/fgra/fgra/pes_30/alu/fmin     267.6576     0.0     267.6576      0.0000       0.0000 FCMP_16
system/tile_prci_domain/tile_reset_domain_tile/fusion/fgra/fgra/pes_30/alu/fmul    2307.7824     0.1      11.7600    555.7776       0.0000 FMUL_share_5
system/tile_prci_domain/tile_reset_domain_tile/fusion/fgra/fgra/pes_30/alu/fmul/fmul_s1     470.8704     0.0     390.1968      0.0000       0.0000 FMUL_s1_5
system/tile_prci_domain/tile_reset_domain_tile/fusion/fgra/fgra/pes_30/alu/fmul/fmul_s1/lzc_clz      80.6736     0.0      80.6736      0.0000       0.0000 CLZ_2_5
system/tile_prci_domain/tile_reset_domain_tile/fusion/fgra/fgra/pes_30/alu/fmul/fmul_s2    1064.5152     0.0    1064.5152      0.0000       0.0000 FMUL_s2_5
system/tile_prci_domain/tile_reset_domain_tile/fusion/fgra/fgra/pes_30/alu/fmul/fmul_s3     204.8592     0.0     104.1936      0.0000       0.0000 FMUL_s3_5
system/tile_prci_domain/tile_reset_domain_tile/fusion/fgra/fgra/pes_30/alu/fmul/fmul_s3/rounder     100.6656     0.0     100.6656      0.0000       0.0000 RoundingUnit_191
system/tile_prci_domain/tile_reset_domain_tile/fusion/fgra/fgra/pes_30/alu/logic_0     229.0848     0.0      10.3488      0.0000       0.0000 LOGIC_5
system/tile_prci_domain/tile_reset_domain_tile/fusion/fgra/fgra/pes_30/alu/logic_0/logicUnit       6.3504     0.0       6.3504      0.0000       0.0000 UnifiedCom_191
system/tile_prci_domain/tile_reset_domain_tile/fusion/fgra/fgra/pes_30/alu/logic_0/logicUnit_1       7.0560     0.0       7.0560      0.0000       0.0000 UnifiedCom_190
system/tile_prci_domain/tile_reset_domain_tile/fusion/fgra/fgra/pes_30/alu/logic_0/logicUnit_10       7.0560     0.0       7.0560      0.0000       0.0000 UnifiedCom_181
system/tile_prci_domain/tile_reset_domain_tile/fusion/fgra/fgra/pes_30/alu/logic_0/logicUnit_11       7.0560     0.0       7.0560      0.0000       0.0000 UnifiedCom_180
system/tile_prci_domain/tile_reset_domain_tile/fusion/fgra/fgra/pes_30/alu/logic_0/logicUnit_12       6.3504     0.0       6.3504      0.0000       0.0000 UnifiedCom_179
system/tile_prci_domain/tile_reset_domain_tile/fusion/fgra/fgra/pes_30/alu/logic_0/logicUnit_13       7.0560     0.0       7.0560      0.0000       0.0000 UnifiedCom_178
system/tile_prci_domain/tile_reset_domain_tile/fusion/fgra/fgra/pes_30/alu/logic_0/logicUnit_14       7.0560     0.0       7.0560      0.0000       0.0000 UnifiedCom_177
system/tile_prci_domain/tile_reset_domain_tile/fusion/fgra/fgra/pes_30/alu/logic_0/logicUnit_15       6.3504     0.0       6.3504      0.0000       0.0000 UnifiedCom_176
system/tile_prci_domain/tile_reset_domain_tile/fusion/fgra/fgra/pes_30/alu/logic_0/logicUnit_16       7.0560     0.0       7.0560      0.0000       0.0000 UnifiedCom_175
system/tile_prci_domain/tile_reset_domain_tile/fusion/fgra/fgra/pes_30/alu/logic_0/logicUnit_17       7.0560     0.0       7.0560      0.0000       0.0000 UnifiedCom_174
system/tile_prci_domain/tile_reset_domain_tile/fusion/fgra/fgra/pes_30/alu/logic_0/logicUnit_18       7.0560     0.0       7.0560      0.0000       0.0000 UnifiedCom_173
system/tile_prci_domain/tile_reset_domain_tile/fusion/fgra/fgra/pes_30/alu/logic_0/logicUnit_19       6.3504     0.0       6.3504      0.0000       0.0000 UnifiedCom_172
system/tile_prci_domain/tile_reset_domain_tile/fusion/fgra/fgra/pes_30/alu/logic_0/logicUnit_2       7.0560     0.0       7.0560      0.0000       0.0000 UnifiedCom_189
system/tile_prci_domain/tile_reset_domain_tile/fusion/fgra/fgra/pes_30/alu/logic_0/logicUnit_20       7.0560     0.0       7.0560      0.0000       0.0000 UnifiedCom_171
system/tile_prci_domain/tile_reset_domain_tile/fusion/fgra/fgra/pes_30/alu/logic_0/logicUnit_21       7.0560     0.0       7.0560      0.0000       0.0000 UnifiedCom_170
system/tile_prci_domain/tile_reset_domain_tile/fusion/fgra/fgra/pes_30/alu/logic_0/logicUnit_22       7.0560     0.0       7.0560      0.0000       0.0000 UnifiedCom_169
system/tile_prci_domain/tile_reset_domain_tile/fusion/fgra/fgra/pes_30/alu/logic_0/logicUnit_23       6.3504     0.0       6.3504      0.0000       0.0000 UnifiedCom_168
system/tile_prci_domain/tile_reset_domain_tile/fusion/fgra/fgra/pes_30/alu/logic_0/logicUnit_24       6.3504     0.0       6.3504      0.0000       0.0000 UnifiedCom_167
system/tile_prci_domain/tile_reset_domain_tile/fusion/fgra/fgra/pes_30/alu/logic_0/logicUnit_25       7.0560     0.0       7.0560      0.0000       0.0000 UnifiedCom_166
system/tile_prci_domain/tile_reset_domain_tile/fusion/fgra/fgra/pes_30/alu/logic_0/logicUnit_26       7.0560     0.0       7.0560      0.0000       0.0000 UnifiedCom_165
system/tile_prci_domain/tile_reset_domain_tile/fusion/fgra/fgra/pes_30/alu/logic_0/logicUnit_27       7.0560     0.0       7.0560      0.0000       0.0000 UnifiedCom_164
system/tile_prci_domain/tile_reset_domain_tile/fusion/fgra/fgra/pes_30/alu/logic_0/logicUnit_28       7.0560     0.0       7.0560      0.0000       0.0000 UnifiedCom_163
system/tile_prci_domain/tile_reset_domain_tile/fusion/fgra/fgra/pes_30/alu/logic_0/logicUnit_29       6.3504     0.0       6.3504      0.0000       0.0000 UnifiedCom_162
system/tile_prci_domain/tile_reset_domain_tile/fusion/fgra/fgra/pes_30/alu/logic_0/logicUnit_3       7.0560     0.0       7.0560      0.0000       0.0000 UnifiedCom_188
system/tile_prci_domain/tile_reset_domain_tile/fusion/fgra/fgra/pes_30/alu/logic_0/logicUnit_30       6.3504     0.0       6.3504      0.0000       0.0000 UnifiedCom_161
system/tile_prci_domain/tile_reset_domain_tile/fusion/fgra/fgra/pes_30/alu/logic_0/logicUnit_31       7.0560     0.0       7.0560      0.0000       0.0000 UnifiedCom_160
system/tile_prci_domain/tile_reset_domain_tile/fusion/fgra/fgra/pes_30/alu/logic_0/logicUnit_4       7.0560     0.0       7.0560      0.0000       0.0000 UnifiedCom_187
system/tile_prci_domain/tile_reset_domain_tile/fusion/fgra/fgra/pes_30/alu/logic_0/logicUnit_5       7.0560     0.0       7.0560      0.0000       0.0000 UnifiedCom_186
system/tile_prci_domain/tile_reset_domain_tile/fusion/fgra/fgra/pes_30/alu/logic_0/logicUnit_6       7.0560     0.0       7.0560      0.0000       0.0000 UnifiedCom_185
system/tile_prci_domain/tile_reset_domain_tile/fusion/fgra/fgra/pes_30/alu/logic_0/logicUnit_7       7.0560     0.0       7.0560      0.0000       0.0000 UnifiedCom_184
system/tile_prci_domain/tile_reset_domain_tile/fusion/fgra/fgra/pes_30/alu/logic_0/logicUnit_8       6.3504     0.0       6.3504      0.0000       0.0000 UnifiedCom_183
system/tile_prci_domain/tile_reset_domain_tile/fusion/fgra/fgra/pes_30/alu/logic_0/logicUnit_9       6.3504     0.0       6.3504      0.0000       0.0000 UnifiedCom_182
system/tile_prci_domain/tile_reset_domain_tile/fusion/fgra/fgra/pes_30/alu/multipler    5567.4193     0.2    5567.4193      0.0000       0.0000 Mul_5
system/tile_prci_domain/tile_reset_domain_tile/fusion/fgra/fgra/pes_30/alu/shift     691.4880     0.0     691.4880      0.0000       0.0000 SHIFT_5
system/tile_prci_domain/tile_reset_domain_tile/fusion/fgra/fgra/pes_30/cfg     569.8896     0.0     153.8208    416.0688       0.0000 ConfigMem_12_5
system/tile_prci_domain/tile_reset_domain_tile/fusion/fgra/fgra/pes_30/delayPipeCG    7036.2433     0.2    4155.0433   2881.2000       0.0000 SharedDelayPipe_24_5
system/tile_prci_domain/tile_reset_domain_tile/fusion/fgra/fgra/pes_30/delayPipeFG     205.8000     0.0     125.8320     79.9680       0.0000 SharedDelayPipe_25_5
system/tile_prci_domain/tile_reset_domain_tile/fusion/fgra/fgra/pes_30/dmr     150.7632     0.0       0.0000    150.7632       0.0000 DualModeReg_5
system/tile_prci_domain/tile_reset_domain_tile/fusion/fgra/fgra/pes_30/rf4alu       7.9968     0.0       3.2928      4.7040       0.0000 RF_5
system/tile_prci_domain/tile_reset_domain_tile/fusion/fgra/fgra/pes_31   24205.3730     0.7       5.4096      0.0000       0.0000 GPE_31
system/tile_prci_domain/tile_reset_domain_tile/fusion/fgra/fgra/pes_31/Muxn     256.1328     0.0     256.1328      0.0000       0.0000 Muxn_36_109
system/tile_prci_domain/tile_reset_domain_tile/fusion/fgra/fgra/pes_31/Muxn_1     234.0240     0.0     234.0240      0.0000       0.0000 Muxn_36_108
system/tile_prci_domain/tile_reset_domain_tile/fusion/fgra/fgra/pes_31/Muxn_2       7.5264     0.0       7.5264      0.0000       0.0000 Muxn_38_25
system/tile_prci_domain/tile_reset_domain_tile/fusion/fgra/fgra/pes_31/alu   15775.3346     0.5     619.2816      0.0000       0.0000 ALU_4
system/tile_prci_domain/tile_reset_domain_tile/fusion/fgra/fgra/pes_31/alu/arith     419.5968     0.0     419.5968      0.0000       0.0000 ARITH_4
system/tile_prci_domain/tile_reset_domain_tile/fusion/fgra/fgra/pes_31/alu/fadd    5076.7921     0.2       0.0000      0.0000       0.0000 FADD_4
system/tile_prci_domain/tile_reset_domain_tile/fusion/fgra/fgra/pes_31/alu/fadd/fcmaadd    5076.7921     0.2       2.3520      0.0000       0.0000 FCMA_ADD_4
system/tile_prci_domain/tile_reset_domain_tile/fusion/fgra/fgra/pes_31/alu/fadd/fcmaadd/fadd_s1    3473.1984     0.1     641.6256      0.0000       0.0000 FCMA_ADD_s1_4
system/tile_prci_domain/tile_reset_domain_tile/fusion/fgra/fgra/pes_31/alu/fadd/fcmaadd/fadd_s1/far_path_mods_0     880.5888     0.0     384.5520      0.0000       0.0000 FarPath_4
system/tile_prci_domain/tile_reset_domain_tile/fusion/fgra/fgra/pes_31/alu/fadd/fcmaadd/fadd_s1/far_path_mods_0/shiftRightJam     496.0368     0.0     496.0368      0.0000       0.0000 ShiftRightJam_4
system/tile_prci_domain/tile_reset_domain_tile/fusion/fgra/fgra/pes_31/alu/fadd/fcmaadd/fadd_s1/near_path_mods_0     982.1952     0.0     735.7056      0.0000       0.0000 NearPath_9
system/tile_prci_domain/tile_reset_domain_tile/fusion/fgra/fgra/pes_31/alu/fadd/fcmaadd/fadd_s1/near_path_mods_0/lza_ab     154.7616     0.0     154.7616      0.0000       0.0000 LZA_10
system/tile_prci_domain/tile_reset_domain_tile/fusion/fgra/fgra/pes_31/alu/fadd/fcmaadd/fadd_s1/near_path_mods_0/lzc_clz      91.7280     0.0      91.7280      0.0000       0.0000 CLZ_11
system/tile_prci_domain/tile_reset_domain_tile/fusion/fgra/fgra/pes_31/alu/fadd/fcmaadd/fadd_s1/near_path_mods_1     968.7888     0.0     722.5344      0.0000       0.0000 NearPath_8
system/tile_prci_domain/tile_reset_domain_tile/fusion/fgra/fgra/pes_31/alu/fadd/fcmaadd/fadd_s1/near_path_mods_1/lza_ab     153.8208     0.0     153.8208      0.0000       0.0000 LZA_9
system/tile_prci_domain/tile_reset_domain_tile/fusion/fgra/fgra/pes_31/alu/fadd/fcmaadd/fadd_s1/near_path_mods_1/lzc_clz      92.4336     0.0      92.4336      0.0000       0.0000 CLZ_10
system/tile_prci_domain/tile_reset_domain_tile/fusion/fgra/fgra/pes_31/alu/fadd/fcmaadd/fadd_s2    1601.2416     0.0    1157.8896      0.0000       0.0000 FCMA_ADD_s2_4
system/tile_prci_domain/tile_reset_domain_tile/fusion/fgra/fgra/pes_31/alu/fadd/fcmaadd/fadd_s2/far_path_rounder     244.3728     0.0     244.3728      0.0000       0.0000 RoundingUnit_86
system/tile_prci_domain/tile_reset_domain_tile/fusion/fgra/fgra/pes_31/alu/fadd/fcmaadd/fadd_s2/near_path_rounder     198.9792     0.0     198.9792      0.0000       0.0000 RoundingUnit_85
system/tile_prci_domain/tile_reset_domain_tile/fusion/fgra/fgra/pes_31/alu/fcmp     292.8240     0.0     292.8240      0.0000       0.0000 FCMP_14
system/tile_prci_domain/tile_reset_domain_tile/fusion/fgra/fgra/pes_31/alu/fmax     274.2432     0.0     274.2432      0.0000       0.0000 FCMP_12
system/tile_prci_domain/tile_reset_domain_tile/fusion/fgra/fgra/pes_31/alu/fmin     274.2432     0.0     274.2432      0.0000       0.0000 FCMP_13
system/tile_prci_domain/tile_reset_domain_tile/fusion/fgra/fgra/pes_31/alu/fmul    2218.1712     0.1      12.7008    556.4832       0.0000 FMUL_share_4
system/tile_prci_domain/tile_reset_domain_tile/fusion/fgra/fgra/pes_31/alu/fmul/fmul_s1     402.6624     0.0     323.1648      0.0000       0.0000 FMUL_s1_4
system/tile_prci_domain/tile_reset_domain_tile/fusion/fgra/fgra/pes_31/alu/fmul/fmul_s1/lzc_clz      79.4976     0.0      79.4976      0.0000       0.0000 CLZ_2_4
system/tile_prci_domain/tile_reset_domain_tile/fusion/fgra/fgra/pes_31/alu/fmul/fmul_s2    1041.4656     0.0    1041.4656      0.0000       0.0000 FMUL_s2_4
system/tile_prci_domain/tile_reset_domain_tile/fusion/fgra/fgra/pes_31/alu/fmul/fmul_s3     204.8592     0.0     104.1936      0.0000       0.0000 FMUL_s3_4
system/tile_prci_domain/tile_reset_domain_tile/fusion/fgra/fgra/pes_31/alu/fmul/fmul_s3/rounder     100.6656     0.0     100.6656      0.0000       0.0000 RoundingUnit_189
system/tile_prci_domain/tile_reset_domain_tile/fusion/fgra/fgra/pes_31/alu/logic_0     227.6736     0.0      10.3488      0.0000       0.0000 LOGIC_4
system/tile_prci_domain/tile_reset_domain_tile/fusion/fgra/fgra/pes_31/alu/logic_0/logicUnit       6.3504     0.0       6.3504      0.0000       0.0000 UnifiedCom_159
system/tile_prci_domain/tile_reset_domain_tile/fusion/fgra/fgra/pes_31/alu/logic_0/logicUnit_1       7.0560     0.0       7.0560      0.0000       0.0000 UnifiedCom_158
system/tile_prci_domain/tile_reset_domain_tile/fusion/fgra/fgra/pes_31/alu/logic_0/logicUnit_10       6.3504     0.0       6.3504      0.0000       0.0000 UnifiedCom_149
system/tile_prci_domain/tile_reset_domain_tile/fusion/fgra/fgra/pes_31/alu/logic_0/logicUnit_11       7.0560     0.0       7.0560      0.0000       0.0000 UnifiedCom_148
system/tile_prci_domain/tile_reset_domain_tile/fusion/fgra/fgra/pes_31/alu/logic_0/logicUnit_12       6.3504     0.0       6.3504      0.0000       0.0000 UnifiedCom_147
system/tile_prci_domain/tile_reset_domain_tile/fusion/fgra/fgra/pes_31/alu/logic_0/logicUnit_13       7.0560     0.0       7.0560      0.0000       0.0000 UnifiedCom_146
system/tile_prci_domain/tile_reset_domain_tile/fusion/fgra/fgra/pes_31/alu/logic_0/logicUnit_14       6.3504     0.0       6.3504      0.0000       0.0000 UnifiedCom_145
system/tile_prci_domain/tile_reset_domain_tile/fusion/fgra/fgra/pes_31/alu/logic_0/logicUnit_15       7.0560     0.0       7.0560      0.0000       0.0000 UnifiedCom_144
system/tile_prci_domain/tile_reset_domain_tile/fusion/fgra/fgra/pes_31/alu/logic_0/logicUnit_16       7.0560     0.0       7.0560      0.0000       0.0000 UnifiedCom_143
system/tile_prci_domain/tile_reset_domain_tile/fusion/fgra/fgra/pes_31/alu/logic_0/logicUnit_17       7.0560     0.0       7.0560      0.0000       0.0000 UnifiedCom_142
system/tile_prci_domain/tile_reset_domain_tile/fusion/fgra/fgra/pes_31/alu/logic_0/logicUnit_18       7.0560     0.0       7.0560      0.0000       0.0000 UnifiedCom_141
system/tile_prci_domain/tile_reset_domain_tile/fusion/fgra/fgra/pes_31/alu/logic_0/logicUnit_19       7.0560     0.0       7.0560      0.0000       0.0000 UnifiedCom_140
system/tile_prci_domain/tile_reset_domain_tile/fusion/fgra/fgra/pes_31/alu/logic_0/logicUnit_2       7.0560     0.0       7.0560      0.0000       0.0000 UnifiedCom_157
system/tile_prci_domain/tile_reset_domain_tile/fusion/fgra/fgra/pes_31/alu/logic_0/logicUnit_20       7.0560     0.0       7.0560      0.0000       0.0000 UnifiedCom_139
system/tile_prci_domain/tile_reset_domain_tile/fusion/fgra/fgra/pes_31/alu/logic_0/logicUnit_21       7.0560     0.0       7.0560      0.0000       0.0000 UnifiedCom_138
system/tile_prci_domain/tile_reset_domain_tile/fusion/fgra/fgra/pes_31/alu/logic_0/logicUnit_22       7.0560     0.0       7.0560      0.0000       0.0000 UnifiedCom_137
system/tile_prci_domain/tile_reset_domain_tile/fusion/fgra/fgra/pes_31/alu/logic_0/logicUnit_23       7.0560     0.0       7.0560      0.0000       0.0000 UnifiedCom_136
system/tile_prci_domain/tile_reset_domain_tile/fusion/fgra/fgra/pes_31/alu/logic_0/logicUnit_24       6.3504     0.0       6.3504      0.0000       0.0000 UnifiedCom_135
system/tile_prci_domain/tile_reset_domain_tile/fusion/fgra/fgra/pes_31/alu/logic_0/logicUnit_25       7.0560     0.0       7.0560      0.0000       0.0000 UnifiedCom_134
system/tile_prci_domain/tile_reset_domain_tile/fusion/fgra/fgra/pes_31/alu/logic_0/logicUnit_26       6.3504     0.0       6.3504      0.0000       0.0000 UnifiedCom_133
system/tile_prci_domain/tile_reset_domain_tile/fusion/fgra/fgra/pes_31/alu/logic_0/logicUnit_27       6.3504     0.0       6.3504      0.0000       0.0000 UnifiedCom_132
system/tile_prci_domain/tile_reset_domain_tile/fusion/fgra/fgra/pes_31/alu/logic_0/logicUnit_28       6.3504     0.0       6.3504      0.0000       0.0000 UnifiedCom_131
system/tile_prci_domain/tile_reset_domain_tile/fusion/fgra/fgra/pes_31/alu/logic_0/logicUnit_29       6.3504     0.0       6.3504      0.0000       0.0000 UnifiedCom_130
system/tile_prci_domain/tile_reset_domain_tile/fusion/fgra/fgra/pes_31/alu/logic_0/logicUnit_3       7.0560     0.0       7.0560      0.0000       0.0000 UnifiedCom_156
system/tile_prci_domain/tile_reset_domain_tile/fusion/fgra/fgra/pes_31/alu/logic_0/logicUnit_30       6.3504     0.0       6.3504      0.0000       0.0000 UnifiedCom_129
system/tile_prci_domain/tile_reset_domain_tile/fusion/fgra/fgra/pes_31/alu/logic_0/logicUnit_31       7.0560     0.0       7.0560      0.0000       0.0000 UnifiedCom_128
system/tile_prci_domain/tile_reset_domain_tile/fusion/fgra/fgra/pes_31/alu/logic_0/logicUnit_4       7.0560     0.0       7.0560      0.0000       0.0000 UnifiedCom_155
system/tile_prci_domain/tile_reset_domain_tile/fusion/fgra/fgra/pes_31/alu/logic_0/logicUnit_5       7.0560     0.0       7.0560      0.0000       0.0000 UnifiedCom_154
system/tile_prci_domain/tile_reset_domain_tile/fusion/fgra/fgra/pes_31/alu/logic_0/logicUnit_6       7.0560     0.0       7.0560      0.0000       0.0000 UnifiedCom_153
system/tile_prci_domain/tile_reset_domain_tile/fusion/fgra/fgra/pes_31/alu/logic_0/logicUnit_7       7.0560     0.0       7.0560      0.0000       0.0000 UnifiedCom_152
system/tile_prci_domain/tile_reset_domain_tile/fusion/fgra/fgra/pes_31/alu/logic_0/logicUnit_8       6.3504     0.0       6.3504      0.0000       0.0000 UnifiedCom_151
system/tile_prci_domain/tile_reset_domain_tile/fusion/fgra/fgra/pes_31/alu/logic_0/logicUnit_9       6.3504     0.0       6.3504      0.0000       0.0000 UnifiedCom_150
system/tile_prci_domain/tile_reset_domain_tile/fusion/fgra/fgra/pes_31/alu/multipler    5682.9025     0.2    5682.9025      0.0000       0.0000 Mul_4
system/tile_prci_domain/tile_reset_domain_tile/fusion/fgra/fgra/pes_31/alu/shift     689.6064     0.0     689.6064      0.0000       0.0000 SHIFT_4
system/tile_prci_domain/tile_reset_domain_tile/fusion/fgra/fgra/pes_31/cfg     561.8928     0.0     153.8208    408.0720       0.0000 ConfigMem_12_4
system/tile_prci_domain/tile_reset_domain_tile/fusion/fgra/fgra/pes_31/delayPipeCG    6996.7297     0.2    4110.5905   2886.1392       0.0000 SharedDelayPipe_24_4
system/tile_prci_domain/tile_reset_domain_tile/fusion/fgra/fgra/pes_31/delayPipeFG     205.0944     0.0     125.1264     79.9680       0.0000 SharedDelayPipe_25_4
system/tile_prci_domain/tile_reset_domain_tile/fusion/fgra/fgra/pes_31/dmr     153.8208     0.0       0.0000    153.8208       0.0000 DualModeReg_4
system/tile_prci_domain/tile_reset_domain_tile/fusion/fgra/fgra/pes_31/rf4alu       9.4080     0.0       4.7040      4.7040       0.0000 RF_4
system/tile_prci_domain/tile_reset_domain_tile/fusion/fgra/fgra/pes_32   24028.5027     0.7       7.7616      0.0000       0.0000 GPE_32
system/tile_prci_domain/tile_reset_domain_tile/fusion/fgra/fgra/pes_32/Muxn     258.4848     0.0     258.4848      0.0000       0.0000 Muxn_36_107
system/tile_prci_domain/tile_reset_domain_tile/fusion/fgra/fgra/pes_32/Muxn_1     239.4336     0.0     239.4336      0.0000       0.0000 Muxn_36_106
system/tile_prci_domain/tile_reset_domain_tile/fusion/fgra/fgra/pes_32/Muxn_2       7.5264     0.0       7.5264      0.0000       0.0000 Muxn_38_24
system/tile_prci_domain/tile_reset_domain_tile/fusion/fgra/fgra/pes_32/alu   15673.7282     0.5     598.3488      0.0000       0.0000 ALU_3
system/tile_prci_domain/tile_reset_domain_tile/fusion/fgra/fgra/pes_32/alu/arith     417.7152     0.0     417.7152      0.0000       0.0000 ARITH_3
system/tile_prci_domain/tile_reset_domain_tile/fusion/fgra/fgra/pes_32/alu/fadd    5022.9313     0.2       0.0000      0.0000       0.0000 FADD_3
system/tile_prci_domain/tile_reset_domain_tile/fusion/fgra/fgra/pes_32/alu/fadd/fcmaadd    5022.9313     0.2       2.3520      0.0000       0.0000 FCMA_ADD_3
system/tile_prci_domain/tile_reset_domain_tile/fusion/fgra/fgra/pes_32/alu/fadd/fcmaadd/fadd_s1    3421.4545     0.1     643.7424      0.0000       0.0000 FCMA_ADD_s1_3
system/tile_prci_domain/tile_reset_domain_tile/fusion/fgra/fgra/pes_32/alu/fadd/fcmaadd/fadd_s1/far_path_mods_0     852.6000     0.0     358.2096      0.0000       0.0000 FarPath_3
system/tile_prci_domain/tile_reset_domain_tile/fusion/fgra/fgra/pes_32/alu/fadd/fcmaadd/fadd_s1/far_path_mods_0/shiftRightJam     494.3904     0.0     494.3904      0.0000       0.0000 ShiftRightJam_3
system/tile_prci_domain/tile_reset_domain_tile/fusion/fgra/fgra/pes_32/alu/fadd/fcmaadd/fadd_s1/near_path_mods_0     947.3856     0.0     726.2976      0.0000       0.0000 NearPath_7
system/tile_prci_domain/tile_reset_domain_tile/fusion/fgra/fgra/pes_32/alu/fadd/fcmaadd/fadd_s1/near_path_mods_0/lza_ab     129.1248     0.0     129.1248      0.0000       0.0000 LZA_8
system/tile_prci_domain/tile_reset_domain_tile/fusion/fgra/fgra/pes_32/alu/fadd/fcmaadd/fadd_s1/near_path_mods_0/lzc_clz      91.9632     0.0      91.9632      0.0000       0.0000 CLZ_9
system/tile_prci_domain/tile_reset_domain_tile/fusion/fgra/fgra/pes_32/alu/fadd/fcmaadd/fadd_s1/near_path_mods_1     977.7264     0.0     726.7680      0.0000       0.0000 NearPath_6
system/tile_prci_domain/tile_reset_domain_tile/fusion/fgra/fgra/pes_32/alu/fadd/fcmaadd/fadd_s1/near_path_mods_1/lza_ab     156.8784     0.0     156.8784      0.0000       0.0000 LZA_7
system/tile_prci_domain/tile_reset_domain_tile/fusion/fgra/fgra/pes_32/alu/fadd/fcmaadd/fadd_s1/near_path_mods_1/lzc_clz      94.0800     0.0      94.0800      0.0000       0.0000 CLZ_8
system/tile_prci_domain/tile_reset_domain_tile/fusion/fgra/fgra/pes_32/alu/fadd/fcmaadd/fadd_s2    1599.1248     0.0    1156.7136      0.0000       0.0000 FCMA_ADD_s2_3
system/tile_prci_domain/tile_reset_domain_tile/fusion/fgra/fgra/pes_32/alu/fadd/fcmaadd/fadd_s2/far_path_rounder     241.7856     0.0     241.7856      0.0000       0.0000 RoundingUnit_83
system/tile_prci_domain/tile_reset_domain_tile/fusion/fgra/fgra/pes_32/alu/fadd/fcmaadd/fadd_s2/near_path_rounder     200.6256     0.0     200.6256      0.0000       0.0000 RoundingUnit_82
system/tile_prci_domain/tile_reset_domain_tile/fusion/fgra/fgra/pes_32/alu/fcmp     295.6464     0.0     295.6464      0.0000       0.0000 FCMP_11
system/tile_prci_domain/tile_reset_domain_tile/fusion/fgra/fgra/pes_32/alu/fmax     275.4192     0.0     275.4192      0.0000       0.0000 FCMP_9
system/tile_prci_domain/tile_reset_domain_tile/fusion/fgra/fgra/pes_32/alu/fmin     273.5376     0.0     273.5376      0.0000       0.0000 FCMP_10
system/tile_prci_domain/tile_reset_domain_tile/fusion/fgra/fgra/pes_32/alu/fmul    2293.6704     0.1      12.9360    555.7776       0.0000 FMUL_share_3
system/tile_prci_domain/tile_reset_domain_tile/fusion/fgra/fgra/pes_32/alu/fmul/fmul_s1     405.4848     0.0     325.9872      0.0000       0.0000 FMUL_s1_3
system/tile_prci_domain/tile_reset_domain_tile/fusion/fgra/fgra/pes_32/alu/fmul/fmul_s1/lzc_clz      79.4976     0.0      79.4976      0.0000       0.0000 CLZ_2_3
system/tile_prci_domain/tile_reset_domain_tile/fusion/fgra/fgra/pes_32/alu/fmul/fmul_s2    1114.6128     0.0    1114.6128      0.0000       0.0000 FMUL_s2_3
system/tile_prci_domain/tile_reset_domain_tile/fusion/fgra/fgra/pes_32/alu/fmul/fmul_s3     204.8592     0.0     104.1936      0.0000       0.0000 FMUL_s3_3
system/tile_prci_domain/tile_reset_domain_tile/fusion/fgra/fgra/pes_32/alu/fmul/fmul_s3/rounder     100.6656     0.0     100.6656      0.0000       0.0000 RoundingUnit_187
system/tile_prci_domain/tile_reset_domain_tile/fusion/fgra/fgra/pes_32/alu/logic_0     228.6144     0.0      11.2896      0.0000       0.0000 LOGIC_3
system/tile_prci_domain/tile_reset_domain_tile/fusion/fgra/fgra/pes_32/alu/logic_0/logicUnit       6.3504     0.0       6.3504      0.0000       0.0000 UnifiedCom_127
system/tile_prci_domain/tile_reset_domain_tile/fusion/fgra/fgra/pes_32/alu/logic_0/logicUnit_1       7.0560     0.0       7.0560      0.0000       0.0000 UnifiedCom_126
system/tile_prci_domain/tile_reset_domain_tile/fusion/fgra/fgra/pes_32/alu/logic_0/logicUnit_10       6.3504     0.0       6.3504      0.0000       0.0000 UnifiedCom_117
system/tile_prci_domain/tile_reset_domain_tile/fusion/fgra/fgra/pes_32/alu/logic_0/logicUnit_11       7.0560     0.0       7.0560      0.0000       0.0000 UnifiedCom_116
system/tile_prci_domain/tile_reset_domain_tile/fusion/fgra/fgra/pes_32/alu/logic_0/logicUnit_12       7.0560     0.0       7.0560      0.0000       0.0000 UnifiedCom_115
system/tile_prci_domain/tile_reset_domain_tile/fusion/fgra/fgra/pes_32/alu/logic_0/logicUnit_13       7.0560     0.0       7.0560      0.0000       0.0000 UnifiedCom_114
system/tile_prci_domain/tile_reset_domain_tile/fusion/fgra/fgra/pes_32/alu/logic_0/logicUnit_14       6.3504     0.0       6.3504      0.0000       0.0000 UnifiedCom_113
system/tile_prci_domain/tile_reset_domain_tile/fusion/fgra/fgra/pes_32/alu/logic_0/logicUnit_15       7.0560     0.0       7.0560      0.0000       0.0000 UnifiedCom_112
system/tile_prci_domain/tile_reset_domain_tile/fusion/fgra/fgra/pes_32/alu/logic_0/logicUnit_16       7.0560     0.0       7.0560      0.0000       0.0000 UnifiedCom_111
system/tile_prci_domain/tile_reset_domain_tile/fusion/fgra/fgra/pes_32/alu/logic_0/logicUnit_17       7.0560     0.0       7.0560      0.0000       0.0000 UnifiedCom_110
system/tile_prci_domain/tile_reset_domain_tile/fusion/fgra/fgra/pes_32/alu/logic_0/logicUnit_18       7.0560     0.0       7.0560      0.0000       0.0000 UnifiedCom_109
system/tile_prci_domain/tile_reset_domain_tile/fusion/fgra/fgra/pes_32/alu/logic_0/logicUnit_19       7.0560     0.0       7.0560      0.0000       0.0000 UnifiedCom_108
system/tile_prci_domain/tile_reset_domain_tile/fusion/fgra/fgra/pes_32/alu/logic_0/logicUnit_2       6.3504     0.0       6.3504      0.0000       0.0000 UnifiedCom_125
system/tile_prci_domain/tile_reset_domain_tile/fusion/fgra/fgra/pes_32/alu/logic_0/logicUnit_20       7.0560     0.0       7.0560      0.0000       0.0000 UnifiedCom_107
system/tile_prci_domain/tile_reset_domain_tile/fusion/fgra/fgra/pes_32/alu/logic_0/logicUnit_21       7.0560     0.0       7.0560      0.0000       0.0000 UnifiedCom_106
system/tile_prci_domain/tile_reset_domain_tile/fusion/fgra/fgra/pes_32/alu/logic_0/logicUnit_22       7.0560     0.0       7.0560      0.0000       0.0000 UnifiedCom_105
system/tile_prci_domain/tile_reset_domain_tile/fusion/fgra/fgra/pes_32/alu/logic_0/logicUnit_23       6.3504     0.0       6.3504      0.0000       0.0000 UnifiedCom_104
system/tile_prci_domain/tile_reset_domain_tile/fusion/fgra/fgra/pes_32/alu/logic_0/logicUnit_24       6.3504     0.0       6.3504      0.0000       0.0000 UnifiedCom_103
system/tile_prci_domain/tile_reset_domain_tile/fusion/fgra/fgra/pes_32/alu/logic_0/logicUnit_25       7.0560     0.0       7.0560      0.0000       0.0000 UnifiedCom_102
system/tile_prci_domain/tile_reset_domain_tile/fusion/fgra/fgra/pes_32/alu/logic_0/logicUnit_26       7.0560     0.0       7.0560      0.0000       0.0000 UnifiedCom_101
system/tile_prci_domain/tile_reset_domain_tile/fusion/fgra/fgra/pes_32/alu/logic_0/logicUnit_27       6.3504     0.0       6.3504      0.0000       0.0000 UnifiedCom_100
system/tile_prci_domain/tile_reset_domain_tile/fusion/fgra/fgra/pes_32/alu/logic_0/logicUnit_28       7.0560     0.0       7.0560      0.0000       0.0000 UnifiedCom_99
system/tile_prci_domain/tile_reset_domain_tile/fusion/fgra/fgra/pes_32/alu/logic_0/logicUnit_29       7.0560     0.0       7.0560      0.0000       0.0000 UnifiedCom_98
system/tile_prci_domain/tile_reset_domain_tile/fusion/fgra/fgra/pes_32/alu/logic_0/logicUnit_3       6.3504     0.0       6.3504      0.0000       0.0000 UnifiedCom_124
system/tile_prci_domain/tile_reset_domain_tile/fusion/fgra/fgra/pes_32/alu/logic_0/logicUnit_30       7.0560     0.0       7.0560      0.0000       0.0000 UnifiedCom_97
system/tile_prci_domain/tile_reset_domain_tile/fusion/fgra/fgra/pes_32/alu/logic_0/logicUnit_31       7.0560     0.0       7.0560      0.0000       0.0000 UnifiedCom_96
system/tile_prci_domain/tile_reset_domain_tile/fusion/fgra/fgra/pes_32/alu/logic_0/logicUnit_4       7.0560     0.0       7.0560      0.0000       0.0000 UnifiedCom_123
system/tile_prci_domain/tile_reset_domain_tile/fusion/fgra/fgra/pes_32/alu/logic_0/logicUnit_5       7.0560     0.0       7.0560      0.0000       0.0000 UnifiedCom_122
system/tile_prci_domain/tile_reset_domain_tile/fusion/fgra/fgra/pes_32/alu/logic_0/logicUnit_6       6.3504     0.0       6.3504      0.0000       0.0000 UnifiedCom_121
system/tile_prci_domain/tile_reset_domain_tile/fusion/fgra/fgra/pes_32/alu/logic_0/logicUnit_7       6.3504     0.0       6.3504      0.0000       0.0000 UnifiedCom_120
system/tile_prci_domain/tile_reset_domain_tile/fusion/fgra/fgra/pes_32/alu/logic_0/logicUnit_8       6.3504     0.0       6.3504      0.0000       0.0000 UnifiedCom_119
system/tile_prci_domain/tile_reset_domain_tile/fusion/fgra/fgra/pes_32/alu/logic_0/logicUnit_9       6.3504     0.0       6.3504      0.0000       0.0000 UnifiedCom_118
system/tile_prci_domain/tile_reset_domain_tile/fusion/fgra/fgra/pes_32/alu/multipler    5578.0033     0.2    5578.0033      0.0000       0.0000 Mul_3
system/tile_prci_domain/tile_reset_domain_tile/fusion/fgra/fgra/pes_32/alu/shift     689.8416     0.0     689.8416      0.0000       0.0000 SHIFT_3
system/tile_prci_domain/tile_reset_domain_tile/fusion/fgra/fgra/pes_32/cfg     559.3056     0.0     153.8208    405.4848       0.0000 ConfigMem_12_3
system/tile_prci_domain/tile_reset_domain_tile/fusion/fgra/fgra/pes_32/delayPipeCG    6918.1729     0.2    4038.8545   2879.3184       0.0000 SharedDelayPipe_24_3
system/tile_prci_domain/tile_reset_domain_tile/fusion/fgra/fgra/pes_32/delayPipeFG     205.0944     0.0     125.1264     79.9680       0.0000 SharedDelayPipe_25_3
system/tile_prci_domain/tile_reset_domain_tile/fusion/fgra/fgra/pes_32/dmr     150.9984     0.0       0.0000    150.9984       0.0000 DualModeReg_3
system/tile_prci_domain/tile_reset_domain_tile/fusion/fgra/fgra/pes_32/rf4alu       7.9968     0.0       3.2928      4.7040       0.0000 RF_3
system/tile_prci_domain/tile_reset_domain_tile/fusion/fgra/fgra/pes_33   24156.2163     0.7       6.5856      0.0000       0.0000 GPE_33
system/tile_prci_domain/tile_reset_domain_tile/fusion/fgra/fgra/pes_33/Muxn     274.0080     0.0     274.0080      0.0000       0.0000 Muxn_36_105
system/tile_prci_domain/tile_reset_domain_tile/fusion/fgra/fgra/pes_33/Muxn_1     249.0768     0.0     249.0768      0.0000       0.0000 Muxn_36_104
system/tile_prci_domain/tile_reset_domain_tile/fusion/fgra/fgra/pes_33/Muxn_2       7.5264     0.0       7.5264      0.0000       0.0000 Muxn_38_23
system/tile_prci_domain/tile_reset_domain_tile/fusion/fgra/fgra/pes_33/alu   15742.8770     0.5     613.8720      0.0000       0.0000 ALU_2
system/tile_prci_domain/tile_reset_domain_tile/fusion/fgra/fgra/pes_33/alu/arith     419.3616     0.0     419.3616      0.0000       0.0000 ARITH_2
system/tile_prci_domain/tile_reset_domain_tile/fusion/fgra/fgra/pes_33/alu/fadd    5090.1985     0.2       0.0000      0.0000       0.0000 FADD_2
system/tile_prci_domain/tile_reset_domain_tile/fusion/fgra/fgra/pes_33/alu/fadd/fcmaadd    5090.1985     0.2       2.3520      0.0000       0.0000 FCMA_ADD_2
system/tile_prci_domain/tile_reset_domain_tile/fusion/fgra/fgra/pes_33/alu/fadd/fcmaadd/fadd_s1    3508.2433     0.1     656.4432      0.0000       0.0000 FCMA_ADD_s1_2
system/tile_prci_domain/tile_reset_domain_tile/fusion/fgra/fgra/pes_33/alu/fadd/fcmaadd/fadd_s1/far_path_mods_0     871.4160     0.0     376.5552      0.0000       0.0000 FarPath_2
system/tile_prci_domain/tile_reset_domain_tile/fusion/fgra/fgra/pes_33/alu/fadd/fcmaadd/fadd_s1/far_path_mods_0/shiftRightJam     494.8608     0.0     494.8608      0.0000       0.0000 ShiftRightJam_2
system/tile_prci_domain/tile_reset_domain_tile/fusion/fgra/fgra/pes_33/alu/fadd/fcmaadd/fadd_s1/near_path_mods_0     993.0144     0.0     732.8832      0.0000       0.0000 NearPath_5
system/tile_prci_domain/tile_reset_domain_tile/fusion/fgra/fgra/pes_33/alu/fadd/fcmaadd/fadd_s1/near_path_mods_0/lza_ab     169.5792     0.0     169.5792      0.0000       0.0000 LZA_6
system/tile_prci_domain/tile_reset_domain_tile/fusion/fgra/fgra/pes_33/alu/fadd/fcmaadd/fadd_s1/near_path_mods_0/lzc_clz      90.5520     0.0      90.5520      0.0000       0.0000 CLZ_7
system/tile_prci_domain/tile_reset_domain_tile/fusion/fgra/fgra/pes_33/alu/fadd/fcmaadd/fadd_s1/near_path_mods_1     987.3696     0.0     730.0608      0.0000       0.0000 NearPath_4
system/tile_prci_domain/tile_reset_domain_tile/fusion/fgra/fgra/pes_33/alu/fadd/fcmaadd/fadd_s1/near_path_mods_1/lza_ab     166.5216     0.0     166.5216      0.0000       0.0000 LZA_5
system/tile_prci_domain/tile_reset_domain_tile/fusion/fgra/fgra/pes_33/alu/fadd/fcmaadd/fadd_s1/near_path_mods_1/lzc_clz      90.7872     0.0      90.7872      0.0000       0.0000 CLZ_6
system/tile_prci_domain/tile_reset_domain_tile/fusion/fgra/fgra/pes_33/alu/fadd/fcmaadd/fadd_s2    1579.6032     0.0    1133.6640      0.0000       0.0000 FCMA_ADD_s2_2
system/tile_prci_domain/tile_reset_domain_tile/fusion/fgra/fgra/pes_33/alu/fadd/fcmaadd/fadd_s2/far_path_rounder     248.1360     0.0     248.1360      0.0000       0.0000 RoundingUnit_80
system/tile_prci_domain/tile_reset_domain_tile/fusion/fgra/fgra/pes_33/alu/fadd/fcmaadd/fadd_s2/near_path_rounder     197.8032     0.0     197.8032      0.0000       0.0000 RoundingUnit_79
system/tile_prci_domain/tile_reset_domain_tile/fusion/fgra/fgra/pes_33/alu/fcmp     287.8848     0.0     287.8848      0.0000       0.0000 FCMP_8
system/tile_prci_domain/tile_reset_domain_tile/fusion/fgra/fgra/pes_33/alu/fmax     273.3024     0.0     273.3024      0.0000       0.0000 FCMP_6
system/tile_prci_domain/tile_reset_domain_tile/fusion/fgra/fgra/pes_33/alu/fmin     272.1264     0.0     272.1264      0.0000       0.0000 FCMP_7
system/tile_prci_domain/tile_reset_domain_tile/fusion/fgra/fgra/pes_33/alu/fmul    2341.4160     0.1      14.3472    556.7184       0.0000 FMUL_share_2
system/tile_prci_domain/tile_reset_domain_tile/fusion/fgra/fgra/pes_33/alu/fmul/fmul_s1     466.8720     0.0     387.8448      0.0000       0.0000 FMUL_s1_2
system/tile_prci_domain/tile_reset_domain_tile/fusion/fgra/fgra/pes_33/alu/fmul/fmul_s1/lzc_clz      79.0272     0.0      79.0272      0.0000       0.0000 CLZ_2_2
system/tile_prci_domain/tile_reset_domain_tile/fusion/fgra/fgra/pes_33/alu/fmul/fmul_s2    1098.6192     0.0    1098.6192      0.0000       0.0000 FMUL_s2_2
system/tile_prci_domain/tile_reset_domain_tile/fusion/fgra/fgra/pes_33/alu/fmul/fmul_s3     204.8592     0.0     104.1936      0.0000       0.0000 FMUL_s3_2
system/tile_prci_domain/tile_reset_domain_tile/fusion/fgra/fgra/pes_33/alu/fmul/fmul_s3/rounder     100.6656     0.0     100.6656      0.0000       0.0000 RoundingUnit_185
system/tile_prci_domain/tile_reset_domain_tile/fusion/fgra/fgra/pes_33/alu/logic_0     228.6144     0.0      11.2896      0.0000       0.0000 LOGIC_2
system/tile_prci_domain/tile_reset_domain_tile/fusion/fgra/fgra/pes_33/alu/logic_0/logicUnit       6.3504     0.0       6.3504      0.0000       0.0000 UnifiedCom_95
system/tile_prci_domain/tile_reset_domain_tile/fusion/fgra/fgra/pes_33/alu/logic_0/logicUnit_1       6.3504     0.0       6.3504      0.0000       0.0000 UnifiedCom_94
system/tile_prci_domain/tile_reset_domain_tile/fusion/fgra/fgra/pes_33/alu/logic_0/logicUnit_10       6.3504     0.0       6.3504      0.0000       0.0000 UnifiedCom_85
system/tile_prci_domain/tile_reset_domain_tile/fusion/fgra/fgra/pes_33/alu/logic_0/logicUnit_11       7.0560     0.0       7.0560      0.0000       0.0000 UnifiedCom_84
system/tile_prci_domain/tile_reset_domain_tile/fusion/fgra/fgra/pes_33/alu/logic_0/logicUnit_12       6.3504     0.0       6.3504      0.0000       0.0000 UnifiedCom_83
system/tile_prci_domain/tile_reset_domain_tile/fusion/fgra/fgra/pes_33/alu/logic_0/logicUnit_13       6.3504     0.0       6.3504      0.0000       0.0000 UnifiedCom_82
system/tile_prci_domain/tile_reset_domain_tile/fusion/fgra/fgra/pes_33/alu/logic_0/logicUnit_14       7.0560     0.0       7.0560      0.0000       0.0000 UnifiedCom_81
system/tile_prci_domain/tile_reset_domain_tile/fusion/fgra/fgra/pes_33/alu/logic_0/logicUnit_15       7.0560     0.0       7.0560      0.0000       0.0000 UnifiedCom_80
system/tile_prci_domain/tile_reset_domain_tile/fusion/fgra/fgra/pes_33/alu/logic_0/logicUnit_16       7.0560     0.0       7.0560      0.0000       0.0000 UnifiedCom_79
system/tile_prci_domain/tile_reset_domain_tile/fusion/fgra/fgra/pes_33/alu/logic_0/logicUnit_17       7.0560     0.0       7.0560      0.0000       0.0000 UnifiedCom_78
system/tile_prci_domain/tile_reset_domain_tile/fusion/fgra/fgra/pes_33/alu/logic_0/logicUnit_18       7.0560     0.0       7.0560      0.0000       0.0000 UnifiedCom_77
system/tile_prci_domain/tile_reset_domain_tile/fusion/fgra/fgra/pes_33/alu/logic_0/logicUnit_19       7.0560     0.0       7.0560      0.0000       0.0000 UnifiedCom_76
system/tile_prci_domain/tile_reset_domain_tile/fusion/fgra/fgra/pes_33/alu/logic_0/logicUnit_2       6.3504     0.0       6.3504      0.0000       0.0000 UnifiedCom_93
system/tile_prci_domain/tile_reset_domain_tile/fusion/fgra/fgra/pes_33/alu/logic_0/logicUnit_20       7.0560     0.0       7.0560      0.0000       0.0000 UnifiedCom_75
system/tile_prci_domain/tile_reset_domain_tile/fusion/fgra/fgra/pes_33/alu/logic_0/logicUnit_21       7.0560     0.0       7.0560      0.0000       0.0000 UnifiedCom_74
system/tile_prci_domain/tile_reset_domain_tile/fusion/fgra/fgra/pes_33/alu/logic_0/logicUnit_22       7.0560     0.0       7.0560      0.0000       0.0000 UnifiedCom_73
system/tile_prci_domain/tile_reset_domain_tile/fusion/fgra/fgra/pes_33/alu/logic_0/logicUnit_23       6.3504     0.0       6.3504      0.0000       0.0000 UnifiedCom_72
system/tile_prci_domain/tile_reset_domain_tile/fusion/fgra/fgra/pes_33/alu/logic_0/logicUnit_24       7.0560     0.0       7.0560      0.0000       0.0000 UnifiedCom_71
system/tile_prci_domain/tile_reset_domain_tile/fusion/fgra/fgra/pes_33/alu/logic_0/logicUnit_25       7.0560     0.0       7.0560      0.0000       0.0000 UnifiedCom_70
system/tile_prci_domain/tile_reset_domain_tile/fusion/fgra/fgra/pes_33/alu/logic_0/logicUnit_26       7.0560     0.0       7.0560      0.0000       0.0000 UnifiedCom_69
system/tile_prci_domain/tile_reset_domain_tile/fusion/fgra/fgra/pes_33/alu/logic_0/logicUnit_27       7.0560     0.0       7.0560      0.0000       0.0000 UnifiedCom_68
system/tile_prci_domain/tile_reset_domain_tile/fusion/fgra/fgra/pes_33/alu/logic_0/logicUnit_28       7.0560     0.0       7.0560      0.0000       0.0000 UnifiedCom_67
system/tile_prci_domain/tile_reset_domain_tile/fusion/fgra/fgra/pes_33/alu/logic_0/logicUnit_29       6.3504     0.0       6.3504      0.0000       0.0000 UnifiedCom_66
system/tile_prci_domain/tile_reset_domain_tile/fusion/fgra/fgra/pes_33/alu/logic_0/logicUnit_3       7.0560     0.0       7.0560      0.0000       0.0000 UnifiedCom_92
system/tile_prci_domain/tile_reset_domain_tile/fusion/fgra/fgra/pes_33/alu/logic_0/logicUnit_30       6.3504     0.0       6.3504      0.0000       0.0000 UnifiedCom_65
system/tile_prci_domain/tile_reset_domain_tile/fusion/fgra/fgra/pes_33/alu/logic_0/logicUnit_31       7.0560     0.0       7.0560      0.0000       0.0000 UnifiedCom_64
system/tile_prci_domain/tile_reset_domain_tile/fusion/fgra/fgra/pes_33/alu/logic_0/logicUnit_4       7.0560     0.0       7.0560      0.0000       0.0000 UnifiedCom_91
system/tile_prci_domain/tile_reset_domain_tile/fusion/fgra/fgra/pes_33/alu/logic_0/logicUnit_5       6.3504     0.0       6.3504      0.0000       0.0000 UnifiedCom_90
system/tile_prci_domain/tile_reset_domain_tile/fusion/fgra/fgra/pes_33/alu/logic_0/logicUnit_6       7.0560     0.0       7.0560      0.0000       0.0000 UnifiedCom_89
system/tile_prci_domain/tile_reset_domain_tile/fusion/fgra/fgra/pes_33/alu/logic_0/logicUnit_7       7.0560     0.0       7.0560      0.0000       0.0000 UnifiedCom_88
system/tile_prci_domain/tile_reset_domain_tile/fusion/fgra/fgra/pes_33/alu/logic_0/logicUnit_8       6.3504     0.0       6.3504      0.0000       0.0000 UnifiedCom_87
system/tile_prci_domain/tile_reset_domain_tile/fusion/fgra/fgra/pes_33/alu/logic_0/logicUnit_9       6.3504     0.0       6.3504      0.0000       0.0000 UnifiedCom_86
system/tile_prci_domain/tile_reset_domain_tile/fusion/fgra/fgra/pes_33/alu/multipler    5525.7889     0.2    5525.7889      0.0000       0.0000 Mul_2
system/tile_prci_domain/tile_reset_domain_tile/fusion/fgra/fgra/pes_33/alu/shift     690.3120     0.0     690.3120      0.0000       0.0000 SHIFT_2
system/tile_prci_domain/tile_reset_domain_tile/fusion/fgra/fgra/pes_33/cfg     559.0704     0.0     153.8208    405.2496       0.0000 ConfigMem_12_2
system/tile_prci_domain/tile_reset_domain_tile/fusion/fgra/fgra/pes_33/delayPipeCG    6948.9841     0.2    4038.1489   2910.8352       0.0000 SharedDelayPipe_24_2
system/tile_prci_domain/tile_reset_domain_tile/fusion/fgra/fgra/pes_33/delayPipeFG     205.8000     0.0     125.8320     79.9680       0.0000 SharedDelayPipe_25_2
system/tile_prci_domain/tile_reset_domain_tile/fusion/fgra/fgra/pes_33/dmr     152.8800     0.0       0.0000    152.8800       0.0000 DualModeReg_2
system/tile_prci_domain/tile_reset_domain_tile/fusion/fgra/fgra/pes_33/rf4alu       9.4080     0.0       4.7040      4.7040       0.0000 RF_2
system/tile_prci_domain/tile_reset_domain_tile/fusion/fgra/fgra/pes_34   23976.9938     0.7       5.4096      0.0000       0.0000 GPE_34
system/tile_prci_domain/tile_reset_domain_tile/fusion/fgra/fgra/pes_34/Muxn     244.8432     0.0     244.8432      0.0000       0.0000 Muxn_36_103
system/tile_prci_domain/tile_reset_domain_tile/fusion/fgra/fgra/pes_34/Muxn_1     245.7840     0.0     245.7840      0.0000       0.0000 Muxn_36_102
system/tile_prci_domain/tile_reset_domain_tile/fusion/fgra/fgra/pes_34/Muxn_2       7.5264     0.0       7.5264      0.0000       0.0000 Muxn_38_22
system/tile_prci_domain/tile_reset_domain_tile/fusion/fgra/fgra/pes_34/alu   15597.9938     0.5     611.2848      0.0000       0.0000 ALU_1
system/tile_prci_domain/tile_reset_domain_tile/fusion/fgra/fgra/pes_34/alu/arith     421.4784     0.0     421.4784      0.0000       0.0000 ARITH_1
system/tile_prci_domain/tile_reset_domain_tile/fusion/fgra/fgra/pes_34/alu/fadd    5030.4577     0.2       0.0000      0.0000       0.0000 FADD_1
system/tile_prci_domain/tile_reset_domain_tile/fusion/fgra/fgra/pes_34/alu/fadd/fcmaadd    5030.4577     0.2       2.3520      0.0000       0.0000 FCMA_ADD_1
system/tile_prci_domain/tile_reset_domain_tile/fusion/fgra/fgra/pes_34/alu/fadd/fcmaadd/fadd_s1    3403.3440     0.1     638.8032      0.0000       0.0000 FCMA_ADD_s1_1
system/tile_prci_domain/tile_reset_domain_tile/fusion/fgra/fgra/pes_34/alu/fadd/fcmaadd/fadd_s1/far_path_mods_0     866.2416     0.0     368.5584      0.0000       0.0000 FarPath_1
system/tile_prci_domain/tile_reset_domain_tile/fusion/fgra/fgra/pes_34/alu/fadd/fcmaadd/fadd_s1/far_path_mods_0/shiftRightJam     497.6832     0.0     497.6832      0.0000       0.0000 ShiftRightJam_1
system/tile_prci_domain/tile_reset_domain_tile/fusion/fgra/fgra/pes_34/alu/fadd/fcmaadd/fadd_s1/near_path_mods_0     944.0928     0.0     711.0096      0.0000       0.0000 NearPath_3
system/tile_prci_domain/tile_reset_domain_tile/fusion/fgra/fgra/pes_34/alu/fadd/fcmaadd/fadd_s1/near_path_mods_0/lza_ab     142.0608     0.0     142.0608      0.0000       0.0000 LZA_4
system/tile_prci_domain/tile_reset_domain_tile/fusion/fgra/fgra/pes_34/alu/fadd/fcmaadd/fadd_s1/near_path_mods_0/lzc_clz      91.0224     0.0      91.0224      0.0000       0.0000 CLZ_5
system/tile_prci_domain/tile_reset_domain_tile/fusion/fgra/fgra/pes_34/alu/fadd/fcmaadd/fadd_s1/near_path_mods_1     954.2064     0.0     721.5936      0.0000       0.0000 NearPath_2
system/tile_prci_domain/tile_reset_domain_tile/fusion/fgra/fgra/pes_34/alu/fadd/fcmaadd/fadd_s1/near_path_mods_1/lza_ab     144.1776     0.0     144.1776      0.0000       0.0000 LZA_3
system/tile_prci_domain/tile_reset_domain_tile/fusion/fgra/fgra/pes_34/alu/fadd/fcmaadd/fadd_s1/near_path_mods_1/lzc_clz      88.4352     0.0      88.4352      0.0000       0.0000 CLZ_4
system/tile_prci_domain/tile_reset_domain_tile/fusion/fgra/fgra/pes_34/alu/fadd/fcmaadd/fadd_s2    1624.7616     0.0    1199.0496      0.0000       0.0000 FCMA_ADD_s2_1
system/tile_prci_domain/tile_reset_domain_tile/fusion/fgra/fgra/pes_34/alu/fadd/fcmaadd/fadd_s2/far_path_rounder     229.5552     0.0     229.5552      0.0000       0.0000 RoundingUnit_77
system/tile_prci_domain/tile_reset_domain_tile/fusion/fgra/fgra/pes_34/alu/fadd/fcmaadd/fadd_s2/near_path_rounder     196.1568     0.0     196.1568      0.0000       0.0000 RoundingUnit_76
system/tile_prci_domain/tile_reset_domain_tile/fusion/fgra/fgra/pes_34/alu/fcmp     294.9408     0.0     294.9408      0.0000       0.0000 FCMP_5
system/tile_prci_domain/tile_reset_domain_tile/fusion/fgra/fgra/pes_34/alu/fmax     275.4192     0.0     275.4192      0.0000       0.0000 FCMP_3
system/tile_prci_domain/tile_reset_domain_tile/fusion/fgra/fgra/pes_34/alu/fmin     272.5968     0.0     272.5968      0.0000       0.0000 FCMP_4
system/tile_prci_domain/tile_reset_domain_tile/fusion/fgra/fgra/pes_34/alu/fmul    2247.8064     0.1      12.2304    557.1888       0.0000 FMUL_share_1
system/tile_prci_domain/tile_reset_domain_tile/fusion/fgra/fgra/pes_34/alu/fmul/fmul_s1     405.9552     0.0     322.6944      0.0000       0.0000 FMUL_s1_1
system/tile_prci_domain/tile_reset_domain_tile/fusion/fgra/fgra/pes_34/alu/fmul/fmul_s1/lzc_clz      83.2608     0.0      83.2608      0.0000       0.0000 CLZ_2_1
system/tile_prci_domain/tile_reset_domain_tile/fusion/fgra/fgra/pes_34/alu/fmul/fmul_s2    1067.5728     0.0    1067.5728      0.0000       0.0000 FMUL_s2_1
system/tile_prci_domain/tile_reset_domain_tile/fusion/fgra/fgra/pes_34/alu/fmul/fmul_s3     204.8592     0.0     104.1936      0.0000       0.0000 FMUL_s3_1
system/tile_prci_domain/tile_reset_domain_tile/fusion/fgra/fgra/pes_34/alu/fmul/fmul_s3/rounder     100.6656     0.0     100.6656      0.0000       0.0000 RoundingUnit_183
system/tile_prci_domain/tile_reset_domain_tile/fusion/fgra/fgra/pes_34/alu/logic_0     230.4960     0.0      10.3488      0.0000       0.0000 LOGIC_1
system/tile_prci_domain/tile_reset_domain_tile/fusion/fgra/fgra/pes_34/alu/logic_0/logicUnit       6.3504     0.0       6.3504      0.0000       0.0000 UnifiedCom_63
system/tile_prci_domain/tile_reset_domain_tile/fusion/fgra/fgra/pes_34/alu/logic_0/logicUnit_1       7.0560     0.0       7.0560      0.0000       0.0000 UnifiedCom_62
system/tile_prci_domain/tile_reset_domain_tile/fusion/fgra/fgra/pes_34/alu/logic_0/logicUnit_10       7.0560     0.0       7.0560      0.0000       0.0000 UnifiedCom_53
system/tile_prci_domain/tile_reset_domain_tile/fusion/fgra/fgra/pes_34/alu/logic_0/logicUnit_11       7.0560     0.0       7.0560      0.0000       0.0000 UnifiedCom_52
system/tile_prci_domain/tile_reset_domain_tile/fusion/fgra/fgra/pes_34/alu/logic_0/logicUnit_12       7.0560     0.0       7.0560      0.0000       0.0000 UnifiedCom_51
system/tile_prci_domain/tile_reset_domain_tile/fusion/fgra/fgra/pes_34/alu/logic_0/logicUnit_13       7.0560     0.0       7.0560      0.0000       0.0000 UnifiedCom_50
system/tile_prci_domain/tile_reset_domain_tile/fusion/fgra/fgra/pes_34/alu/logic_0/logicUnit_14       7.0560     0.0       7.0560      0.0000       0.0000 UnifiedCom_49
system/tile_prci_domain/tile_reset_domain_tile/fusion/fgra/fgra/pes_34/alu/logic_0/logicUnit_15       7.0560     0.0       7.0560      0.0000       0.0000 UnifiedCom_48
system/tile_prci_domain/tile_reset_domain_tile/fusion/fgra/fgra/pes_34/alu/logic_0/logicUnit_16       7.0560     0.0       7.0560      0.0000       0.0000 UnifiedCom_47
system/tile_prci_domain/tile_reset_domain_tile/fusion/fgra/fgra/pes_34/alu/logic_0/logicUnit_17       7.0560     0.0       7.0560      0.0000       0.0000 UnifiedCom_46
system/tile_prci_domain/tile_reset_domain_tile/fusion/fgra/fgra/pes_34/alu/logic_0/logicUnit_18       7.0560     0.0       7.0560      0.0000       0.0000 UnifiedCom_45
system/tile_prci_domain/tile_reset_domain_tile/fusion/fgra/fgra/pes_34/alu/logic_0/logicUnit_19       7.0560     0.0       7.0560      0.0000       0.0000 UnifiedCom_44
system/tile_prci_domain/tile_reset_domain_tile/fusion/fgra/fgra/pes_34/alu/logic_0/logicUnit_2       6.3504     0.0       6.3504      0.0000       0.0000 UnifiedCom_61
system/tile_prci_domain/tile_reset_domain_tile/fusion/fgra/fgra/pes_34/alu/logic_0/logicUnit_20       7.0560     0.0       7.0560      0.0000       0.0000 UnifiedCom_43
system/tile_prci_domain/tile_reset_domain_tile/fusion/fgra/fgra/pes_34/alu/logic_0/logicUnit_21       7.0560     0.0       7.0560      0.0000       0.0000 UnifiedCom_42
system/tile_prci_domain/tile_reset_domain_tile/fusion/fgra/fgra/pes_34/alu/logic_0/logicUnit_22       7.0560     0.0       7.0560      0.0000       0.0000 UnifiedCom_41
system/tile_prci_domain/tile_reset_domain_tile/fusion/fgra/fgra/pes_34/alu/logic_0/logicUnit_23       7.0560     0.0       7.0560      0.0000       0.0000 UnifiedCom_40
system/tile_prci_domain/tile_reset_domain_tile/fusion/fgra/fgra/pes_34/alu/logic_0/logicUnit_24       7.0560     0.0       7.0560      0.0000       0.0000 UnifiedCom_39
system/tile_prci_domain/tile_reset_domain_tile/fusion/fgra/fgra/pes_34/alu/logic_0/logicUnit_25       7.0560     0.0       7.0560      0.0000       0.0000 UnifiedCom_38
system/tile_prci_domain/tile_reset_domain_tile/fusion/fgra/fgra/pes_34/alu/logic_0/logicUnit_26       6.3504     0.0       6.3504      0.0000       0.0000 UnifiedCom_37
system/tile_prci_domain/tile_reset_domain_tile/fusion/fgra/fgra/pes_34/alu/logic_0/logicUnit_27       6.3504     0.0       6.3504      0.0000       0.0000 UnifiedCom_36
system/tile_prci_domain/tile_reset_domain_tile/fusion/fgra/fgra/pes_34/alu/logic_0/logicUnit_28       6.3504     0.0       6.3504      0.0000       0.0000 UnifiedCom_35
system/tile_prci_domain/tile_reset_domain_tile/fusion/fgra/fgra/pes_34/alu/logic_0/logicUnit_29       6.3504     0.0       6.3504      0.0000       0.0000 UnifiedCom_34
system/tile_prci_domain/tile_reset_domain_tile/fusion/fgra/fgra/pes_34/alu/logic_0/logicUnit_3       7.0560     0.0       7.0560      0.0000       0.0000 UnifiedCom_60
system/tile_prci_domain/tile_reset_domain_tile/fusion/fgra/fgra/pes_34/alu/logic_0/logicUnit_30       6.3504     0.0       6.3504      0.0000       0.0000 UnifiedCom_33
system/tile_prci_domain/tile_reset_domain_tile/fusion/fgra/fgra/pes_34/alu/logic_0/logicUnit_31       7.0560     0.0       7.0560      0.0000       0.0000 UnifiedCom_32
system/tile_prci_domain/tile_reset_domain_tile/fusion/fgra/fgra/pes_34/alu/logic_0/logicUnit_4       7.0560     0.0       7.0560      0.0000       0.0000 UnifiedCom_59
system/tile_prci_domain/tile_reset_domain_tile/fusion/fgra/fgra/pes_34/alu/logic_0/logicUnit_5       7.0560     0.0       7.0560      0.0000       0.0000 UnifiedCom_58
system/tile_prci_domain/tile_reset_domain_tile/fusion/fgra/fgra/pes_34/alu/logic_0/logicUnit_6       7.0560     0.0       7.0560      0.0000       0.0000 UnifiedCom_57
system/tile_prci_domain/tile_reset_domain_tile/fusion/fgra/fgra/pes_34/alu/logic_0/logicUnit_7       7.0560     0.0       7.0560      0.0000       0.0000 UnifiedCom_56
system/tile_prci_domain/tile_reset_domain_tile/fusion/fgra/fgra/pes_34/alu/logic_0/logicUnit_8       6.3504     0.0       6.3504      0.0000       0.0000 UnifiedCom_55
system/tile_prci_domain/tile_reset_domain_tile/fusion/fgra/fgra/pes_34/alu/logic_0/logicUnit_9       7.0560     0.0       7.0560      0.0000       0.0000 UnifiedCom_54
system/tile_prci_domain/tile_reset_domain_tile/fusion/fgra/fgra/pes_34/alu/multipler    5523.9073     0.2    5523.9073      0.0000       0.0000 Mul_1
system/tile_prci_domain/tile_reset_domain_tile/fusion/fgra/fgra/pes_34/alu/shift     689.6064     0.0     689.6064      0.0000       0.0000 SHIFT_1
system/tile_prci_domain/tile_reset_domain_tile/fusion/fgra/fgra/pes_34/cfg     564.0096     0.0     153.8208    410.1888       0.0000 ConfigMem_12_1
system/tile_prci_domain/tile_reset_domain_tile/fusion/fgra/fgra/pes_34/delayPipeCG    6931.3441     0.2    4035.3265   2896.0176       0.0000 SharedDelayPipe_24_1
system/tile_prci_domain/tile_reset_domain_tile/fusion/fgra/fgra/pes_34/delayPipeFG     205.0944     0.0     125.1264     79.9680       0.0000 SharedDelayPipe_25_1
system/tile_prci_domain/tile_reset_domain_tile/fusion/fgra/fgra/pes_34/dmr     166.9920     0.0       0.0000    166.9920       0.0000 DualModeReg_1
system/tile_prci_domain/tile_reset_domain_tile/fusion/fgra/fgra/pes_34/rf4alu       7.9968     0.0       3.2928      4.7040       0.0000 RF_1
system/tile_prci_domain/tile_reset_domain_tile/fusion/fgra/fgra/pes_35   24048.4946     0.7       5.1744      0.0000       0.0000 GPE_35
system/tile_prci_domain/tile_reset_domain_tile/fusion/fgra/fgra/pes_35/Muxn     220.6176     0.0     220.6176      0.0000       0.0000 Muxn_36_101
system/tile_prci_domain/tile_reset_domain_tile/fusion/fgra/fgra/pes_35/Muxn_1     247.1952     0.0     247.1952      0.0000       0.0000 Muxn_36_100
system/tile_prci_domain/tile_reset_domain_tile/fusion/fgra/fgra/pes_35/Muxn_2       7.5264     0.0       7.5264      0.0000       0.0000 Muxn_38_21
system/tile_prci_domain/tile_reset_domain_tile/fusion/fgra/fgra/pes_35/alu   15607.4018     0.5     590.3520      0.0000       0.0000 ALU_0
system/tile_prci_domain/tile_reset_domain_tile/fusion/fgra/fgra/pes_35/alu/arith     413.2464     0.0     413.2464      0.0000       0.0000 ARITH_0
system/tile_prci_domain/tile_reset_domain_tile/fusion/fgra/fgra/pes_35/alu/fadd    5031.1633     0.2       0.0000      0.0000       0.0000 FADD_0
system/tile_prci_domain/tile_reset_domain_tile/fusion/fgra/fgra/pes_35/alu/fadd/fcmaadd    5031.1633     0.2       2.3520      0.0000       0.0000 FCMA_ADD_0
system/tile_prci_domain/tile_reset_domain_tile/fusion/fgra/fgra/pes_35/alu/fadd/fcmaadd/fadd_s1    3481.9009     0.1     654.5616      0.0000       0.0000 FCMA_ADD_s1_0
system/tile_prci_domain/tile_reset_domain_tile/fusion/fgra/fgra/pes_35/alu/fadd/fcmaadd/fadd_s1/far_path_mods_0     892.1136     0.0     396.7824      0.0000       0.0000 FarPath_0
system/tile_prci_domain/tile_reset_domain_tile/fusion/fgra/fgra/pes_35/alu/fadd/fcmaadd/fadd_s1/far_path_mods_0/shiftRightJam     495.3312     0.0     495.3312      0.0000       0.0000 ShiftRightJam_0
system/tile_prci_domain/tile_reset_domain_tile/fusion/fgra/fgra/pes_35/alu/fadd/fcmaadd/fadd_s1/near_path_mods_0     978.1968     0.0     728.1792      0.0000       0.0000 NearPath_1
system/tile_prci_domain/tile_reset_domain_tile/fusion/fgra/fgra/pes_35/alu/fadd/fcmaadd/fadd_s1/near_path_mods_0/lza_ab     154.0560     0.0     154.0560      0.0000       0.0000 LZA_1
system/tile_prci_domain/tile_reset_domain_tile/fusion/fgra/fgra/pes_35/alu/fadd/fcmaadd/fadd_s1/near_path_mods_0/lzc_clz      95.9616     0.0      95.9616      0.0000       0.0000 CLZ_1
system/tile_prci_domain/tile_reset_domain_tile/fusion/fgra/fgra/pes_35/alu/fadd/fcmaadd/fadd_s1/near_path_mods_1     957.0288     0.0     714.0672      0.0000       0.0000 NearPath_0
system/tile_prci_domain/tile_reset_domain_tile/fusion/fgra/fgra/pes_35/alu/fadd/fcmaadd/fadd_s1/near_path_mods_1/lza_ab     152.4096     0.0     152.4096      0.0000       0.0000 LZA_0
system/tile_prci_domain/tile_reset_domain_tile/fusion/fgra/fgra/pes_35/alu/fadd/fcmaadd/fadd_s1/near_path_mods_1/lzc_clz      90.5520     0.0      90.5520      0.0000       0.0000 CLZ_0
system/tile_prci_domain/tile_reset_domain_tile/fusion/fgra/fgra/pes_35/alu/fadd/fcmaadd/fadd_s2    1546.9104     0.0    1139.0736      0.0000       0.0000 FCMA_ADD_s2_0
system/tile_prci_domain/tile_reset_domain_tile/fusion/fgra/fgra/pes_35/alu/fadd/fcmaadd/fadd_s2/far_path_rounder     208.1520     0.0     208.1520      0.0000       0.0000 RoundingUnit_74
system/tile_prci_domain/tile_reset_domain_tile/fusion/fgra/fgra/pes_35/alu/fadd/fcmaadd/fadd_s2/near_path_rounder     199.6848     0.0     199.6848      0.0000       0.0000 RoundingUnit_73
system/tile_prci_domain/tile_reset_domain_tile/fusion/fgra/fgra/pes_35/alu/fcmp     294.4704     0.0     294.4704      0.0000       0.0000 FCMP_2
system/tile_prci_domain/tile_reset_domain_tile/fusion/fgra/fgra/pes_35/alu/fmax     272.8320     0.0     272.8320      0.0000       0.0000 FCMP_0
system/tile_prci_domain/tile_reset_domain_tile/fusion/fgra/fgra/pes_35/alu/fmin     269.7744     0.0     269.7744      0.0000       0.0000 FCMP_1
system/tile_prci_domain/tile_reset_domain_tile/fusion/fgra/fgra/pes_35/alu/fmul    2266.6224     0.1      12.7008    555.7776       0.0000 FMUL_share_0
system/tile_prci_domain/tile_reset_domain_tile/fusion/fgra/fgra/pes_35/alu/fmul/fmul_s1     453.2304     0.0     375.6144      0.0000       0.0000 FMUL_s1_0
system/tile_prci_domain/tile_reset_domain_tile/fusion/fgra/fgra/pes_35/alu/fmul/fmul_s1/lzc_clz      77.6160     0.0      77.6160      0.0000       0.0000 CLZ_2_0
system/tile_prci_domain/tile_reset_domain_tile/fusion/fgra/fgra/pes_35/alu/fmul/fmul_s2    1040.0544     0.0    1040.0544      0.0000       0.0000 FMUL_s2_0
system/tile_prci_domain/tile_reset_domain_tile/fusion/fgra/fgra/pes_35/alu/fmul/fmul_s3     204.8592     0.0     104.1936      0.0000       0.0000 FMUL_s3_0
system/tile_prci_domain/tile_reset_domain_tile/fusion/fgra/fgra/pes_35/alu/fmul/fmul_s3/rounder     100.6656     0.0     100.6656      0.0000       0.0000 RoundingUnit_181
system/tile_prci_domain/tile_reset_domain_tile/fusion/fgra/fgra/pes_35/alu/logic_0     232.1424     0.0      11.2896      0.0000       0.0000 LOGIC_0
system/tile_prci_domain/tile_reset_domain_tile/fusion/fgra/fgra/pes_35/alu/logic_0/logicUnit       6.3504     0.0       6.3504      0.0000       0.0000 UnifiedCom_31
system/tile_prci_domain/tile_reset_domain_tile/fusion/fgra/fgra/pes_35/alu/logic_0/logicUnit_1       7.0560     0.0       7.0560      0.0000       0.0000 UnifiedCom_30
system/tile_prci_domain/tile_reset_domain_tile/fusion/fgra/fgra/pes_35/alu/logic_0/logicUnit_10       7.0560     0.0       7.0560      0.0000       0.0000 UnifiedCom_21
system/tile_prci_domain/tile_reset_domain_tile/fusion/fgra/fgra/pes_35/alu/logic_0/logicUnit_11       7.0560     0.0       7.0560      0.0000       0.0000 UnifiedCom_20
system/tile_prci_domain/tile_reset_domain_tile/fusion/fgra/fgra/pes_35/alu/logic_0/logicUnit_12       7.0560     0.0       7.0560      0.0000       0.0000 UnifiedCom_19
system/tile_prci_domain/tile_reset_domain_tile/fusion/fgra/fgra/pes_35/alu/logic_0/logicUnit_13       7.0560     0.0       7.0560      0.0000       0.0000 UnifiedCom_18
system/tile_prci_domain/tile_reset_domain_tile/fusion/fgra/fgra/pes_35/alu/logic_0/logicUnit_14       7.0560     0.0       7.0560      0.0000       0.0000 UnifiedCom_17
system/tile_prci_domain/tile_reset_domain_tile/fusion/fgra/fgra/pes_35/alu/logic_0/logicUnit_15       7.0560     0.0       7.0560      0.0000       0.0000 UnifiedCom_16
system/tile_prci_domain/tile_reset_domain_tile/fusion/fgra/fgra/pes_35/alu/logic_0/logicUnit_16       7.0560     0.0       7.0560      0.0000       0.0000 UnifiedCom_15
system/tile_prci_domain/tile_reset_domain_tile/fusion/fgra/fgra/pes_35/alu/logic_0/logicUnit_17       7.0560     0.0       7.0560      0.0000       0.0000 UnifiedCom_14
system/tile_prci_domain/tile_reset_domain_tile/fusion/fgra/fgra/pes_35/alu/logic_0/logicUnit_18       7.0560     0.0       7.0560      0.0000       0.0000 UnifiedCom_13
system/tile_prci_domain/tile_reset_domain_tile/fusion/fgra/fgra/pes_35/alu/logic_0/logicUnit_19       7.0560     0.0       7.0560      0.0000       0.0000 UnifiedCom_12
system/tile_prci_domain/tile_reset_domain_tile/fusion/fgra/fgra/pes_35/alu/logic_0/logicUnit_2       7.0560     0.0       7.0560      0.0000       0.0000 UnifiedCom_29
system/tile_prci_domain/tile_reset_domain_tile/fusion/fgra/fgra/pes_35/alu/logic_0/logicUnit_20       7.0560     0.0       7.0560      0.0000       0.0000 UnifiedCom_11
system/tile_prci_domain/tile_reset_domain_tile/fusion/fgra/fgra/pes_35/alu/logic_0/logicUnit_21       7.0560     0.0       7.0560      0.0000       0.0000 UnifiedCom_10
system/tile_prci_domain/tile_reset_domain_tile/fusion/fgra/fgra/pes_35/alu/logic_0/logicUnit_22       7.0560     0.0       7.0560      0.0000       0.0000 UnifiedCom_9
system/tile_prci_domain/tile_reset_domain_tile/fusion/fgra/fgra/pes_35/alu/logic_0/logicUnit_23       7.0560     0.0       7.0560      0.0000       0.0000 UnifiedCom_8
system/tile_prci_domain/tile_reset_domain_tile/fusion/fgra/fgra/pes_35/alu/logic_0/logicUnit_24       7.0560     0.0       7.0560      0.0000       0.0000 UnifiedCom_7
system/tile_prci_domain/tile_reset_domain_tile/fusion/fgra/fgra/pes_35/alu/logic_0/logicUnit_25       7.0560     0.0       7.0560      0.0000       0.0000 UnifiedCom_6
system/tile_prci_domain/tile_reset_domain_tile/fusion/fgra/fgra/pes_35/alu/logic_0/logicUnit_26       7.0560     0.0       7.0560      0.0000       0.0000 UnifiedCom_5
system/tile_prci_domain/tile_reset_domain_tile/fusion/fgra/fgra/pes_35/alu/logic_0/logicUnit_27       6.3504     0.0       6.3504      0.0000       0.0000 UnifiedCom_4
system/tile_prci_domain/tile_reset_domain_tile/fusion/fgra/fgra/pes_35/alu/logic_0/logicUnit_28       6.3504     0.0       6.3504      0.0000       0.0000 UnifiedCom_3
system/tile_prci_domain/tile_reset_domain_tile/fusion/fgra/fgra/pes_35/alu/logic_0/logicUnit_29       6.3504     0.0       6.3504      0.0000       0.0000 UnifiedCom_2
system/tile_prci_domain/tile_reset_domain_tile/fusion/fgra/fgra/pes_35/alu/logic_0/logicUnit_3       7.0560     0.0       7.0560      0.0000       0.0000 UnifiedCom_28
system/tile_prci_domain/tile_reset_domain_tile/fusion/fgra/fgra/pes_35/alu/logic_0/logicUnit_30       6.3504     0.0       6.3504      0.0000       0.0000 UnifiedCom_1
system/tile_prci_domain/tile_reset_domain_tile/fusion/fgra/fgra/pes_35/alu/logic_0/logicUnit_31       7.0560     0.0       7.0560      0.0000       0.0000 UnifiedCom_0
system/tile_prci_domain/tile_reset_domain_tile/fusion/fgra/fgra/pes_35/alu/logic_0/logicUnit_4       6.3504     0.0       6.3504      0.0000       0.0000 UnifiedCom_27
system/tile_prci_domain/tile_reset_domain_tile/fusion/fgra/fgra/pes_35/alu/logic_0/logicUnit_5       7.0560     0.0       7.0560      0.0000       0.0000 UnifiedCom_26
system/tile_prci_domain/tile_reset_domain_tile/fusion/fgra/fgra/pes_35/alu/logic_0/logicUnit_6       7.0560     0.0       7.0560      0.0000       0.0000 UnifiedCom_25
system/tile_prci_domain/tile_reset_domain_tile/fusion/fgra/fgra/pes_35/alu/logic_0/logicUnit_7       7.0560     0.0       7.0560      0.0000       0.0000 UnifiedCom_24
system/tile_prci_domain/tile_reset_domain_tile/fusion/fgra/fgra/pes_35/alu/logic_0/logicUnit_8       6.3504     0.0       6.3504      0.0000       0.0000 UnifiedCom_23
system/tile_prci_domain/tile_reset_domain_tile/fusion/fgra/fgra/pes_35/alu/logic_0/logicUnit_9       7.0560     0.0       7.0560      0.0000       0.0000 UnifiedCom_22
system/tile_prci_domain/tile_reset_domain_tile/fusion/fgra/fgra/pes_35/alu/multipler    5546.9569     0.2    5546.9569      0.0000       0.0000 Mul_0
system/tile_prci_domain/tile_reset_domain_tile/fusion/fgra/fgra/pes_35/alu/shift     689.8416     0.0     689.8416      0.0000       0.0000 SHIFT_0
system/tile_prci_domain/tile_reset_domain_tile/fusion/fgra/fgra/pes_35/cfg     584.4720     0.0     153.8208    430.6512       0.0000 ConfigMem_12_0
system/tile_prci_domain/tile_reset_domain_tile/fusion/fgra/fgra/pes_35/delayPipeCG    7010.3713     0.2    4131.0529   2879.3184       0.0000 SharedDelayPipe_24_0
system/tile_prci_domain/tile_reset_domain_tile/fusion/fgra/fgra/pes_35/delayPipeFG     205.8000     0.0     125.8320     79.9680       0.0000 SharedDelayPipe_25_0
system/tile_prci_domain/tile_reset_domain_tile/fusion/fgra/fgra/pes_35/dmr     151.9392     0.0       0.0000    151.9392       0.0000 DualModeReg_0
system/tile_prci_domain/tile_reset_domain_tile/fusion/fgra/fgra/pes_35/rf4alu       7.9968     0.0       3.2928      4.7040       0.0000 RF_0
system/tile_prci_domain/tile_reset_domain_tile/fusion/fgra/fgra/pes_4   24048.4946     0.7      10.1136      0.0000       0.0000 GPE_4
system/tile_prci_domain/tile_reset_domain_tile/fusion/fgra/fgra/pes_4/Muxn     258.4848     0.0     258.4848      0.0000       0.0000 Muxn_36_163
system/tile_prci_domain/tile_reset_domain_tile/fusion/fgra/fgra/pes_4/Muxn_1     249.5472     0.0     249.5472      0.0000       0.0000 Muxn_36_162
system/tile_prci_domain/tile_reset_domain_tile/fusion/fgra/fgra/pes_4/Muxn_2       7.5264     0.0       7.5264      0.0000       0.0000 Muxn_38_30
system/tile_prci_domain/tile_reset_domain_tile/fusion/fgra/fgra/pes_4/alu   15653.5010     0.5     615.0480      0.0000       0.0000 ALU_10
system/tile_prci_domain/tile_reset_domain_tile/fusion/fgra/fgra/pes_4/alu/arith     417.7152     0.0     417.7152      0.0000       0.0000 ARITH_31
system/tile_prci_domain/tile_reset_domain_tile/fusion/fgra/fgra/pes_4/alu/fadd    4969.5409     0.2       0.0000      0.0000       0.0000 FADD_31
system/tile_prci_domain/tile_reset_domain_tile/fusion/fgra/fgra/pes_4/alu/fadd/fcmaadd    4969.5409     0.2       2.3520      0.0000       0.0000 FCMA_ADD_31
system/tile_prci_domain/tile_reset_domain_tile/fusion/fgra/fgra/pes_4/alu/fadd/fcmaadd/fadd_s1    3388.7616     0.1     650.3280      0.0000       0.0000 FCMA_ADD_s1_31
system/tile_prci_domain/tile_reset_domain_tile/fusion/fgra/fgra/pes_4/alu/fadd/fcmaadd/fadd_s1/far_path_mods_0     857.5392     0.0     381.0240      0.0000       0.0000 FarPath_31
system/tile_prci_domain/tile_reset_domain_tile/fusion/fgra/fgra/pes_4/alu/fadd/fcmaadd/fadd_s1/far_path_mods_0/shiftRightJam     476.5152     0.0     476.5152      0.0000       0.0000 ShiftRightJam_31
system/tile_prci_domain/tile_reset_domain_tile/fusion/fgra/fgra/pes_4/alu/fadd/fcmaadd/fadd_s1/near_path_mods_0     935.6256     0.0     717.3600      0.0000       0.0000 NearPath_63
system/tile_prci_domain/tile_reset_domain_tile/fusion/fgra/fgra/pes_4/alu/fadd/fcmaadd/fadd_s1/near_path_mods_0/lza_ab     135.2400     0.0     135.2400      0.0000       0.0000 LZA_64
system/tile_prci_domain/tile_reset_domain_tile/fusion/fgra/fgra/pes_4/alu/fadd/fcmaadd/fadd_s1/near_path_mods_0/lzc_clz      83.0256     0.0      83.0256      0.0000       0.0000 CLZ_65
system/tile_prci_domain/tile_reset_domain_tile/fusion/fgra/fgra/pes_4/alu/fadd/fcmaadd/fadd_s1/near_path_mods_1     945.2688     0.0     716.8896      0.0000       0.0000 NearPath_62
system/tile_prci_domain/tile_reset_domain_tile/fusion/fgra/fgra/pes_4/alu/fadd/fcmaadd/fadd_s1/near_path_mods_1/lza_ab     133.3584     0.0     133.3584      0.0000       0.0000 LZA_63
system/tile_prci_domain/tile_reset_domain_tile/fusion/fgra/fgra/pes_4/alu/fadd/fcmaadd/fadd_s1/near_path_mods_1/lzc_clz      95.0208     0.0      95.0208      0.0000       0.0000 CLZ_64
system/tile_prci_domain/tile_reset_domain_tile/fusion/fgra/fgra/pes_4/alu/fadd/fcmaadd/fadd_s2    1578.4272     0.0    1151.0688      0.0000       0.0000 FCMA_ADD_s2_31
system/tile_prci_domain/tile_reset_domain_tile/fusion/fgra/fgra/pes_4/alu/fadd/fcmaadd/fadd_s2/far_path_rounder     232.6128     0.0     232.6128      0.0000       0.0000 RoundingUnit_167
system/tile_prci_domain/tile_reset_domain_tile/fusion/fgra/fgra/pes_4/alu/fadd/fcmaadd/fadd_s2/near_path_rounder     194.7456     0.0     194.7456      0.0000       0.0000 RoundingUnit_166
system/tile_prci_domain/tile_reset_domain_tile/fusion/fgra/fgra/pes_4/alu/fcmp     291.6480     0.0     291.6480      0.0000       0.0000 FCMP_95
system/tile_prci_domain/tile_reset_domain_tile/fusion/fgra/fgra/pes_4/alu/fmax     273.3024     0.0     273.3024      0.0000       0.0000 FCMP_93
system/tile_prci_domain/tile_reset_domain_tile/fusion/fgra/fgra/pes_4/alu/fmin     274.7136     0.0     274.7136      0.0000       0.0000 FCMP_94
system/tile_prci_domain/tile_reset_domain_tile/fusion/fgra/fgra/pes_4/alu/fmul    2327.0688     0.1      17.8752    556.4832       0.0000 FMUL_share_31
system/tile_prci_domain/tile_reset_domain_tile/fusion/fgra/fgra/pes_4/alu/fmul/fmul_s1     464.0496     0.0     386.4336      0.0000       0.0000 FMUL_s1_31
system/tile_prci_domain/tile_reset_domain_tile/fusion/fgra/fgra/pes_4/alu/fmul/fmul_s1/lzc_clz      77.6160     0.0      77.6160      0.0000       0.0000 CLZ_2_31
system/tile_prci_domain/tile_reset_domain_tile/fusion/fgra/fgra/pes_4/alu/fmul/fmul_s2    1083.8016     0.0    1083.8016      0.0000       0.0000 FMUL_s2_31
system/tile_prci_domain/tile_reset_domain_tile/fusion/fgra/fgra/pes_4/alu/fmul/fmul_s3     204.8592     0.0     104.1936      0.0000       0.0000 FMUL_s3_31
system/tile_prci_domain/tile_reset_domain_tile/fusion/fgra/fgra/pes_4/alu/fmul/fmul_s3/rounder     100.6656     0.0     100.6656      0.0000       0.0000 RoundingUnit_243
system/tile_prci_domain/tile_reset_domain_tile/fusion/fgra/fgra/pes_4/alu/logic_0     230.0256     0.0      10.3488      0.0000       0.0000 LOGIC_31
system/tile_prci_domain/tile_reset_domain_tile/fusion/fgra/fgra/pes_4/alu/logic_0/logicUnit       6.3504     0.0       6.3504      0.0000       0.0000 UnifiedCom_1023
system/tile_prci_domain/tile_reset_domain_tile/fusion/fgra/fgra/pes_4/alu/logic_0/logicUnit_1       6.3504     0.0       6.3504      0.0000       0.0000 UnifiedCom_1022
system/tile_prci_domain/tile_reset_domain_tile/fusion/fgra/fgra/pes_4/alu/logic_0/logicUnit_10       7.0560     0.0       7.0560      0.0000       0.0000 UnifiedCom_1013
system/tile_prci_domain/tile_reset_domain_tile/fusion/fgra/fgra/pes_4/alu/logic_0/logicUnit_11       7.0560     0.0       7.0560      0.0000       0.0000 UnifiedCom_1012
system/tile_prci_domain/tile_reset_domain_tile/fusion/fgra/fgra/pes_4/alu/logic_0/logicUnit_12       6.3504     0.0       6.3504      0.0000       0.0000 UnifiedCom_1011
system/tile_prci_domain/tile_reset_domain_tile/fusion/fgra/fgra/pes_4/alu/logic_0/logicUnit_13       6.3504     0.0       6.3504      0.0000       0.0000 UnifiedCom_1010
system/tile_prci_domain/tile_reset_domain_tile/fusion/fgra/fgra/pes_4/alu/logic_0/logicUnit_14       6.3504     0.0       6.3504      0.0000       0.0000 UnifiedCom_1009
system/tile_prci_domain/tile_reset_domain_tile/fusion/fgra/fgra/pes_4/alu/logic_0/logicUnit_15       7.0560     0.0       7.0560      0.0000       0.0000 UnifiedCom_1008
system/tile_prci_domain/tile_reset_domain_tile/fusion/fgra/fgra/pes_4/alu/logic_0/logicUnit_16       7.0560     0.0       7.0560      0.0000       0.0000 UnifiedCom_1007
system/tile_prci_domain/tile_reset_domain_tile/fusion/fgra/fgra/pes_4/alu/logic_0/logicUnit_17       7.0560     0.0       7.0560      0.0000       0.0000 UnifiedCom_1006
system/tile_prci_domain/tile_reset_domain_tile/fusion/fgra/fgra/pes_4/alu/logic_0/logicUnit_18       7.0560     0.0       7.0560      0.0000       0.0000 UnifiedCom_1005
system/tile_prci_domain/tile_reset_domain_tile/fusion/fgra/fgra/pes_4/alu/logic_0/logicUnit_19       7.0560     0.0       7.0560      0.0000       0.0000 UnifiedCom_1004
system/tile_prci_domain/tile_reset_domain_tile/fusion/fgra/fgra/pes_4/alu/logic_0/logicUnit_2       7.0560     0.0       7.0560      0.0000       0.0000 UnifiedCom_1021
system/tile_prci_domain/tile_reset_domain_tile/fusion/fgra/fgra/pes_4/alu/logic_0/logicUnit_20       7.0560     0.0       7.0560      0.0000       0.0000 UnifiedCom_1003
system/tile_prci_domain/tile_reset_domain_tile/fusion/fgra/fgra/pes_4/alu/logic_0/logicUnit_21       7.0560     0.0       7.0560      0.0000       0.0000 UnifiedCom_1002
system/tile_prci_domain/tile_reset_domain_tile/fusion/fgra/fgra/pes_4/alu/logic_0/logicUnit_22       6.3504     0.0       6.3504      0.0000       0.0000 UnifiedCom_1001
system/tile_prci_domain/tile_reset_domain_tile/fusion/fgra/fgra/pes_4/alu/logic_0/logicUnit_23       6.3504     0.0       6.3504      0.0000       0.0000 UnifiedCom_1000
system/tile_prci_domain/tile_reset_domain_tile/fusion/fgra/fgra/pes_4/alu/logic_0/logicUnit_24       6.3504     0.0       6.3504      0.0000       0.0000 UnifiedCom_999
system/tile_prci_domain/tile_reset_domain_tile/fusion/fgra/fgra/pes_4/alu/logic_0/logicUnit_25       7.0560     0.0       7.0560      0.0000       0.0000 UnifiedCom_998
system/tile_prci_domain/tile_reset_domain_tile/fusion/fgra/fgra/pes_4/alu/logic_0/logicUnit_26       7.0560     0.0       7.0560      0.0000       0.0000 UnifiedCom_997
system/tile_prci_domain/tile_reset_domain_tile/fusion/fgra/fgra/pes_4/alu/logic_0/logicUnit_27       7.0560     0.0       7.0560      0.0000       0.0000 UnifiedCom_996
system/tile_prci_domain/tile_reset_domain_tile/fusion/fgra/fgra/pes_4/alu/logic_0/logicUnit_28       6.3504     0.0       6.3504      0.0000       0.0000 UnifiedCom_995
system/tile_prci_domain/tile_reset_domain_tile/fusion/fgra/fgra/pes_4/alu/logic_0/logicUnit_29       7.0560     0.0       7.0560      0.0000       0.0000 UnifiedCom_994
system/tile_prci_domain/tile_reset_domain_tile/fusion/fgra/fgra/pes_4/alu/logic_0/logicUnit_3       7.0560     0.0       7.0560      0.0000       0.0000 UnifiedCom_1020
system/tile_prci_domain/tile_reset_domain_tile/fusion/fgra/fgra/pes_4/alu/logic_0/logicUnit_30       7.0560     0.0       7.0560      0.0000       0.0000 UnifiedCom_993
system/tile_prci_domain/tile_reset_domain_tile/fusion/fgra/fgra/pes_4/alu/logic_0/logicUnit_31       7.0560     0.0       7.0560      0.0000       0.0000 UnifiedCom_992
system/tile_prci_domain/tile_reset_domain_tile/fusion/fgra/fgra/pes_4/alu/logic_0/logicUnit_4       8.2320     0.0       8.2320      0.0000       0.0000 UnifiedCom_1019
system/tile_prci_domain/tile_reset_domain_tile/fusion/fgra/fgra/pes_4/alu/logic_0/logicUnit_5       6.3504     0.0       6.3504      0.0000       0.0000 UnifiedCom_1018
system/tile_prci_domain/tile_reset_domain_tile/fusion/fgra/fgra/pes_4/alu/logic_0/logicUnit_6       7.0560     0.0       7.0560      0.0000       0.0000 UnifiedCom_1017
system/tile_prci_domain/tile_reset_domain_tile/fusion/fgra/fgra/pes_4/alu/logic_0/logicUnit_7       7.0560     0.0       7.0560      0.0000       0.0000 UnifiedCom_1016
system/tile_prci_domain/tile_reset_domain_tile/fusion/fgra/fgra/pes_4/alu/logic_0/logicUnit_8       6.3504     0.0       6.3504      0.0000       0.0000 UnifiedCom_1015
system/tile_prci_domain/tile_reset_domain_tile/fusion/fgra/fgra/pes_4/alu/logic_0/logicUnit_9       7.5264     0.0       7.5264      0.0000       0.0000 UnifiedCom_1014
system/tile_prci_domain/tile_reset_domain_tile/fusion/fgra/fgra/pes_4/alu/multipler    5563.1857     0.2    5563.1857      0.0000       0.0000 Mul_31
system/tile_prci_domain/tile_reset_domain_tile/fusion/fgra/fgra/pes_4/alu/shift     691.2528     0.0     691.2528      0.0000       0.0000 SHIFT_31
system/tile_prci_domain/tile_reset_domain_tile/fusion/fgra/fgra/pes_4/cfg     569.6544     0.0     153.8208    415.8336       0.0000 ConfigMem_12_9
system/tile_prci_domain/tile_reset_domain_tile/fusion/fgra/fgra/pes_4/delayPipeCG    6934.6369     0.2    4043.5585   2891.0784       0.0000 SharedDelayPipe_24_31
system/tile_prci_domain/tile_reset_domain_tile/fusion/fgra/fgra/pes_4/delayPipeFG     205.8000     0.0     125.8320     79.9680       0.0000 SharedDelayPipe_25_9
system/tile_prci_domain/tile_reset_domain_tile/fusion/fgra/fgra/pes_4/dmr     151.2336     0.0       0.0000    151.2336       0.0000 DualModeReg_26
system/tile_prci_domain/tile_reset_domain_tile/fusion/fgra/fgra/pes_4/rf4alu       7.9968     0.0       3.2928      4.7040       0.0000 RF_33
system/tile_prci_domain/tile_reset_domain_tile/fusion/fgra/fgra/pes_5   24231.7155     0.7       6.1152      0.0000       0.0000 GPE_5
system/tile_prci_domain/tile_reset_domain_tile/fusion/fgra/fgra/pes_5/Muxn     217.3248     0.0     217.3248      0.0000       0.0000 Muxn_36_161
system/tile_prci_domain/tile_reset_domain_tile/fusion/fgra/fgra/pes_5/Muxn_1     202.0368     0.0     202.0368      0.0000       0.0000 Muxn_36_160
system/tile_prci_domain/tile_reset_domain_tile/fusion/fgra/fgra/pes_5/Muxn_2       7.0560     0.0       7.0560      0.0000       0.0000 Muxn_38_29
system/tile_prci_domain/tile_reset_domain_tile/fusion/fgra/fgra/pes_5/alu   15852.9506     0.5     595.2912      0.0000       0.0000 ALU_9
system/tile_prci_domain/tile_reset_domain_tile/fusion/fgra/fgra/pes_5/alu/arith     417.4800     0.0     417.4800      0.0000       0.0000 ARITH_30
system/tile_prci_domain/tile_reset_domain_tile/fusion/fgra/fgra/pes_5/alu/fadd    5077.2625     0.2       0.0000      0.0000       0.0000 FADD_30
system/tile_prci_domain/tile_reset_domain_tile/fusion/fgra/fgra/pes_5/alu/fadd/fcmaadd    5077.2625     0.2       2.3520      0.0000       0.0000 FCMA_ADD_30
system/tile_prci_domain/tile_reset_domain_tile/fusion/fgra/fgra/pes_5/alu/fadd/fcmaadd/fadd_s1    3501.1873     0.1     669.1440      0.0000       0.0000 FCMA_ADD_s1_30
system/tile_prci_domain/tile_reset_domain_tile/fusion/fgra/fgra/pes_5/alu/fadd/fcmaadd/fadd_s1/far_path_mods_0     887.1744     0.0     394.6656      0.0000       0.0000 FarPath_30
system/tile_prci_domain/tile_reset_domain_tile/fusion/fgra/fgra/pes_5/alu/fadd/fcmaadd/fadd_s1/far_path_mods_0/shiftRightJam     492.5088     0.0     492.5088      0.0000       0.0000 ShiftRightJam_30
system/tile_prci_domain/tile_reset_domain_tile/fusion/fgra/fgra/pes_5/alu/fadd/fcmaadd/fadd_s1/near_path_mods_0     963.6144     0.0     719.2416      0.0000       0.0000 NearPath_61
system/tile_prci_domain/tile_reset_domain_tile/fusion/fgra/fgra/pes_5/alu/fadd/fcmaadd/fadd_s1/near_path_mods_0/lza_ab     150.0576     0.0     150.0576      0.0000       0.0000 LZA_62
system/tile_prci_domain/tile_reset_domain_tile/fusion/fgra/fgra/pes_5/alu/fadd/fcmaadd/fadd_s1/near_path_mods_0/lzc_clz      94.3152     0.0      94.3152      0.0000       0.0000 CLZ_63
system/tile_prci_domain/tile_reset_domain_tile/fusion/fgra/fgra/pes_5/alu/fadd/fcmaadd/fadd_s1/near_path_mods_1     981.2544     0.0     732.6480      0.0000       0.0000 NearPath_60
system/tile_prci_domain/tile_reset_domain_tile/fusion/fgra/fgra/pes_5/alu/fadd/fcmaadd/fadd_s1/near_path_mods_1/lza_ab     159.7008     0.0     159.7008      0.0000       0.0000 LZA_61
system/tile_prci_domain/tile_reset_domain_tile/fusion/fgra/fgra/pes_5/alu/fadd/fcmaadd/fadd_s1/near_path_mods_1/lzc_clz      88.9056     0.0      88.9056      0.0000       0.0000 CLZ_62
system/tile_prci_domain/tile_reset_domain_tile/fusion/fgra/fgra/pes_5/alu/fadd/fcmaadd/fadd_s2    1573.7232     0.0    1151.3040      0.0000       0.0000 FCMA_ADD_s2_30
system/tile_prci_domain/tile_reset_domain_tile/fusion/fgra/fgra/pes_5/alu/fadd/fcmaadd/fadd_s2/far_path_rounder     222.0288     0.0     222.0288      0.0000       0.0000 RoundingUnit_164
system/tile_prci_domain/tile_reset_domain_tile/fusion/fgra/fgra/pes_5/alu/fadd/fcmaadd/fadd_s2/near_path_rounder     200.3904     0.0     200.3904      0.0000       0.0000 RoundingUnit_163
system/tile_prci_domain/tile_reset_domain_tile/fusion/fgra/fgra/pes_5/alu/fcmp     290.2368     0.0     290.2368      0.0000       0.0000 FCMP_92
system/tile_prci_domain/tile_reset_domain_tile/fusion/fgra/fgra/pes_5/alu/fmax     270.9504     0.0     270.9504      0.0000       0.0000 FCMP_90
system/tile_prci_domain/tile_reset_domain_tile/fusion/fgra/fgra/pes_5/alu/fmin     269.0688     0.0     269.0688      0.0000       0.0000 FCMP_91
system/tile_prci_domain/tile_reset_domain_tile/fusion/fgra/fgra/pes_5/alu/fmul    2326.5984     0.1      10.1136    556.0128       0.0000 FMUL_share_30
system/tile_prci_domain/tile_reset_domain_tile/fusion/fgra/fgra/pes_5/alu/fmul/fmul_s1     466.8720     0.0     386.9040      0.0000       0.0000 FMUL_s1_30
system/tile_prci_domain/tile_reset_domain_tile/fusion/fgra/fgra/pes_5/alu/fmul/fmul_s1/lzc_clz      79.9680     0.0      79.9680      0.0000       0.0000 CLZ_2_30
system/tile_prci_domain/tile_reset_domain_tile/fusion/fgra/fgra/pes_5/alu/fmul/fmul_s2    1088.7408     0.0    1088.7408      0.0000       0.0000 FMUL_s2_30
system/tile_prci_domain/tile_reset_domain_tile/fusion/fgra/fgra/pes_5/alu/fmul/fmul_s3     204.8592     0.0     104.1936      0.0000       0.0000 FMUL_s3_30
system/tile_prci_domain/tile_reset_domain_tile/fusion/fgra/fgra/pes_5/alu/fmul/fmul_s3/rounder     100.6656     0.0     100.6656      0.0000       0.0000 RoundingUnit_241
system/tile_prci_domain/tile_reset_domain_tile/fusion/fgra/fgra/pes_5/alu/logic_0     227.6736     0.0      10.3488      0.0000       0.0000 LOGIC_30
system/tile_prci_domain/tile_reset_domain_tile/fusion/fgra/fgra/pes_5/alu/logic_0/logicUnit       6.3504     0.0       6.3504      0.0000       0.0000 UnifiedCom_991
system/tile_prci_domain/tile_reset_domain_tile/fusion/fgra/fgra/pes_5/alu/logic_0/logicUnit_1       6.3504     0.0       6.3504      0.0000       0.0000 UnifiedCom_990
system/tile_prci_domain/tile_reset_domain_tile/fusion/fgra/fgra/pes_5/alu/logic_0/logicUnit_10       7.0560     0.0       7.0560      0.0000       0.0000 UnifiedCom_981
system/tile_prci_domain/tile_reset_domain_tile/fusion/fgra/fgra/pes_5/alu/logic_0/logicUnit_11       7.0560     0.0       7.0560      0.0000       0.0000 UnifiedCom_980
system/tile_prci_domain/tile_reset_domain_tile/fusion/fgra/fgra/pes_5/alu/logic_0/logicUnit_12       6.3504     0.0       6.3504      0.0000       0.0000 UnifiedCom_979
system/tile_prci_domain/tile_reset_domain_tile/fusion/fgra/fgra/pes_5/alu/logic_0/logicUnit_13       6.3504     0.0       6.3504      0.0000       0.0000 UnifiedCom_978
system/tile_prci_domain/tile_reset_domain_tile/fusion/fgra/fgra/pes_5/alu/logic_0/logicUnit_14       6.3504     0.0       6.3504      0.0000       0.0000 UnifiedCom_977
system/tile_prci_domain/tile_reset_domain_tile/fusion/fgra/fgra/pes_5/alu/logic_0/logicUnit_15       7.0560     0.0       7.0560      0.0000       0.0000 UnifiedCom_976
system/tile_prci_domain/tile_reset_domain_tile/fusion/fgra/fgra/pes_5/alu/logic_0/logicUnit_16       7.0560     0.0       7.0560      0.0000       0.0000 UnifiedCom_975
system/tile_prci_domain/tile_reset_domain_tile/fusion/fgra/fgra/pes_5/alu/logic_0/logicUnit_17       7.0560     0.0       7.0560      0.0000       0.0000 UnifiedCom_974
system/tile_prci_domain/tile_reset_domain_tile/fusion/fgra/fgra/pes_5/alu/logic_0/logicUnit_18       7.0560     0.0       7.0560      0.0000       0.0000 UnifiedCom_973
system/tile_prci_domain/tile_reset_domain_tile/fusion/fgra/fgra/pes_5/alu/logic_0/logicUnit_19       7.0560     0.0       7.0560      0.0000       0.0000 UnifiedCom_972
system/tile_prci_domain/tile_reset_domain_tile/fusion/fgra/fgra/pes_5/alu/logic_0/logicUnit_2       6.3504     0.0       6.3504      0.0000       0.0000 UnifiedCom_989
system/tile_prci_domain/tile_reset_domain_tile/fusion/fgra/fgra/pes_5/alu/logic_0/logicUnit_20       7.0560     0.0       7.0560      0.0000       0.0000 UnifiedCom_971
system/tile_prci_domain/tile_reset_domain_tile/fusion/fgra/fgra/pes_5/alu/logic_0/logicUnit_21       7.0560     0.0       7.0560      0.0000       0.0000 UnifiedCom_970
system/tile_prci_domain/tile_reset_domain_tile/fusion/fgra/fgra/pes_5/alu/logic_0/logicUnit_22       7.0560     0.0       7.0560      0.0000       0.0000 UnifiedCom_969
system/tile_prci_domain/tile_reset_domain_tile/fusion/fgra/fgra/pes_5/alu/logic_0/logicUnit_23       6.3504     0.0       6.3504      0.0000       0.0000 UnifiedCom_968
system/tile_prci_domain/tile_reset_domain_tile/fusion/fgra/fgra/pes_5/alu/logic_0/logicUnit_24       6.3504     0.0       6.3504      0.0000       0.0000 UnifiedCom_967
system/tile_prci_domain/tile_reset_domain_tile/fusion/fgra/fgra/pes_5/alu/logic_0/logicUnit_25       7.0560     0.0       7.0560      0.0000       0.0000 UnifiedCom_966
system/tile_prci_domain/tile_reset_domain_tile/fusion/fgra/fgra/pes_5/alu/logic_0/logicUnit_26       7.0560     0.0       7.0560      0.0000       0.0000 UnifiedCom_965
system/tile_prci_domain/tile_reset_domain_tile/fusion/fgra/fgra/pes_5/alu/logic_0/logicUnit_27       6.3504     0.0       6.3504      0.0000       0.0000 UnifiedCom_964
system/tile_prci_domain/tile_reset_domain_tile/fusion/fgra/fgra/pes_5/alu/logic_0/logicUnit_28       7.0560     0.0       7.0560      0.0000       0.0000 UnifiedCom_963
system/tile_prci_domain/tile_reset_domain_tile/fusion/fgra/fgra/pes_5/alu/logic_0/logicUnit_29       6.3504     0.0       6.3504      0.0000       0.0000 UnifiedCom_962
system/tile_prci_domain/tile_reset_domain_tile/fusion/fgra/fgra/pes_5/alu/logic_0/logicUnit_3       7.0560     0.0       7.0560      0.0000       0.0000 UnifiedCom_988
system/tile_prci_domain/tile_reset_domain_tile/fusion/fgra/fgra/pes_5/alu/logic_0/logicUnit_30       7.0560     0.0       7.0560      0.0000       0.0000 UnifiedCom_961
system/tile_prci_domain/tile_reset_domain_tile/fusion/fgra/fgra/pes_5/alu/logic_0/logicUnit_31       7.0560     0.0       7.0560      0.0000       0.0000 UnifiedCom_960
system/tile_prci_domain/tile_reset_domain_tile/fusion/fgra/fgra/pes_5/alu/logic_0/logicUnit_4       7.0560     0.0       7.0560      0.0000       0.0000 UnifiedCom_987
system/tile_prci_domain/tile_reset_domain_tile/fusion/fgra/fgra/pes_5/alu/logic_0/logicUnit_5       7.0560     0.0       7.0560      0.0000       0.0000 UnifiedCom_986
system/tile_prci_domain/tile_reset_domain_tile/fusion/fgra/fgra/pes_5/alu/logic_0/logicUnit_6       7.0560     0.0       7.0560      0.0000       0.0000 UnifiedCom_985
system/tile_prci_domain/tile_reset_domain_tile/fusion/fgra/fgra/pes_5/alu/logic_0/logicUnit_7       7.0560     0.0       7.0560      0.0000       0.0000 UnifiedCom_984
system/tile_prci_domain/tile_reset_domain_tile/fusion/fgra/fgra/pes_5/alu/logic_0/logicUnit_8       6.3504     0.0       6.3504      0.0000       0.0000 UnifiedCom_983
system/tile_prci_domain/tile_reset_domain_tile/fusion/fgra/fgra/pes_5/alu/logic_0/logicUnit_9       6.3504     0.0       6.3504      0.0000       0.0000 UnifiedCom_982
system/tile_prci_domain/tile_reset_domain_tile/fusion/fgra/fgra/pes_5/alu/multipler    5687.8417     0.2    5687.8417      0.0000       0.0000 Mul_30
system/tile_prci_domain/tile_reset_domain_tile/fusion/fgra/fgra/pes_5/alu/shift     690.5472     0.0     690.5472      0.0000       0.0000 SHIFT_30
system/tile_prci_domain/tile_reset_domain_tile/fusion/fgra/fgra/pes_5/cfg     569.6544     0.0     153.8208    415.8336       0.0000 ConfigMem_12_8
system/tile_prci_domain/tile_reset_domain_tile/fusion/fgra/fgra/pes_5/delayPipeCG    7010.6065     0.2    4119.5281   2891.0784       0.0000 SharedDelayPipe_24_30
system/tile_prci_domain/tile_reset_domain_tile/fusion/fgra/fgra/pes_5/delayPipeFG     205.8000     0.0     125.8320     79.9680       0.0000 SharedDelayPipe_25_8
system/tile_prci_domain/tile_reset_domain_tile/fusion/fgra/fgra/pes_5/dmr     150.9984     0.0       0.0000    150.9984       0.0000 DualModeReg_25
system/tile_prci_domain/tile_reset_domain_tile/fusion/fgra/fgra/pes_5/rf4alu       9.1728     0.0       4.4688      4.7040       0.0000 RF_32
system/tile_prci_domain/tile_reset_domain_tile/fusion/fgra/fgra/pes_6   21092.7362     0.6       6.5856      0.0000       0.0000 GPE_6
system/tile_prci_domain/tile_reset_domain_tile/fusion/fgra/fgra/pes_6/Muxn     250.4880     0.0     250.4880      0.0000       0.0000 Muxn_36_159
system/tile_prci_domain/tile_reset_domain_tile/fusion/fgra/fgra/pes_6/Muxn_1     258.4848     0.0     258.4848      0.0000       0.0000 Muxn_36_158
system/tile_prci_domain/tile_reset_domain_tile/fusion/fgra/fgra/pes_6/alu   12959.7554     0.4     167.4624      0.0000       0.0000 ALU_6_9
system/tile_prci_domain/tile_reset_domain_tile/fusion/fgra/fgra/pes_6/alu/fadd    5067.8545     0.2       0.0000      0.0000       0.0000 FADD_29
system/tile_prci_domain/tile_reset_domain_tile/fusion/fgra/fgra/pes_6/alu/fadd/fcmaadd    5067.8545     0.2       2.3520      0.0000       0.0000 FCMA_ADD_29
system/tile_prci_domain/tile_reset_domain_tile/fusion/fgra/fgra/pes_6/alu/fadd/fcmaadd/fadd_s1    3481.6656     0.1     644.2128      0.0000       0.0000 FCMA_ADD_s1_29
system/tile_prci_domain/tile_reset_domain_tile/fusion/fgra/fgra/pes_6/alu/fadd/fcmaadd/fadd_s1/far_path_mods_0     891.1728     0.0     401.9568      0.0000       0.0000 FarPath_29
system/tile_prci_domain/tile_reset_domain_tile/fusion/fgra/fgra/pes_6/alu/fadd/fcmaadd/fadd_s1/far_path_mods_0/shiftRightJam     489.2160     0.0     489.2160      0.0000       0.0000 ShiftRightJam_29
system/tile_prci_domain/tile_reset_domain_tile/fusion/fgra/fgra/pes_6/alu/fadd/fcmaadd/fadd_s1/near_path_mods_0     968.0832     0.0     729.5904      0.0000       0.0000 NearPath_59
system/tile_prci_domain/tile_reset_domain_tile/fusion/fgra/fgra/pes_6/alu/fadd/fcmaadd/fadd_s1/near_path_mods_0/lza_ab     143.7072     0.0     143.7072      0.0000       0.0000 LZA_60
system/tile_prci_domain/tile_reset_domain_tile/fusion/fgra/fgra/pes_6/alu/fadd/fcmaadd/fadd_s1/near_path_mods_0/lzc_clz      94.7856     0.0      94.7856      0.0000       0.0000 CLZ_61
system/tile_prci_domain/tile_reset_domain_tile/fusion/fgra/fgra/pes_6/alu/fadd/fcmaadd/fadd_s1/near_path_mods_1     978.1968     0.0     729.5904      0.0000       0.0000 NearPath_58
system/tile_prci_domain/tile_reset_domain_tile/fusion/fgra/fgra/pes_6/alu/fadd/fcmaadd/fadd_s1/near_path_mods_1/lza_ab     154.7616     0.0     154.7616      0.0000       0.0000 LZA_59
system/tile_prci_domain/tile_reset_domain_tile/fusion/fgra/fgra/pes_6/alu/fadd/fcmaadd/fadd_s1/near_path_mods_1/lzc_clz      93.8448     0.0      93.8448      0.0000       0.0000 CLZ_60
system/tile_prci_domain/tile_reset_domain_tile/fusion/fgra/fgra/pes_6/alu/fadd/fcmaadd/fadd_s2    1583.8368     0.0    1162.5936      0.0000       0.0000 FCMA_ADD_s2_29
system/tile_prci_domain/tile_reset_domain_tile/fusion/fgra/fgra/pes_6/alu/fadd/fcmaadd/fadd_s2/far_path_rounder     220.6176     0.0     220.6176      0.0000       0.0000 RoundingUnit_161
system/tile_prci_domain/tile_reset_domain_tile/fusion/fgra/fgra/pes_6/alu/fadd/fcmaadd/fadd_s2/near_path_rounder     200.6256     0.0     200.6256      0.0000       0.0000 RoundingUnit_160
system/tile_prci_domain/tile_reset_domain_tile/fusion/fgra/fgra/pes_6/alu/fmul    2209.4688     0.1      11.2896    555.5424       0.0000 FMUL_share_29
system/tile_prci_domain/tile_reset_domain_tile/fusion/fgra/fgra/pes_6/alu/fmul/fmul_s1     398.4288     0.0     318.6960      0.0000       0.0000 FMUL_s1_29
system/tile_prci_domain/tile_reset_domain_tile/fusion/fgra/fgra/pes_6/alu/fmul/fmul_s1/lzc_clz      79.7328     0.0      79.7328      0.0000       0.0000 CLZ_2_29
system/tile_prci_domain/tile_reset_domain_tile/fusion/fgra/fgra/pes_6/alu/fmul/fmul_s2    1039.3488     0.0    1039.3488      0.0000       0.0000 FMUL_s2_29
system/tile_prci_domain/tile_reset_domain_tile/fusion/fgra/fgra/pes_6/alu/fmul/fmul_s3     204.8592     0.0     104.1936      0.0000       0.0000 FMUL_s3_29
system/tile_prci_domain/tile_reset_domain_tile/fusion/fgra/fgra/pes_6/alu/fmul/fmul_s3/rounder     100.6656     0.0     100.6656      0.0000       0.0000 RoundingUnit_239
system/tile_prci_domain/tile_reset_domain_tile/fusion/fgra/fgra/pes_6/alu/multipler    5514.9697     0.2    5514.9697      0.0000       0.0000 Mul_29
system/tile_prci_domain/tile_reset_domain_tile/fusion/fgra/fgra/pes_6/cfg     502.6224     0.0     129.1248    373.4976       0.0000 ConfigMem_18_9
system/tile_prci_domain/tile_reset_domain_tile/fusion/fgra/fgra/pes_6/delayPipeCG    6964.2721     0.2    4048.4977   2915.7744       0.0000 SharedDelayPipe_24_29
system/tile_prci_domain/tile_reset_domain_tile/fusion/fgra/fgra/pes_6/dmr     150.5280     0.0       0.0000    150.5280       0.0000 DualModeReg_24
system/tile_prci_domain/tile_reset_domain_tile/fusion/fgra/fgra/pes_7   21211.2770     0.7       5.4096      0.0000       0.0000 GPE_7
system/tile_prci_domain/tile_reset_domain_tile/fusion/fgra/fgra/pes_7/Muxn     267.1872     0.0     267.1872      0.0000       0.0000 Muxn_36_157
system/tile_prci_domain/tile_reset_domain_tile/fusion/fgra/fgra/pes_7/Muxn_1     237.3168     0.0     237.3168      0.0000       0.0000 Muxn_36_156
system/tile_prci_domain/tile_reset_domain_tile/fusion/fgra/fgra/pes_7/alu   13037.6066     0.4     175.9296      0.0000       0.0000 ALU_6_8
system/tile_prci_domain/tile_reset_domain_tile/fusion/fgra/fgra/pes_7/alu/fadd    5093.2561     0.2       2.3520      0.0000       0.0000 FADD_28
system/tile_prci_domain/tile_reset_domain_tile/fusion/fgra/fgra/pes_7/alu/fadd/fcmaadd    5090.9041     0.2       2.3520      0.0000       0.0000 FCMA_ADD_28
system/tile_prci_domain/tile_reset_domain_tile/fusion/fgra/fgra/pes_7/alu/fadd/fcmaadd/fadd_s1    3488.2513     0.1     632.4528      0.0000       0.0000 FCMA_ADD_s1_28
system/tile_prci_domain/tile_reset_domain_tile/fusion/fgra/fgra/pes_7/alu/fadd/fcmaadd/fadd_s1/far_path_mods_0     915.3984     0.0     408.3072      0.0000       0.0000 FarPath_28
system/tile_prci_domain/tile_reset_domain_tile/fusion/fgra/fgra/pes_7/alu/fadd/fcmaadd/fadd_s1/far_path_mods_0/shiftRightJam     507.0912     0.0     507.0912      0.0000       0.0000 ShiftRightJam_28
system/tile_prci_domain/tile_reset_domain_tile/fusion/fgra/fgra/pes_7/alu/fadd/fcmaadd/fadd_s1/near_path_mods_0     973.9632     0.0     729.5904      0.0000       0.0000 NearPath_57
system/tile_prci_domain/tile_reset_domain_tile/fusion/fgra/fgra/pes_7/alu/fadd/fcmaadd/fadd_s1/near_path_mods_0/lza_ab     146.5296     0.0     146.5296      0.0000       0.0000 LZA_58
system/tile_prci_domain/tile_reset_domain_tile/fusion/fgra/fgra/pes_7/alu/fadd/fcmaadd/fadd_s1/near_path_mods_0/lzc_clz      97.8432     0.0      97.8432      0.0000       0.0000 CLZ_59
system/tile_prci_domain/tile_reset_domain_tile/fusion/fgra/fgra/pes_7/alu/fadd/fcmaadd/fadd_s1/near_path_mods_1     966.4368     0.0     726.2976      0.0000       0.0000 NearPath_56
system/tile_prci_domain/tile_reset_domain_tile/fusion/fgra/fgra/pes_7/alu/fadd/fcmaadd/fadd_s1/near_path_mods_1/lza_ab     149.5872     0.0     149.5872      0.0000       0.0000 LZA_57
system/tile_prci_domain/tile_reset_domain_tile/fusion/fgra/fgra/pes_7/alu/fadd/fcmaadd/fadd_s1/near_path_mods_1/lzc_clz      90.5520     0.0      90.5520      0.0000       0.0000 CLZ_58
system/tile_prci_domain/tile_reset_domain_tile/fusion/fgra/fgra/pes_7/alu/fadd/fcmaadd/fadd_s2    1600.3008     0.0    1171.0608      0.0000       0.0000 FCMA_ADD_s2_28
system/tile_prci_domain/tile_reset_domain_tile/fusion/fgra/fgra/pes_7/alu/fadd/fcmaadd/fadd_s2/far_path_rounder     233.0832     0.0     233.0832      0.0000       0.0000 RoundingUnit_158
system/tile_prci_domain/tile_reset_domain_tile/fusion/fgra/fgra/pes_7/alu/fadd/fcmaadd/fadd_s2/near_path_rounder     196.1568     0.0     196.1568      0.0000       0.0000 RoundingUnit_157
system/tile_prci_domain/tile_reset_domain_tile/fusion/fgra/fgra/pes_7/alu/fmul    2222.4048     0.1      14.8176    555.5424       0.0000 FMUL_share_28
system/tile_prci_domain/tile_reset_domain_tile/fusion/fgra/fgra/pes_7/alu/fmul/fmul_s1     397.4880     0.0     320.3424      0.0000       0.0000 FMUL_s1_28
system/tile_prci_domain/tile_reset_domain_tile/fusion/fgra/fgra/pes_7/alu/fmul/fmul_s1/lzc_clz      77.1456     0.0      77.1456      0.0000       0.0000 CLZ_2_28
system/tile_prci_domain/tile_reset_domain_tile/fusion/fgra/fgra/pes_7/alu/fmul/fmul_s2    1049.6976     0.0    1049.6976      0.0000       0.0000 FMUL_s2_28
system/tile_prci_domain/tile_reset_domain_tile/fusion/fgra/fgra/pes_7/alu/fmul/fmul_s3     204.8592     0.0     104.1936      0.0000       0.0000 FMUL_s3_28
system/tile_prci_domain/tile_reset_domain_tile/fusion/fgra/fgra/pes_7/alu/fmul/fmul_s3/rounder     100.6656     0.0     100.6656      0.0000       0.0000 RoundingUnit_237
system/tile_prci_domain/tile_reset_domain_tile/fusion/fgra/fgra/pes_7/alu/multipler    5546.0161     0.2    5546.0161      0.0000       0.0000 Mul_28
system/tile_prci_domain/tile_reset_domain_tile/fusion/fgra/fgra/pes_7/cfg     517.4400     0.0     129.1248    388.3152       0.0000 ConfigMem_18_8
system/tile_prci_domain/tile_reset_domain_tile/fusion/fgra/fgra/pes_7/delayPipeCG    6995.5537     0.2    4104.4753   2891.0784       0.0000 SharedDelayPipe_24_28
system/tile_prci_domain/tile_reset_domain_tile/fusion/fgra/fgra/pes_7/dmr     150.7632     0.0       0.0000    150.7632       0.0000 DualModeReg_23
system/tile_prci_domain/tile_reset_domain_tile/fusion/fgra/fgra/pes_8   21115.7858     0.6       8.2320      0.0000       0.0000 GPE_8
system/tile_prci_domain/tile_reset_domain_tile/fusion/fgra/fgra/pes_8/Muxn     246.2544     0.0     246.2544      0.0000       0.0000 Muxn_36_155
system/tile_prci_domain/tile_reset_domain_tile/fusion/fgra/fgra/pes_8/Muxn_1     242.4912     0.0     242.4912      0.0000       0.0000 Muxn_36_154
system/tile_prci_domain/tile_reset_domain_tile/fusion/fgra/fgra/pes_8/alu   12958.5794     0.4     180.3984      0.0000       0.0000 ALU_6_7
system/tile_prci_domain/tile_reset_domain_tile/fusion/fgra/fgra/pes_8/alu/fadd    5025.5185     0.2       0.0000      0.0000       0.0000 FADD_27
system/tile_prci_domain/tile_reset_domain_tile/fusion/fgra/fgra/pes_8/alu/fadd/fcmaadd    5025.5185     0.2       2.3520      0.0000       0.0000 FCMA_ADD_27
system/tile_prci_domain/tile_reset_domain_tile/fusion/fgra/fgra/pes_8/alu/fadd/fcmaadd/fadd_s1    3424.0417     0.1     617.4000      0.0000       0.0000 FCMA_ADD_s1_27
system/tile_prci_domain/tile_reset_domain_tile/fusion/fgra/fgra/pes_8/alu/fadd/fcmaadd/fadd_s1/far_path_mods_0     846.9552     0.0     385.4928      0.0000       0.0000 FarPath_27
system/tile_prci_domain/tile_reset_domain_tile/fusion/fgra/fgra/pes_8/alu/fadd/fcmaadd/fadd_s1/far_path_mods_0/shiftRightJam     461.4624     0.0     461.4624      0.0000       0.0000 ShiftRightJam_27
system/tile_prci_domain/tile_reset_domain_tile/fusion/fgra/fgra/pes_8/alu/fadd/fcmaadd/fadd_s1/near_path_mods_0     981.0192     0.0     733.3536      0.0000       0.0000 NearPath_55
system/tile_prci_domain/tile_reset_domain_tile/fusion/fgra/fgra/pes_8/alu/fadd/fcmaadd/fadd_s1/near_path_mods_0/lza_ab     150.0576     0.0     150.0576      0.0000       0.0000 LZA_56
system/tile_prci_domain/tile_reset_domain_tile/fusion/fgra/fgra/pes_8/alu/fadd/fcmaadd/fadd_s1/near_path_mods_0/lzc_clz      97.6080     0.0      97.6080      0.0000       0.0000 CLZ_57
system/tile_prci_domain/tile_reset_domain_tile/fusion/fgra/fgra/pes_8/alu/fadd/fcmaadd/fadd_s1/near_path_mods_1     978.6672     0.0     732.8832      0.0000       0.0000 NearPath_54
system/tile_prci_domain/tile_reset_domain_tile/fusion/fgra/fgra/pes_8/alu/fadd/fcmaadd/fadd_s1/near_path_mods_1/lza_ab     146.0592     0.0     146.0592      0.0000       0.0000 LZA_55
system/tile_prci_domain/tile_reset_domain_tile/fusion/fgra/fgra/pes_8/alu/fadd/fcmaadd/fadd_s1/near_path_mods_1/lzc_clz      99.7248     0.0      99.7248      0.0000       0.0000 CLZ_56
system/tile_prci_domain/tile_reset_domain_tile/fusion/fgra/fgra/pes_8/alu/fadd/fcmaadd/fadd_s2    1599.1248     0.0    1179.5280      0.0000       0.0000 FCMA_ADD_s2_27
system/tile_prci_domain/tile_reset_domain_tile/fusion/fgra/fgra/pes_8/alu/fadd/fcmaadd/fadd_s2/far_path_rounder     215.6784     0.0     215.6784      0.0000       0.0000 RoundingUnit_155
system/tile_prci_domain/tile_reset_domain_tile/fusion/fgra/fgra/pes_8/alu/fadd/fcmaadd/fadd_s2/near_path_rounder     203.9184     0.0     203.9184      0.0000       0.0000 RoundingUnit_154
system/tile_prci_domain/tile_reset_domain_tile/fusion/fgra/fgra/pes_8/alu/fmul    2220.7584     0.1       9.8784    556.0128       0.0000 FMUL_share_27
system/tile_prci_domain/tile_reset_domain_tile/fusion/fgra/fgra/pes_8/alu/fmul/fmul_s1     397.4880     0.0     318.2256      0.0000       0.0000 FMUL_s1_27
system/tile_prci_domain/tile_reset_domain_tile/fusion/fgra/fgra/pes_8/alu/fmul/fmul_s1/lzc_clz      79.2624     0.0      79.2624      0.0000       0.0000 CLZ_2_27
system/tile_prci_domain/tile_reset_domain_tile/fusion/fgra/fgra/pes_8/alu/fmul/fmul_s2    1052.5200     0.0    1052.5200      0.0000       0.0000 FMUL_s2_27
system/tile_prci_domain/tile_reset_domain_tile/fusion/fgra/fgra/pes_8/alu/fmul/fmul_s3     204.8592     0.0     104.1936      0.0000       0.0000 FMUL_s3_27
system/tile_prci_domain/tile_reset_domain_tile/fusion/fgra/fgra/pes_8/alu/fmul/fmul_s3/rounder     100.6656     0.0     100.6656      0.0000       0.0000 RoundingUnit_235
system/tile_prci_domain/tile_reset_domain_tile/fusion/fgra/fgra/pes_8/alu/multipler    5531.9041     0.2    5531.9041      0.0000       0.0000 Mul_27
system/tile_prci_domain/tile_reset_domain_tile/fusion/fgra/fgra/pes_8/cfg     517.4400     0.0     129.1248    388.3152       0.0000 ConfigMem_18_7
system/tile_prci_domain/tile_reset_domain_tile/fusion/fgra/fgra/pes_8/delayPipeCG    6990.1441     0.2    4074.3697   2915.7744       0.0000 SharedDelayPipe_24_27
system/tile_prci_domain/tile_reset_domain_tile/fusion/fgra/fgra/pes_8/dmr     152.6448     0.0       0.0000    152.6448       0.0000 DualModeReg_22
system/tile_prci_domain/tile_reset_domain_tile/fusion/fgra/fgra/pes_9   21115.0802     0.6       8.7024      0.0000       0.0000 GPE_9
system/tile_prci_domain/tile_reset_domain_tile/fusion/fgra/fgra/pes_9/Muxn     260.8368     0.0     260.8368      0.0000       0.0000 Muxn_36_153
system/tile_prci_domain/tile_reset_domain_tile/fusion/fgra/fgra/pes_9/Muxn_1     258.9552     0.0     258.9552      0.0000       0.0000 Muxn_36_152
system/tile_prci_domain/tile_reset_domain_tile/fusion/fgra/fgra/pes_9/alu   12944.2321     0.4     161.8176      0.0000       0.0000 ALU_6_6
system/tile_prci_domain/tile_reset_domain_tile/fusion/fgra/fgra/pes_9/alu/fadd    4974.2449     0.2       0.0000      0.0000       0.0000 FADD_26
system/tile_prci_domain/tile_reset_domain_tile/fusion/fgra/fgra/pes_9/alu/fadd/fcmaadd    4974.2449     0.2       2.3520      0.0000       0.0000 FCMA_ADD_26
system/tile_prci_domain/tile_reset_domain_tile/fusion/fgra/fgra/pes_9/alu/fadd/fcmaadd/fadd_s1    3445.6800     0.1     648.9168      0.0000       0.0000 FCMA_ADD_s1_26
system/tile_prci_domain/tile_reset_domain_tile/fusion/fgra/fgra/pes_9/alu/fadd/fcmaadd/fadd_s1/far_path_mods_0     893.7600     0.0     405.9552      0.0000       0.0000 FarPath_26
system/tile_prci_domain/tile_reset_domain_tile/fusion/fgra/fgra/pes_9/alu/fadd/fcmaadd/fadd_s1/far_path_mods_0/shiftRightJam     487.8048     0.0     487.8048      0.0000       0.0000 ShiftRightJam_26
system/tile_prci_domain/tile_reset_domain_tile/fusion/fgra/fgra/pes_9/alu/fadd/fcmaadd/fadd_s1/near_path_mods_0     949.9728     0.0     716.8896      0.0000       0.0000 NearPath_53
system/tile_prci_domain/tile_reset_domain_tile/fusion/fgra/fgra/pes_9/alu/fadd/fcmaadd/fadd_s1/near_path_mods_0/lza_ab     136.6512     0.0     136.6512      0.0000       0.0000 LZA_54
system/tile_prci_domain/tile_reset_domain_tile/fusion/fgra/fgra/pes_9/alu/fadd/fcmaadd/fadd_s1/near_path_mods_0/lzc_clz      96.4320     0.0      96.4320      0.0000       0.0000 CLZ_55
system/tile_prci_domain/tile_reset_domain_tile/fusion/fgra/fgra/pes_9/alu/fadd/fcmaadd/fadd_s1/near_path_mods_1     953.0304     0.0     711.4800      0.0000       0.0000 NearPath_52
system/tile_prci_domain/tile_reset_domain_tile/fusion/fgra/fgra/pes_9/alu/fadd/fcmaadd/fadd_s1/near_path_mods_1/lza_ab     143.2368     0.0     143.2368      0.0000       0.0000 LZA_53
system/tile_prci_domain/tile_reset_domain_tile/fusion/fgra/fgra/pes_9/alu/fadd/fcmaadd/fadd_s1/near_path_mods_1/lzc_clz      98.3136     0.0      98.3136      0.0000       0.0000 CLZ_54
system/tile_prci_domain/tile_reset_domain_tile/fusion/fgra/fgra/pes_9/alu/fadd/fcmaadd/fadd_s2    1526.2128     0.0    1136.2512      0.0000       0.0000 FCMA_ADD_s2_26
system/tile_prci_domain/tile_reset_domain_tile/fusion/fgra/fgra/pes_9/alu/fadd/fcmaadd/fadd_s2/far_path_rounder     194.9808     0.0     194.9808      0.0000       0.0000 RoundingUnit_152
system/tile_prci_domain/tile_reset_domain_tile/fusion/fgra/fgra/pes_9/alu/fadd/fcmaadd/fadd_s2/near_path_rounder     194.9808     0.0     194.9808      0.0000       0.0000 RoundingUnit_151
system/tile_prci_domain/tile_reset_domain_tile/fusion/fgra/fgra/pes_9/alu/fmul    2233.6944     0.1      14.1120    556.2480       0.0000 FMUL_share_26
system/tile_prci_domain/tile_reset_domain_tile/fusion/fgra/fgra/pes_9/alu/fmul/fmul_s1     414.8928     0.0     340.8048      0.0000       0.0000 FMUL_s1_26
system/tile_prci_domain/tile_reset_domain_tile/fusion/fgra/fgra/pes_9/alu/fmul/fmul_s1/lzc_clz      74.0880     0.0      74.0880      0.0000       0.0000 CLZ_2_26
system/tile_prci_domain/tile_reset_domain_tile/fusion/fgra/fgra/pes_9/alu/fmul/fmul_s2    1043.5824     0.0    1043.5824      0.0000       0.0000 FMUL_s2_26
system/tile_prci_domain/tile_reset_domain_tile/fusion/fgra/fgra/pes_9/alu/fmul/fmul_s3     204.8592     0.0     104.1936      0.0000       0.0000 FMUL_s3_26
system/tile_prci_domain/tile_reset_domain_tile/fusion/fgra/fgra/pes_9/alu/fmul/fmul_s3/rounder     100.6656     0.0     100.6656      0.0000       0.0000 RoundingUnit_233
system/tile_prci_domain/tile_reset_domain_tile/fusion/fgra/fgra/pes_9/alu/multipler    5574.4753     0.2    5574.4753      0.0000       0.0000 Mul_26
system/tile_prci_domain/tile_reset_domain_tile/fusion/fgra/fgra/pes_9/cfg     512.5008     0.0     129.1248    383.3760       0.0000 ConfigMem_18_6
system/tile_prci_domain/tile_reset_domain_tile/fusion/fgra/fgra/pes_9/delayPipeCG    6976.7377     0.2    4056.0241   2920.7136       0.0000 SharedDelayPipe_24_26
system/tile_prci_domain/tile_reset_domain_tile/fusion/fgra/fgra/pes_9/dmr     153.1152     0.0       0.0000    153.1152       0.0000 DualModeReg_21
system/tile_prci_domain/tile_reset_domain_tile/fusion/fgra/sram_coalesce_iob    4754.0976     0.1       0.0000      0.0000       0.0000 SRAMCoalesce
system/tile_prci_domain/tile_reset_domain_tile/fusion/fgra/sram_coalesce_iob/group    1592.5392     0.0    1517.2752     75.2640       0.0000 SRAMBanksCoalesce_2
system/tile_prci_domain/tile_reset_domain_tile/fusion/fgra/sram_coalesce_iob/group_1    1605.2400     0.0    1529.9760     75.2640       0.0000 SRAMBanksCoalesce_1
system/tile_prci_domain/tile_reset_domain_tile/fusion/fgra/sram_coalesce_iob/group_2    1556.3184     0.0    1481.0544     75.2640       0.0000 SRAMBanksCoalesce_0
system/tile_prci_domain/tile_reset_domain_tile/fusion/loader    7341.2976     0.2     589.1760    827.9040       0.0000 LoadController
system/tile_prci_domain/tile_reset_domain_tile/fusion/loader/que    2181.2448     0.1      17.8752     14.1120       0.0000 Queue_77
system/tile_prci_domain/tile_reset_domain_tile/fusion/loader/que/ram_ext    2149.2576     0.1     945.0336   1204.2240       0.0000 ram_combMem_32
system/tile_prci_domain/tile_reset_domain_tile/fusion/loader/spadReqQue    3742.9728     0.1      26.1072     23.5200       0.0000 Queue_76
system/tile_prci_domain/tile_reset_domain_tile/fusion/loader/spadReqQue/ram_ext    3693.3456     0.1    1623.5856   2069.7600       0.0000 ram_combMem_31
system/tile_prci_domain/tile_reset_domain_tile/fusion/reservation   18197.6593     0.6     230.2608     84.6720       0.0000 ReservationStation
system/tile_prci_domain/tile_reset_domain_tile/fusion/reservation/cmd_que    3505.8912     0.1      26.1072     23.5200       0.0000 Queue_68_1
system/tile_prci_domain/tile_reset_domain_tile/fusion/reservation/cmd_que/ram_ext    3456.2640     0.1    1518.2160   1938.0480       0.0000 ram_combMem_44_1
system/tile_prci_domain/tile_reset_domain_tile/fusion/reservation/ex_cmd_que    1698.1440     0.1      26.1072     23.5200       0.0000 Queue_68_0
system/tile_prci_domain/tile_reset_domain_tile/fusion/reservation/ex_cmd_que/ram_ext    1648.5168     0.1     726.5328    921.9840       0.0000 ram_combMem_44_0
system/tile_prci_domain/tile_reset_domain_tile/fusion/reservation/ex_resv_que     224.1456     0.0      26.1072     23.5200       0.0000 Queue_75
system/tile_prci_domain/tile_reset_domain_tile/fusion/reservation/ex_resv_que/ram_ext     174.5184     0.0      80.4384     94.0800       0.0000 ram_combMem_2
system/tile_prci_domain/tile_reset_domain_tile/fusion/reservation/ld_cfg_resv_que     179.4576     0.0      27.7536     23.5200       0.0000 Queue_73
system/tile_prci_domain/tile_reset_domain_tile/fusion/reservation/ld_cfg_resv_que/ram_ext     128.1840     0.0      57.6240     70.5600       0.0000 ram_combMem_0
system/tile_prci_domain/tile_reset_domain_tile/fusion/reservation/ld_cmd_que    6024.8832     0.2      35.7504     32.9280       0.0000 Queue_69_1
system/tile_prci_domain/tile_reset_domain_tile/fusion/reservation/ld_cmd_que/ram_ext    5956.2048     0.2    2569.3248   3386.8800       0.0000 ram_combMem_45_1
system/tile_prci_domain/tile_reset_domain_tile/fusion/reservation/ld_dat_resv_que     417.4800     0.0      35.7504     32.9280       0.0000 Queue_72_1
system/tile_prci_domain/tile_reset_domain_tile/fusion/reservation/ld_dat_resv_que/ram_ext     348.8016     0.0     160.6416    188.1600       0.0000 ram_combMem_1_1
system/tile_prci_domain/tile_reset_domain_tile/fusion/reservation/st_cmd_que    5763.3408     0.2      35.7504     32.9280       0.0000 Queue_69_0
system/tile_prci_domain/tile_reset_domain_tile/fusion/reservation/st_cmd_que/ram_ext    5694.6624     0.2    2458.3104   3236.3520       0.0000 ram_combMem_45_0
system/tile_prci_domain/tile_reset_domain_tile/fusion/reservation/st_resv_que      69.3840     0.0      36.4560     32.9280       0.0000 Queue_72_0
system/tile_prci_domain/tile_reset_domain_tile/fusion/spad  747430.0855    23.0   14731.5168   1792.2240       0.0000 Scratchpad
system/tile_prci_domain/tile_reset_domain_tile/fusion/spad/SpadReadInterface    1659.5712     0.1    1659.5712      0.0000       0.0000 SpadReadInterface
system/tile_prci_domain/tile_reset_domain_tile/fusion/spad/TrueDualPortSRAMAsym   56810.2080     1.7    1201.4016     18.8160       0.0000 TrueDualPortSRAMAsym_11
system/tile_prci_domain/tile_reset_domain_tile/fusion/spad/TrueDualPortSRAMAsym/TrueDualPortSRAM_32_8   13897.4976     0.4       0.0000      0.0000       0.0000 TrueDualPortSRAM_32_8_47
system/tile_prci_domain/tile_reset_domain_tile/fusion/spad/TrueDualPortSRAMAsym/TrueDualPortSRAM_32_8/sram   13897.4976     0.4       0.7056      0.0000   13896.7920 dp_sram_32_8_ip_47
system/tile_prci_domain/tile_reset_domain_tile/fusion/spad/TrueDualPortSRAMAsym/TrueDualPortSRAM_32_8_1   13897.4976     0.4       0.0000      0.0000       0.0000 TrueDualPortSRAM_32_8_46
system/tile_prci_domain/tile_reset_domain_tile/fusion/spad/TrueDualPortSRAMAsym/TrueDualPortSRAM_32_8_1/sram   13897.4976     0.4       0.7056      0.0000   13896.7920 dp_sram_32_8_ip_46
system/tile_prci_domain/tile_reset_domain_tile/fusion/spad/TrueDualPortSRAMAsym/TrueDualPortSRAM_32_8_2   13897.4976     0.4       0.0000      0.0000       0.0000 TrueDualPortSRAM_32_8_45
system/tile_prci_domain/tile_reset_domain_tile/fusion/spad/TrueDualPortSRAMAsym/TrueDualPortSRAM_32_8_2/sram   13897.4976     0.4       0.7056      0.0000   13896.7920 dp_sram_32_8_ip_45
system/tile_prci_domain/tile_reset_domain_tile/fusion/spad/TrueDualPortSRAMAsym/TrueDualPortSRAM_32_8_3   13897.4976     0.4       0.0000      0.0000       0.0000 TrueDualPortSRAM_32_8_44
system/tile_prci_domain/tile_reset_domain_tile/fusion/spad/TrueDualPortSRAMAsym/TrueDualPortSRAM_32_8_3/sram   13897.4976     0.4       0.7056      0.0000   13896.7920 dp_sram_32_8_ip_44
system/tile_prci_domain/tile_reset_domain_tile/fusion/spad/TrueDualPortSRAMAsym_1   56810.6784     1.7    1201.8720     18.8160       0.0000 TrueDualPortSRAMAsym_10
system/tile_prci_domain/tile_reset_domain_tile/fusion/spad/TrueDualPortSRAMAsym_1/TrueDualPortSRAM_32_8   13897.4976     0.4       0.0000      0.0000       0.0000 TrueDualPortSRAM_32_8_43
system/tile_prci_domain/tile_reset_domain_tile/fusion/spad/TrueDualPortSRAMAsym_1/TrueDualPortSRAM_32_8/sram   13897.4976     0.4       0.7056      0.0000   13896.7920 dp_sram_32_8_ip_43
system/tile_prci_domain/tile_reset_domain_tile/fusion/spad/TrueDualPortSRAMAsym_1/TrueDualPortSRAM_32_8_1   13897.4976     0.4       0.0000      0.0000       0.0000 TrueDualPortSRAM_32_8_42
system/tile_prci_domain/tile_reset_domain_tile/fusion/spad/TrueDualPortSRAMAsym_1/TrueDualPortSRAM_32_8_1/sram   13897.4976     0.4       0.7056      0.0000   13896.7920 dp_sram_32_8_ip_42
system/tile_prci_domain/tile_reset_domain_tile/fusion/spad/TrueDualPortSRAMAsym_1/TrueDualPortSRAM_32_8_2   13897.4976     0.4       0.0000      0.0000       0.0000 TrueDualPortSRAM_32_8_41
system/tile_prci_domain/tile_reset_domain_tile/fusion/spad/TrueDualPortSRAMAsym_1/TrueDualPortSRAM_32_8_2/sram   13897.4976     0.4       0.7056      0.0000   13896.7920 dp_sram_32_8_ip_41
system/tile_prci_domain/tile_reset_domain_tile/fusion/spad/TrueDualPortSRAMAsym_1/TrueDualPortSRAM_32_8_3   13897.4976     0.4       0.0000      0.0000       0.0000 TrueDualPortSRAM_32_8_40
system/tile_prci_domain/tile_reset_domain_tile/fusion/spad/TrueDualPortSRAMAsym_1/TrueDualPortSRAM_32_8_3/sram   13897.4976     0.4       0.7056      0.0000   13896.7920 dp_sram_32_8_ip_40
system/tile_prci_domain/tile_reset_domain_tile/fusion/spad/TrueDualPortSRAMAsym_10   56800.8000     1.7    1191.9936     18.8160       0.0000 TrueDualPortSRAMAsym_1
system/tile_prci_domain/tile_reset_domain_tile/fusion/spad/TrueDualPortSRAMAsym_10/TrueDualPortSRAM_32_8   13897.4976     0.4       0.0000      0.0000       0.0000 TrueDualPortSRAM_32_8_7
system/tile_prci_domain/tile_reset_domain_tile/fusion/spad/TrueDualPortSRAMAsym_10/TrueDualPortSRAM_32_8/sram   13897.4976     0.4       0.7056      0.0000   13896.7920 dp_sram_32_8_ip_7
system/tile_prci_domain/tile_reset_domain_tile/fusion/spad/TrueDualPortSRAMAsym_10/TrueDualPortSRAM_32_8_1   13897.4976     0.4       0.0000      0.0000       0.0000 TrueDualPortSRAM_32_8_6
system/tile_prci_domain/tile_reset_domain_tile/fusion/spad/TrueDualPortSRAMAsym_10/TrueDualPortSRAM_32_8_1/sram   13897.4976     0.4       0.7056      0.0000   13896.7920 dp_sram_32_8_ip_6
system/tile_prci_domain/tile_reset_domain_tile/fusion/spad/TrueDualPortSRAMAsym_10/TrueDualPortSRAM_32_8_2   13897.4976     0.4       0.0000      0.0000       0.0000 TrueDualPortSRAM_32_8_5
system/tile_prci_domain/tile_reset_domain_tile/fusion/spad/TrueDualPortSRAMAsym_10/TrueDualPortSRAM_32_8_2/sram   13897.4976     0.4       0.7056      0.0000   13896.7920 dp_sram_32_8_ip_5
system/tile_prci_domain/tile_reset_domain_tile/fusion/spad/TrueDualPortSRAMAsym_10/TrueDualPortSRAM_32_8_3   13897.4976     0.4       0.0000      0.0000       0.0000 TrueDualPortSRAM_32_8_4
system/tile_prci_domain/tile_reset_domain_tile/fusion/spad/TrueDualPortSRAMAsym_10/TrueDualPortSRAM_32_8_3/sram   13897.4976     0.4       0.7056      0.0000   13896.7920 dp_sram_32_8_ip_4
system/tile_prci_domain/tile_reset_domain_tile/fusion/spad/TrueDualPortSRAMAsym_11   56805.9744     1.7    1197.1680     18.8160       0.0000 TrueDualPortSRAMAsym_0
system/tile_prci_domain/tile_reset_domain_tile/fusion/spad/TrueDualPortSRAMAsym_11/TrueDualPortSRAM_32_8   13897.4976     0.4       0.0000      0.0000       0.0000 TrueDualPortSRAM_32_8_3
system/tile_prci_domain/tile_reset_domain_tile/fusion/spad/TrueDualPortSRAMAsym_11/TrueDualPortSRAM_32_8/sram   13897.4976     0.4       0.7056      0.0000   13896.7920 dp_sram_32_8_ip_3
system/tile_prci_domain/tile_reset_domain_tile/fusion/spad/TrueDualPortSRAMAsym_11/TrueDualPortSRAM_32_8_1   13897.4976     0.4       0.0000      0.0000       0.0000 TrueDualPortSRAM_32_8_2
system/tile_prci_domain/tile_reset_domain_tile/fusion/spad/TrueDualPortSRAMAsym_11/TrueDualPortSRAM_32_8_1/sram   13897.4976     0.4       0.7056      0.0000   13896.7920 dp_sram_32_8_ip_2
system/tile_prci_domain/tile_reset_domain_tile/fusion/spad/TrueDualPortSRAMAsym_11/TrueDualPortSRAM_32_8_2   13897.4976     0.4       0.0000      0.0000       0.0000 TrueDualPortSRAM_32_8_1
system/tile_prci_domain/tile_reset_domain_tile/fusion/spad/TrueDualPortSRAMAsym_11/TrueDualPortSRAM_32_8_2/sram   13897.4976     0.4       0.7056      0.0000   13896.7920 dp_sram_32_8_ip_1
system/tile_prci_domain/tile_reset_domain_tile/fusion/spad/TrueDualPortSRAMAsym_11/TrueDualPortSRAM_32_8_3   13897.4976     0.4       0.0000      0.0000       0.0000 TrueDualPortSRAM_32_8_0
system/tile_prci_domain/tile_reset_domain_tile/fusion/spad/TrueDualPortSRAMAsym_11/TrueDualPortSRAM_32_8_3/sram   13897.4976     0.4       0.7056      0.0000   13896.7920 dp_sram_32_8_ip_0
system/tile_prci_domain/tile_reset_domain_tile/fusion/spad/TrueDualPortSRAMAsym_2   56795.8608     1.7    1187.0544     18.8160       0.0000 TrueDualPortSRAMAsym_9
system/tile_prci_domain/tile_reset_domain_tile/fusion/spad/TrueDualPortSRAMAsym_2/TrueDualPortSRAM_32_8   13897.4976     0.4       0.0000      0.0000       0.0000 TrueDualPortSRAM_32_8_39
system/tile_prci_domain/tile_reset_domain_tile/fusion/spad/TrueDualPortSRAMAsym_2/TrueDualPortSRAM_32_8/sram   13897.4976     0.4       0.7056      0.0000   13896.7920 dp_sram_32_8_ip_39
system/tile_prci_domain/tile_reset_domain_tile/fusion/spad/TrueDualPortSRAMAsym_2/TrueDualPortSRAM_32_8_1   13897.4976     0.4       0.0000      0.0000       0.0000 TrueDualPortSRAM_32_8_38
system/tile_prci_domain/tile_reset_domain_tile/fusion/spad/TrueDualPortSRAMAsym_2/TrueDualPortSRAM_32_8_1/sram   13897.4976     0.4       0.7056      0.0000   13896.7920 dp_sram_32_8_ip_38
system/tile_prci_domain/tile_reset_domain_tile/fusion/spad/TrueDualPortSRAMAsym_2/TrueDualPortSRAM_32_8_2   13897.4976     0.4       0.0000      0.0000       0.0000 TrueDualPortSRAM_32_8_37
system/tile_prci_domain/tile_reset_domain_tile/fusion/spad/TrueDualPortSRAMAsym_2/TrueDualPortSRAM_32_8_2/sram   13897.4976     0.4       0.7056      0.0000   13896.7920 dp_sram_32_8_ip_37
system/tile_prci_domain/tile_reset_domain_tile/fusion/spad/TrueDualPortSRAMAsym_2/TrueDualPortSRAM_32_8_3   13897.4976     0.4       0.0000      0.0000       0.0000 TrueDualPortSRAM_32_8_36
system/tile_prci_domain/tile_reset_domain_tile/fusion/spad/TrueDualPortSRAMAsym_2/TrueDualPortSRAM_32_8_3/sram   13897.4976     0.4       0.7056      0.0000   13896.7920 dp_sram_32_8_ip_36
system/tile_prci_domain/tile_reset_domain_tile/fusion/spad/TrueDualPortSRAMAsym_3   56797.5072     1.7    1188.7008     18.8160       0.0000 TrueDualPortSRAMAsym_8
system/tile_prci_domain/tile_reset_domain_tile/fusion/spad/TrueDualPortSRAMAsym_3/TrueDualPortSRAM_32_8   13897.4976     0.4       0.0000      0.0000       0.0000 TrueDualPortSRAM_32_8_35
system/tile_prci_domain/tile_reset_domain_tile/fusion/spad/TrueDualPortSRAMAsym_3/TrueDualPortSRAM_32_8/sram   13897.4976     0.4       0.7056      0.0000   13896.7920 dp_sram_32_8_ip_35
system/tile_prci_domain/tile_reset_domain_tile/fusion/spad/TrueDualPortSRAMAsym_3/TrueDualPortSRAM_32_8_1   13897.4976     0.4       0.0000      0.0000       0.0000 TrueDualPortSRAM_32_8_34
system/tile_prci_domain/tile_reset_domain_tile/fusion/spad/TrueDualPortSRAMAsym_3/TrueDualPortSRAM_32_8_1/sram   13897.4976     0.4       0.7056      0.0000   13896.7920 dp_sram_32_8_ip_34
system/tile_prci_domain/tile_reset_domain_tile/fusion/spad/TrueDualPortSRAMAsym_3/TrueDualPortSRAM_32_8_2   13897.4976     0.4       0.0000      0.0000       0.0000 TrueDualPortSRAM_32_8_33
system/tile_prci_domain/tile_reset_domain_tile/fusion/spad/TrueDualPortSRAMAsym_3/TrueDualPortSRAM_32_8_2/sram   13897.4976     0.4       0.7056      0.0000   13896.7920 dp_sram_32_8_ip_33
system/tile_prci_domain/tile_reset_domain_tile/fusion/spad/TrueDualPortSRAMAsym_3/TrueDualPortSRAM_32_8_3   13897.4976     0.4       0.0000      0.0000       0.0000 TrueDualPortSRAM_32_8_32
system/tile_prci_domain/tile_reset_domain_tile/fusion/spad/TrueDualPortSRAMAsym_3/TrueDualPortSRAM_32_8_3/sram   13897.4976     0.4       0.7056      0.0000   13896.7920 dp_sram_32_8_ip_32
system/tile_prci_domain/tile_reset_domain_tile/fusion/spad/TrueDualPortSRAMAsym_4   56797.0368     1.7    1188.2304     18.8160       0.0000 TrueDualPortSRAMAsym_7
system/tile_prci_domain/tile_reset_domain_tile/fusion/spad/TrueDualPortSRAMAsym_4/TrueDualPortSRAM_32_8   13897.4976     0.4       0.0000      0.0000       0.0000 TrueDualPortSRAM_32_8_31
system/tile_prci_domain/tile_reset_domain_tile/fusion/spad/TrueDualPortSRAMAsym_4/TrueDualPortSRAM_32_8/sram   13897.4976     0.4       0.7056      0.0000   13896.7920 dp_sram_32_8_ip_31
system/tile_prci_domain/tile_reset_domain_tile/fusion/spad/TrueDualPortSRAMAsym_4/TrueDualPortSRAM_32_8_1   13897.4976     0.4       0.0000      0.0000       0.0000 TrueDualPortSRAM_32_8_30
system/tile_prci_domain/tile_reset_domain_tile/fusion/spad/TrueDualPortSRAMAsym_4/TrueDualPortSRAM_32_8_1/sram   13897.4976     0.4       0.7056      0.0000   13896.7920 dp_sram_32_8_ip_30
system/tile_prci_domain/tile_reset_domain_tile/fusion/spad/TrueDualPortSRAMAsym_4/TrueDualPortSRAM_32_8_2   13897.4976     0.4       0.0000      0.0000       0.0000 TrueDualPortSRAM_32_8_29
system/tile_prci_domain/tile_reset_domain_tile/fusion/spad/TrueDualPortSRAMAsym_4/TrueDualPortSRAM_32_8_2/sram   13897.4976     0.4       0.7056      0.0000   13896.7920 dp_sram_32_8_ip_29
system/tile_prci_domain/tile_reset_domain_tile/fusion/spad/TrueDualPortSRAMAsym_4/TrueDualPortSRAM_32_8_3   13897.4976     0.4       0.0000      0.0000       0.0000 TrueDualPortSRAM_32_8_28
system/tile_prci_domain/tile_reset_domain_tile/fusion/spad/TrueDualPortSRAMAsym_4/TrueDualPortSRAM_32_8_3/sram   13897.4976     0.4       0.7056      0.0000   13896.7920 dp_sram_32_8_ip_28
system/tile_prci_domain/tile_reset_domain_tile/fusion/spad/TrueDualPortSRAMAsym_5   56797.7424     1.7    1188.9360     18.8160       0.0000 TrueDualPortSRAMAsym_6
system/tile_prci_domain/tile_reset_domain_tile/fusion/spad/TrueDualPortSRAMAsym_5/TrueDualPortSRAM_32_8   13897.4976     0.4       0.0000      0.0000       0.0000 TrueDualPortSRAM_32_8_27
system/tile_prci_domain/tile_reset_domain_tile/fusion/spad/TrueDualPortSRAMAsym_5/TrueDualPortSRAM_32_8/sram   13897.4976     0.4       0.7056      0.0000   13896.7920 dp_sram_32_8_ip_27
system/tile_prci_domain/tile_reset_domain_tile/fusion/spad/TrueDualPortSRAMAsym_5/TrueDualPortSRAM_32_8_1   13897.4976     0.4       0.0000      0.0000       0.0000 TrueDualPortSRAM_32_8_26
system/tile_prci_domain/tile_reset_domain_tile/fusion/spad/TrueDualPortSRAMAsym_5/TrueDualPortSRAM_32_8_1/sram   13897.4976     0.4       0.7056      0.0000   13896.7920 dp_sram_32_8_ip_26
system/tile_prci_domain/tile_reset_domain_tile/fusion/spad/TrueDualPortSRAMAsym_5/TrueDualPortSRAM_32_8_2   13897.4976     0.4       0.0000      0.0000       0.0000 TrueDualPortSRAM_32_8_25
system/tile_prci_domain/tile_reset_domain_tile/fusion/spad/TrueDualPortSRAMAsym_5/TrueDualPortSRAM_32_8_2/sram   13897.4976     0.4       0.7056      0.0000   13896.7920 dp_sram_32_8_ip_25
system/tile_prci_domain/tile_reset_domain_tile/fusion/spad/TrueDualPortSRAMAsym_5/TrueDualPortSRAM_32_8_3   13897.4976     0.4       0.0000      0.0000       0.0000 TrueDualPortSRAM_32_8_24
system/tile_prci_domain/tile_reset_domain_tile/fusion/spad/TrueDualPortSRAMAsym_5/TrueDualPortSRAM_32_8_3/sram   13897.4976     0.4       0.7056      0.0000   13896.7920 dp_sram_32_8_ip_24
system/tile_prci_domain/tile_reset_domain_tile/fusion/spad/TrueDualPortSRAMAsym_6   56796.8016     1.7    1187.9952     18.8160       0.0000 TrueDualPortSRAMAsym_5
system/tile_prci_domain/tile_reset_domain_tile/fusion/spad/TrueDualPortSRAMAsym_6/TrueDualPortSRAM_32_8   13897.4976     0.4       0.0000      0.0000       0.0000 TrueDualPortSRAM_32_8_23
system/tile_prci_domain/tile_reset_domain_tile/fusion/spad/TrueDualPortSRAMAsym_6/TrueDualPortSRAM_32_8/sram   13897.4976     0.4       0.7056      0.0000   13896.7920 dp_sram_32_8_ip_23
system/tile_prci_domain/tile_reset_domain_tile/fusion/spad/TrueDualPortSRAMAsym_6/TrueDualPortSRAM_32_8_1   13897.4976     0.4       0.0000      0.0000       0.0000 TrueDualPortSRAM_32_8_22
system/tile_prci_domain/tile_reset_domain_tile/fusion/spad/TrueDualPortSRAMAsym_6/TrueDualPortSRAM_32_8_1/sram   13897.4976     0.4       0.7056      0.0000   13896.7920 dp_sram_32_8_ip_22
system/tile_prci_domain/tile_reset_domain_tile/fusion/spad/TrueDualPortSRAMAsym_6/TrueDualPortSRAM_32_8_2   13897.4976     0.4       0.0000      0.0000       0.0000 TrueDualPortSRAM_32_8_21
system/tile_prci_domain/tile_reset_domain_tile/fusion/spad/TrueDualPortSRAMAsym_6/TrueDualPortSRAM_32_8_2/sram   13897.4976     0.4       0.7056      0.0000   13896.7920 dp_sram_32_8_ip_21
system/tile_prci_domain/tile_reset_domain_tile/fusion/spad/TrueDualPortSRAMAsym_6/TrueDualPortSRAM_32_8_3   13897.4976     0.4       0.0000      0.0000       0.0000 TrueDualPortSRAM_32_8_20
system/tile_prci_domain/tile_reset_domain_tile/fusion/spad/TrueDualPortSRAMAsym_6/TrueDualPortSRAM_32_8_3/sram   13897.4976     0.4       0.7056      0.0000   13896.7920 dp_sram_32_8_ip_20
system/tile_prci_domain/tile_reset_domain_tile/fusion/spad/TrueDualPortSRAMAsym_7   56797.5072     1.7    1188.7008     18.8160       0.0000 TrueDualPortSRAMAsym_4
system/tile_prci_domain/tile_reset_domain_tile/fusion/spad/TrueDualPortSRAMAsym_7/TrueDualPortSRAM_32_8   13897.4976     0.4       0.0000      0.0000       0.0000 TrueDualPortSRAM_32_8_19
system/tile_prci_domain/tile_reset_domain_tile/fusion/spad/TrueDualPortSRAMAsym_7/TrueDualPortSRAM_32_8/sram   13897.4976     0.4       0.7056      0.0000   13896.7920 dp_sram_32_8_ip_19
system/tile_prci_domain/tile_reset_domain_tile/fusion/spad/TrueDualPortSRAMAsym_7/TrueDualPortSRAM_32_8_1   13897.4976     0.4       0.0000      0.0000       0.0000 TrueDualPortSRAM_32_8_18
system/tile_prci_domain/tile_reset_domain_tile/fusion/spad/TrueDualPortSRAMAsym_7/TrueDualPortSRAM_32_8_1/sram   13897.4976     0.4       0.7056      0.0000   13896.7920 dp_sram_32_8_ip_18
system/tile_prci_domain/tile_reset_domain_tile/fusion/spad/TrueDualPortSRAMAsym_7/TrueDualPortSRAM_32_8_2   13897.4976     0.4       0.0000      0.0000       0.0000 TrueDualPortSRAM_32_8_17
system/tile_prci_domain/tile_reset_domain_tile/fusion/spad/TrueDualPortSRAMAsym_7/TrueDualPortSRAM_32_8_2/sram   13897.4976     0.4       0.7056      0.0000   13896.7920 dp_sram_32_8_ip_17
system/tile_prci_domain/tile_reset_domain_tile/fusion/spad/TrueDualPortSRAMAsym_7/TrueDualPortSRAM_32_8_3   13897.4976     0.4       0.0000      0.0000       0.0000 TrueDualPortSRAM_32_8_16
system/tile_prci_domain/tile_reset_domain_tile/fusion/spad/TrueDualPortSRAMAsym_7/TrueDualPortSRAM_32_8_3/sram   13897.4976     0.4       0.7056      0.0000   13896.7920 dp_sram_32_8_ip_16
system/tile_prci_domain/tile_reset_domain_tile/fusion/spad/TrueDualPortSRAMAsym_8   56808.0912     1.7    1199.2848     18.8160       0.0000 TrueDualPortSRAMAsym_3
system/tile_prci_domain/tile_reset_domain_tile/fusion/spad/TrueDualPortSRAMAsym_8/TrueDualPortSRAM_32_8   13897.4976     0.4       0.0000      0.0000       0.0000 TrueDualPortSRAM_32_8_15
system/tile_prci_domain/tile_reset_domain_tile/fusion/spad/TrueDualPortSRAMAsym_8/TrueDualPortSRAM_32_8/sram   13897.4976     0.4       0.7056      0.0000   13896.7920 dp_sram_32_8_ip_15
system/tile_prci_domain/tile_reset_domain_tile/fusion/spad/TrueDualPortSRAMAsym_8/TrueDualPortSRAM_32_8_1   13897.4976     0.4       0.0000      0.0000       0.0000 TrueDualPortSRAM_32_8_14
system/tile_prci_domain/tile_reset_domain_tile/fusion/spad/TrueDualPortSRAMAsym_8/TrueDualPortSRAM_32_8_1/sram   13897.4976     0.4       0.7056      0.0000   13896.7920 dp_sram_32_8_ip_14
system/tile_prci_domain/tile_reset_domain_tile/fusion/spad/TrueDualPortSRAMAsym_8/TrueDualPortSRAM_32_8_2   13897.4976     0.4       0.0000      0.0000       0.0000 TrueDualPortSRAM_32_8_13
system/tile_prci_domain/tile_reset_domain_tile/fusion/spad/TrueDualPortSRAMAsym_8/TrueDualPortSRAM_32_8_2/sram   13897.4976     0.4       0.7056      0.0000   13896.7920 dp_sram_32_8_ip_13
system/tile_prci_domain/tile_reset_domain_tile/fusion/spad/TrueDualPortSRAMAsym_8/TrueDualPortSRAM_32_8_3   13897.4976     0.4       0.0000      0.0000       0.0000 TrueDualPortSRAM_32_8_12
system/tile_prci_domain/tile_reset_domain_tile/fusion/spad/TrueDualPortSRAMAsym_8/TrueDualPortSRAM_32_8_3/sram   13897.4976     0.4       0.7056      0.0000   13896.7920 dp_sram_32_8_ip_12
system/tile_prci_domain/tile_reset_domain_tile/fusion/spad/TrueDualPortSRAMAsym_9   56805.0336     1.7    1196.2272     18.8160       0.0000 TrueDualPortSRAMAsym_2
system/tile_prci_domain/tile_reset_domain_tile/fusion/spad/TrueDualPortSRAMAsym_9/TrueDualPortSRAM_32_8   13897.4976     0.4       0.0000      0.0000       0.0000 TrueDualPortSRAM_32_8_11
system/tile_prci_domain/tile_reset_domain_tile/fusion/spad/TrueDualPortSRAMAsym_9/TrueDualPortSRAM_32_8/sram   13897.4976     0.4       0.7056      0.0000   13896.7920 dp_sram_32_8_ip_11
system/tile_prci_domain/tile_reset_domain_tile/fusion/spad/TrueDualPortSRAMAsym_9/TrueDualPortSRAM_32_8_1   13897.4976     0.4       0.0000      0.0000       0.0000 TrueDualPortSRAM_32_8_10
system/tile_prci_domain/tile_reset_domain_tile/fusion/spad/TrueDualPortSRAMAsym_9/TrueDualPortSRAM_32_8_1/sram   13897.4976     0.4       0.7056      0.0000   13896.7920 dp_sram_32_8_ip_10
system/tile_prci_domain/tile_reset_domain_tile/fusion/spad/TrueDualPortSRAMAsym_9/TrueDualPortSRAM_32_8_2   13897.4976     0.4       0.0000      0.0000       0.0000 TrueDualPortSRAM_32_8_9
system/tile_prci_domain/tile_reset_domain_tile/fusion/spad/TrueDualPortSRAMAsym_9/TrueDualPortSRAM_32_8_2/sram   13897.4976     0.4       0.7056      0.0000   13896.7920 dp_sram_32_8_ip_9
system/tile_prci_domain/tile_reset_domain_tile/fusion/spad/TrueDualPortSRAMAsym_9/TrueDualPortSRAM_32_8_3   13897.4976     0.4       0.0000      0.0000       0.0000 TrueDualPortSRAM_32_8_8
system/tile_prci_domain/tile_reset_domain_tile/fusion/spad/TrueDualPortSRAMAsym_9/TrueDualPortSRAM_32_8_3/sram   13897.4976     0.4       0.7056      0.0000   13896.7920 dp_sram_32_8_ip_8
system/tile_prci_domain/tile_reset_domain_tile/fusion/spad/TrueDualPortSRAM_128_8   47623.5323     1.5       0.0000      0.0000       0.0000 TrueDualPortSRAM_128_8
system/tile_prci_domain/tile_reset_domain_tile/fusion/spad/TrueDualPortSRAM_128_8/sram   47623.5323     1.5       1.4112      0.0000   47622.1211 dp_sram_128_8_ip
system/tile_prci_domain/tile_reset_domain_tile/fusion/storer    3890.2080     0.1     693.1344    747.9360       0.0000 StoreController
system/tile_prci_domain/tile_reset_domain_tile/fusion/storer/que    2449.1376     0.1      18.5808     14.1120       0.0000 Queue_78
system/tile_prci_domain/tile_reset_domain_tile/fusion/storer/que/ram_ext    2416.4448     0.1    1061.6928   1354.7520       0.0000 ram_combMem_36
system/tile_prci_domain/tile_reset_domain_tile/intXbar       4.7040     0.0       4.7040      0.0000       0.0000 IntXbar_1
system/tile_prci_domain/tile_reset_domain_tile/ptw   21762.9973     0.7    8078.8849   5684.3136       0.0000 PTW
system/tile_prci_domain/tile_reset_domain_tile/ptw/arb      92.6688     0.0      92.6688      0.0000       0.0000 Arbiter
system/tile_prci_domain/tile_reset_domain_tile/ptw/l2_tlb_ram_0    7880.7876     0.2       0.0000      0.0000       0.0000 l2_tlb_ram_0
system/tile_prci_domain/tile_reset_domain_tile/ptw/l2_tlb_ram_0/l2_tlb_ram_0_ext    7880.7876     0.2       0.0000      0.0000       0.0000 l2_tlb_ram_0_ext
system/tile_prci_domain/tile_reset_domain_tile/ptw/l2_tlb_ram_0/l2_tlb_ram_0_ext/mem_0_0    7880.7876     0.2       0.7056      0.0000    7880.0820 split_l2_tlb_ram_0_ext_ip
system/tile_prci_domain/tile_reset_domain_tile/ptw/r_pte_barrier      26.3424     0.0      26.3424      0.0000       0.0000 OptimizationBarrier_57
system/tile_prci_domain/tile_reset_domain_tile/respArb       6.5856     0.0       6.5856      0.0000       0.0000 RRArbiter_1
system/tile_prci_domain/tile_reset_domain_tile/respArb_io_in_0_q     115.2480     0.0      16.4640     14.1120       0.0000 Queue_81
system/tile_prci_domain/tile_reset_domain_tile/respArb_io_in_0_q/ram_ext      84.6720     0.0      37.6320     47.0400       0.0000 ram_combMem_11
system/tile_prci_domain/tile_reset_domain_tile/tlMasterXbar     839.1936     0.0     801.5616     37.6320       0.0000 TLXbar_8
system/tlDM                         11801.3953      0.4       59.2704       0.0000        0.0000  TLDebugModule
system/tlDM/dmInner                 10440.9985      0.3       61.1520       0.0000        0.0000  TLDebugModuleInnerAsync
system/tlDM/dmInner/dmInner          9540.8881      0.3     5520.1441    4003.8096        0.0000  TLDebugModuleInner
system/tlDM/dmInner/dmInner/hartIsInResetSync_0_debug_hartReset_0      16.9344     0.0       0.0000      0.0000       0.0000 AsyncResetSynchronizerShiftReg_w1_d3_i0_7
system/tlDM/dmInner/dmInner/hartIsInResetSync_0_debug_hartReset_0/output_chain      16.9344     0.0       0.7056     16.2288       0.0000 AsyncResetSynchronizerPrimitiveShiftReg_d3_i0_30
system/tlDM/dmInner/dmactive_synced_dmInner_io_innerCtrl_sink     130.5360     0.0       9.1728     10.8192       0.0000 AsyncQueueSink_4
system/tlDM/dmInner/dmactive_synced_dmInner_io_innerCtrl_sink/io_deq_bits_deq_bits_reg      26.5776     0.0       0.7056     25.8720       0.0000 ClockCrossingReg_w15
system/tlDM/dmInner/dmactive_synced_dmInner_io_innerCtrl_sink/sink_valid_0      17.6400     0.0       0.0000      0.0000       0.0000 AsyncValidSync_19
system/tlDM/dmInner/dmactive_synced_dmInner_io_innerCtrl_sink/sink_valid_0/io_out_source_valid_0      17.6400     0.0       0.0000      0.0000       0.0000 AsyncResetSynchronizerShiftReg_w1_d3_i0_1_19
system/tlDM/dmInner/dmactive_synced_dmInner_io_innerCtrl_sink/sink_valid_0/io_out_source_valid_0/output_chain      17.6400     0.0       1.4112     16.2288       0.0000 AsyncResetSynchronizerPrimitiveShiftReg_d3_i0_19
system/tlDM/dmInner/dmactive_synced_dmInner_io_innerCtrl_sink/sink_valid_1      16.9344     0.0       0.0000      0.0000       0.0000 AsyncValidSync_18
system/tlDM/dmInner/dmactive_synced_dmInner_io_innerCtrl_sink/sink_valid_1/io_out_source_valid_0      16.9344     0.0       0.0000      0.0000       0.0000 AsyncResetSynchronizerShiftReg_w1_d3_i0_1_18
system/tlDM/dmInner/dmactive_synced_dmInner_io_innerCtrl_sink/sink_valid_1/io_out_source_valid_0/output_chain      16.9344     0.0       0.7056     16.2288       0.0000 AsyncResetSynchronizerPrimitiveShiftReg_d3_i0_18
system/tlDM/dmInner/dmactive_synced_dmInner_io_innerCtrl_sink/source_extend      16.9344     0.0       0.0000      0.0000       0.0000 AsyncValidSync_17
system/tlDM/dmInner/dmactive_synced_dmInner_io_innerCtrl_sink/source_extend/io_out_source_valid_0      16.9344     0.0       0.0000      0.0000       0.0000 AsyncResetSynchronizerShiftReg_w1_d3_i0_1_17
system/tlDM/dmInner/dmactive_synced_dmInner_io_innerCtrl_sink/source_extend/io_out_source_valid_0/output_chain      16.9344     0.0       0.7056     16.2288       0.0000 AsyncResetSynchronizerPrimitiveShiftReg_d3_i0_17
system/tlDM/dmInner/dmactive_synced_dmInner_io_innerCtrl_sink/source_valid      16.2288     0.0       0.0000      0.0000       0.0000 AsyncValidSync_16
system/tlDM/dmInner/dmactive_synced_dmInner_io_innerCtrl_sink/source_valid/io_out_source_valid_0      16.2288     0.0       0.0000      0.0000       0.0000 AsyncResetSynchronizerShiftReg_w1_d3_i0_1_16
system/tlDM/dmInner/dmactive_synced_dmInner_io_innerCtrl_sink/source_valid/io_out_source_valid_0/output_chain      16.2288     0.0       0.0000     16.2288       0.0000 AsyncResetSynchronizerPrimitiveShiftReg_d3_i0_16
system/tlDM/dmInner/dmactive_synced_dmInner_io_innerCtrl_sink/widx_widx_gray      16.2288     0.0       0.0000      0.0000       0.0000 AsyncResetSynchronizerShiftReg_w1_d3_i0_6
system/tlDM/dmInner/dmactive_synced_dmInner_io_innerCtrl_sink/widx_widx_gray/output_chain      16.2288     0.0       0.0000     16.2288       0.0000 AsyncResetSynchronizerPrimitiveShiftReg_d3_i0_29
system/tlDM/dmInner/dmactive_synced_dmactive_synced_dmactiveSync      16.9344     0.0       0.0000      0.0000       0.0000 AsyncResetSynchronizerShiftReg_w1_d3_i0_9
system/tlDM/dmInner/dmactive_synced_dmactive_synced_dmactiveSync/output_chain      16.9344     0.0       0.7056     16.2288       0.0000 AsyncResetSynchronizerPrimitiveShiftReg_d3_i0_48
system/tlDM/dmInner/dmiXing           691.4880      0.0        0.0000       0.0000        0.0000  TLAsyncCrossingSink
system/tlDM/dmInner/dmiXing/bundleIn_0_d_source     313.9920     0.0      14.5824    214.0320       0.0000 AsyncQueueSource_4
system/tlDM/dmInner/dmiXing/bundleIn_0_d_source/ridx_ridx_gray      16.9344     0.0       0.0000      0.0000       0.0000 AsyncResetSynchronizerShiftReg_w1_d3_i0_0
system/tlDM/dmInner/dmiXing/bundleIn_0_d_source/ridx_ridx_gray/output_chain      16.9344     0.0       0.7056     16.2288       0.0000 AsyncResetSynchronizerPrimitiveShiftReg_d3_i0_20
system/tlDM/dmInner/dmiXing/bundleIn_0_d_source/sink_extend      16.9344     0.0       0.0000      0.0000       0.0000 AsyncValidSync_1
system/tlDM/dmInner/dmiXing/bundleIn_0_d_source/sink_extend/io_out_source_valid_0      16.9344     0.0       0.0000      0.0000       0.0000 AsyncResetSynchronizerShiftReg_w1_d3_i0_1_1
system/tlDM/dmInner/dmiXing/bundleIn_0_d_source/sink_extend/io_out_source_valid_0/output_chain      16.9344     0.0       0.7056     16.2288       0.0000 AsyncResetSynchronizerPrimitiveShiftReg_d3_i0_1
system/tlDM/dmInner/dmiXing/bundleIn_0_d_source/sink_valid      16.9344     0.0       0.0000      0.0000       0.0000 AsyncValidSync_0
system/tlDM/dmInner/dmiXing/bundleIn_0_d_source/sink_valid/io_out_source_valid_0      16.9344     0.0       0.0000      0.0000       0.0000 AsyncResetSynchronizerShiftReg_w1_d3_i0_1_0
system/tlDM/dmInner/dmiXing/bundleIn_0_d_source/sink_valid/io_out_source_valid_0/output_chain      16.9344     0.0       0.7056     16.2288       0.0000 AsyncResetSynchronizerPrimitiveShiftReg_d3_i0_0
system/tlDM/dmInner/dmiXing/bundleIn_0_d_source/source_valid_0      17.6400     0.0       0.0000      0.0000       0.0000 AsyncValidSync_3
system/tlDM/dmInner/dmiXing/bundleIn_0_d_source/source_valid_0/io_out_source_valid_0      17.6400     0.0       0.0000      0.0000       0.0000 AsyncResetSynchronizerShiftReg_w1_d3_i0_1_3
system/tlDM/dmInner/dmiXing/bundleIn_0_d_source/source_valid_0/io_out_source_valid_0/output_chain      17.6400     0.0       1.4112     16.2288       0.0000 AsyncResetSynchronizerPrimitiveShiftReg_d3_i0_3
system/tlDM/dmInner/dmiXing/bundleIn_0_d_source/source_valid_1      16.9344     0.0       0.0000      0.0000       0.0000 AsyncValidSync_2
system/tlDM/dmInner/dmiXing/bundleIn_0_d_source/source_valid_1/io_out_source_valid_0      16.9344     0.0       0.0000      0.0000       0.0000 AsyncResetSynchronizerShiftReg_w1_d3_i0_1_2
system/tlDM/dmInner/dmiXing/bundleIn_0_d_source/source_valid_1/io_out_source_valid_0/output_chain      16.9344     0.0       0.7056     16.2288       0.0000 AsyncResetSynchronizerPrimitiveShiftReg_d3_i0_2
system/tlDM/dmInner/dmiXing/x1_a_sink     377.4960     0.0       9.4080     10.8192       0.0000  AsyncQueueSink_3
system/tlDM/dmInner/dmiXing/x1_a_sink/io_deq_bits_deq_bits_reg     271.8912     0.0       5.1744    266.7168       0.0000 ClockCrossingReg_w55
system/tlDM/dmInner/dmiXing/x1_a_sink/sink_valid_0      17.6400     0.0       0.0000      0.0000       0.0000 AsyncValidSync_7
system/tlDM/dmInner/dmiXing/x1_a_sink/sink_valid_0/io_out_source_valid_0      17.6400     0.0       0.0000      0.0000       0.0000 AsyncResetSynchronizerShiftReg_w1_d3_i0_1_7
system/tlDM/dmInner/dmiXing/x1_a_sink/sink_valid_0/io_out_source_valid_0/output_chain      17.6400     0.0       1.4112     16.2288       0.0000 AsyncResetSynchronizerPrimitiveShiftReg_d3_i0_7
system/tlDM/dmInner/dmiXing/x1_a_sink/sink_valid_1      16.9344     0.0       0.0000      0.0000       0.0000 AsyncValidSync_6
system/tlDM/dmInner/dmiXing/x1_a_sink/sink_valid_1/io_out_source_valid_0      16.9344     0.0       0.0000      0.0000       0.0000 AsyncResetSynchronizerShiftReg_w1_d3_i0_1_6
system/tlDM/dmInner/dmiXing/x1_a_sink/sink_valid_1/io_out_source_valid_0/output_chain      16.9344     0.0       0.7056     16.2288       0.0000 AsyncResetSynchronizerPrimitiveShiftReg_d3_i0_6
system/tlDM/dmInner/dmiXing/x1_a_sink/source_extend      16.9344     0.0       0.0000      0.0000       0.0000 AsyncValidSync_5
system/tlDM/dmInner/dmiXing/x1_a_sink/source_extend/io_out_source_valid_0      16.9344     0.0       0.0000      0.0000       0.0000 AsyncResetSynchronizerShiftReg_w1_d3_i0_1_5
system/tlDM/dmInner/dmiXing/x1_a_sink/source_extend/io_out_source_valid_0/output_chain      16.9344     0.0       0.7056     16.2288       0.0000 AsyncResetSynchronizerPrimitiveShiftReg_d3_i0_5
system/tlDM/dmInner/dmiXing/x1_a_sink/source_valid      16.9344     0.0       0.0000      0.0000       0.0000 AsyncValidSync_4
system/tlDM/dmInner/dmiXing/x1_a_sink/source_valid/io_out_source_valid_0      16.9344     0.0       0.0000      0.0000       0.0000 AsyncResetSynchronizerShiftReg_w1_d3_i0_1_4
system/tlDM/dmInner/dmiXing/x1_a_sink/source_valid/io_out_source_valid_0/output_chain      16.9344     0.0       0.7056     16.2288       0.0000 AsyncResetSynchronizerPrimitiveShiftReg_d3_i0_4
system/tlDM/dmInner/dmiXing/x1_a_sink/widx_widx_gray      16.9344     0.0       0.0000      0.0000       0.0000 AsyncResetSynchronizerShiftReg_w1_d3_i0_2
system/tlDM/dmInner/dmiXing/x1_a_sink/widx_widx_gray/output_chain      16.9344     0.0       0.7056     16.2288       0.0000 AsyncResetSynchronizerPrimitiveShiftReg_d3_i0_21
system/tlDM/dmOuter                  1301.1264      0.0        4.7040       0.0000        0.0000  TLDebugModuleOuterAsync
system/tlDM/dmOuter/asource           693.8400      0.0        0.9408       0.0000        0.0000  TLAsyncCrossingSource
system/tlDM/dmOuter/asource/bundleIn_0_d_sink     322.9296     0.0      11.2896     10.8192       0.0000 AsyncQueueSink_2
system/tlDM/dmOuter/asource/bundleIn_0_d_sink/io_deq_bits_deq_bits_reg     216.8544     0.0       7.2912    209.5632       0.0000 ClockCrossingReg_w43
system/tlDM/dmOuter/asource/bundleIn_0_d_sink/sink_valid_0      17.6400     0.0       0.0000      0.0000       0.0000 AsyncValidSync_11
system/tlDM/dmOuter/asource/bundleIn_0_d_sink/sink_valid_0/io_out_source_valid_0      17.6400     0.0       0.0000      0.0000       0.0000 AsyncResetSynchronizerShiftReg_w1_d3_i0_1_11
system/tlDM/dmOuter/asource/bundleIn_0_d_sink/sink_valid_0/io_out_source_valid_0/output_chain      17.6400     0.0       1.4112     16.2288       0.0000 AsyncResetSynchronizerPrimitiveShiftReg_d3_i0_11
system/tlDM/dmOuter/asource/bundleIn_0_d_sink/sink_valid_1      16.9344     0.0       0.0000      0.0000       0.0000 AsyncValidSync_10
system/tlDM/dmOuter/asource/bundleIn_0_d_sink/sink_valid_1/io_out_source_valid_0      16.9344     0.0       0.0000      0.0000       0.0000 AsyncResetSynchronizerShiftReg_w1_d3_i0_1_10
system/tlDM/dmOuter/asource/bundleIn_0_d_sink/sink_valid_1/io_out_source_valid_0/output_chain      16.9344     0.0       0.7056     16.2288       0.0000 AsyncResetSynchronizerPrimitiveShiftReg_d3_i0_10
system/tlDM/dmOuter/asource/bundleIn_0_d_sink/source_extend      16.9344     0.0       0.0000      0.0000       0.0000 AsyncValidSync_9
system/tlDM/dmOuter/asource/bundleIn_0_d_sink/source_extend/io_out_source_valid_0      16.9344     0.0       0.0000      0.0000       0.0000 AsyncResetSynchronizerShiftReg_w1_d3_i0_1_9
system/tlDM/dmOuter/asource/bundleIn_0_d_sink/source_extend/io_out_source_valid_0/output_chain      16.9344     0.0       0.7056     16.2288       0.0000 AsyncResetSynchronizerPrimitiveShiftReg_d3_i0_9
system/tlDM/dmOuter/asource/bundleIn_0_d_sink/source_valid      16.2288     0.0       0.0000      0.0000       0.0000 AsyncValidSync_8
system/tlDM/dmOuter/asource/bundleIn_0_d_sink/source_valid/io_out_source_valid_0      16.2288     0.0       0.0000      0.0000       0.0000 AsyncResetSynchronizerShiftReg_w1_d3_i0_1_8
system/tlDM/dmOuter/asource/bundleIn_0_d_sink/source_valid/io_out_source_valid_0/output_chain      16.2288     0.0       0.0000     16.2288       0.0000 AsyncResetSynchronizerPrimitiveShiftReg_d3_i0_8
system/tlDM/dmOuter/asource/bundleIn_0_d_sink/widx_widx_gray      16.2288     0.0       0.0000      0.0000       0.0000 AsyncResetSynchronizerShiftReg_w1_d3_i0_3
system/tlDM/dmOuter/asource/bundleIn_0_d_sink/widx_widx_gray/output_chain      16.2288     0.0       0.0000     16.2288       0.0000 AsyncResetSynchronizerPrimitiveShiftReg_d3_i0_26
system/tlDM/dmOuter/asource/x1_a_source     369.9696     0.0      21.1680    264.8352       0.0000 AsyncQueueSource_2
system/tlDM/dmOuter/asource/x1_a_source/ridx_ridx_gray      16.2288     0.0       0.0000      0.0000       0.0000 AsyncResetSynchronizerShiftReg_w1_d3_i0_4
system/tlDM/dmOuter/asource/x1_a_source/ridx_ridx_gray/output_chain      16.2288     0.0       0.0000     16.2288       0.0000 AsyncResetSynchronizerPrimitiveShiftReg_d3_i0_27
system/tlDM/dmOuter/asource/x1_a_source/sink_extend      16.9344     0.0       0.0000      0.0000       0.0000 AsyncValidSync_13
system/tlDM/dmOuter/asource/x1_a_source/sink_extend/io_out_source_valid_0      16.9344     0.0       0.0000      0.0000       0.0000 AsyncResetSynchronizerShiftReg_w1_d3_i0_1_13
system/tlDM/dmOuter/asource/x1_a_source/sink_extend/io_out_source_valid_0/output_chain      16.9344     0.0       0.7056     16.2288       0.0000 AsyncResetSynchronizerPrimitiveShiftReg_d3_i0_13
system/tlDM/dmOuter/asource/x1_a_source/sink_valid      16.2288     0.0       0.0000      0.0000       0.0000 AsyncValidSync_12
system/tlDM/dmOuter/asource/x1_a_source/sink_valid/io_out_source_valid_0      16.2288     0.0       0.0000      0.0000       0.0000 AsyncResetSynchronizerShiftReg_w1_d3_i0_1_12
system/tlDM/dmOuter/asource/x1_a_source/sink_valid/io_out_source_valid_0/output_chain      16.2288     0.0       0.0000     16.2288       0.0000 AsyncResetSynchronizerPrimitiveShiftReg_d3_i0_12
system/tlDM/dmOuter/asource/x1_a_source/source_valid_0      17.6400     0.0       0.0000      0.0000       0.0000 AsyncValidSync_15
system/tlDM/dmOuter/asource/x1_a_source/source_valid_0/io_out_source_valid_0      17.6400     0.0       0.0000      0.0000       0.0000 AsyncResetSynchronizerShiftReg_w1_d3_i0_1_15
system/tlDM/dmOuter/asource/x1_a_source/source_valid_0/io_out_source_valid_0/output_chain      17.6400     0.0       1.4112     16.2288       0.0000 AsyncResetSynchronizerPrimitiveShiftReg_d3_i0_15
system/tlDM/dmOuter/asource/x1_a_source/source_valid_1      16.9344     0.0       0.0000      0.0000       0.0000 AsyncValidSync_14
system/tlDM/dmOuter/asource/x1_a_source/source_valid_1/io_out_source_valid_0      16.9344     0.0       0.0000      0.0000       0.0000 AsyncResetSynchronizerShiftReg_w1_d3_i0_1_14
system/tlDM/dmOuter/asource/x1_a_source/source_valid_1/io_out_source_valid_0/output_chain      16.9344     0.0       0.7056     16.2288       0.0000 AsyncResetSynchronizerPrimitiveShiftReg_d3_i0_14
system/tlDM/dmOuter/dmOuter            78.7920      0.0       33.6336      45.1584        0.0000  TLDebugModuleOuter
system/tlDM/dmOuter/dmactiveAck_dmactiveAckSync      16.9344     0.0       0.0000      0.0000       0.0000 AsyncResetSynchronizerShiftReg_w1_d3_i0_10
system/tlDM/dmOuter/dmactiveAck_dmactiveAckSync/output_chain      16.9344     0.0       0.7056     16.2288       0.0000 AsyncResetSynchronizerPrimitiveShiftReg_d3_i0_49
system/tlDM/dmOuter/dmi2tl             96.9024      0.0       96.9024       0.0000        0.0000  DMIToTL
system/tlDM/dmOuter/dmiBypass         148.1760      0.0        0.0000       0.0000        0.0000  TLBusBypass
system/tlDM/dmOuter/dmiBypass/bar     145.3536      0.0      126.5376      18.8160        0.0000  TLBusBypassBar
system/tlDM/dmOuter/dmiBypass/error       2.8224     0.0       2.8224       0.0000        0.0000  TLError_1
system/tlDM/dmOuter/dmiXbar           133.3584      0.0      128.6544       4.7040        0.0000  TLXbar_10
system/tlDM/dmOuter/intsource           0.9408      0.0        0.9408       0.0000        0.0000  IntSyncCrossingSource_4
system/tlDM/dmOuter/io_innerCtrl_source     127.4784     0.0      13.6416     29.8704       0.0000 AsyncQueueSource_3
system/tlDM/dmOuter/io_innerCtrl_source/ridx_ridx_gray      16.2288     0.0       0.0000      0.0000       0.0000 AsyncResetSynchronizerShiftReg_w1_d3_i0_8
system/tlDM/dmOuter/io_innerCtrl_source/ridx_ridx_gray/output_chain      16.2288     0.0       0.0000     16.2288       0.0000 AsyncResetSynchronizerPrimitiveShiftReg_d3_i0_31
system/tlDM/dmOuter/io_innerCtrl_source/sink_extend      16.9344     0.0       0.0000      0.0000       0.0000 AsyncValidSync_21
system/tlDM/dmOuter/io_innerCtrl_source/sink_extend/io_out_source_valid_0      16.9344     0.0       0.0000      0.0000       0.0000 AsyncResetSynchronizerShiftReg_w1_d3_i0_1_21
system/tlDM/dmOuter/io_innerCtrl_source/sink_extend/io_out_source_valid_0/output_chain      16.9344     0.0       0.7056     16.2288       0.0000 AsyncResetSynchronizerPrimitiveShiftReg_d3_i0_23
system/tlDM/dmOuter/io_innerCtrl_source/sink_valid      16.2288     0.0       0.0000      0.0000       0.0000 AsyncValidSync_20
system/tlDM/dmOuter/io_innerCtrl_source/sink_valid/io_out_source_valid_0      16.2288     0.0       0.0000      0.0000       0.0000 AsyncResetSynchronizerShiftReg_w1_d3_i0_1_20
system/tlDM/dmOuter/io_innerCtrl_source/sink_valid/io_out_source_valid_0/output_chain      16.2288     0.0       0.0000     16.2288       0.0000 AsyncResetSynchronizerPrimitiveShiftReg_d3_i0_22
system/tlDM/dmOuter/io_innerCtrl_source/source_valid_0      17.6400     0.0       0.0000      0.0000       0.0000 AsyncValidSync_23
system/tlDM/dmOuter/io_innerCtrl_source/source_valid_0/io_out_source_valid_0      17.6400     0.0       0.0000      0.0000       0.0000 AsyncResetSynchronizerShiftReg_w1_d3_i0_1_23
system/tlDM/dmOuter/io_innerCtrl_source/source_valid_0/io_out_source_valid_0/output_chain      17.6400     0.0       1.4112     16.2288       0.0000 AsyncResetSynchronizerPrimitiveShiftReg_d3_i0_25
system/tlDM/dmOuter/io_innerCtrl_source/source_valid_1      16.9344     0.0       0.0000      0.0000       0.0000 AsyncValidSync_22
system/tlDM/dmOuter/io_innerCtrl_source/source_valid_1/io_out_source_valid_0      16.9344     0.0       0.0000      0.0000       0.0000 AsyncResetSynchronizerShiftReg_w1_d3_i0_1_22
system/tlDM/dmOuter/io_innerCtrl_source/source_valid_1/io_out_source_valid_0/output_chain      16.9344     0.0       0.7056     16.2288       0.0000 AsyncResetSynchronizerPrimitiveShiftReg_d3_i0_24
system/uartClockDomainWrapper       35884.9347      1.1        0.0000       0.0000        0.0000  ClockSinkDomain_2
system/uartClockDomainWrapper/uart_0   35884.9347     1.1     247.4304    183.4560        0.0000  TLUART
system/uartClockDomainWrapper/uart_0/intsource       6.1152     0.0       0.0000      0.0000       0.0000 IntSyncCrossingSource_1_0
system/uartClockDomainWrapper/uart_0/intsource/reg_0       6.1152     0.0       0.7056      5.4096       0.0000 AsyncResetRegVec_w1_i0_0
system/uartClockDomainWrapper/uart_0/rxm     347.1552     0.0     156.4080    190.7472       0.0000 UARTRx
system/uartClockDomainWrapper/uart_0/rxq   17396.8033     0.5     159.4656     79.9680       0.0000 Queue_92_0
system/uartClockDomainWrapper/uart_0/rxq/ram_ext   17157.3697     0.5    7523.5777   9633.7920       0.0000 ram_combMem_5_0
system/uartClockDomainWrapper/uart_0/txm     305.0544     0.0     163.9344    141.1200       0.0000 UARTTx
system/uartClockDomainWrapper/uart_0/txq   17398.9201     0.5     157.8192     79.9680       0.0000 Queue_92_1
system/uartClockDomainWrapper/uart_0/txq/ram_ext   17161.1329     0.5    7527.3409   9633.7920       0.0000 ram_combMem_5_1
system_debug_systemjtag_reset_catcher      18.3456     0.0       0.7056      0.0000       0.0000  ResetCatchAndSync_d3_2
system_debug_systemjtag_reset_catcher/io_sync_reset_chain      17.6400     0.0       0.0000      0.0000       0.0000 AsyncResetSynchronizerShiftReg_w1_d3_i0_12
system_debug_systemjtag_reset_catcher/io_sync_reset_chain/output_chain      17.6400     0.0       1.4112     16.2288       0.0000 AsyncResetSynchronizerPrimitiveShiftReg_d3_i0_67
--------------------------------  ------------  -------  ------------  -----------  ------------  ------------------------------------------------
Total                                                    1233392.5766  472883.0058  1544585.0098

1
