 
****************************************
Report : area
Design : ChipTop
Version: R-2020.09-SP5
Date   : Thu Feb 26 14:58:50 2026
****************************************

Library(s) Used:

    tcbn40lpbwp12tm1ptc_ccs (File: /home/wllpro/llwang/ASIC/T40LP/STD/TSMCHOME/digital/Front_End/timing_power_noise/CCS/tcbn40lpbwp12tm1p_200a/tcbn40lpbwp12tm1ptc_ccs.db)
    split_l2_tlb_ram_0_ext_lib (File: /share/home/wllpro/llwang/dy41/SoC/SRAM/PackerSRAMIP/split_l2_tlb_ram_0_ext.db)
    split_data_arrays_0_0_ext_lib (File: /share/home/wllpro/llwang/dy41/SoC/SRAM/PackerSRAMIP/split_data_arrays_0_0_ext.db)
    split_tag_array_0_ext_lib (File: /share/home/wllpro/llwang/dy41/SoC/SRAM/PackerSRAMIP/split_tag_array_0_ext.db)
    dp_sram_128_8_lib (File: /share/home/wllpro/llwang/dy41/SoC/SRAM/PackerSRAMIP/dp_sram_128_8.db)
    dp_sram_32_8_lib (File: /share/home/wllpro/llwang/dy41/SoC/SRAM/PackerSRAMIP/dp_sram_32_8.db)
    dp_sram_128_4_lib (File: /share/home/wllpro/llwang/dy41/SoC/SRAM/PackerSRAMIP/dp_sram_128_4.db)
    split_data_arrays_0_ext_lib (File: /share/home/wllpro/llwang/dy41/SoC/SRAM/PackerSRAMIP/split_data_arrays_0_ext.db)
    split_tag_array_ext_lib (File: /share/home/wllpro/llwang/dy41/SoC/SRAM/PackerSRAMIP/split_tag_array_ext.db)
    split_cc_banks_0_ext_lib (File: /share/home/wllpro/llwang/dy41/SoC/SRAM/PackerSRAMIP/split_cc_banks_0_ext.db)
    split_cc_dir_ext_lib (File: /share/home/wllpro/llwang/dy41/SoC/SRAM/PackerSRAMIP/split_cc_dir_ext.db)

Number of ports:                       480194
Number of nets:                       1425773
Number of cells:                       972356
Number of combinational cells:         843531
Number of sequential cells:             96494
Number of macros/black boxes:             155
Number of buf/inv:                     195508
Number of references:                      85

Combinational area:            1333488.992171
Buf/Inv area:                   161431.640716
Noncombinational area:          483854.380180
Macro/Black Box area:          1544585.009766
Net Interconnect area:      undefined  (Wire load has zero net area)

Total cell area:               3361928.382117
Total area:                 undefined

Hierarchical area distribution
------------------------------

                                  Global cell area                   Local cell area
                                  ---------------------  --------------------------------------- 
Hierarchical cell                 Absolute      Percent  Combi-        Noncombi-    Black-
                                  Total         Total    national      national     boxes         Design
--------------------------------  ------------  -------  ------------  -----------  ------------  ------------------------------------------------
ChipTop                           3361928.3821    100.0       43.0416       5.6448        0.0000  ChipTop
debug_reset_syncd_debug_reset_sync      17.6400     0.0        0.0000       0.0000        0.0000  AsyncResetSynchronizerShiftReg_w1_d3_i0_13
debug_reset_syncd_debug_reset_sync/output_chain      17.6400     0.0       1.4112     16.2288       0.0000 AsyncResetSynchronizerPrimitiveShiftReg_d3_i0_69
dmactiveAck_dmactiveAck                16.9344      0.0        0.0000       0.0000        0.0000  ResetSynchronizerShiftReg_w1_d3_i0
dmactiveAck_dmactiveAck/output_chain      16.9344     0.0       0.7056     16.2288        0.0000  AsyncResetSynchronizerPrimitiveShiftReg_d3_i0_68
gated_clock_debug_clock_gate            4.9392      0.0        1.4112       3.5280        0.0000  EICG_wrapper
iocell_custom_boot                      0.9408      0.0        0.9408       0.0000        0.0000  GenericDigitalInIOCell_4
iocell_jtag_TCK                         0.9408      0.0        0.9408       0.0000        0.0000  GenericDigitalInIOCell_1
iocell_jtag_TDI                         0.9408      0.0        0.9408       0.0000        0.0000  GenericDigitalInIOCell_3
iocell_jtag_TDO                         0.9408      0.0        0.9408       0.0000        0.0000  GenericDigitalOutIOCell_1
iocell_jtag_TMS                         0.9408      0.0        0.9408       0.0000        0.0000  GenericDigitalInIOCell_2
iocell_serial_tl_bits_in_bits           0.9408      0.0        0.9408       0.0000        0.0000  GenericDigitalInIOCell_38
iocell_serial_tl_bits_in_bits_1         0.9408      0.0        0.9408       0.0000        0.0000  GenericDigitalInIOCell_37
iocell_serial_tl_bits_in_bits_10        0.9408      0.0        0.9408       0.0000        0.0000  GenericDigitalInIOCell_28
iocell_serial_tl_bits_in_bits_11        0.9408      0.0        0.9408       0.0000        0.0000  GenericDigitalInIOCell_27
iocell_serial_tl_bits_in_bits_12        0.9408      0.0        0.9408       0.0000        0.0000  GenericDigitalInIOCell_26
iocell_serial_tl_bits_in_bits_13        0.9408      0.0        0.9408       0.0000        0.0000  GenericDigitalInIOCell_25
iocell_serial_tl_bits_in_bits_14        0.9408      0.0        0.9408       0.0000        0.0000  GenericDigitalInIOCell_24
iocell_serial_tl_bits_in_bits_15        0.9408      0.0        0.9408       0.0000        0.0000  GenericDigitalInIOCell_23
iocell_serial_tl_bits_in_bits_16        0.9408      0.0        0.9408       0.0000        0.0000  GenericDigitalInIOCell_22
iocell_serial_tl_bits_in_bits_17        0.9408      0.0        0.9408       0.0000        0.0000  GenericDigitalInIOCell_21
iocell_serial_tl_bits_in_bits_18        0.9408      0.0        0.9408       0.0000        0.0000  GenericDigitalInIOCell_20
iocell_serial_tl_bits_in_bits_19        0.9408      0.0        0.9408       0.0000        0.0000  GenericDigitalInIOCell_19
iocell_serial_tl_bits_in_bits_2         0.9408      0.0        0.9408       0.0000        0.0000  GenericDigitalInIOCell_36
iocell_serial_tl_bits_in_bits_20        0.9408      0.0        0.9408       0.0000        0.0000  GenericDigitalInIOCell_18
iocell_serial_tl_bits_in_bits_21        0.9408      0.0        0.9408       0.0000        0.0000  GenericDigitalInIOCell_17
iocell_serial_tl_bits_in_bits_22        0.9408      0.0        0.9408       0.0000        0.0000  GenericDigitalInIOCell_16
iocell_serial_tl_bits_in_bits_23        0.9408      0.0        0.9408       0.0000        0.0000  GenericDigitalInIOCell_15
iocell_serial_tl_bits_in_bits_24        0.9408      0.0        0.9408       0.0000        0.0000  GenericDigitalInIOCell_14
iocell_serial_tl_bits_in_bits_25        0.9408      0.0        0.9408       0.0000        0.0000  GenericDigitalInIOCell_13
iocell_serial_tl_bits_in_bits_26        0.9408      0.0        0.9408       0.0000        0.0000  GenericDigitalInIOCell_12
iocell_serial_tl_bits_in_bits_27        0.9408      0.0        0.9408       0.0000        0.0000  GenericDigitalInIOCell_11
iocell_serial_tl_bits_in_bits_28        0.9408      0.0        0.9408       0.0000        0.0000  GenericDigitalInIOCell_10
iocell_serial_tl_bits_in_bits_29        0.9408      0.0        0.9408       0.0000        0.0000  GenericDigitalInIOCell_9
iocell_serial_tl_bits_in_bits_3         0.9408      0.0        0.9408       0.0000        0.0000  GenericDigitalInIOCell_35
iocell_serial_tl_bits_in_bits_30        0.9408      0.0        0.9408       0.0000        0.0000  GenericDigitalInIOCell_8
iocell_serial_tl_bits_in_bits_31        0.9408      0.0        0.9408       0.0000        0.0000  GenericDigitalInIOCell_7
iocell_serial_tl_bits_in_bits_4         0.9408      0.0        0.9408       0.0000        0.0000  GenericDigitalInIOCell_34
iocell_serial_tl_bits_in_bits_5         0.9408      0.0        0.9408       0.0000        0.0000  GenericDigitalInIOCell_33
iocell_serial_tl_bits_in_bits_6         0.9408      0.0        0.9408       0.0000        0.0000  GenericDigitalInIOCell_32
iocell_serial_tl_bits_in_bits_7         0.9408      0.0        0.9408       0.0000        0.0000  GenericDigitalInIOCell_31
iocell_serial_tl_bits_in_bits_8         0.9408      0.0        0.9408       0.0000        0.0000  GenericDigitalInIOCell_30
iocell_serial_tl_bits_in_bits_9         0.9408      0.0        0.9408       0.0000        0.0000  GenericDigitalInIOCell_29
iocell_serial_tl_bits_in_ready          0.9408      0.0        0.9408       0.0000        0.0000  GenericDigitalOutIOCell_2
iocell_serial_tl_bits_in_valid          0.9408      0.0        0.9408       0.0000        0.0000  GenericDigitalInIOCell_6
iocell_serial_tl_bits_out_bits          0.9408      0.0        0.9408       0.0000        0.0000  GenericDigitalOutIOCell_35
iocell_serial_tl_bits_out_bits_1        0.9408      0.0        0.9408       0.0000        0.0000  GenericDigitalOutIOCell_34
iocell_serial_tl_bits_out_bits_10       0.9408      0.0        0.9408       0.0000        0.0000  GenericDigitalOutIOCell_25
iocell_serial_tl_bits_out_bits_11       0.9408      0.0        0.9408       0.0000        0.0000  GenericDigitalOutIOCell_24
iocell_serial_tl_bits_out_bits_12       0.9408      0.0        0.9408       0.0000        0.0000  GenericDigitalOutIOCell_23
iocell_serial_tl_bits_out_bits_13       0.9408      0.0        0.9408       0.0000        0.0000  GenericDigitalOutIOCell_22
iocell_serial_tl_bits_out_bits_14       0.9408      0.0        0.9408       0.0000        0.0000  GenericDigitalOutIOCell_21
iocell_serial_tl_bits_out_bits_15       0.9408      0.0        0.9408       0.0000        0.0000  GenericDigitalOutIOCell_20
iocell_serial_tl_bits_out_bits_16       0.9408      0.0        0.9408       0.0000        0.0000  GenericDigitalOutIOCell_19
iocell_serial_tl_bits_out_bits_17       0.9408      0.0        0.9408       0.0000        0.0000  GenericDigitalOutIOCell_18
iocell_serial_tl_bits_out_bits_18       0.9408      0.0        0.9408       0.0000        0.0000  GenericDigitalOutIOCell_17
iocell_serial_tl_bits_out_bits_19       0.9408      0.0        0.9408       0.0000        0.0000  GenericDigitalOutIOCell_16
iocell_serial_tl_bits_out_bits_2        0.9408      0.0        0.9408       0.0000        0.0000  GenericDigitalOutIOCell_33
iocell_serial_tl_bits_out_bits_20       0.9408      0.0        0.9408       0.0000        0.0000  GenericDigitalOutIOCell_15
iocell_serial_tl_bits_out_bits_21       0.9408      0.0        0.9408       0.0000        0.0000  GenericDigitalOutIOCell_14
iocell_serial_tl_bits_out_bits_22       0.9408      0.0        0.9408       0.0000        0.0000  GenericDigitalOutIOCell_13
iocell_serial_tl_bits_out_bits_23       0.9408      0.0        0.9408       0.0000        0.0000  GenericDigitalOutIOCell_12
iocell_serial_tl_bits_out_bits_24       0.9408      0.0        0.9408       0.0000        0.0000  GenericDigitalOutIOCell_11
iocell_serial_tl_bits_out_bits_25       0.9408      0.0        0.9408       0.0000        0.0000  GenericDigitalOutIOCell_10
iocell_serial_tl_bits_out_bits_26       0.9408      0.0        0.9408       0.0000        0.0000  GenericDigitalOutIOCell_9
iocell_serial_tl_bits_out_bits_27       0.9408      0.0        0.9408       0.0000        0.0000  GenericDigitalOutIOCell_8
iocell_serial_tl_bits_out_bits_28       0.9408      0.0        0.9408       0.0000        0.0000  GenericDigitalOutIOCell_7
iocell_serial_tl_bits_out_bits_29       0.9408      0.0        0.9408       0.0000        0.0000  GenericDigitalOutIOCell_6
iocell_serial_tl_bits_out_bits_3        0.9408      0.0        0.9408       0.0000        0.0000  GenericDigitalOutIOCell_32
iocell_serial_tl_bits_out_bits_30       0.9408      0.0        0.9408       0.0000        0.0000  GenericDigitalOutIOCell_5
iocell_serial_tl_bits_out_bits_31       0.9408      0.0        0.9408       0.0000        0.0000  GenericDigitalOutIOCell_4
iocell_serial_tl_bits_out_bits_4        0.9408      0.0        0.9408       0.0000        0.0000  GenericDigitalOutIOCell_31
iocell_serial_tl_bits_out_bits_5        0.9408      0.0        0.9408       0.0000        0.0000  GenericDigitalOutIOCell_30
iocell_serial_tl_bits_out_bits_6        0.9408      0.0        0.9408       0.0000        0.0000  GenericDigitalOutIOCell_29
iocell_serial_tl_bits_out_bits_7        0.9408      0.0        0.9408       0.0000        0.0000  GenericDigitalOutIOCell_28
iocell_serial_tl_bits_out_bits_8        0.9408      0.0        0.9408       0.0000        0.0000  GenericDigitalOutIOCell_27
iocell_serial_tl_bits_out_bits_9        0.9408      0.0        0.9408       0.0000        0.0000  GenericDigitalOutIOCell_26
iocell_serial_tl_bits_out_ready         0.9408      0.0        0.9408       0.0000        0.0000  GenericDigitalInIOCell_39
iocell_serial_tl_bits_out_valid         0.9408      0.0        0.9408       0.0000        0.0000  GenericDigitalOutIOCell_3
iocell_serial_tl_clock                  0.0000      0.0        0.0000       0.0000        0.0000  GenericDigitalInIOCell_5
iocell_uart_0_rxd                       0.9408      0.0        0.9408       0.0000        0.0000  GenericDigitalInIOCell_0
iocell_uart_0_txd                       0.9408      0.0        0.9408       0.0000        0.0000  GenericDigitalOutIOCell_0
system                            3361751.2765    100.0      126.7728      70.5600        0.0000  DigitalTop
system/aggregator                       6.5856      0.0        6.5856       0.0000        0.0000  ClockGroupAggregator_6
system/bootROMDomainWrapper          3431.8032      0.1        0.0000       0.0000        0.0000  ClockSinkDomain_1
system/bootROMDomainWrapper/bootrom    3431.8032     0.1    3431.8032       0.0000        0.0000  TLROM
system/clint                         1683.3264      0.1     1076.5104     606.8160        0.0000  CLINT
system/clockGroupCombiner               6.3504      0.0        6.3504       0.0000        0.0000  ClockGroupCombiner
system/clockNamePrefixer                5.6448      0.0        5.6448       0.0000        0.0000  ClockGroupParameterModifier
system/dtm                           1385.3280      0.0      220.8528     219.9120        0.0000  DebugTransportModuleJTAG
system/dtm/dmiAccessChain             327.6336      0.0      134.7696     192.8640        0.0000  CaptureUpdateChain_1
system/dtm/dtmInfoChain               236.1408      0.0       85.6128     150.5280        0.0000  CaptureUpdateChain
system/dtm/tapIO_bypassChain            7.5264      0.0        2.8224       4.7040        0.0000  JtagBypassChain
system/dtm/tapIO_controllerInternal     144.1776     0.0      31.2816      32.6928        0.0000  JtagTapController
system/dtm/tapIO_controllerInternal/irChain      37.8672     0.0      14.3472     23.5200       0.0000 CaptureUpdateChain_2
system/dtm/tapIO_controllerInternal/stateMachine      42.3360     0.0      19.7568     22.5792       0.0000 JtagStateMachine
system/dtm/tapIO_idcodeChain          229.0848      0.0       78.5568     150.5280        0.0000  CaptureChain
system/frequencySpecifier               6.5856      0.0        6.5856       0.0000        0.0000  ClockGroupParameterModifier_1
system/ibus_int_bus                     0.9408      0.0        0.9408       0.0000        0.0000  IntXbar_4
system/intsink_4                        0.9408      0.0        0.9408       0.0000        0.0000  IntSyncSyncCrossingSink_1_2
system/intsource                       11.5248      0.0        0.0000       0.0000        0.0000  IntSyncCrossingSource_5
system/intsource/reg_0                 11.5248      0.0        0.7056      10.8192        0.0000  AsyncResetRegVec_w2_i0
system/intsource_1                      6.1152      0.0        0.0000       0.0000        0.0000  IntSyncCrossingSource_1_5
system/intsource_1/reg_0                6.1152      0.0        0.7056       5.4096        0.0000  AsyncResetRegVec_w1_i0_5
system/intsource_2                      6.1152      0.0        0.0000       0.0000        0.0000  IntSyncCrossingSource_1_4
system/intsource_2/reg_0                6.1152      0.0        0.7056       5.4096        0.0000  AsyncResetRegVec_w1_i0_4
system/plicDomainWrapper              447.3504      0.0        0.0000       0.0000        0.0000  ClockSinkDomain
system/plicDomainWrapper/plic         447.3504      0.0       74.7936      37.6320        0.0000  TLPLIC
system/plicDomainWrapper/plic/fanin       1.4112     0.0       1.4112       0.0000        0.0000  PLICFanIn_1
system/plicDomainWrapper/plic/fanin_1       1.4112     0.0       1.4112      0.0000       0.0000  PLICFanIn_0
system/plicDomainWrapper/plic/gateways_gateway       8.9376     0.0       4.2336      4.7040       0.0000 LevelGateway
system/plicDomainWrapper/plic/out_back     323.1648     0.0       4.2336      4.7040       0.0000 Queue_91
system/plicDomainWrapper/plic/out_back/ram_ext     314.2272     0.0     107.2512    206.9760       0.0000 ram_combMem_22
system/prci_ctrl_domain               119.9520      0.0        0.0000       0.0000        0.0000  ClockSinkDomain_3
system/prci_ctrl_domain/clock_gater      19.7568     0.0      10.8192       0.0000        0.0000  TileClockGater
system/prci_ctrl_domain/clock_gater/regs_0       8.9376     0.0       1.4112      7.5264       0.0000 AsyncResetRegVec_w1_i1
system/prci_ctrl_domain/resetSynchronizer      19.7568     0.0       0.0000      0.0000       0.0000 ClockGroupResetSynchronizer
system/prci_ctrl_domain/resetSynchronizer/x1_member_allClocks_uncore_reset_catcher      19.7568     0.0       0.7056      0.0000       0.0000 ResetCatchAndSync_d3_0
system/prci_ctrl_domain/resetSynchronizer/x1_member_allClocks_uncore_reset_catcher/io_sync_reset_chain      19.0512     0.0       0.0000      0.0000       0.0000 AsyncResetSynchronizerShiftReg_w1_d3_i0_5
system/prci_ctrl_domain/resetSynchronizer/x1_member_allClocks_uncore_reset_catcher/io_sync_reset_chain/output_chain      19.0512     0.0       2.8224     16.2288       0.0000 AsyncResetSynchronizerPrimitiveShiftReg_d3_i0_28
system/prci_ctrl_domain/reset_setter      13.8768     0.0      13.8768      0.0000        0.0000  TileResetSetter
system/prci_ctrl_domain/xbar           66.5616      0.0       61.8576       4.7040        0.0000  TLXbar_11
system/subsystem_cbus               23973.4657      0.7       81.1440      14.1120        0.0000  PeripheryBus_1
system/subsystem_cbus/atomics        3496.4832      0.1     2527.4592     969.0240        0.0000  TLAtomicAutomata_1
system/subsystem_cbus/buffer         3378.4128      0.1        0.0000       0.0000        0.0000  TLBuffer_4
system/subsystem_cbus/buffer/bundleIn_0_d_q    1381.8000     0.0      16.4640     21.8736       0.0000 Queue_9_1
system/subsystem_cbus/buffer/bundleIn_0_d_q/ram_ext    1343.4624     0.0     590.8224    752.6400       0.0000 ram_combMem_17_1
system/subsystem_cbus/buffer/x1_a_q    1996.6128     0.1      16.4640      14.1120        0.0000  Queue_8
system/subsystem_cbus/buffer/x1_a_q/ram_ext    1966.0368     0.1     865.3008   1100.7360       0.0000 ram_combMem_30
system/subsystem_cbus/coupler_to_bootrom     396.7824     0.0       0.0000      0.0000       0.0000 TLInterconnectCoupler_13
system/subsystem_cbus/coupler_to_bootrom/fragmenter     396.7824     0.0     132.6528     47.2752       0.0000 TLFragmenter_6
system/subsystem_cbus/coupler_to_bootrom/fragmenter/repeater     216.8544     0.0      66.0912    150.7632       0.0000 Repeater_8
system/subsystem_cbus/coupler_to_clint     501.9168     0.0       0.0000      0.0000       0.0000 TLInterconnectCoupler_10
system/subsystem_cbus/coupler_to_clint/fragmenter     501.9168     0.0     215.6784     42.3360       0.0000 TLFragmenter_4
system/subsystem_cbus/coupler_to_clint/fragmenter/repeater     243.9024     0.0      74.0880    169.8144       0.0000 Repeater_4_0
system/subsystem_cbus/coupler_to_debug     467.1072     0.0       0.0000      0.0000       0.0000 TLInterconnectCoupler_12
system/subsystem_cbus/coupler_to_debug/fragmenter     467.1072     0.0     215.6784     42.3360       0.0000 TLFragmenter_5
system/subsystem_cbus/coupler_to_debug/fragmenter/repeater     209.0928     0.0      64.6800    144.4128       0.0000 Repeater_7
system/subsystem_cbus/coupler_to_l2_ctrl    1229.8608     0.0       0.0000      0.0000       0.0000 TLInterconnectCoupler_7
system/subsystem_cbus/coupler_to_l2_ctrl/buffer     816.3792     0.0       0.0000      0.0000       0.0000 TLBuffer_6
system/subsystem_cbus/coupler_to_l2_ctrl/buffer/bundleIn_0_d_q     134.7696     0.0       4.2336      4.7040       0.0000 Queue_14
system/subsystem_cbus/coupler_to_l2_ctrl/buffer/bundleIn_0_d_q/ram_ext     125.8320     0.0      41.1600     84.6720       0.0000 ram_combMem_18
system/subsystem_cbus/coupler_to_l2_ctrl/buffer/x1_a_q     681.6096     0.0       4.2336      4.7040       0.0000 Queue_13
system/subsystem_cbus/coupler_to_l2_ctrl/buffer/x1_a_q/ram_ext     672.6720     0.0     230.4960    442.1760       0.0000 ram_combMem_26
system/subsystem_cbus/coupler_to_l2_ctrl/fragmenter     413.4816     0.0     162.0528     42.3360       0.0000 TLFragmenter_2
system/subsystem_cbus/coupler_to_l2_ctrl/fragmenter/repeater     209.0928     0.0      64.6800    144.4128       0.0000 Repeater_4_1
system/subsystem_cbus/coupler_to_plic     475.1040     0.0       0.0000      0.0000       0.0000  TLInterconnectCoupler_9
system/subsystem_cbus/coupler_to_plic/fragmenter     475.1040     0.0      99.9600     42.3360       0.0000 TLFragmenter_3
system/subsystem_cbus/coupler_to_plic/fragmenter/repeater     332.8080     0.0      99.4896    233.3184       0.0000 Repeater_5
system/subsystem_cbus/coupler_to_prci_ctrl   11231.5057     0.3       0.9408      0.0000       0.0000 TLInterconnectCoupler_15
system/subsystem_cbus/coupler_to_prci_ctrl/buffer     682.3152     0.0       0.0000      0.0000       0.0000 TLBuffer_8
system/subsystem_cbus/coupler_to_prci_ctrl/buffer/bundleIn_0_d_q     232.1424     0.0      17.1696     14.1120       0.0000 Queue_1_0
system/subsystem_cbus/coupler_to_prci_ctrl/buffer/bundleIn_0_d_q/ram_ext     200.8608     0.0      87.9648    112.8960       0.0000 ram_combMem_16_0
system/subsystem_cbus/coupler_to_prci_ctrl/buffer/x1_a_q     450.1728     0.0      16.4640     14.1120       0.0000 Queue_15
system/subsystem_cbus/coupler_to_prci_ctrl/buffer/x1_a_q/ram_ext     419.5968     0.0     184.3968    235.2000       0.0000 ram_combMem_23
system/subsystem_cbus/coupler_to_prci_ctrl/fixer   10181.3377     0.3    5279.7697   4901.5680       0.0000 TLFIFOFixer_3
system/subsystem_cbus/coupler_to_prci_ctrl/fragmenter     366.9120     0.0      95.9616     53.3904       0.0000 TLFragmenter_7
system/subsystem_cbus/coupler_to_prci_ctrl/fragmenter/repeater     217.5600     0.0      66.7968    150.7632       0.0000 Repeater_9
system/subsystem_cbus/fixedClockNode       3.0576     0.0       3.0576      0.0000        0.0000  FixedClockBroadcast_3
system/subsystem_cbus/fixer           188.8656      0.0      188.8656       0.0000        0.0000  TLFIFOFixer_2
system/subsystem_cbus/in_xbar         405.4848      0.0      349.0368      56.4480        0.0000  TLXbar_4
system/subsystem_cbus/out_xbar       1222.0992      0.0     1109.2032     112.8960        0.0000  TLXbar_5
system/subsystem_cbus/wrapped_error_device     881.5296     0.0       1.8816      0.0000       0.0000 ErrorDeviceWrapper
system/subsystem_cbus/wrapped_error_device/buffer     546.6048     0.0       0.0000      0.0000       0.0000 TLBuffer_5
system/subsystem_cbus/wrapped_error_device/buffer/bundleIn_0_d_q     281.5344     0.0      17.1696     14.1120       0.0000 Queue_9_0
system/subsystem_cbus/wrapped_error_device/buffer/bundleIn_0_d_q/ram_ext     250.2528     0.0     109.1328    141.1200       0.0000 ram_combMem_17_0
system/subsystem_cbus/wrapped_error_device/buffer/x1_a_q     265.0704     0.0      17.1696     14.1120       0.0000 Queue_11
system/subsystem_cbus/wrapped_error_device/buffer/x1_a_q/ram_ext     233.7888     0.0     102.0768    131.7120       0.0000 ram_combMem_21
system/subsystem_cbus/wrapped_error_device/error     333.0432     0.0     139.7088     84.6720       0.0000 TLError
system/subsystem_cbus/wrapped_error_device/error/a     108.6624     0.0       4.2336      4.7040       0.0000 Queue_10
system/subsystem_cbus/wrapped_error_device/error/a/ram_ext      99.7248     0.0      33.8688     65.8560       0.0000 ram_combMem_20
system/subsystem_fbus_buffer         3412.9872      0.1        0.0000       0.0000        0.0000  TLBuffer_2
system/subsystem_fbus_buffer/bundleIn_0_d_q    1426.0176     0.0      16.4640     14.1120       0.0000 Queue_5_1
system/subsystem_fbus_buffer/bundleIn_0_d_q/ram_ext    1395.4416     0.0     614.5776    780.8640       0.0000 ram_combMem_17_3
system/subsystem_fbus_buffer/x1_a_q    1986.9696     0.1      18.8160      21.8736        0.0000  Queue_4_1
system/subsystem_fbus_buffer/x1_a_q/ram_ext    1946.2800     0.1     854.9520   1091.3280       0.0000 ram_combMem_28_1
system/subsystem_fbus_coupler_from_port_named_serial_tl_ctrl    3402.4032     0.1       0.0000      0.0000       0.0000 TLInterconnectCoupler_6
system/subsystem_fbus_coupler_from_port_named_serial_tl_ctrl/buffer    3402.4032     0.1       0.0000      0.0000       0.0000 TLBuffer_3
system/subsystem_fbus_coupler_from_port_named_serial_tl_ctrl/buffer/bundleIn_0_d_q    1424.8416     0.0      16.4640     14.1120       0.0000 Queue_5_0
system/subsystem_fbus_coupler_from_port_named_serial_tl_ctrl/buffer/bundleIn_0_d_q/ram_ext    1394.2656     0.0     613.4016    780.8640       0.0000 ram_combMem_17_2
system/subsystem_fbus_coupler_from_port_named_serial_tl_ctrl/buffer/x1_a_q    1977.5616     0.1      16.4640     14.1120       0.0000 Queue_4_0
system/subsystem_fbus_coupler_from_port_named_serial_tl_ctrl/buffer/x1_a_q/ram_ext    1946.9856     0.1     855.6576   1091.3280       0.0000 ram_combMem_28_0
system/subsystem_fbus_in_async       2607.1920      0.1        0.0000       0.0000        0.0000  AsyncQueue_0
system/subsystem_fbus_in_async/sink     721.5936     0.0     335.1600      43.2768        0.0000  AsyncQueueSink_0
system/subsystem_fbus_in_async/sink/io_deq_bits_deq_bits_reg     206.0352     0.0       2.8224    203.2128       0.0000 ClockCrossingReg_w32_0
system/subsystem_fbus_in_async/sink/sink_valid_0      17.6400     0.0       0.0000      0.0000       0.0000 AsyncValidSync_27
system/subsystem_fbus_in_async/sink/sink_valid_0/io_out_source_valid_0      17.6400     0.0       0.0000      0.0000       0.0000 AsyncResetSynchronizerShiftReg_w1_d3_i0_1_27
system/subsystem_fbus_in_async/sink/sink_valid_0/io_out_source_valid_0/output_chain      17.6400     0.0       1.4112     16.2288       0.0000 AsyncResetSynchronizerPrimitiveShiftReg_d3_i0_35
system/subsystem_fbus_in_async/sink/sink_valid_1      16.9344     0.0       0.0000      0.0000       0.0000 AsyncValidSync_26
system/subsystem_fbus_in_async/sink/sink_valid_1/io_out_source_valid_0      16.9344     0.0       0.0000      0.0000       0.0000 AsyncResetSynchronizerShiftReg_w1_d3_i0_1_26
system/subsystem_fbus_in_async/sink/sink_valid_1/io_out_source_valid_0/output_chain      16.9344     0.0       0.7056     16.2288       0.0000 AsyncResetSynchronizerPrimitiveShiftReg_d3_i0_34
system/subsystem_fbus_in_async/sink/source_extend      16.9344     0.0       0.0000      0.0000       0.0000 AsyncValidSync_25
system/subsystem_fbus_in_async/sink/source_extend/io_out_source_valid_0      16.9344     0.0       0.0000      0.0000       0.0000 AsyncResetSynchronizerShiftReg_w1_d3_i0_1_25
system/subsystem_fbus_in_async/sink/source_extend/io_out_source_valid_0/output_chain      16.9344     0.0       0.7056     16.2288       0.0000 AsyncResetSynchronizerPrimitiveShiftReg_d3_i0_33
system/subsystem_fbus_in_async/sink/source_valid      16.9344     0.0       0.0000      0.0000       0.0000 AsyncValidSync_24
system/subsystem_fbus_in_async/sink/source_valid/io_out_source_valid_0      16.9344     0.0       0.0000      0.0000       0.0000 AsyncResetSynchronizerShiftReg_w1_d3_i0_1_24
system/subsystem_fbus_in_async/sink/source_valid/io_out_source_valid_0/output_chain      16.9344     0.0       0.7056     16.2288       0.0000 AsyncResetSynchronizerPrimitiveShiftReg_d3_i0_32
system/subsystem_fbus_in_async/sink/widx_widx_gray      68.6784     0.0       0.9408      0.0000       0.0000 AsyncResetSynchronizerShiftReg_w4_d3_i0_0
system/subsystem_fbus_in_async/sink/widx_widx_gray/output_chain      16.9344     0.0       0.7056     16.2288       0.0000 AsyncResetSynchronizerPrimitiveShiftReg_d3_i0_53
system/subsystem_fbus_in_async/sink/widx_widx_gray/output_chain_1      16.9344     0.0       0.7056     16.2288       0.0000 AsyncResetSynchronizerPrimitiveShiftReg_d3_i0_52
system/subsystem_fbus_in_async/sink/widx_widx_gray/output_chain_2      16.9344     0.0       0.7056     16.2288       0.0000 AsyncResetSynchronizerPrimitiveShiftReg_d3_i0_51
system/subsystem_fbus_in_async/sink/widx_widx_gray/output_chain_3      16.9344     0.0       0.7056     16.2288       0.0000 AsyncResetSynchronizerPrimitiveShiftReg_d3_i0_50
system/subsystem_fbus_in_async/source    1885.5984     0.1      79.4976   1668.9792       0.0000  AsyncQueueSource_0
system/subsystem_fbus_in_async/source/ridx_ridx_gray      68.6784     0.0       0.9408      0.0000       0.0000 AsyncResetSynchronizerShiftReg_w4_d3_i0_1
system/subsystem_fbus_in_async/source/ridx_ridx_gray/output_chain      16.9344     0.0       0.7056     16.2288       0.0000 AsyncResetSynchronizerPrimitiveShiftReg_d3_i0_57
system/subsystem_fbus_in_async/source/ridx_ridx_gray/output_chain_1      16.9344     0.0       0.7056     16.2288       0.0000 AsyncResetSynchronizerPrimitiveShiftReg_d3_i0_56
system/subsystem_fbus_in_async/source/ridx_ridx_gray/output_chain_2      16.9344     0.0       0.7056     16.2288       0.0000 AsyncResetSynchronizerPrimitiveShiftReg_d3_i0_55
system/subsystem_fbus_in_async/source/ridx_ridx_gray/output_chain_3      16.9344     0.0       0.7056     16.2288       0.0000 AsyncResetSynchronizerPrimitiveShiftReg_d3_i0_54
system/subsystem_fbus_in_async/source/sink_extend      16.9344     0.0       0.0000      0.0000       0.0000 AsyncValidSync_29
system/subsystem_fbus_in_async/source/sink_extend/io_out_source_valid_0      16.9344     0.0       0.0000      0.0000       0.0000 AsyncResetSynchronizerShiftReg_w1_d3_i0_1_29
system/subsystem_fbus_in_async/source/sink_extend/io_out_source_valid_0/output_chain      16.9344     0.0       0.7056     16.2288       0.0000 AsyncResetSynchronizerPrimitiveShiftReg_d3_i0_37
system/subsystem_fbus_in_async/source/sink_valid      16.9344     0.0       0.0000      0.0000       0.0000 AsyncValidSync_28
system/subsystem_fbus_in_async/source/sink_valid/io_out_source_valid_0      16.9344     0.0       0.0000      0.0000       0.0000 AsyncResetSynchronizerShiftReg_w1_d3_i0_1_28
system/subsystem_fbus_in_async/source/sink_valid/io_out_source_valid_0/output_chain      16.9344     0.0       0.7056     16.2288       0.0000 AsyncResetSynchronizerPrimitiveShiftReg_d3_i0_36
system/subsystem_fbus_in_async/source/source_valid_0      17.6400     0.0       0.0000      0.0000       0.0000 AsyncValidSync_31
system/subsystem_fbus_in_async/source/source_valid_0/io_out_source_valid_0      17.6400     0.0       0.0000      0.0000       0.0000 AsyncResetSynchronizerShiftReg_w1_d3_i0_1_31
system/subsystem_fbus_in_async/source/source_valid_0/io_out_source_valid_0/output_chain      17.6400     0.0       1.4112     16.2288       0.0000 AsyncResetSynchronizerPrimitiveShiftReg_d3_i0_39
system/subsystem_fbus_in_async/source/source_valid_1      16.9344     0.0       0.0000      0.0000       0.0000 AsyncValidSync_30
system/subsystem_fbus_in_async/source/source_valid_1/io_out_source_valid_0      16.9344     0.0       0.0000      0.0000       0.0000 AsyncResetSynchronizerShiftReg_w1_d3_i0_1_30
system/subsystem_fbus_in_async/source/source_valid_1/io_out_source_valid_0/output_chain      16.9344     0.0       0.7056     16.2288       0.0000 AsyncResetSynchronizerPrimitiveShiftReg_d3_i0_38
system/subsystem_fbus_out_async      2602.2528      0.1        0.0000       0.0000        0.0000  AsyncQueue_1
system/subsystem_fbus_out_async/sink     720.6528     0.0     335.1600     43.2768        0.0000  AsyncQueueSink_1
system/subsystem_fbus_out_async/sink/io_deq_bits_deq_bits_reg     206.0352     0.0       2.8224    203.2128       0.0000 ClockCrossingReg_w32_1
system/subsystem_fbus_out_async/sink/sink_valid_0      17.6400     0.0       0.0000      0.0000       0.0000 AsyncValidSync_35
system/subsystem_fbus_out_async/sink/sink_valid_0/io_out_source_valid_0      17.6400     0.0       0.0000      0.0000       0.0000 AsyncResetSynchronizerShiftReg_w1_d3_i0_1_35
system/subsystem_fbus_out_async/sink/sink_valid_0/io_out_source_valid_0/output_chain      17.6400     0.0       1.4112     16.2288       0.0000 AsyncResetSynchronizerPrimitiveShiftReg_d3_i0_43
system/subsystem_fbus_out_async/sink/sink_valid_1      16.9344     0.0       0.0000      0.0000       0.0000 AsyncValidSync_34
system/subsystem_fbus_out_async/sink/sink_valid_1/io_out_source_valid_0      16.9344     0.0       0.0000      0.0000       0.0000 AsyncResetSynchronizerShiftReg_w1_d3_i0_1_34
system/subsystem_fbus_out_async/sink/sink_valid_1/io_out_source_valid_0/output_chain      16.9344     0.0       0.7056     16.2288       0.0000 AsyncResetSynchronizerPrimitiveShiftReg_d3_i0_42
system/subsystem_fbus_out_async/sink/source_extend      16.9344     0.0       0.0000      0.0000       0.0000 AsyncValidSync_33
system/subsystem_fbus_out_async/sink/source_extend/io_out_source_valid_0      16.9344     0.0       0.0000      0.0000       0.0000 AsyncResetSynchronizerShiftReg_w1_d3_i0_1_33
system/subsystem_fbus_out_async/sink/source_extend/io_out_source_valid_0/output_chain      16.9344     0.0       0.7056     16.2288       0.0000 AsyncResetSynchronizerPrimitiveShiftReg_d3_i0_41
system/subsystem_fbus_out_async/sink/source_valid      16.9344     0.0       0.0000      0.0000       0.0000 AsyncValidSync_32
system/subsystem_fbus_out_async/sink/source_valid/io_out_source_valid_0      16.9344     0.0       0.0000      0.0000       0.0000 AsyncResetSynchronizerShiftReg_w1_d3_i0_1_32
system/subsystem_fbus_out_async/sink/source_valid/io_out_source_valid_0/output_chain      16.9344     0.0       0.7056     16.2288       0.0000 AsyncResetSynchronizerPrimitiveShiftReg_d3_i0_40
system/subsystem_fbus_out_async/sink/widx_widx_gray      67.7376     0.0       0.0000      0.0000       0.0000 AsyncResetSynchronizerShiftReg_w4_d3_i0_2
system/subsystem_fbus_out_async/sink/widx_widx_gray/output_chain      16.9344     0.0       0.7056     16.2288       0.0000 AsyncResetSynchronizerPrimitiveShiftReg_d3_i0_61
system/subsystem_fbus_out_async/sink/widx_widx_gray/output_chain_1      16.9344     0.0       0.7056     16.2288       0.0000 AsyncResetSynchronizerPrimitiveShiftReg_d3_i0_60
system/subsystem_fbus_out_async/sink/widx_widx_gray/output_chain_2      16.9344     0.0       0.7056     16.2288       0.0000 AsyncResetSynchronizerPrimitiveShiftReg_d3_i0_59
system/subsystem_fbus_out_async/sink/widx_widx_gray/output_chain_3      16.9344     0.0       0.7056     16.2288       0.0000 AsyncResetSynchronizerPrimitiveShiftReg_d3_i0_58
system/subsystem_fbus_out_async/source    1881.6000     0.1      75.4992   1668.9792       0.0000 AsyncQueueSource_1
system/subsystem_fbus_out_async/source/ridx_ridx_gray      68.6784     0.0       0.9408      0.0000       0.0000 AsyncResetSynchronizerShiftReg_w4_d3_i0_3
system/subsystem_fbus_out_async/source/ridx_ridx_gray/output_chain      16.9344     0.0       0.7056     16.2288       0.0000 AsyncResetSynchronizerPrimitiveShiftReg_d3_i0_65
system/subsystem_fbus_out_async/source/ridx_ridx_gray/output_chain_1      16.9344     0.0       0.7056     16.2288       0.0000 AsyncResetSynchronizerPrimitiveShiftReg_d3_i0_64
system/subsystem_fbus_out_async/source/ridx_ridx_gray/output_chain_2      16.9344     0.0       0.7056     16.2288       0.0000 AsyncResetSynchronizerPrimitiveShiftReg_d3_i0_63
system/subsystem_fbus_out_async/source/ridx_ridx_gray/output_chain_3      16.9344     0.0       0.7056     16.2288       0.0000 AsyncResetSynchronizerPrimitiveShiftReg_d3_i0_62
system/subsystem_fbus_out_async/source/sink_extend      16.9344     0.0       0.0000      0.0000       0.0000 AsyncValidSync_37
system/subsystem_fbus_out_async/source/sink_extend/io_out_source_valid_0      16.9344     0.0       0.0000      0.0000       0.0000 AsyncResetSynchronizerShiftReg_w1_d3_i0_1_37
system/subsystem_fbus_out_async/source/sink_extend/io_out_source_valid_0/output_chain      16.9344     0.0       0.7056     16.2288       0.0000 AsyncResetSynchronizerPrimitiveShiftReg_d3_i0_45
system/subsystem_fbus_out_async/source/sink_valid      16.9344     0.0       0.0000      0.0000       0.0000 AsyncValidSync_36
system/subsystem_fbus_out_async/source/sink_valid/io_out_source_valid_0      16.9344     0.0       0.0000      0.0000       0.0000 AsyncResetSynchronizerShiftReg_w1_d3_i0_1_36
system/subsystem_fbus_out_async/source/sink_valid/io_out_source_valid_0/output_chain      16.9344     0.0       0.7056     16.2288       0.0000 AsyncResetSynchronizerPrimitiveShiftReg_d3_i0_44
system/subsystem_fbus_out_async/source/source_valid_0      17.6400     0.0       0.0000      0.0000       0.0000 AsyncValidSync_39
system/subsystem_fbus_out_async/source/source_valid_0/io_out_source_valid_0      17.6400     0.0       0.0000      0.0000       0.0000 AsyncResetSynchronizerShiftReg_w1_d3_i0_1_39
system/subsystem_fbus_out_async/source/source_valid_0/io_out_source_valid_0/output_chain      17.6400     0.0       1.4112     16.2288       0.0000 AsyncResetSynchronizerPrimitiveShiftReg_d3_i0_47
system/subsystem_fbus_out_async/source/source_valid_1      16.9344     0.0       0.0000      0.0000       0.0000 AsyncValidSync_38
system/subsystem_fbus_out_async/source/source_valid_1/io_out_source_valid_0      16.9344     0.0       0.0000      0.0000       0.0000 AsyncResetSynchronizerShiftReg_w1_d3_i0_1_38
system/subsystem_fbus_out_async/source/source_valid_1/io_out_source_valid_0/output_chain      16.9344     0.0       0.7056     16.2288       0.0000 AsyncResetSynchronizerPrimitiveShiftReg_d3_i0_46
system/subsystem_fbus_outer_reset_catcher      18.3456     0.0       0.7056      0.0000       0.0000 ResetCatchAndSync_d3_1
system/subsystem_fbus_outer_reset_catcher/io_sync_reset_chain      17.6400     0.0       0.0000      0.0000       0.0000 AsyncResetSynchronizerShiftReg_w1_d3_i0_11
system/subsystem_fbus_outer_reset_catcher/io_sync_reset_chain/output_chain      17.6400     0.0       1.4112     16.2288       0.0000 AsyncResetSynchronizerPrimitiveShiftReg_d3_i0_66
system/subsystem_fbus_serdesser      2018.0160      0.1       75.7344      42.3360        0.0000  TLSerdesser
system/subsystem_fbus_serdesser/inDes     808.1472     0.0      33.6336    774.5136       0.0000  GenericDeserializer
system/subsystem_fbus_serdesser/outArb     146.5296     0.0     137.1216      9.4080       0.0000 HellaPeekingArbiter
system/subsystem_fbus_serdesser/outSer     945.2688     0.0     347.8608    597.4080       0.0000 GenericSerializer
system/subsystem_l2_wrapper        668400.0745     19.9        0.9408       0.0000        0.0000  CoherenceManagerWrapper
system/subsystem_l2_wrapper/InclusiveCache_inner_TLBuffer    3401.4624     0.1     178.7520      0.0000       0.0000 TLBuffer_11
system/subsystem_l2_wrapper/InclusiveCache_inner_TLBuffer/bundleIn_0_d_q    1419.4320     0.0     362.4432      4.7040       0.0000 Queue_63
system/subsystem_l2_wrapper/InclusiveCache_inner_TLBuffer/bundleIn_0_d_q/ram_ext    1052.2848     0.0     360.7968    691.4880       0.0000 ram_combMem_35
system/subsystem_l2_wrapper/InclusiveCache_inner_TLBuffer/x1_a_q    1803.2784     0.1     460.2864      4.7040       0.0000 Queue_62
system/subsystem_l2_wrapper/InclusiveCache_inner_TLBuffer/x1_a_q/ram_ext    1338.2880     0.0     458.6400    879.6480       0.0000 ram_combMem_42
system/subsystem_l2_wrapper/binder     168.4032     0.0      168.4032       0.0000        0.0000  BankBinder
system/subsystem_l2_wrapper/cork      830.2560      0.0      405.2496      84.9072        0.0000  TLCacheCork
system/subsystem_l2_wrapper/cork/pool     142.5312     0.0      86.0832     56.4480       0.0000  IDPool
system/subsystem_l2_wrapper/cork/q      98.7840     0.0       16.4640      14.1120        0.0000  Queue_59_2
system/subsystem_l2_wrapper/cork/q/ram_ext      68.2080     0.0      30.5760     37.6320       0.0000 ram_combMem_15_2
system/subsystem_l2_wrapper/cork/q_1      98.7840     0.0      16.4640     14.1120        0.0000  Queue_59_1
system/subsystem_l2_wrapper/cork/q_1/ram_ext      68.2080     0.0      30.5760     37.6320       0.0000 ram_combMem_15_1
system/subsystem_l2_wrapper/l2     663999.0121     19.8      228.3792     282.2400        0.0000  InclusiveCache
system/subsystem_l2_wrapper/l2/inclusive_cache_bank_sched  663264.9529    19.7    7289.3185    108.1920       0.0000 InclusiveCacheBankScheduler
system/subsystem_l2_wrapper/l2/inclusive_cache_bank_sched/abc_mshrs_0    1224.2160     0.0     650.3280    573.8880       0.0000 MSHR_11
system/subsystem_l2_wrapper/l2/inclusive_cache_bank_sched/abc_mshrs_1    1232.9184     0.0     651.2688    581.6496       0.0000 MSHR_10
system/subsystem_l2_wrapper/l2/inclusive_cache_bank_sched/abc_mshrs_2    1242.0912     0.0     640.9200    601.1712       0.0000 MSHR_9
system/subsystem_l2_wrapper/l2/inclusive_cache_bank_sched/abc_mshrs_3    1236.2112     0.0     650.3280    585.8832       0.0000 MSHR_8
system/subsystem_l2_wrapper/l2/inclusive_cache_bank_sched/abc_mshrs_4    1225.8624     0.0     641.3904    584.4720       0.0000 MSHR_7
system/subsystem_l2_wrapper/l2/inclusive_cache_bank_sched/abc_mshrs_5    1231.9776     0.0     654.5616    577.4160       0.0000 MSHR_6
system/subsystem_l2_wrapper/l2/inclusive_cache_bank_sched/abc_mshrs_6    1237.1520     0.0     654.7968    582.3552       0.0000 MSHR_5
system/subsystem_l2_wrapper/l2/inclusive_cache_bank_sched/abc_mshrs_7    1220.2176     0.0     646.0944    574.1232       0.0000 MSHR_4
system/subsystem_l2_wrapper/l2/inclusive_cache_bank_sched/abc_mshrs_8    1224.4512     0.0     659.9712    564.4800       0.0000 MSHR_3
system/subsystem_l2_wrapper/l2/inclusive_cache_bank_sched/abc_mshrs_9    1235.2704     0.0     647.5056    587.7648       0.0000 MSHR_2
system/subsystem_l2_wrapper/l2/inclusive_cache_bank_sched/bankedStore  488070.8228    14.5    3644.8944   3439.5648       0.0000 BankedStore
system/subsystem_l2_wrapper/l2/inclusive_cache_bank_sched/bankedStore/cc_banks_0   60123.2954     1.8       0.0000      0.0000       0.0000 cc_banks_0
system/subsystem_l2_wrapper/l2/inclusive_cache_bank_sched/bankedStore/cc_banks_0/cc_banks_0_ext   60123.2954     1.8       0.0000      0.0000       0.0000 cc_banks_0_ext_7
system/subsystem_l2_wrapper/l2/inclusive_cache_bank_sched/bankedStore/cc_banks_0/cc_banks_0_ext/mem_0_0   60123.2954     1.8       0.7056      0.0000   60122.5898 split_cc_banks_0_ext_ip_7
system/subsystem_l2_wrapper/l2/inclusive_cache_bank_sched/bankedStore/cc_banks_1   60123.2954     1.8       0.0000      0.0000       0.0000 cc_banks_1
system/subsystem_l2_wrapper/l2/inclusive_cache_bank_sched/bankedStore/cc_banks_1/cc_banks_0_ext   60123.2954     1.8       0.0000      0.0000       0.0000 cc_banks_0_ext_6
system/subsystem_l2_wrapper/l2/inclusive_cache_bank_sched/bankedStore/cc_banks_1/cc_banks_0_ext/mem_0_0   60123.2954     1.8       0.7056      0.0000   60122.5898 split_cc_banks_0_ext_ip_6
system/subsystem_l2_wrapper/l2/inclusive_cache_bank_sched/bankedStore/cc_banks_2   60123.2954     1.8       0.0000      0.0000       0.0000 cc_banks_2
system/subsystem_l2_wrapper/l2/inclusive_cache_bank_sched/bankedStore/cc_banks_2/cc_banks_0_ext   60123.2954     1.8       0.0000      0.0000       0.0000 cc_banks_0_ext_5
system/subsystem_l2_wrapper/l2/inclusive_cache_bank_sched/bankedStore/cc_banks_2/cc_banks_0_ext/mem_0_0   60123.2954     1.8       0.7056      0.0000   60122.5898 split_cc_banks_0_ext_ip_5
system/subsystem_l2_wrapper/l2/inclusive_cache_bank_sched/bankedStore/cc_banks_3   60123.2954     1.8       0.0000      0.0000       0.0000 cc_banks_3
system/subsystem_l2_wrapper/l2/inclusive_cache_bank_sched/bankedStore/cc_banks_3/cc_banks_0_ext   60123.2954     1.8       0.0000      0.0000       0.0000 cc_banks_0_ext_4
system/subsystem_l2_wrapper/l2/inclusive_cache_bank_sched/bankedStore/cc_banks_3/cc_banks_0_ext/mem_0_0   60123.2954     1.8       0.7056      0.0000   60122.5898 split_cc_banks_0_ext_ip_4
system/subsystem_l2_wrapper/l2/inclusive_cache_bank_sched/bankedStore/cc_banks_4   60123.2954     1.8       0.0000      0.0000       0.0000 cc_banks_4
system/subsystem_l2_wrapper/l2/inclusive_cache_bank_sched/bankedStore/cc_banks_4/cc_banks_0_ext   60123.2954     1.8       0.0000      0.0000       0.0000 cc_banks_0_ext_3
system/subsystem_l2_wrapper/l2/inclusive_cache_bank_sched/bankedStore/cc_banks_4/cc_banks_0_ext/mem_0_0   60123.2954     1.8       0.7056      0.0000   60122.5898 split_cc_banks_0_ext_ip_3
system/subsystem_l2_wrapper/l2/inclusive_cache_bank_sched/bankedStore/cc_banks_5   60123.2954     1.8       0.0000      0.0000       0.0000 cc_banks_5
system/subsystem_l2_wrapper/l2/inclusive_cache_bank_sched/bankedStore/cc_banks_5/cc_banks_0_ext   60123.2954     1.8       0.0000      0.0000       0.0000 cc_banks_0_ext_2
system/subsystem_l2_wrapper/l2/inclusive_cache_bank_sched/bankedStore/cc_banks_5/cc_banks_0_ext/mem_0_0   60123.2954     1.8       0.7056      0.0000   60122.5898 split_cc_banks_0_ext_ip_2
system/subsystem_l2_wrapper/l2/inclusive_cache_bank_sched/bankedStore/cc_banks_6   60123.2954     1.8       0.0000      0.0000       0.0000 cc_banks_6
system/subsystem_l2_wrapper/l2/inclusive_cache_bank_sched/bankedStore/cc_banks_6/cc_banks_0_ext   60123.2954     1.8       0.0000      0.0000       0.0000 cc_banks_0_ext_1
system/subsystem_l2_wrapper/l2/inclusive_cache_bank_sched/bankedStore/cc_banks_6/cc_banks_0_ext/mem_0_0   60123.2954     1.8       0.7056      0.0000   60122.5898 split_cc_banks_0_ext_ip_1
system/subsystem_l2_wrapper/l2/inclusive_cache_bank_sched/bankedStore/cc_banks_7   60123.2954     1.8       0.0000      0.0000       0.0000 cc_banks_7
system/subsystem_l2_wrapper/l2/inclusive_cache_bank_sched/bankedStore/cc_banks_7/cc_banks_0_ext   60123.2954     1.8       0.0000      0.0000       0.0000 cc_banks_0_ext_0
system/subsystem_l2_wrapper/l2/inclusive_cache_bank_sched/bankedStore/cc_banks_7/cc_banks_0_ext/mem_0_0   60123.2954     1.8       0.7056      0.0000   60122.5898 split_cc_banks_0_ext_ip_0
system/subsystem_l2_wrapper/l2/inclusive_cache_bank_sched/bc_mshr    1255.2624     0.0     647.0352    608.2272       0.0000 MSHR_1
system/subsystem_l2_wrapper/l2/inclusive_cache_bank_sched/c_mshr    1244.6784     0.0     663.7344    580.9440       0.0000 MSHR_0
system/subsystem_l2_wrapper/l2/inclusive_cache_bank_sched/directory   33588.9119     1.0     872.8272    190.9824       0.0000 Directory
system/subsystem_l2_wrapper/l2/inclusive_cache_bank_sched/directory/cc_dir   32181.0047     1.0       0.0000      0.0000       0.0000 cc_dir
system/subsystem_l2_wrapper/l2/inclusive_cache_bank_sched/directory/cc_dir/cc_dir_ext   32181.0047     1.0       0.0000      0.0000       0.0000 cc_dir_ext
system/subsystem_l2_wrapper/l2/inclusive_cache_bank_sched/directory/cc_dir/cc_dir_ext/mem_0_0    4022.6256     0.1       2.1168      0.0000    4020.5088 split_cc_dir_ext_ip_7
system/subsystem_l2_wrapper/l2/inclusive_cache_bank_sched/directory/cc_dir/cc_dir_ext/mem_0_1    4022.6256     0.1       2.1168      0.0000    4020.5088 split_cc_dir_ext_ip_6
system/subsystem_l2_wrapper/l2/inclusive_cache_bank_sched/directory/cc_dir/cc_dir_ext/mem_0_2    4022.6256     0.1       2.1168      0.0000    4020.5088 split_cc_dir_ext_ip_5
system/subsystem_l2_wrapper/l2/inclusive_cache_bank_sched/directory/cc_dir/cc_dir_ext/mem_0_3    4022.6256     0.1       2.1168      0.0000    4020.5088 split_cc_dir_ext_ip_4
system/subsystem_l2_wrapper/l2/inclusive_cache_bank_sched/directory/cc_dir/cc_dir_ext/mem_0_4    4022.6256     0.1       2.1168      0.0000    4020.5088 split_cc_dir_ext_ip_3
system/subsystem_l2_wrapper/l2/inclusive_cache_bank_sched/directory/cc_dir/cc_dir_ext/mem_0_5    4022.6256     0.1       2.1168      0.0000    4020.5088 split_cc_dir_ext_ip_2
system/subsystem_l2_wrapper/l2/inclusive_cache_bank_sched/directory/cc_dir/cc_dir_ext/mem_0_6    4022.6256     0.1       2.1168      0.0000    4020.5088 split_cc_dir_ext_ip_1
system/subsystem_l2_wrapper/l2/inclusive_cache_bank_sched/directory/cc_dir/cc_dir_ext/mem_0_7    4022.6256     0.1       2.1168      0.0000    4020.5088 split_cc_dir_ext_ip_0
system/subsystem_l2_wrapper/l2/inclusive_cache_bank_sched/directory/victimLFSR_prng     119.4816     0.0      44.2176     75.2640       0.0000 MaxPeriodFibonacciLFSR_1
system/subsystem_l2_wrapper/l2/inclusive_cache_bank_sched/directory/write     224.6160     0.0       4.7040     12.4656       0.0000 Queue_61
system/subsystem_l2_wrapper/l2/inclusive_cache_bank_sched/directory/write/ram_ext     207.4464     0.0      71.0304    136.4160       0.0000 ram_combMem_10
system/subsystem_l2_wrapper/l2/inclusive_cache_bank_sched/requests   16649.8081     0.5     496.9776    301.0560       0.0000 ListBuffer_2
system/subsystem_l2_wrapper/l2/inclusive_cache_bank_sched/requests/data_ext   10771.9249     0.3    4976.5969   5795.3280       0.0000 data_combMem
system/subsystem_l2_wrapper/l2/inclusive_cache_bank_sched/requests/head_ext    1995.4368     0.1    1148.7168    846.7200       0.0000 head_combMem_0
system/subsystem_l2_wrapper/l2/inclusive_cache_bank_sched/requests/next_ext    1218.3360     0.0     559.7760    658.5600       0.0000 next_combMem_0
system/subsystem_l2_wrapper/l2/inclusive_cache_bank_sched/requests/tail_ext    1866.0768     0.1    1019.3568    846.7200       0.0000 tail_combMem_0
system/subsystem_l2_wrapper/l2/inclusive_cache_bank_sched/sinkA   59467.4977     1.8     482.6304    235.6704       0.0000 SinkA
system/subsystem_l2_wrapper/l2/inclusive_cache_bank_sched/sinkA/putbuffer   58749.1969     1.7     660.9120    376.3200       0.0000 ListBuffer
system/subsystem_l2_wrapper/l2/inclusive_cache_bank_sched/sinkA/putbuffer/data_ext   50382.1921     1.5   22359.9938  28022.1983       0.0000 data_combMem_1
system/subsystem_l2_wrapper/l2/inclusive_cache_bank_sched/sinkA/putbuffer/head_ext    2451.9600     0.1    1323.0000   1128.9600       0.0000 head_combMem_1
system/subsystem_l2_wrapper/l2/inclusive_cache_bank_sched/sinkA/putbuffer/next_ext    2421.3840     0.1     979.1376   1442.2464       0.0000 next_combMem_1
system/subsystem_l2_wrapper/l2/inclusive_cache_bank_sched/sinkA/putbuffer/tail_ext    2456.4288     0.1    1213.1616   1243.2672       0.0000 tail_combMem_1
system/subsystem_l2_wrapper/l2/inclusive_cache_bank_sched/sinkC   13234.4688     0.4     421.2432    679.0224       0.0000 SinkC
system/subsystem_l2_wrapper/l2/inclusive_cache_bank_sched/sinkC/c    2670.4608     0.1      20.9328     14.1120       0.0000 Queue_57
system/subsystem_l2_wrapper/l2/inclusive_cache_bank_sched/sinkC/c/ram_ext    2635.4160     0.1    1158.3600   1477.0560       0.0000 ram_combMem_38
system/subsystem_l2_wrapper/l2/inclusive_cache_bank_sched/sinkC/io_bs_adr_q     106.7808     0.0       1.4112      4.7040       0.0000 Queue_58
system/subsystem_l2_wrapper/l2/inclusive_cache_bank_sched/sinkC/io_bs_adr_q/ram_ext     100.6656     0.0      34.8096     65.8560       0.0000 ram_combMem_8
system/subsystem_l2_wrapper/l2/inclusive_cache_bank_sched/sinkC/putbuffer    9356.9616     0.3     106.5456     47.0400       0.0000 ListBuffer_1
system/subsystem_l2_wrapper/l2/inclusive_cache_bank_sched/sinkC/putbuffer/data_ext    8849.8704     0.3    4032.9744   4816.8960       0.0000 data_combMem_0
system/subsystem_l2_wrapper/l2/inclusive_cache_bank_sched/sinkC/putbuffer/head_ext      61.1520     0.0      32.9280     28.2240       0.0000 head_combMem
system/subsystem_l2_wrapper/l2/inclusive_cache_bank_sched/sinkC/putbuffer/next_ext     230.4960     0.0     117.6000    112.8960       0.0000 next_combMem
system/subsystem_l2_wrapper/l2/inclusive_cache_bank_sched/sinkC/putbuffer/tail_ext      61.8576     0.0      33.6336     28.2240       0.0000 tail_combMem
system/subsystem_l2_wrapper/l2/inclusive_cache_bank_sched/sinkD    1473.2928     0.0      91.4928     47.0400       0.0000 SinkD
system/subsystem_l2_wrapper/l2/inclusive_cache_bank_sched/sinkD/d    1334.7600     0.0      19.9920     21.8736       0.0000 Queue_59_0
system/subsystem_l2_wrapper/l2/inclusive_cache_bank_sched/sinkD/d/ram_ext    1292.8944     0.0     568.4784    724.4160       0.0000 ram_combMem_15_0
system/subsystem_l2_wrapper/l2/inclusive_cache_bank_sched/sinkE       4.7040     0.0       4.7040      0.0000       0.0000 SinkE
system/subsystem_l2_wrapper/l2/inclusive_cache_bank_sched/sinkX     166.5216     0.0       0.0000      0.0000       0.0000 SinkX
system/subsystem_l2_wrapper/l2/inclusive_cache_bank_sched/sinkX/x     166.5216     0.0       4.7040      4.7040       0.0000 Queue_60
system/subsystem_l2_wrapper/l2/inclusive_cache_bank_sched/sinkX/x/ram_address_ext     157.1136     0.0      53.6256    103.4880       0.0000 ram_address_combMem
system/subsystem_l2_wrapper/l2/inclusive_cache_bank_sched/sourceA     540.7248     0.0       0.7056      0.0000       0.0000 SourceA
system/subsystem_l2_wrapper/l2/inclusive_cache_bank_sched/sourceA/io_a_q     540.0192     0.0      21.8736     29.8704       0.0000 Queue_52
system/subsystem_l2_wrapper/l2/inclusive_cache_bank_sched/sourceA/io_a_q/ram_ext     488.2752     0.0     215.4432    272.8320       0.0000 ram_combMem_27
system/subsystem_l2_wrapper/l2/inclusive_cache_bank_sched/sourceB     230.7312     0.0      65.8560    164.8752       0.0000 SourceB
system/subsystem_l2_wrapper/l2/inclusive_cache_bank_sched/sourceC   10239.9025     0.3     208.8576    584.7072       0.0000 SourceC
system/subsystem_l2_wrapper/l2/inclusive_cache_bank_sched/sourceC/queue    9446.3377     0.3      45.1584     42.3360       0.0000 Queue_53
system/subsystem_l2_wrapper/l2/inclusive_cache_bank_sched/sourceC/queue/ram_ext    9358.8433     0.3    4109.1793   5249.6640       0.0000 ram_combMem_24
system/subsystem_l2_wrapper/l2/inclusive_cache_bank_sched/sourceD   17260.1521     0.5    3834.4656   6988.2624       0.0000 SourceD
system/subsystem_l2_wrapper/l2/inclusive_cache_bank_sched/sourceD/atomics    2908.2481     0.1    2908.2481      0.0000       0.0000 Atomics
system/subsystem_l2_wrapper/l2/inclusive_cache_bank_sched/sourceD/queue    3529.1760     0.1     346.4496     23.5200       0.0000 Queue_54
system/subsystem_l2_wrapper/l2/inclusive_cache_bank_sched/sourceD/queue/ram_data_ext    3159.2064     0.1    1352.8704   1806.3360       0.0000 ram_data_combMem
system/subsystem_l2_wrapper/l2/inclusive_cache_bank_sched/sourceE     113.8368     0.0       0.0000      0.0000       0.0000 SourceE
system/subsystem_l2_wrapper/l2/inclusive_cache_bank_sched/sourceE/io_e_q     113.8368     0.0      31.5168     30.5760       0.0000 Queue_55
system/subsystem_l2_wrapper/l2/inclusive_cache_bank_sched/sourceE/io_e_q/ram_sink_ext      51.7440     0.0      23.5200     28.2240       0.0000 ram_sink_combMem
system/subsystem_l2_wrapper/l2/inclusive_cache_bank_sched/sourceX      15.7584     0.0       0.0000      0.0000       0.0000 SourceX
system/subsystem_l2_wrapper/l2/inclusive_cache_bank_sched/sourceX/io_x_q      15.7584     0.0       3.2928     12.4656       0.0000 Queue_56
system/subsystem_l2_wrapper/l2/out_back     223.4400     0.0       4.2336      4.7040       0.0000 Queue_51
system/subsystem_l2_wrapper/l2/out_back/ram_ext     214.5024     0.0      73.3824    141.1200       0.0000 ram_combMem_19
system/subsystem_mbus                5748.5232      0.2        0.0000       0.0000        0.0000  MemoryBus
system/subsystem_mbus/coupler_to_memory_controller_port_named_axi4    5409.6000     0.2     168.4032      0.0000       0.0000 TLInterconnectCoupler_17
system/subsystem_mbus/coupler_to_memory_controller_port_named_axi4/axi4index     240.8448     0.0     240.8448      0.0000       0.0000 AXI4IdIndexer
system/subsystem_mbus/coupler_to_memory_controller_port_named_axi4/axi4yank    3603.4992     0.1     716.6544      0.0000       0.0000 AXI4UserYanker
system/subsystem_mbus/coupler_to_memory_controller_port_named_axi4/axi4yank/Queue     164.1696     0.0      15.9936     14.1120       0.0000 Queue_17_7
system/subsystem_mbus/coupler_to_memory_controller_port_named_axi4/axi4yank/Queue/ram_ext     134.0640     0.0      58.8000     75.2640       0.0000 ram_combMem_7_7
system/subsystem_mbus/coupler_to_memory_controller_port_named_axi4/axi4yank/Queue_1     164.8752     0.0      16.6992     14.1120       0.0000 Queue_17_6
system/subsystem_mbus/coupler_to_memory_controller_port_named_axi4/axi4yank/Queue_1/ram_ext     134.0640     0.0      58.8000     75.2640       0.0000 ram_combMem_7_6
system/subsystem_mbus/coupler_to_memory_controller_port_named_axi4/axi4yank/Queue_10      65.3856     0.0       4.2336      4.7040       0.0000 Queue_21_17
system/subsystem_mbus/coupler_to_memory_controller_port_named_axi4/axi4yank/Queue_10/ram_ext      56.4480     0.0      18.8160     37.6320       0.0000 ram_combMem_6_17
system/subsystem_mbus/coupler_to_memory_controller_port_named_axi4/axi4yank/Queue_11      65.3856     0.0       4.2336      4.7040       0.0000 Queue_21_16
system/subsystem_mbus/coupler_to_memory_controller_port_named_axi4/axi4yank/Queue_11/ram_ext      56.4480     0.0      18.8160     37.6320       0.0000 ram_combMem_6_16
system/subsystem_mbus/coupler_to_memory_controller_port_named_axi4/axi4yank/Queue_12      65.3856     0.0       4.2336      4.7040       0.0000 Queue_21_15
system/subsystem_mbus/coupler_to_memory_controller_port_named_axi4/axi4yank/Queue_12/ram_ext      56.4480     0.0      18.8160     37.6320       0.0000 ram_combMem_6_15
system/subsystem_mbus/coupler_to_memory_controller_port_named_axi4/axi4yank/Queue_13      65.3856     0.0       4.2336      4.7040       0.0000 Queue_21_14
system/subsystem_mbus/coupler_to_memory_controller_port_named_axi4/axi4yank/Queue_13/ram_ext      56.4480     0.0      18.8160     37.6320       0.0000 ram_combMem_6_14
system/subsystem_mbus/coupler_to_memory_controller_port_named_axi4/axi4yank/Queue_14      65.3856     0.0       4.2336      4.7040       0.0000 Queue_21_13
system/subsystem_mbus/coupler_to_memory_controller_port_named_axi4/axi4yank/Queue_14/ram_ext      56.4480     0.0      18.8160     37.6320       0.0000 ram_combMem_6_13
system/subsystem_mbus/coupler_to_memory_controller_port_named_axi4/axi4yank/Queue_15      65.3856     0.0       4.2336      4.7040       0.0000 Queue_21_12
system/subsystem_mbus/coupler_to_memory_controller_port_named_axi4/axi4yank/Queue_15/ram_ext      56.4480     0.0      18.8160     37.6320       0.0000 ram_combMem_6_12
system/subsystem_mbus/coupler_to_memory_controller_port_named_axi4/axi4yank/Queue_16     164.8752     0.0      16.6992     14.1120       0.0000 Queue_17_3
system/subsystem_mbus/coupler_to_memory_controller_port_named_axi4/axi4yank/Queue_16/ram_ext     134.0640     0.0      58.8000     75.2640       0.0000 ram_combMem_7_3
system/subsystem_mbus/coupler_to_memory_controller_port_named_axi4/axi4yank/Queue_17     164.8752     0.0      16.6992     14.1120       0.0000 Queue_17_2
system/subsystem_mbus/coupler_to_memory_controller_port_named_axi4/axi4yank/Queue_17/ram_ext     134.0640     0.0      58.8000     75.2640       0.0000 ram_combMem_7_2
system/subsystem_mbus/coupler_to_memory_controller_port_named_axi4/axi4yank/Queue_18     164.8752     0.0      16.6992     14.1120       0.0000 Queue_17_1
system/subsystem_mbus/coupler_to_memory_controller_port_named_axi4/axi4yank/Queue_18/ram_ext     134.0640     0.0      58.8000     75.2640       0.0000 ram_combMem_7_1
system/subsystem_mbus/coupler_to_memory_controller_port_named_axi4/axi4yank/Queue_19     164.1696     0.0      15.9936     14.1120       0.0000 Queue_17_0
system/subsystem_mbus/coupler_to_memory_controller_port_named_axi4/axi4yank/Queue_19/ram_ext     134.0640     0.0      58.8000     75.2640       0.0000 ram_combMem_7_0
system/subsystem_mbus/coupler_to_memory_controller_port_named_axi4/axi4yank/Queue_2     164.8752     0.0      16.6992     14.1120       0.0000 Queue_17_5
system/subsystem_mbus/coupler_to_memory_controller_port_named_axi4/axi4yank/Queue_2/ram_ext     134.0640     0.0      58.8000     75.2640       0.0000 ram_combMem_7_5
system/subsystem_mbus/coupler_to_memory_controller_port_named_axi4/axi4yank/Queue_20      65.3856     0.0       4.2336      4.7040       0.0000 Queue_21_11
system/subsystem_mbus/coupler_to_memory_controller_port_named_axi4/axi4yank/Queue_20/ram_ext      56.4480     0.0      18.8160     37.6320       0.0000 ram_combMem_6_11
system/subsystem_mbus/coupler_to_memory_controller_port_named_axi4/axi4yank/Queue_21      65.3856     0.0       4.2336      4.7040       0.0000 Queue_21_10
system/subsystem_mbus/coupler_to_memory_controller_port_named_axi4/axi4yank/Queue_21/ram_ext      56.4480     0.0      18.8160     37.6320       0.0000 ram_combMem_6_10
system/subsystem_mbus/coupler_to_memory_controller_port_named_axi4/axi4yank/Queue_22      65.3856     0.0       4.2336      4.7040       0.0000 Queue_21_9
system/subsystem_mbus/coupler_to_memory_controller_port_named_axi4/axi4yank/Queue_22/ram_ext      56.4480     0.0      18.8160     37.6320       0.0000 ram_combMem_6_9
system/subsystem_mbus/coupler_to_memory_controller_port_named_axi4/axi4yank/Queue_23      65.3856     0.0       4.2336      4.7040       0.0000 Queue_21_8
system/subsystem_mbus/coupler_to_memory_controller_port_named_axi4/axi4yank/Queue_23/ram_ext      56.4480     0.0      18.8160     37.6320       0.0000 ram_combMem_6_8
system/subsystem_mbus/coupler_to_memory_controller_port_named_axi4/axi4yank/Queue_24      65.3856     0.0       4.2336      4.7040       0.0000 Queue_21_7
system/subsystem_mbus/coupler_to_memory_controller_port_named_axi4/axi4yank/Queue_24/ram_ext      56.4480     0.0      18.8160     37.6320       0.0000 ram_combMem_6_7
system/subsystem_mbus/coupler_to_memory_controller_port_named_axi4/axi4yank/Queue_25      65.3856     0.0       4.2336      4.7040       0.0000 Queue_21_6
system/subsystem_mbus/coupler_to_memory_controller_port_named_axi4/axi4yank/Queue_25/ram_ext      56.4480     0.0      18.8160     37.6320       0.0000 ram_combMem_6_6
system/subsystem_mbus/coupler_to_memory_controller_port_named_axi4/axi4yank/Queue_26      65.3856     0.0       4.2336      4.7040       0.0000 Queue_21_5
system/subsystem_mbus/coupler_to_memory_controller_port_named_axi4/axi4yank/Queue_26/ram_ext      56.4480     0.0      18.8160     37.6320       0.0000 ram_combMem_6_5
system/subsystem_mbus/coupler_to_memory_controller_port_named_axi4/axi4yank/Queue_27      65.3856     0.0       4.2336      4.7040       0.0000 Queue_21_4
system/subsystem_mbus/coupler_to_memory_controller_port_named_axi4/axi4yank/Queue_27/ram_ext      56.4480     0.0      18.8160     37.6320       0.0000 ram_combMem_6_4
system/subsystem_mbus/coupler_to_memory_controller_port_named_axi4/axi4yank/Queue_28      65.3856     0.0       4.2336      4.7040       0.0000 Queue_21_3
system/subsystem_mbus/coupler_to_memory_controller_port_named_axi4/axi4yank/Queue_28/ram_ext      56.4480     0.0      18.8160     37.6320       0.0000 ram_combMem_6_3
system/subsystem_mbus/coupler_to_memory_controller_port_named_axi4/axi4yank/Queue_29      65.3856     0.0       4.2336      4.7040       0.0000 Queue_21_2
system/subsystem_mbus/coupler_to_memory_controller_port_named_axi4/axi4yank/Queue_29/ram_ext      56.4480     0.0      18.8160     37.6320       0.0000 ram_combMem_6_2
system/subsystem_mbus/coupler_to_memory_controller_port_named_axi4/axi4yank/Queue_3     164.8752     0.0      16.6992     14.1120       0.0000 Queue_17_4
system/subsystem_mbus/coupler_to_memory_controller_port_named_axi4/axi4yank/Queue_3/ram_ext     134.0640     0.0      58.8000     75.2640       0.0000 ram_combMem_7_4
system/subsystem_mbus/coupler_to_memory_controller_port_named_axi4/axi4yank/Queue_30      65.3856     0.0       4.2336      4.7040       0.0000 Queue_21_1
system/subsystem_mbus/coupler_to_memory_controller_port_named_axi4/axi4yank/Queue_30/ram_ext      56.4480     0.0      18.8160     37.6320       0.0000 ram_combMem_6_1
system/subsystem_mbus/coupler_to_memory_controller_port_named_axi4/axi4yank/Queue_31      65.3856     0.0       4.2336      4.7040       0.0000 Queue_21_0
system/subsystem_mbus/coupler_to_memory_controller_port_named_axi4/axi4yank/Queue_31/ram_ext      56.4480     0.0      18.8160     37.6320       0.0000 ram_combMem_6_0
system/subsystem_mbus/coupler_to_memory_controller_port_named_axi4/axi4yank/Queue_4      65.3856     0.0       4.2336      4.7040       0.0000 Queue_21_23
system/subsystem_mbus/coupler_to_memory_controller_port_named_axi4/axi4yank/Queue_4/ram_ext      56.4480     0.0      18.8160     37.6320       0.0000 ram_combMem_6_23
system/subsystem_mbus/coupler_to_memory_controller_port_named_axi4/axi4yank/Queue_5      65.3856     0.0       4.2336      4.7040       0.0000 Queue_21_22
system/subsystem_mbus/coupler_to_memory_controller_port_named_axi4/axi4yank/Queue_5/ram_ext      56.4480     0.0      18.8160     37.6320       0.0000 ram_combMem_6_22
system/subsystem_mbus/coupler_to_memory_controller_port_named_axi4/axi4yank/Queue_6      65.3856     0.0       4.2336      4.7040       0.0000 Queue_21_21
system/subsystem_mbus/coupler_to_memory_controller_port_named_axi4/axi4yank/Queue_6/ram_ext      56.4480     0.0      18.8160     37.6320       0.0000 ram_combMem_6_21
system/subsystem_mbus/coupler_to_memory_controller_port_named_axi4/axi4yank/Queue_7      65.3856     0.0       4.2336      4.7040       0.0000 Queue_21_20
system/subsystem_mbus/coupler_to_memory_controller_port_named_axi4/axi4yank/Queue_7/ram_ext      56.4480     0.0      18.8160     37.6320       0.0000 ram_combMem_6_20
system/subsystem_mbus/coupler_to_memory_controller_port_named_axi4/axi4yank/Queue_8      65.3856     0.0       4.2336      4.7040       0.0000 Queue_21_19
system/subsystem_mbus/coupler_to_memory_controller_port_named_axi4/axi4yank/Queue_8/ram_ext      56.4480     0.0      18.8160     37.6320       0.0000 ram_combMem_6_19
system/subsystem_mbus/coupler_to_memory_controller_port_named_axi4/axi4yank/Queue_9      65.3856     0.0       4.2336      4.7040       0.0000 Queue_21_18
system/subsystem_mbus/coupler_to_memory_controller_port_named_axi4/axi4yank/Queue_9/ram_ext      56.4480     0.0      18.8160     37.6320       0.0000 ram_combMem_6_18
system/subsystem_mbus/coupler_to_memory_controller_port_named_axi4/tl2axi4    1396.8528     0.0     422.6544    142.7664       0.0000 TLToAXI4
system/subsystem_mbus/coupler_to_memory_controller_port_named_axi4/tl2axi4/deq     531.3168     0.0       4.9392      4.7040       0.0000 Queue_49
system/subsystem_mbus/coupler_to_memory_controller_port_named_axi4/tl2axi4/deq/ram_ext     521.6736     0.0     178.2816    343.3920       0.0000 ram_combMem_13
system/subsystem_mbus/coupler_to_memory_controller_port_named_axi4/tl2axi4/queue_arw_deq     300.1152     0.0       4.9392      4.7040       0.0000 Queue_50
system/subsystem_mbus/coupler_to_memory_controller_port_named_axi4/tl2axi4/queue_arw_deq/ram_ext     290.4720     0.0      97.6080    192.8640       0.0000 ram_combMem_12
system/subsystem_mbus/fixedClockNode       2.1168     0.0       2.1168      0.0000        0.0000  FixedClockBroadcast_1_0
system/subsystem_mbus/fixer           168.4032      0.0      168.4032       0.0000        0.0000  TLFIFOFixer_4
system/subsystem_mbus/picker          168.4032      0.0      168.4032       0.0000        0.0000  ProbePicker
system/subsystem_pbus               11111.5536      0.3      269.5392     301.0560        0.0000  PeripheryBus
system/subsystem_pbus/atomics        3149.3280      0.1     2321.1888     828.1392        0.0000  TLAtomicAutomata
system/subsystem_pbus/buffer         2916.2448      0.1        0.0000       0.0000        0.0000  TLBuffer
system/subsystem_pbus/buffer/bundleIn_0_d_q    1290.3072     0.0      16.4640     14.1120       0.0000 Queue_1_2
system/subsystem_pbus/buffer/bundleIn_0_d_q/ram_ext    1259.7312     0.0     554.1312    705.6000       0.0000 ram_combMem_16_2
system/subsystem_pbus/buffer/x1_a_q    1625.9376     0.0      16.4640      14.1120        0.0000  Queue_2
system/subsystem_pbus/buffer/x1_a_q/ram_ext    1595.3616     0.0     701.6016    893.7600       0.0000 ram_combMem_29_1
system/subsystem_pbus/buffer_1       3017.1456      0.1        0.0000       0.0000        0.0000  TLBuffer_1
system/subsystem_pbus/buffer_1/bundleIn_0_d_q    1290.3072     0.0      16.4640     14.1120       0.0000 Queue_1_1
system/subsystem_pbus/buffer_1/bundleIn_0_d_q/ram_ext    1259.7312     0.0     554.1312    705.6000       0.0000 ram_combMem_16_1
system/subsystem_pbus/buffer_1/x1_a_q    1726.8384     0.1      16.4640     14.1120       0.0000  Queue_0
system/subsystem_pbus/buffer_1/x1_a_q/ram_ext    1696.2624     0.1     746.0544    950.2080       0.0000 ram_combMem_29_0
system/subsystem_pbus/coupler_to_bootaddressreg     467.1072     0.0       0.0000      0.0000       0.0000 TLInterconnectCoupler_4
system/subsystem_pbus/coupler_to_bootaddressreg/fragmenter     467.1072     0.0     215.6784     42.3360       0.0000 TLFragmenter
system/subsystem_pbus/coupler_to_bootaddressreg/fragmenter/repeater     209.0928     0.0      64.6800    144.4128       0.0000 Repeater_2
system/subsystem_pbus/coupler_to_device_named_uart_0     420.5376     0.0       0.0000      0.0000       0.0000 TLInterconnectCoupler_5
system/subsystem_pbus/coupler_to_device_named_uart_0/fragmenter     420.5376     0.0     169.1088     42.3360       0.0000 TLFragmenter_1
system/subsystem_pbus/coupler_to_device_named_uart_0/fragmenter/repeater     209.0928     0.0      64.6800    144.4128       0.0000 Repeater_3
system/subsystem_pbus/fixedClockNode       1.8816     0.0       1.8816      0.0000        0.0000  FixedClockBroadcast_1_1
system/subsystem_pbus/fixer           163.6992      0.0      163.6992       0.0000        0.0000  TLFIFOFixer_1
system/subsystem_pbus/out_xbar        405.0144      0.0      376.7904      28.2240        0.0000  TLXbar_2
system/subsystem_sbus                8644.3056      0.3        1.8816       0.0000        0.0000  SystemBus
system/subsystem_sbus/coupler_from_bus_named_subsystem_fbus    2007.9024     0.1       0.0000      0.0000       0.0000 TLInterconnectCoupler_1
system/subsystem_sbus/coupler_from_bus_named_subsystem_fbus/widget    2007.9024     0.1     797.0928    459.1104       0.0000 TLWidthWidget_1
system/subsystem_sbus/coupler_from_bus_named_subsystem_fbus/widget/repeated_repeater     751.6992     0.0     219.9120    531.7872       0.0000 Repeater_1
system/subsystem_sbus/coupler_to_bus_named_subsystem_cbus    2041.3008     0.1       0.0000      0.0000       0.0000 TLInterconnectCoupler
system/subsystem_sbus/coupler_to_bus_named_subsystem_cbus/widget    2041.3008     0.1     604.6992    319.8720       0.0000 TLWidthWidget
system/subsystem_sbus/coupler_to_bus_named_subsystem_cbus/widget/repeated_repeater    1116.7296     0.0     324.5760    792.1536       0.0000 Repeater
system/subsystem_sbus/fixedClockNode       1.8816     0.0       1.8816      0.0000        0.0000  FixedClockBroadcast
system/subsystem_sbus/fixer          1165.6512      0.0     1165.6512       0.0000        0.0000  TLFIFOFixer
system/subsystem_sbus/system_bus_xbar    3425.6880     0.1    3077.5920    348.0960       0.0000  TLXbar
system/tile_prci_domain           2574808.9903     76.6        0.0000       0.0000        0.0000  TilePRCIDomain
system/tile_prci_domain/buffer      15105.2496      0.4        2.8224       0.0000        0.0000  TLBuffer_15
system/tile_prci_domain/buffer/bundleIn_0_d_q    2313.1920     0.1      16.4640     14.1120       0.0000 Queue_83_1
system/tile_prci_domain/buffer/bundleIn_0_d_q/ram_ext    2282.6160     0.1    1003.1280   1279.4880       0.0000 ram_combMem_34_1
system/tile_prci_domain/buffer/bundleIn_1_d_q      79.4976     0.0      13.6416     14.1120       0.0000 Queue_83_0
system/tile_prci_domain/buffer/bundleIn_1_d_q/ram_ext      51.7440     0.0      23.5200     28.2240       0.0000 ram_combMem_34_0
system/tile_prci_domain/buffer/bundleIn_2_b_q     433.7088     0.0      16.4640     14.1120       0.0000 Queue_88
system/tile_prci_domain/buffer/bundleIn_2_b_q/ram_ext     403.1328     0.0     177.3408    225.7920       0.0000 ram_combMem_39
system/tile_prci_domain/buffer/bundleIn_2_d_q    2447.7264     0.1      16.4640     14.1120       0.0000 Queue_87
system/tile_prci_domain/buffer/bundleIn_2_d_q/ram_ext    2417.1504     0.1    1062.3984   1354.7520       0.0000 ram_combMem_33
system/tile_prci_domain/buffer/bundleOut_1_a_q    3037.6080     0.1      19.7568     14.1120       0.0000 Queue_82_0
system/tile_prci_domain/buffer/bundleOut_1_a_q/ram_ext    3003.7392     0.1    1319.7072   1684.0320       0.0000 ram_combMem_41_0
system/tile_prci_domain/buffer/bundleOut_2_a_q    3138.2736     0.1      18.8160     14.1120       0.0000 Queue_86
system/tile_prci_domain/buffer/bundleOut_2_a_q/ram_ext    3105.3456     0.1    1364.8656   1740.4800       0.0000 ram_combMem_40
system/tile_prci_domain/buffer/bundleOut_2_c_q    2665.7568     0.1      16.4640     14.1120       0.0000 Queue_89
system/tile_prci_domain/buffer/bundleOut_2_c_q/ram_ext    2635.1808     0.1    1158.1248   1477.0560       0.0000 ram_combMem_37
system/tile_prci_domain/buffer/bundleOut_2_e_q      95.9616     0.0      13.6416     14.1120       0.0000 Queue_90
system/tile_prci_domain/buffer/bundleOut_2_e_q/ram_sink_ext      68.2080     0.0      30.5760     37.6320       0.0000 ram_sink_combMem_0
system/tile_prci_domain/buffer/x1_a_q     890.7024     0.0      19.5216     14.3472       0.0000  Queue_82_1
system/tile_prci_domain/buffer/x1_a_q/ram_ext     856.8336     0.0     377.0256    479.8080       0.0000 ram_combMem_41_1
system/tile_prci_domain/intsink        14.1120      0.0        0.0000       0.0000        0.0000  IntSyncAsyncCrossingSink
system/tile_prci_domain/intsink/chain      14.1120     0.0       0.0000      0.0000       0.0000  SynchronizerShiftReg_w1_d3
system/tile_prci_domain/intsink/chain/output_chain      14.1120     0.0       0.0000     14.1120       0.0000 NonSyncResetSynchronizerPrimitiveShiftReg_d3
system/tile_prci_domain/intsink_1       1.8816      0.0        1.8816       0.0000        0.0000  IntSyncSyncCrossingSink
system/tile_prci_domain/intsink_2       0.9408      0.0        0.9408       0.0000        0.0000  IntSyncSyncCrossingSink_1_1
system/tile_prci_domain/intsink_3       0.9408      0.0        0.9408       0.0000        0.0000  IntSyncSyncCrossingSink_1_0
system/tile_prci_domain/tile_reset_domain_tile 2559685.8655    76.1       3.2928      0.0000       0.0000 RocketTile
system/tile_prci_domain/tile_reset_domain_tile/cmdRouter    1848.4368     0.1       5.4096      0.0000       0.0000 RoccCommandRouter
system/tile_prci_domain/tile_reset_domain_tile/cmdRouter/cmd    1843.0272     0.1      16.4640     14.1120       0.0000 Queue_79
system/tile_prci_domain/tile_reset_domain_tile/cmdRouter/cmd/ram_ext    1812.4512     0.1     796.3872   1016.0640       0.0000 ram_combMem_43
system/tile_prci_domain/tile_reset_domain_tile/core   54056.4867     1.6    5920.4545   4192.2048       0.0000 Rocket
system/tile_prci_domain/tile_reset_domain_tile/core/alu    2410.0944     0.1    2410.0944      0.0000       0.0000 ALU_26
system/tile_prci_domain/tile_reset_domain_tile/core/bpu     507.0912     0.0     507.0912      0.0000       0.0000 BreakpointUnit
system/tile_prci_domain/tile_reset_domain_tile/core/csr   11689.2049     0.3    6782.9329   4906.2720       0.0000 CSRFile
system/tile_prci_domain/tile_reset_domain_tile/core/div    9164.8033     0.3    8144.7409   1020.0624       0.0000 MulDiv
system/tile_prci_domain/tile_reset_domain_tile/core/ibuf    1132.9584     0.0     447.5856    338.6880       0.0000 IBuf
system/tile_prci_domain/tile_reset_domain_tile/core/ibuf/exp     346.6848     0.0     346.6848      0.0000       0.0000 RVCExpander
system/tile_prci_domain/tile_reset_domain_tile/core/rf_ext   19039.6753     0.6    9706.9393   9332.7360       0.0000 rf_combMem
system/tile_prci_domain/tile_reset_domain_tile/dcache  197163.6926     5.9    9264.2929  12959.2847       0.0000 DCache
system/tile_prci_domain/tile_reset_domain_tile/dcache/amoalus_0    1327.7040     0.0    1327.7040      0.0000       0.0000 AMOALU
system/tile_prci_domain/tile_reset_domain_tile/dcache/data  158548.3217     4.7      42.3360      0.0000       0.0000 DCacheDataArray
system/tile_prci_domain/tile_reset_domain_tile/dcache/data/data_arrays_0   79252.9929     2.4       0.0000      0.0000       0.0000 data_arrays_0
system/tile_prci_domain/tile_reset_domain_tile/dcache/data/data_arrays_0/data_arrays_0_ext   79252.9929     2.4      28.2240      0.0000       0.0000 data_arrays_0_ext_1
system/tile_prci_domain/tile_reset_domain_tile/dcache/data/data_arrays_0/data_arrays_0_ext/mem_0_0    2475.7740     0.1       2.1168      0.0000    2473.6572 split_data_arrays_0_ext_ip_63
system/tile_prci_domain/tile_reset_domain_tile/dcache/data/data_arrays_0/data_arrays_0_ext/mem_0_1    2475.7740     0.1       2.1168      0.0000    2473.6572 split_data_arrays_0_ext_ip_62
system/tile_prci_domain/tile_reset_domain_tile/dcache/data/data_arrays_0/data_arrays_0_ext/mem_0_10    2475.7740     0.1       2.1168      0.0000    2473.6572 split_data_arrays_0_ext_ip_53
system/tile_prci_domain/tile_reset_domain_tile/dcache/data/data_arrays_0/data_arrays_0_ext/mem_0_11    2475.7740     0.1       2.1168      0.0000    2473.6572 split_data_arrays_0_ext_ip_52
system/tile_prci_domain/tile_reset_domain_tile/dcache/data/data_arrays_0/data_arrays_0_ext/mem_0_12    2475.7740     0.1       2.1168      0.0000    2473.6572 split_data_arrays_0_ext_ip_51
system/tile_prci_domain/tile_reset_domain_tile/dcache/data/data_arrays_0/data_arrays_0_ext/mem_0_13    2475.7740     0.1       2.1168      0.0000    2473.6572 split_data_arrays_0_ext_ip_50
system/tile_prci_domain/tile_reset_domain_tile/dcache/data/data_arrays_0/data_arrays_0_ext/mem_0_14    2475.7740     0.1       2.1168      0.0000    2473.6572 split_data_arrays_0_ext_ip_49
system/tile_prci_domain/tile_reset_domain_tile/dcache/data/data_arrays_0/data_arrays_0_ext/mem_0_15    2475.7740     0.1       2.1168      0.0000    2473.6572 split_data_arrays_0_ext_ip_48
system/tile_prci_domain/tile_reset_domain_tile/dcache/data/data_arrays_0/data_arrays_0_ext/mem_0_16    2475.7740     0.1       2.1168      0.0000    2473.6572 split_data_arrays_0_ext_ip_47
system/tile_prci_domain/tile_reset_domain_tile/dcache/data/data_arrays_0/data_arrays_0_ext/mem_0_17    2475.7740     0.1       2.1168      0.0000    2473.6572 split_data_arrays_0_ext_ip_46
system/tile_prci_domain/tile_reset_domain_tile/dcache/data/data_arrays_0/data_arrays_0_ext/mem_0_18    2475.7740     0.1       2.1168      0.0000    2473.6572 split_data_arrays_0_ext_ip_45
system/tile_prci_domain/tile_reset_domain_tile/dcache/data/data_arrays_0/data_arrays_0_ext/mem_0_19    2475.7740     0.1       2.1168      0.0000    2473.6572 split_data_arrays_0_ext_ip_44
system/tile_prci_domain/tile_reset_domain_tile/dcache/data/data_arrays_0/data_arrays_0_ext/mem_0_2    2475.7740     0.1       2.1168      0.0000    2473.6572 split_data_arrays_0_ext_ip_61
system/tile_prci_domain/tile_reset_domain_tile/dcache/data/data_arrays_0/data_arrays_0_ext/mem_0_20    2475.7740     0.1       2.1168      0.0000    2473.6572 split_data_arrays_0_ext_ip_43
system/tile_prci_domain/tile_reset_domain_tile/dcache/data/data_arrays_0/data_arrays_0_ext/mem_0_21    2475.7740     0.1       2.1168      0.0000    2473.6572 split_data_arrays_0_ext_ip_42
system/tile_prci_domain/tile_reset_domain_tile/dcache/data/data_arrays_0/data_arrays_0_ext/mem_0_22    2475.7740     0.1       2.1168      0.0000    2473.6572 split_data_arrays_0_ext_ip_41
system/tile_prci_domain/tile_reset_domain_tile/dcache/data/data_arrays_0/data_arrays_0_ext/mem_0_23    2475.7740     0.1       2.1168      0.0000    2473.6572 split_data_arrays_0_ext_ip_40
system/tile_prci_domain/tile_reset_domain_tile/dcache/data/data_arrays_0/data_arrays_0_ext/mem_0_24    2475.7740     0.1       2.1168      0.0000    2473.6572 split_data_arrays_0_ext_ip_39
system/tile_prci_domain/tile_reset_domain_tile/dcache/data/data_arrays_0/data_arrays_0_ext/mem_0_25    2475.7740     0.1       2.1168      0.0000    2473.6572 split_data_arrays_0_ext_ip_38
system/tile_prci_domain/tile_reset_domain_tile/dcache/data/data_arrays_0/data_arrays_0_ext/mem_0_26    2475.7740     0.1       2.1168      0.0000    2473.6572 split_data_arrays_0_ext_ip_37
system/tile_prci_domain/tile_reset_domain_tile/dcache/data/data_arrays_0/data_arrays_0_ext/mem_0_27    2475.7740     0.1       2.1168      0.0000    2473.6572 split_data_arrays_0_ext_ip_36
system/tile_prci_domain/tile_reset_domain_tile/dcache/data/data_arrays_0/data_arrays_0_ext/mem_0_28    2475.7740     0.1       2.1168      0.0000    2473.6572 split_data_arrays_0_ext_ip_35
system/tile_prci_domain/tile_reset_domain_tile/dcache/data/data_arrays_0/data_arrays_0_ext/mem_0_29    2475.7740     0.1       2.1168      0.0000    2473.6572 split_data_arrays_0_ext_ip_34
system/tile_prci_domain/tile_reset_domain_tile/dcache/data/data_arrays_0/data_arrays_0_ext/mem_0_3    2475.7740     0.1       2.1168      0.0000    2473.6572 split_data_arrays_0_ext_ip_60
system/tile_prci_domain/tile_reset_domain_tile/dcache/data/data_arrays_0/data_arrays_0_ext/mem_0_30    2475.7740     0.1       2.1168      0.0000    2473.6572 split_data_arrays_0_ext_ip_33
system/tile_prci_domain/tile_reset_domain_tile/dcache/data/data_arrays_0/data_arrays_0_ext/mem_0_31    2475.7740     0.1       2.1168      0.0000    2473.6572 split_data_arrays_0_ext_ip_32
system/tile_prci_domain/tile_reset_domain_tile/dcache/data/data_arrays_0/data_arrays_0_ext/mem_0_4    2475.7740     0.1       2.1168      0.0000    2473.6572 split_data_arrays_0_ext_ip_59
system/tile_prci_domain/tile_reset_domain_tile/dcache/data/data_arrays_0/data_arrays_0_ext/mem_0_5    2475.7740     0.1       2.1168      0.0000    2473.6572 split_data_arrays_0_ext_ip_58
system/tile_prci_domain/tile_reset_domain_tile/dcache/data/data_arrays_0/data_arrays_0_ext/mem_0_6    2475.7740     0.1       2.1168      0.0000    2473.6572 split_data_arrays_0_ext_ip_57
system/tile_prci_domain/tile_reset_domain_tile/dcache/data/data_arrays_0/data_arrays_0_ext/mem_0_7    2475.7740     0.1       2.1168      0.0000    2473.6572 split_data_arrays_0_ext_ip_56
system/tile_prci_domain/tile_reset_domain_tile/dcache/data/data_arrays_0/data_arrays_0_ext/mem_0_8    2475.7740     0.1       2.1168      0.0000    2473.6572 split_data_arrays_0_ext_ip_55
system/tile_prci_domain/tile_reset_domain_tile/dcache/data/data_arrays_0/data_arrays_0_ext/mem_0_9    2475.7740     0.1       2.1168      0.0000    2473.6572 split_data_arrays_0_ext_ip_54
system/tile_prci_domain/tile_reset_domain_tile/dcache/data/data_arrays_1   79252.9929     2.4       0.0000      0.0000       0.0000 data_arrays_1
system/tile_prci_domain/tile_reset_domain_tile/dcache/data/data_arrays_1/data_arrays_0_ext   79252.9929     2.4      28.2240      0.0000       0.0000 data_arrays_0_ext_0
system/tile_prci_domain/tile_reset_domain_tile/dcache/data/data_arrays_1/data_arrays_0_ext/mem_0_0    2475.7740     0.1       2.1168      0.0000    2473.6572 split_data_arrays_0_ext_ip_31
system/tile_prci_domain/tile_reset_domain_tile/dcache/data/data_arrays_1/data_arrays_0_ext/mem_0_1    2475.7740     0.1       2.1168      0.0000    2473.6572 split_data_arrays_0_ext_ip_30
system/tile_prci_domain/tile_reset_domain_tile/dcache/data/data_arrays_1/data_arrays_0_ext/mem_0_10    2475.7740     0.1       2.1168      0.0000    2473.6572 split_data_arrays_0_ext_ip_21
system/tile_prci_domain/tile_reset_domain_tile/dcache/data/data_arrays_1/data_arrays_0_ext/mem_0_11    2475.7740     0.1       2.1168      0.0000    2473.6572 split_data_arrays_0_ext_ip_20
system/tile_prci_domain/tile_reset_domain_tile/dcache/data/data_arrays_1/data_arrays_0_ext/mem_0_12    2475.7740     0.1       2.1168      0.0000    2473.6572 split_data_arrays_0_ext_ip_19
system/tile_prci_domain/tile_reset_domain_tile/dcache/data/data_arrays_1/data_arrays_0_ext/mem_0_13    2475.7740     0.1       2.1168      0.0000    2473.6572 split_data_arrays_0_ext_ip_18
system/tile_prci_domain/tile_reset_domain_tile/dcache/data/data_arrays_1/data_arrays_0_ext/mem_0_14    2475.7740     0.1       2.1168      0.0000    2473.6572 split_data_arrays_0_ext_ip_17
system/tile_prci_domain/tile_reset_domain_tile/dcache/data/data_arrays_1/data_arrays_0_ext/mem_0_15    2475.7740     0.1       2.1168      0.0000    2473.6572 split_data_arrays_0_ext_ip_16
system/tile_prci_domain/tile_reset_domain_tile/dcache/data/data_arrays_1/data_arrays_0_ext/mem_0_16    2475.7740     0.1       2.1168      0.0000    2473.6572 split_data_arrays_0_ext_ip_15
system/tile_prci_domain/tile_reset_domain_tile/dcache/data/data_arrays_1/data_arrays_0_ext/mem_0_17    2475.7740     0.1       2.1168      0.0000    2473.6572 split_data_arrays_0_ext_ip_14
system/tile_prci_domain/tile_reset_domain_tile/dcache/data/data_arrays_1/data_arrays_0_ext/mem_0_18    2475.7740     0.1       2.1168      0.0000    2473.6572 split_data_arrays_0_ext_ip_13
system/tile_prci_domain/tile_reset_domain_tile/dcache/data/data_arrays_1/data_arrays_0_ext/mem_0_19    2475.7740     0.1       2.1168      0.0000    2473.6572 split_data_arrays_0_ext_ip_12
system/tile_prci_domain/tile_reset_domain_tile/dcache/data/data_arrays_1/data_arrays_0_ext/mem_0_2    2475.7740     0.1       2.1168      0.0000    2473.6572 split_data_arrays_0_ext_ip_29
system/tile_prci_domain/tile_reset_domain_tile/dcache/data/data_arrays_1/data_arrays_0_ext/mem_0_20    2475.7740     0.1       2.1168      0.0000    2473.6572 split_data_arrays_0_ext_ip_11
system/tile_prci_domain/tile_reset_domain_tile/dcache/data/data_arrays_1/data_arrays_0_ext/mem_0_21    2475.7740     0.1       2.1168      0.0000    2473.6572 split_data_arrays_0_ext_ip_10
system/tile_prci_domain/tile_reset_domain_tile/dcache/data/data_arrays_1/data_arrays_0_ext/mem_0_22    2475.7740     0.1       2.1168      0.0000    2473.6572 split_data_arrays_0_ext_ip_9
system/tile_prci_domain/tile_reset_domain_tile/dcache/data/data_arrays_1/data_arrays_0_ext/mem_0_23    2475.7740     0.1       2.1168      0.0000    2473.6572 split_data_arrays_0_ext_ip_8
system/tile_prci_domain/tile_reset_domain_tile/dcache/data/data_arrays_1/data_arrays_0_ext/mem_0_24    2475.7740     0.1       2.1168      0.0000    2473.6572 split_data_arrays_0_ext_ip_7
system/tile_prci_domain/tile_reset_domain_tile/dcache/data/data_arrays_1/data_arrays_0_ext/mem_0_25    2475.7740     0.1       2.1168      0.0000    2473.6572 split_data_arrays_0_ext_ip_6
system/tile_prci_domain/tile_reset_domain_tile/dcache/data/data_arrays_1/data_arrays_0_ext/mem_0_26    2475.7740     0.1       2.1168      0.0000    2473.6572 split_data_arrays_0_ext_ip_5
system/tile_prci_domain/tile_reset_domain_tile/dcache/data/data_arrays_1/data_arrays_0_ext/mem_0_27    2475.7740     0.1       2.1168      0.0000    2473.6572 split_data_arrays_0_ext_ip_4
system/tile_prci_domain/tile_reset_domain_tile/dcache/data/data_arrays_1/data_arrays_0_ext/mem_0_28    2475.7740     0.1       2.1168      0.0000    2473.6572 split_data_arrays_0_ext_ip_3
system/tile_prci_domain/tile_reset_domain_tile/dcache/data/data_arrays_1/data_arrays_0_ext/mem_0_29    2475.7740     0.1       2.1168      0.0000    2473.6572 split_data_arrays_0_ext_ip_2
system/tile_prci_domain/tile_reset_domain_tile/dcache/data/data_arrays_1/data_arrays_0_ext/mem_0_3    2475.7740     0.1       2.1168      0.0000    2473.6572 split_data_arrays_0_ext_ip_28
system/tile_prci_domain/tile_reset_domain_tile/dcache/data/data_arrays_1/data_arrays_0_ext/mem_0_30    2475.7740     0.1       2.1168      0.0000    2473.6572 split_data_arrays_0_ext_ip_1
system/tile_prci_domain/tile_reset_domain_tile/dcache/data/data_arrays_1/data_arrays_0_ext/mem_0_31    2475.7740     0.1       2.1168      0.0000    2473.6572 split_data_arrays_0_ext_ip_0
system/tile_prci_domain/tile_reset_domain_tile/dcache/data/data_arrays_1/data_arrays_0_ext/mem_0_4    2475.7740     0.1       2.1168      0.0000    2473.6572 split_data_arrays_0_ext_ip_27
system/tile_prci_domain/tile_reset_domain_tile/dcache/data/data_arrays_1/data_arrays_0_ext/mem_0_5    2475.7740     0.1       2.1168      0.0000    2473.6572 split_data_arrays_0_ext_ip_26
system/tile_prci_domain/tile_reset_domain_tile/dcache/data/data_arrays_1/data_arrays_0_ext/mem_0_6    2475.7740     0.1       2.1168      0.0000    2473.6572 split_data_arrays_0_ext_ip_25
system/tile_prci_domain/tile_reset_domain_tile/dcache/data/data_arrays_1/data_arrays_0_ext/mem_0_7    2475.7740     0.1       2.1168      0.0000    2473.6572 split_data_arrays_0_ext_ip_24
system/tile_prci_domain/tile_reset_domain_tile/dcache/data/data_arrays_1/data_arrays_0_ext/mem_0_8    2475.7740     0.1       2.1168      0.0000    2473.6572 split_data_arrays_0_ext_ip_23
system/tile_prci_domain/tile_reset_domain_tile/dcache/data/data_arrays_1/data_arrays_0_ext/mem_0_9    2475.7740     0.1       2.1168      0.0000    2473.6572 split_data_arrays_0_ext_ip_22
system/tile_prci_domain/tile_reset_domain_tile/dcache/lfsr_prng     118.7760     0.0      43.5120     75.2640       0.0000 MaxPeriodFibonacciLFSR_2
system/tile_prci_domain/tile_reset_domain_tile/dcache/tag_array   12664.8140     0.4       0.0000      0.0000       0.0000 tag_array
system/tile_prci_domain/tile_reset_domain_tile/dcache/tag_array/tag_array_ext   12664.8140     0.4       0.0000      0.0000       0.0000 tag_array_ext
system/tile_prci_domain/tile_reset_domain_tile/dcache/tag_array/tag_array_ext/mem_0_0    3166.2035     0.1       2.8224      0.0000    3163.3811 split_tag_array_ext_ip_3
system/tile_prci_domain/tile_reset_domain_tile/dcache/tag_array/tag_array_ext/mem_0_1    3166.2035     0.1       2.8224      0.0000    3163.3811 split_tag_array_ext_ip_2
system/tile_prci_domain/tile_reset_domain_tile/dcache/tag_array/tag_array_ext/mem_0_2    3166.2035     0.1       2.8224      0.0000    3163.3811 split_tag_array_ext_ip_1
system/tile_prci_domain/tile_reset_domain_tile/dcache/tag_array/tag_array_ext/mem_0_3    3166.2035     0.1       2.8224      0.0000    3163.3811 split_tag_array_ext_ip_0
system/tile_prci_domain/tile_reset_domain_tile/dcache/tlb_entries_barrier_10      29.1648     0.0      29.1648      0.0000       0.0000 OptimizationBarrier_44
system/tile_prci_domain/tile_reset_domain_tile/dcache/tlb_entries_barrier_11      29.1648     0.0      29.1648      0.0000       0.0000 OptimizationBarrier_43
system/tile_prci_domain/tile_reset_domain_tile/dcache/tlb_entries_barrier_12       6.5856     0.0       6.5856      0.0000       0.0000 OptimizationBarrier_42
system/tile_prci_domain/tile_reset_domain_tile/dcache/tlb_entries_barrier_8      29.1648     0.0      29.1648      0.0000       0.0000 OptimizationBarrier_46
system/tile_prci_domain/tile_reset_domain_tile/dcache/tlb_entries_barrier_9      29.1648     0.0      29.1648      0.0000       0.0000 OptimizationBarrier_45
system/tile_prci_domain/tile_reset_domain_tile/dcache/tlb_mpu_ppn_barrier      18.8160     0.0      18.8160      0.0000       0.0000 OptimizationBarrier_55
system/tile_prci_domain/tile_reset_domain_tile/dcache/tlb_pmp    2138.4384     0.1    2138.4384      0.0000       0.0000 PMPChecker_1
system/tile_prci_domain/tile_reset_domain_tile/dcacheArb     442.1760     0.0     432.7680      9.4080       0.0000 HellaCacheArbiter
system/tile_prci_domain/tile_reset_domain_tile/fpuOpt   84216.8882     2.5    2314.1328    956.3232       0.0000 FPU
system/tile_prci_domain/tile_reset_domain_tile/fpuOpt/dfma   26985.9074     0.8     392.7840   1601.2416       0.0000 FPUFMAPipe_1
system/tile_prci_domain/tile_reset_domain_tile/fpuOpt/dfma/fma   24991.8818     0.7   14839.7090   1753.4160       0.0000 MulAddRecFNPipe_1
system/tile_prci_domain/tile_reset_domain_tile/fpuOpt/dfma/fma/mulAddRecFNToRaw_postMul    4937.0832     0.1    4937.0832      0.0000       0.0000 MulAddRecFNToRaw_postMul_1
system/tile_prci_domain/tile_reset_domain_tile/fpuOpt/dfma/fma/mulAddRecFNToRaw_preMul    2142.2016     0.1    2142.2016      0.0000       0.0000 MulAddRecFNToRaw_preMul_1
system/tile_prci_domain/tile_reset_domain_tile/fpuOpt/dfma/fma/roundRawFNToRecFN    1319.4720     0.0       0.0000      0.0000       0.0000 RoundRawFNToRecFN_1_0
system/tile_prci_domain/tile_reset_domain_tile/fpuOpt/dfma/fma/roundRawFNToRecFN/roundAnyRawFNToRecFN    1319.4720     0.0    1319.4720      0.0000       0.0000 RoundAnyRawFNToRecFN_4_0
system/tile_prci_domain/tile_reset_domain_tile/fpuOpt/divSqrt    2086.4592     0.1       0.0000      0.0000       0.0000 DivSqrtRecFN_small
system/tile_prci_domain/tile_reset_domain_tile/fpuOpt/divSqrt/divSqrtRecFNToRaw    1399.2048     0.0       9.4080      0.0000       0.0000 DivSqrtRecFNToRaw_small
system/tile_prci_domain/tile_reset_domain_tile/fpuOpt/divSqrt/divSqrtRecFNToRaw/divSqrtRawFN    1389.7968     0.0     873.0624    516.7344       0.0000 DivSqrtRawFN_small
system/tile_prci_domain/tile_reset_domain_tile/fpuOpt/divSqrt/roundRawFNToRecFN     687.2544     0.0       0.0000      0.0000       0.0000 RoundRawFNToRecFN_2
system/tile_prci_domain/tile_reset_domain_tile/fpuOpt/divSqrt/roundRawFNToRecFN/roundAnyRawFNToRecFN     687.2544     0.0     687.2544      0.0000       0.0000 RoundAnyRawFNToRecFN_5
system/tile_prci_domain/tile_reset_domain_tile/fpuOpt/divSqrt_1    4051.3200     0.1       0.0000      0.0000       0.0000 DivSqrtRecFN_small_1
system/tile_prci_domain/tile_reset_domain_tile/fpuOpt/divSqrt_1/divSqrtRecFNToRaw    2658.9360     0.1       9.4080      0.0000       0.0000 DivSqrtRecFNToRaw_small_1
system/tile_prci_domain/tile_reset_domain_tile/fpuOpt/divSqrt_1/divSqrtRecFNToRaw/divSqrtRawFN    2649.5280     0.1    1699.7904    949.7376       0.0000 DivSqrtRawFN_small_1
system/tile_prci_domain/tile_reset_domain_tile/fpuOpt/divSqrt_1/roundRawFNToRecFN    1392.3840     0.0       0.0000      0.0000       0.0000 RoundRawFNToRecFN_1_1
system/tile_prci_domain/tile_reset_domain_tile/fpuOpt/divSqrt_1/roundRawFNToRecFN/roundAnyRawFNToRecFN    1392.3840     0.0    1392.3840      0.0000       0.0000 RoundAnyRawFNToRecFN_4_1
system/tile_prci_domain/tile_reset_domain_tile/fpuOpt/fp_decoder     115.4832     0.0     115.4832      0.0000       0.0000 FPUDecoder
system/tile_prci_domain/tile_reset_domain_tile/fpuOpt/fpiu    4503.3744     0.1    1589.7168    884.5872       0.0000 FPToInt_36
system/tile_prci_domain/tile_reset_domain_tile/fpuOpt/fpiu/conv    1506.6912     0.0    1506.6912      0.0000       0.0000 RecFNToIN
system/tile_prci_domain/tile_reset_domain_tile/fpuOpt/fpiu/dcmp     385.0224     0.0     385.0224      0.0000       0.0000 CompareRecFN
system/tile_prci_domain/tile_reset_domain_tile/fpuOpt/fpiu/narrow     137.3568     0.0     137.3568      0.0000       0.0000 RecFNToIN_1
system/tile_prci_domain/tile_reset_domain_tile/fpuOpt/fpmu    2344.7088     0.1     363.8544   1308.6528       0.0000 FPToFP
system/tile_prci_domain/tile_reset_domain_tile/fpuOpt/fpmu/narrower     672.2016     0.0       6.1152      0.0000       0.0000 RecFNToRecFN
system/tile_prci_domain/tile_reset_domain_tile/fpuOpt/fpmu/narrower/roundAnyRawFNToRecFN     666.0864     0.0     666.0864      0.0000       0.0000 RoundAnyRawFNToRecFN_3
system/tile_prci_domain/tile_reset_domain_tile/fpuOpt/ifpu    6392.2656     0.2    1588.5408    883.1760       0.0000 IntToFP_36
system/tile_prci_domain/tile_reset_domain_tile/fpuOpt/ifpu/i2f    1840.6752     0.1    1584.0720      0.0000       0.0000 INToRecFN
system/tile_prci_domain/tile_reset_domain_tile/fpuOpt/ifpu/i2f/roundAnyRawFNToRecFN     256.6032     0.0     256.6032      0.0000       0.0000 RoundAnyRawFNToRecFN_1
system/tile_prci_domain/tile_reset_domain_tile/fpuOpt/ifpu/i2f_1    2079.8736     0.1    1592.7744      0.0000       0.0000 INToRecFN_1
system/tile_prci_domain/tile_reset_domain_tile/fpuOpt/ifpu/i2f_1/roundAnyRawFNToRecFN     487.0992     0.0     487.0992      0.0000       0.0000 RoundAnyRawFNToRecFN_2
system/tile_prci_domain/tile_reset_domain_tile/fpuOpt/regfile_ext   25519.1998     0.8   15733.9390   9785.2608       0.0000 regfile_combMem
system/tile_prci_domain/tile_reset_domain_tile/fpuOpt/sfma    8947.7137     0.3     114.7776    665.1456       0.0000 FPUFMAPipe
system/tile_prci_domain/tile_reset_domain_tile/fpuOpt/sfma/fma    8167.7905     0.2    3543.0528    967.8480       0.0000 MulAddRecFNPipe
system/tile_prci_domain/tile_reset_domain_tile/fpuOpt/sfma/fma/mulAddRecFNToRaw_postMul    1910.0592     0.1    1910.0592      0.0000       0.0000 MulAddRecFNToRaw_postMul
system/tile_prci_domain/tile_reset_domain_tile/fpuOpt/sfma/fma/mulAddRecFNToRaw_preMul    1035.8208     0.0    1035.8208      0.0000       0.0000 MulAddRecFNToRaw_preMul
system/tile_prci_domain/tile_reset_domain_tile/fpuOpt/sfma/fma/roundRawFNToRecFN     711.0096     0.0       0.0000      0.0000       0.0000 RoundRawFNToRecFN_0
system/tile_prci_domain/tile_reset_domain_tile/fpuOpt/sfma/fma/roundRawFNToRecFN/roundAnyRawFNToRecFN     711.0096     0.0     711.0096      0.0000       0.0000 RoundAnyRawFNToRecFN_0
system/tile_prci_domain/tile_reset_domain_tile/frontend  155159.9505     4.6    1995.6720    652.9152       0.0000 Frontend
system/tile_prci_domain/tile_reset_domain_tile/frontend/btb   20009.6401     0.6    8051.6017   7147.9632       0.0000 BTB
system/tile_prci_domain/tile_reset_domain_tile/frontend/btb/table_ext    4810.0752     0.1    2401.1568   2408.9184       0.0000 table_combMem
system/tile_prci_domain/tile_reset_domain_tile/frontend/fq    3726.0384     0.1    1609.2384   2116.8000       0.0000 ShiftQueue
system/tile_prci_domain/tile_reset_domain_tile/frontend/icache  113696.0719     3.4    2379.5184   2289.9072       0.0000 ICache
system/tile_prci_domain/tile_reset_domain_tile/frontend/icache/data_arrays_0   24411.3296     0.7       0.0000      0.0000       0.0000 data_arrays_0_0
system/tile_prci_domain/tile_reset_domain_tile/frontend/icache/data_arrays_0/data_arrays_0_0_ext   24411.3296     0.7       1.4112      0.0000       0.0000 data_arrays_0_0_ext_3
system/tile_prci_domain/tile_reset_domain_tile/frontend/icache/data_arrays_0/data_arrays_0_0_ext/mem_0_0    6102.4796     0.2       2.1168      0.0000    6100.3628 split_data_arrays_0_0_ext_ip_15
system/tile_prci_domain/tile_reset_domain_tile/frontend/icache/data_arrays_0/data_arrays_0_0_ext/mem_0_1    6102.4796     0.2       2.1168      0.0000    6100.3628 split_data_arrays_0_0_ext_ip_14
system/tile_prci_domain/tile_reset_domain_tile/frontend/icache/data_arrays_0/data_arrays_0_0_ext/mem_0_2    6102.4796     0.2       2.1168      0.0000    6100.3628 split_data_arrays_0_0_ext_ip_13
system/tile_prci_domain/tile_reset_domain_tile/frontend/icache/data_arrays_0/data_arrays_0_0_ext/mem_0_3    6102.4796     0.2       2.1168      0.0000    6100.3628 split_data_arrays_0_0_ext_ip_12
system/tile_prci_domain/tile_reset_domain_tile/frontend/icache/data_arrays_1   24409.9184     0.7       0.0000      0.0000       0.0000 data_arrays_1_0
system/tile_prci_domain/tile_reset_domain_tile/frontend/icache/data_arrays_1/data_arrays_0_0_ext   24409.9184     0.7       0.0000      0.0000       0.0000 data_arrays_0_0_ext_2
system/tile_prci_domain/tile_reset_domain_tile/frontend/icache/data_arrays_1/data_arrays_0_0_ext/mem_0_0    6102.4796     0.2       2.1168      0.0000    6100.3628 split_data_arrays_0_0_ext_ip_11
system/tile_prci_domain/tile_reset_domain_tile/frontend/icache/data_arrays_1/data_arrays_0_0_ext/mem_0_1    6102.4796     0.2       2.1168      0.0000    6100.3628 split_data_arrays_0_0_ext_ip_10
system/tile_prci_domain/tile_reset_domain_tile/frontend/icache/data_arrays_1/data_arrays_0_0_ext/mem_0_2    6102.4796     0.2       2.1168      0.0000    6100.3628 split_data_arrays_0_0_ext_ip_9
system/tile_prci_domain/tile_reset_domain_tile/frontend/icache/data_arrays_1/data_arrays_0_0_ext/mem_0_3    6102.4796     0.2       2.1168      0.0000    6100.3628 split_data_arrays_0_0_ext_ip_8
system/tile_prci_domain/tile_reset_domain_tile/frontend/icache/data_arrays_2   24409.9184     0.7       0.0000      0.0000       0.0000 data_arrays_2
system/tile_prci_domain/tile_reset_domain_tile/frontend/icache/data_arrays_2/data_arrays_0_0_ext   24409.9184     0.7       0.0000      0.0000       0.0000 data_arrays_0_0_ext_1
system/tile_prci_domain/tile_reset_domain_tile/frontend/icache/data_arrays_2/data_arrays_0_0_ext/mem_0_0    6102.4796     0.2       2.1168      0.0000    6100.3628 split_data_arrays_0_0_ext_ip_7
system/tile_prci_domain/tile_reset_domain_tile/frontend/icache/data_arrays_2/data_arrays_0_0_ext/mem_0_1    6102.4796     0.2       2.1168      0.0000    6100.3628 split_data_arrays_0_0_ext_ip_6
system/tile_prci_domain/tile_reset_domain_tile/frontend/icache/data_arrays_2/data_arrays_0_0_ext/mem_0_2    6102.4796     0.2       2.1168      0.0000    6100.3628 split_data_arrays_0_0_ext_ip_5
system/tile_prci_domain/tile_reset_domain_tile/frontend/icache/data_arrays_2/data_arrays_0_0_ext/mem_0_3    6102.4796     0.2       2.1168      0.0000    6100.3628 split_data_arrays_0_0_ext_ip_4
system/tile_prci_domain/tile_reset_domain_tile/frontend/icache/data_arrays_3   24411.3296     0.7       0.0000      0.0000       0.0000 data_arrays_3
system/tile_prci_domain/tile_reset_domain_tile/frontend/icache/data_arrays_3/data_arrays_0_0_ext   24411.3296     0.7       1.4112      0.0000       0.0000 data_arrays_0_0_ext_0
system/tile_prci_domain/tile_reset_domain_tile/frontend/icache/data_arrays_3/data_arrays_0_0_ext/mem_0_0    6102.4796     0.2       2.1168      0.0000    6100.3628 split_data_arrays_0_0_ext_ip_3
system/tile_prci_domain/tile_reset_domain_tile/frontend/icache/data_arrays_3/data_arrays_0_0_ext/mem_0_1    6102.4796     0.2       2.1168      0.0000    6100.3628 split_data_arrays_0_0_ext_ip_2
system/tile_prci_domain/tile_reset_domain_tile/frontend/icache/data_arrays_3/data_arrays_0_0_ext/mem_0_2    6102.4796     0.2       2.1168      0.0000    6100.3628 split_data_arrays_0_0_ext_ip_1
system/tile_prci_domain/tile_reset_domain_tile/frontend/icache/data_arrays_3/data_arrays_0_0_ext/mem_0_3    6102.4796     0.2       2.1168      0.0000    6100.3628 split_data_arrays_0_0_ext_ip_0
system/tile_prci_domain/tile_reset_domain_tile/frontend/icache/repl_way_v0_prng     118.7760     0.0      43.5120     75.2640       0.0000 MaxPeriodFibonacciLFSR_0
system/tile_prci_domain/tile_reset_domain_tile/frontend/icache/tag_array   11265.3744     0.3       0.0000      0.0000       0.0000 tag_array_0
system/tile_prci_domain/tile_reset_domain_tile/frontend/icache/tag_array/tag_array_0_ext   11265.3744     0.3       0.0000      0.0000       0.0000 tag_array_0_ext
system/tile_prci_domain/tile_reset_domain_tile/frontend/icache/tag_array/tag_array_0_ext/mem_0_0    2816.3436     0.1       2.1168      0.0000    2814.2268 split_tag_array_0_ext_ip_3
system/tile_prci_domain/tile_reset_domain_tile/frontend/icache/tag_array/tag_array_0_ext/mem_0_1    2816.3436     0.1       2.1168      0.0000    2814.2268 split_tag_array_0_ext_ip_2
system/tile_prci_domain/tile_reset_domain_tile/frontend/icache/tag_array/tag_array_0_ext/mem_0_2    2816.3436     0.1       2.1168      0.0000    2814.2268 split_tag_array_0_ext_ip_1
system/tile_prci_domain/tile_reset_domain_tile/frontend/icache/tag_array/tag_array_0_ext/mem_0_3    2816.3436     0.1       2.1168      0.0000    2814.2268 split_tag_array_0_ext_ip_0
system/tile_prci_domain/tile_reset_domain_tile/frontend/tlb   15079.6128     0.4    3987.1104   8523.8832       0.0000 TLB_2
system/tile_prci_domain/tile_reset_domain_tile/frontend/tlb/entries_barrier_10      23.5200     0.0      23.5200      0.0000       0.0000 OptimizationBarrier_16
system/tile_prci_domain/tile_reset_domain_tile/frontend/tlb/entries_barrier_11      23.5200     0.0      23.5200      0.0000       0.0000 OptimizationBarrier_15
system/tile_prci_domain/tile_reset_domain_tile/frontend/tlb/entries_barrier_12      23.5200     0.0      23.5200      0.0000       0.0000 OptimizationBarrier_14
system/tile_prci_domain/tile_reset_domain_tile/frontend/tlb/entries_barrier_8      23.5200     0.0      23.5200      0.0000       0.0000 OptimizationBarrier_18
system/tile_prci_domain/tile_reset_domain_tile/frontend/tlb/entries_barrier_9      23.5200     0.0      23.5200      0.0000       0.0000 OptimizationBarrier_17
system/tile_prci_domain/tile_reset_domain_tile/frontend/tlb/pmp    2451.0192     0.1    2451.0192      0.0000       0.0000 PMPChecker_3
system/tile_prci_domain/tile_reset_domain_tile/fusion 2044084.0885    60.8       0.9408      0.0000       0.0000 FusionMemFP
system/tile_prci_domain/tile_reset_domain_tile/fusion/dma_node   51349.9608     1.5       0.9408      0.0000       0.0000 DMAController
system/tile_prci_domain/tile_reset_domain_tile/fusion/dma_node/dma_reader   33603.8856     1.0     916.5744    659.0304       0.0000 DMAReadController
system/tile_prci_domain/tile_reset_domain_tile/fusion/dma_node/dma_reader/packetInfoQue     833.3136     0.0      36.4560     32.9280       0.0000 Queue_66
system/tile_prci_domain/tile_reset_domain_tile/fusion/dma_node/dma_reader/packetInfoQue/ram_ext     763.9296     0.0     349.9776    413.9520       0.0000 ram_combMem_9
system/tile_prci_domain/tile_reset_domain_tile/fusion/dma_node/dma_reader/reorderBuffer   31194.9672     0.9     913.2816    733.8240       0.0000 ReorderBuffer
system/tile_prci_domain/tile_reset_domain_tile/fusion/dma_node/dma_reader/reorderBuffer/buffer   29062.4087     0.9       0.0000      0.0000       0.0000 TrueDualPortSRAM_128_4
system/tile_prci_domain/tile_reset_domain_tile/fusion/dma_node/dma_reader/reorderBuffer/buffer/sram   29062.4087     0.9       0.7056      0.0000   29061.7031 dp_sram_128_4_ip
system/tile_prci_domain/tile_reset_domain_tile/fusion/dma_node/dma_reader/reorderBuffer/reqQue     485.4528     0.0      35.7504     32.9280       0.0000 Queue_67
system/tile_prci_domain/tile_reset_domain_tile/fusion/dma_node/dma_reader/reorderBuffer/reqQue/ram_ext     416.7744     0.0     190.9824    225.7920       0.0000 ram_combMem_3
system/tile_prci_domain/tile_reset_domain_tile/fusion/dma_node/dma_writer    2139.3792     0.1    1268.4336    870.9456       0.0000 DMAWriteController
system/tile_prci_domain/tile_reset_domain_tile/fusion/dma_node/tlb   15605.7552     0.5      39.2784      9.4080       0.0000 MultiPortTLB
system/tile_prci_domain/tile_reset_domain_tile/fusion/dma_node/tlb/tlbArbOpt     123.2448     0.0     118.5408      4.7040       0.0000 RRArbiter
system/tile_prci_domain/tile_reset_domain_tile/fusion/dma_node/tlb/tlbs_0   15433.8240     0.5     251.8992    230.4960       0.0000 TLBWrap
system/tile_prci_domain/tile_reset_domain_tile/fusion/dma_node/tlb/tlbs_0/tlb   14951.4288     0.4    4148.9280   8469.0816       0.0000 TLB_1
system/tile_prci_domain/tile_reset_domain_tile/fusion/dma_node/tlb/tlbs_0/tlb/entries_barrier_10      24.4608     0.0      24.4608      0.0000       0.0000 OptimizationBarrier_2
system/tile_prci_domain/tile_reset_domain_tile/fusion/dma_node/tlb/tlbs_0/tlb/entries_barrier_11      24.4608     0.0      24.4608      0.0000       0.0000 OptimizationBarrier_1
system/tile_prci_domain/tile_reset_domain_tile/fusion/dma_node/tlb/tlbs_0/tlb/entries_barrier_12      23.5200     0.0      23.5200      0.0000       0.0000 OptimizationBarrier_0
system/tile_prci_domain/tile_reset_domain_tile/fusion/dma_node/tlb/tlbs_0/tlb/entries_barrier_8      24.4608     0.0      24.4608      0.0000       0.0000 OptimizationBarrier_4
system/tile_prci_domain/tile_reset_domain_tile/fusion/dma_node/tlb/tlbs_0/tlb/entries_barrier_9      24.4608     0.0      24.4608      0.0000       0.0000 OptimizationBarrier_3
system/tile_prci_domain/tile_reset_domain_tile/fusion/dma_node/tlb/tlbs_0/tlb/mpu_ppn_barrier       1.8816     0.0       1.8816      0.0000       0.0000 OptimizationBarrier_13
system/tile_prci_domain/tile_reset_domain_tile/fusion/dma_node/tlb/tlbs_0/tlb/pmp    2210.1744     0.1    2210.1744      0.0000       0.0000 PMPChecker_2
system/tile_prci_domain/tile_reset_domain_tile/fusion/fgra 1215902.8660    36.2     134.7696    200.8608       0.0000 FGRAController
system/tile_prci_domain/tile_reset_domain_tile/fusion/fgra/cfgCtrl   22643.1744     0.7   20643.9744   1999.2000       0.0000 ConfigController
system/tile_prci_domain/tile_reset_domain_tile/fusion/fgra/fgra 1188159.1444    35.3    2134.9105   4294.7520       0.0000 FGRA
system/tile_prci_domain/tile_reset_domain_tile/fusion/fgra/fgra/cggibs_0     239.6688     0.0     125.8320      0.0000       0.0000 GIB
system/tile_prci_domain/tile_reset_domain_tile/fusion/fgra/fgra/cggibs_0/cfg      20.2272     0.0       2.8224     17.4048       0.0000 ConfigMem_48_3
system/tile_prci_domain/tile_reset_domain_tile/fusion/fgra/fgra/cggibs_0/mux      93.6096     0.0      93.6096      0.0000       0.0000 Muxn_184
system/tile_prci_domain/tile_reset_domain_tile/fusion/fgra/fgra/cggibs_1    1862.0784     0.1      55.5072    467.3424       0.0000 GIB_1
system/tile_prci_domain/tile_reset_domain_tile/fusion/fgra/fgra/cggibs_1/cfg     143.7072     0.0      40.4544    103.2528       0.0000 ConfigMem_49_9
system/tile_prci_domain/tile_reset_domain_tile/fusion/fgra/fgra/cggibs_1/mux     104.8992     0.0     104.8992      0.0000       0.0000 Muxn_229_167
system/tile_prci_domain/tile_reset_domain_tile/fusion/fgra/fgra/cggibs_1/mux_1     104.8992     0.0     104.8992      0.0000       0.0000 Muxn_229_166
system/tile_prci_domain/tile_reset_domain_tile/fusion/fgra/fgra/cggibs_1/mux_2     174.5184     0.0     174.5184      0.0000       0.0000 Muxn_54_120
system/tile_prci_domain/tile_reset_domain_tile/fusion/fgra/fgra/cggibs_1/mux_3      78.0864     0.0      78.0864      0.0000       0.0000 Muxn_183
system/tile_prci_domain/tile_reset_domain_tile/fusion/fgra/fgra/cggibs_1/mux_4      79.2624     0.0      79.2624      0.0000       0.0000 Muxn_182
system/tile_prci_domain/tile_reset_domain_tile/fusion/fgra/fgra/cggibs_1/mux_5      78.0864     0.0      78.0864      0.0000       0.0000 Muxn_181
system/tile_prci_domain/tile_reset_domain_tile/fusion/fgra/fgra/cggibs_1/mux_6     119.9520     0.0     119.9520      0.0000       0.0000 Muxn_229_165
system/tile_prci_domain/tile_reset_domain_tile/fusion/fgra/fgra/cggibs_1/mux_7     151.9392     0.0     151.9392      0.0000       0.0000 Muxn_54_119
system/tile_prci_domain/tile_reset_domain_tile/fusion/fgra/fgra/cggibs_1/mux_8     151.9392     0.0     151.9392      0.0000       0.0000 Muxn_54_118
system/tile_prci_domain/tile_reset_domain_tile/fusion/fgra/fgra/cggibs_1/mux_9     151.9392     0.0     151.9392      0.0000       0.0000 Muxn_54_117
system/tile_prci_domain/tile_reset_domain_tile/fusion/fgra/fgra/cggibs_10    2827.3392     0.1      12.7008      0.0000       0.0000 GIB_10
system/tile_prci_domain/tile_reset_domain_tile/fusion/fgra/fgra/cggibs_10/cfg     473.9280     0.0      73.1472    400.7808       0.0000 ConfigMem_56_5
system/tile_prci_domain/tile_reset_domain_tile/fusion/fgra/fgra/cggibs_10/mux     108.4272     0.0     108.4272      0.0000       0.0000 Muxn_229_138
system/tile_prci_domain/tile_reset_domain_tile/fusion/fgra/fgra/cggibs_10/mux_1     109.3680     0.0     109.3680      0.0000       0.0000 Muxn_229_137
system/tile_prci_domain/tile_reset_domain_tile/fusion/fgra/fgra/cggibs_10/mux_10     107.2512     0.0     107.2512      0.0000       0.0000 Muxn_229_133
system/tile_prci_domain/tile_reset_domain_tile/fusion/fgra/fgra/cggibs_10/mux_11      78.7920     0.0      78.7920      0.0000       0.0000 Muxn_150
system/tile_prci_domain/tile_reset_domain_tile/fusion/fgra/fgra/cggibs_10/mux_12     325.2816     0.0     325.2816      0.0000       0.0000 Muxn_36_91
system/tile_prci_domain/tile_reset_domain_tile/fusion/fgra/fgra/cggibs_10/mux_13     233.5536     0.0     233.5536      0.0000       0.0000 Muxn_36_90
system/tile_prci_domain/tile_reset_domain_tile/fusion/fgra/fgra/cggibs_10/mux_14     311.1696     0.0     311.1696      0.0000       0.0000 Muxn_36_89
system/tile_prci_domain/tile_reset_domain_tile/fusion/fgra/fgra/cggibs_10/mux_15     240.8448     0.0     240.8448      0.0000       0.0000 Muxn_36_88
system/tile_prci_domain/tile_reset_domain_tile/fusion/fgra/fgra/cggibs_10/mux_2     178.7520     0.0     178.7520      0.0000       0.0000 Muxn_54_98
system/tile_prci_domain/tile_reset_domain_tile/fusion/fgra/fgra/cggibs_10/mux_3      78.7920     0.0      78.7920      0.0000       0.0000 Muxn_154
system/tile_prci_domain/tile_reset_domain_tile/fusion/fgra/fgra/cggibs_10/mux_4     112.4256     0.0     112.4256      0.0000       0.0000 Muxn_229_136
system/tile_prci_domain/tile_reset_domain_tile/fusion/fgra/fgra/cggibs_10/mux_5     110.0736     0.0     110.0736      0.0000       0.0000 Muxn_229_135
system/tile_prci_domain/tile_reset_domain_tile/fusion/fgra/fgra/cggibs_10/mux_6      78.5568     0.0      78.5568      0.0000       0.0000 Muxn_153
system/tile_prci_domain/tile_reset_domain_tile/fusion/fgra/fgra/cggibs_10/mux_7      80.9088     0.0      80.9088      0.0000       0.0000 Muxn_152
system/tile_prci_domain/tile_reset_domain_tile/fusion/fgra/fgra/cggibs_10/mux_8     107.9568     0.0     107.9568      0.0000       0.0000 Muxn_229_134
system/tile_prci_domain/tile_reset_domain_tile/fusion/fgra/fgra/cggibs_10/mux_9      78.5568     0.0      78.5568      0.0000       0.0000 Muxn_151
system/tile_prci_domain/tile_reset_domain_tile/fusion/fgra/fgra/cggibs_11    3138.5088     0.1      90.3168    602.1120       0.0000 GIB_11
system/tile_prci_domain/tile_reset_domain_tile/fusion/fgra/fgra/cggibs_11/cfg     312.8160     0.0      73.1472    239.6688       0.0000 ConfigMem_56_4
system/tile_prci_domain/tile_reset_domain_tile/fusion/fgra/fgra/cggibs_11/mux     122.7744     0.0     122.7744      0.0000       0.0000 Muxn_229_132
system/tile_prci_domain/tile_reset_domain_tile/fusion/fgra/fgra/cggibs_11/mux_1     115.4832     0.0     115.4832      0.0000       0.0000 Muxn_229_131
system/tile_prci_domain/tile_reset_domain_tile/fusion/fgra/fgra/cggibs_11/mux_10     118.0704     0.0     118.0704      0.0000       0.0000 Muxn_229_127
system/tile_prci_domain/tile_reset_domain_tile/fusion/fgra/fgra/cggibs_11/mux_11      90.3168     0.0      90.3168      0.0000       0.0000 Muxn_145
system/tile_prci_domain/tile_reset_domain_tile/fusion/fgra/fgra/cggibs_11/mux_12     204.1536     0.0     204.1536      0.0000       0.0000 Muxn_36_87
system/tile_prci_domain/tile_reset_domain_tile/fusion/fgra/fgra/cggibs_11/mux_13     204.1536     0.0     204.1536      0.0000       0.0000 Muxn_36_86
system/tile_prci_domain/tile_reset_domain_tile/fusion/fgra/fgra/cggibs_11/mux_14     204.1536     0.0     204.1536      0.0000       0.0000 Muxn_36_85
system/tile_prci_domain/tile_reset_domain_tile/fusion/fgra/fgra/cggibs_11/mux_15     204.1536     0.0     204.1536      0.0000       0.0000 Muxn_36_84
system/tile_prci_domain/tile_reset_domain_tile/fusion/fgra/fgra/cggibs_11/mux_2     178.5168     0.0     178.5168      0.0000       0.0000 Muxn_54_97
system/tile_prci_domain/tile_reset_domain_tile/fusion/fgra/fgra/cggibs_11/mux_3      82.7904     0.0      82.7904      0.0000       0.0000 Muxn_149
system/tile_prci_domain/tile_reset_domain_tile/fusion/fgra/fgra/cggibs_11/mux_4     119.0112     0.0     119.0112      0.0000       0.0000 Muxn_229_130
system/tile_prci_domain/tile_reset_domain_tile/fusion/fgra/fgra/cggibs_11/mux_5     113.6016     0.0     113.6016      0.0000       0.0000 Muxn_229_129
system/tile_prci_domain/tile_reset_domain_tile/fusion/fgra/fgra/cggibs_11/mux_6      89.1408     0.0      89.1408      0.0000       0.0000 Muxn_148
system/tile_prci_domain/tile_reset_domain_tile/fusion/fgra/fgra/cggibs_11/mux_7      87.4944     0.0      87.4944      0.0000       0.0000 Muxn_147
system/tile_prci_domain/tile_reset_domain_tile/fusion/fgra/fgra/cggibs_11/mux_8     117.8352     0.0     117.8352      0.0000       0.0000 Muxn_229_128
system/tile_prci_domain/tile_reset_domain_tile/fusion/fgra/fgra/cggibs_11/mux_9      81.6144     0.0      81.6144      0.0000       0.0000 Muxn_146
system/tile_prci_domain/tile_reset_domain_tile/fusion/fgra/fgra/cggibs_12    2678.6928     0.1       6.1152      0.0000       0.0000 GIB_12
system/tile_prci_domain/tile_reset_domain_tile/fusion/fgra/fgra/cggibs_12/cfg     446.6448     0.0      77.1456    369.4992       0.0000 ConfigMem_56_3
system/tile_prci_domain/tile_reset_domain_tile/fusion/fgra/fgra/cggibs_12/mux     108.8976     0.0     108.8976      0.0000       0.0000 Muxn_229_126
system/tile_prci_domain/tile_reset_domain_tile/fusion/fgra/fgra/cggibs_12/mux_1     109.8384     0.0     109.8384      0.0000       0.0000 Muxn_229_125
system/tile_prci_domain/tile_reset_domain_tile/fusion/fgra/fgra/cggibs_12/mux_10     108.1920     0.0     108.1920      0.0000       0.0000 Muxn_229_121
system/tile_prci_domain/tile_reset_domain_tile/fusion/fgra/fgra/cggibs_12/mux_11      78.5568     0.0      78.5568      0.0000       0.0000 Muxn_140
system/tile_prci_domain/tile_reset_domain_tile/fusion/fgra/fgra/cggibs_12/mux_12     296.1168     0.0     296.1168      0.0000       0.0000 Muxn_36_83
system/tile_prci_domain/tile_reset_domain_tile/fusion/fgra/fgra/cggibs_12/mux_13     237.3168     0.0     237.3168      0.0000       0.0000 Muxn_36_82
system/tile_prci_domain/tile_reset_domain_tile/fusion/fgra/fgra/cggibs_12/mux_14     204.1536     0.0     204.1536      0.0000       0.0000 Muxn_36_81
system/tile_prci_domain/tile_reset_domain_tile/fusion/fgra/fgra/cggibs_12/mux_15     250.0176     0.0     250.0176      0.0000       0.0000 Muxn_36_80
system/tile_prci_domain/tile_reset_domain_tile/fusion/fgra/fgra/cggibs_12/mux_2     177.1056     0.0     177.1056      0.0000       0.0000 Muxn_54_96
system/tile_prci_domain/tile_reset_domain_tile/fusion/fgra/fgra/cggibs_12/mux_3      86.0832     0.0      86.0832      0.0000       0.0000 Muxn_144
system/tile_prci_domain/tile_reset_domain_tile/fusion/fgra/fgra/cggibs_12/mux_4     116.1888     0.0     116.1888      0.0000       0.0000 Muxn_229_124
system/tile_prci_domain/tile_reset_domain_tile/fusion/fgra/fgra/cggibs_12/mux_5     112.4256     0.0     112.4256      0.0000       0.0000 Muxn_229_123
system/tile_prci_domain/tile_reset_domain_tile/fusion/fgra/fgra/cggibs_12/mux_6      78.5568     0.0      78.5568      0.0000       0.0000 Muxn_143
system/tile_prci_domain/tile_reset_domain_tile/fusion/fgra/fgra/cggibs_12/mux_7      78.5568     0.0      78.5568      0.0000       0.0000 Muxn_142
system/tile_prci_domain/tile_reset_domain_tile/fusion/fgra/fgra/cggibs_12/mux_8     105.3696     0.0     105.3696      0.0000       0.0000 Muxn_229_122
system/tile_prci_domain/tile_reset_domain_tile/fusion/fgra/fgra/cggibs_12/mux_9      78.5568     0.0      78.5568      0.0000       0.0000 Muxn_141
system/tile_prci_domain/tile_reset_domain_tile/fusion/fgra/fgra/cggibs_13    1020.0624     0.0     152.1744    459.3456       0.0000 GIB_13
system/tile_prci_domain/tile_reset_domain_tile/fusion/fgra/fgra/cggibs_13/cfg      43.5120     0.0      15.2880     28.2240       0.0000 ConfigMem_55_11
system/tile_prci_domain/tile_reset_domain_tile/fusion/fgra/fgra/cggibs_13/mux      81.8496     0.0      81.8496      0.0000       0.0000 Muxn_139
system/tile_prci_domain/tile_reset_domain_tile/fusion/fgra/fgra/cggibs_13/mux_1      78.0864     0.0      78.0864      0.0000       0.0000 Muxn_138
system/tile_prci_domain/tile_reset_domain_tile/fusion/fgra/fgra/cggibs_13/mux_2     102.5472     0.0     102.5472      0.0000       0.0000 Muxn_229_120
system/tile_prci_domain/tile_reset_domain_tile/fusion/fgra/fgra/cggibs_13/mux_3     102.5472     0.0     102.5472      0.0000       0.0000 Muxn_229_119
system/tile_prci_domain/tile_reset_domain_tile/fusion/fgra/fgra/cggibs_14     651.0336     0.0     149.3520      0.0000       0.0000 GIB_14
system/tile_prci_domain/tile_reset_domain_tile/fusion/fgra/fgra/cggibs_14/cfg      92.4336     0.0      14.5824     77.8512       0.0000 ConfigMem_55_10
system/tile_prci_domain/tile_reset_domain_tile/fusion/fgra/fgra/cggibs_14/mux      80.4384     0.0      80.4384      0.0000       0.0000 Muxn_137
system/tile_prci_domain/tile_reset_domain_tile/fusion/fgra/fgra/cggibs_14/mux_1     129.8304     0.0     129.8304      0.0000       0.0000 Muxn_229_118
system/tile_prci_domain/tile_reset_domain_tile/fusion/fgra/fgra/cggibs_14/mux_2      83.7312     0.0      83.7312      0.0000       0.0000 Muxn_136
system/tile_prci_domain/tile_reset_domain_tile/fusion/fgra/fgra/cggibs_14/mux_3     115.2480     0.0     115.2480      0.0000       0.0000 Muxn_229_117
system/tile_prci_domain/tile_reset_domain_tile/fusion/fgra/fgra/cggibs_15    3174.7296     0.1      95.0208    610.3440       0.0000 GIB_15
system/tile_prci_domain/tile_reset_domain_tile/fusion/fgra/fgra/cggibs_15/cfg     313.5216     0.0      71.0304    242.4912       0.0000 ConfigMem_63_7
system/tile_prci_domain/tile_reset_domain_tile/fusion/fgra/fgra/cggibs_15/mux     121.8336     0.0     121.8336      0.0000       0.0000 Muxn_229_116
system/tile_prci_domain/tile_reset_domain_tile/fusion/fgra/fgra/cggibs_15/mux_1     111.2496     0.0     111.2496      0.0000       0.0000 Muxn_229_115
system/tile_prci_domain/tile_reset_domain_tile/fusion/fgra/fgra/cggibs_15/mux_10     181.3392     0.0     181.3392      0.0000       0.0000 Muxn_54_94
system/tile_prci_domain/tile_reset_domain_tile/fusion/fgra/fgra/cggibs_15/mux_11      83.4960     0.0      83.4960      0.0000       0.0000 Muxn_130
system/tile_prci_domain/tile_reset_domain_tile/fusion/fgra/fgra/cggibs_15/mux_12     204.1536     0.0     204.1536      0.0000       0.0000 Muxn_36_79
system/tile_prci_domain/tile_reset_domain_tile/fusion/fgra/fgra/cggibs_15/mux_13     204.1536     0.0     204.1536      0.0000       0.0000 Muxn_36_78
system/tile_prci_domain/tile_reset_domain_tile/fusion/fgra/fgra/cggibs_15/mux_14     204.1536     0.0     204.1536      0.0000       0.0000 Muxn_36_77
system/tile_prci_domain/tile_reset_domain_tile/fusion/fgra/fgra/cggibs_15/mux_15     204.1536     0.0     204.1536      0.0000       0.0000 Muxn_36_76
system/tile_prci_domain/tile_reset_domain_tile/fusion/fgra/fgra/cggibs_15/mux_2      87.2592     0.0      87.2592      0.0000       0.0000 Muxn_135
system/tile_prci_domain/tile_reset_domain_tile/fusion/fgra/fgra/cggibs_15/mux_3      87.0240     0.0      87.0240      0.0000       0.0000 Muxn_134
system/tile_prci_domain/tile_reset_domain_tile/fusion/fgra/fgra/cggibs_15/mux_4     176.6352     0.0     176.6352      0.0000       0.0000 Muxn_54_95
system/tile_prci_domain/tile_reset_domain_tile/fusion/fgra/fgra/cggibs_15/mux_5      80.9088     0.0      80.9088      0.0000       0.0000 Muxn_133
system/tile_prci_domain/tile_reset_domain_tile/fusion/fgra/fgra/cggibs_15/mux_6      90.3168     0.0      90.3168      0.0000       0.0000 Muxn_132
system/tile_prci_domain/tile_reset_domain_tile/fusion/fgra/fgra/cggibs_15/mux_7      90.0816     0.0      90.0816      0.0000       0.0000 Muxn_131
system/tile_prci_domain/tile_reset_domain_tile/fusion/fgra/fgra/cggibs_15/mux_8     119.9520     0.0     119.9520      0.0000       0.0000 Muxn_229_114
system/tile_prci_domain/tile_reset_domain_tile/fusion/fgra/fgra/cggibs_15/mux_9     109.1328     0.0     109.1328      0.0000       0.0000 Muxn_229_113
system/tile_prci_domain/tile_reset_domain_tile/fusion/fgra/fgra/cggibs_16    2883.0816     0.1       5.4096      0.0000       0.0000 GIB_16
system/tile_prci_domain/tile_reset_domain_tile/fusion/fgra/fgra/cggibs_16/cfg     480.0432     0.0      71.0304    409.0128       0.0000 ConfigMem_63_6
system/tile_prci_domain/tile_reset_domain_tile/fusion/fgra/fgra/cggibs_16/mux     105.8400     0.0     105.8400      0.0000       0.0000 Muxn_229_112
system/tile_prci_domain/tile_reset_domain_tile/fusion/fgra/fgra/cggibs_16/mux_1     113.1312     0.0     113.1312      0.0000       0.0000 Muxn_229_111
system/tile_prci_domain/tile_reset_domain_tile/fusion/fgra/fgra/cggibs_16/mux_10     180.6336     0.0     180.6336      0.0000       0.0000 Muxn_54_92
system/tile_prci_domain/tile_reset_domain_tile/fusion/fgra/fgra/cggibs_16/mux_11      79.0272     0.0      79.0272      0.0000       0.0000 Muxn_124
system/tile_prci_domain/tile_reset_domain_tile/fusion/fgra/fgra/cggibs_16/mux_12     271.8912     0.0     271.8912      0.0000       0.0000 Muxn_36_75
system/tile_prci_domain/tile_reset_domain_tile/fusion/fgra/fgra/cggibs_16/mux_13     265.3056     0.0     265.3056      0.0000       0.0000 Muxn_36_74
system/tile_prci_domain/tile_reset_domain_tile/fusion/fgra/fgra/cggibs_16/mux_14     257.5440     0.0     257.5440      0.0000       0.0000 Muxn_36_73
system/tile_prci_domain/tile_reset_domain_tile/fusion/fgra/fgra/cggibs_16/mux_15     316.3440     0.0     316.3440      0.0000       0.0000 Muxn_36_72
system/tile_prci_domain/tile_reset_domain_tile/fusion/fgra/fgra/cggibs_16/mux_2      78.5568     0.0      78.5568      0.0000       0.0000 Muxn_129
system/tile_prci_domain/tile_reset_domain_tile/fusion/fgra/fgra/cggibs_16/mux_3      79.0272     0.0      79.0272      0.0000       0.0000 Muxn_128
system/tile_prci_domain/tile_reset_domain_tile/fusion/fgra/fgra/cggibs_16/mux_4     178.9872     0.0     178.9872      0.0000       0.0000 Muxn_54_93
system/tile_prci_domain/tile_reset_domain_tile/fusion/fgra/fgra/cggibs_16/mux_5      78.5568     0.0      78.5568      0.0000       0.0000 Muxn_127
system/tile_prci_domain/tile_reset_domain_tile/fusion/fgra/fgra/cggibs_16/mux_6      81.1440     0.0      81.1440      0.0000       0.0000 Muxn_126
system/tile_prci_domain/tile_reset_domain_tile/fusion/fgra/fgra/cggibs_16/mux_7      82.0848     0.0      82.0848      0.0000       0.0000 Muxn_125
system/tile_prci_domain/tile_reset_domain_tile/fusion/fgra/fgra/cggibs_16/mux_8     116.1888     0.0     116.1888      0.0000       0.0000 Muxn_229_110
system/tile_prci_domain/tile_reset_domain_tile/fusion/fgra/fgra/cggibs_16/mux_9     113.3664     0.0     113.3664      0.0000       0.0000 Muxn_229_109
system/tile_prci_domain/tile_reset_domain_tile/fusion/fgra/fgra/cggibs_17    3140.3904     0.1      91.7280    626.3376       0.0000 GIB_17
system/tile_prci_domain/tile_reset_domain_tile/fusion/fgra/fgra/cggibs_17/cfg     243.1968     0.0      71.0304    172.1664       0.0000 ConfigMem_63_5
system/tile_prci_domain/tile_reset_domain_tile/fusion/fgra/fgra/cggibs_17/mux     118.5408     0.0     118.5408      0.0000       0.0000 Muxn_229_108
system/tile_prci_domain/tile_reset_domain_tile/fusion/fgra/fgra/cggibs_17/mux_1     111.7200     0.0     111.7200      0.0000       0.0000 Muxn_229_107
system/tile_prci_domain/tile_reset_domain_tile/fusion/fgra/fgra/cggibs_17/mux_10     189.1008     0.0     189.1008      0.0000       0.0000 Muxn_54_90
system/tile_prci_domain/tile_reset_domain_tile/fusion/fgra/fgra/cggibs_17/mux_11      87.2592     0.0      87.2592      0.0000       0.0000 Muxn_118
system/tile_prci_domain/tile_reset_domain_tile/fusion/fgra/fgra/cggibs_17/mux_12     204.1536     0.0     204.1536      0.0000       0.0000 Muxn_36_71
system/tile_prci_domain/tile_reset_domain_tile/fusion/fgra/fgra/cggibs_17/mux_13     204.1536     0.0     204.1536      0.0000       0.0000 Muxn_36_70
system/tile_prci_domain/tile_reset_domain_tile/fusion/fgra/fgra/cggibs_17/mux_14     204.1536     0.0     204.1536      0.0000       0.0000 Muxn_36_69
system/tile_prci_domain/tile_reset_domain_tile/fusion/fgra/fgra/cggibs_17/mux_15     204.1536     0.0     204.1536      0.0000       0.0000 Muxn_36_68
system/tile_prci_domain/tile_reset_domain_tile/fusion/fgra/fgra/cggibs_17/mux_2      87.7296     0.0      87.7296      0.0000       0.0000 Muxn_123
system/tile_prci_domain/tile_reset_domain_tile/fusion/fgra/fgra/cggibs_17/mux_3      87.2592     0.0      87.2592      0.0000       0.0000 Muxn_122
system/tile_prci_domain/tile_reset_domain_tile/fusion/fgra/fgra/cggibs_17/mux_4     175.2240     0.0     175.2240      0.0000       0.0000 Muxn_54_91
system/tile_prci_domain/tile_reset_domain_tile/fusion/fgra/fgra/cggibs_17/mux_5      82.7904     0.0      82.7904      0.0000       0.0000 Muxn_121
system/tile_prci_domain/tile_reset_domain_tile/fusion/fgra/fgra/cggibs_17/mux_6      89.1408     0.0      89.1408      0.0000       0.0000 Muxn_120
system/tile_prci_domain/tile_reset_domain_tile/fusion/fgra/fgra/cggibs_17/mux_7      89.6112     0.0      89.6112      0.0000       0.0000 Muxn_119
system/tile_prci_domain/tile_reset_domain_tile/fusion/fgra/fgra/cggibs_17/mux_8     124.8912     0.0     124.8912      0.0000       0.0000 Muxn_229_106
system/tile_prci_domain/tile_reset_domain_tile/fusion/fgra/fgra/cggibs_17/mux_9     119.2464     0.0     119.2464      0.0000       0.0000 Muxn_229_105
system/tile_prci_domain/tile_reset_domain_tile/fusion/fgra/fgra/cggibs_18    2864.7360     0.1       7.9968      0.0000       0.0000 GIB_18
system/tile_prci_domain/tile_reset_domain_tile/fusion/fgra/fgra/cggibs_18/cfg     475.1040     0.0      71.0304    404.0736       0.0000 ConfigMem_63_4
system/tile_prci_domain/tile_reset_domain_tile/fusion/fgra/fgra/cggibs_18/mux     117.6000     0.0     117.6000      0.0000       0.0000 Muxn_229_104
system/tile_prci_domain/tile_reset_domain_tile/fusion/fgra/fgra/cggibs_18/mux_1     111.0144     0.0     111.0144      0.0000       0.0000 Muxn_229_103
system/tile_prci_domain/tile_reset_domain_tile/fusion/fgra/fgra/cggibs_18/mux_10     179.6928     0.0     179.6928      0.0000       0.0000 Muxn_54_88
system/tile_prci_domain/tile_reset_domain_tile/fusion/fgra/fgra/cggibs_18/mux_11      78.5568     0.0      78.5568      0.0000       0.0000 Muxn_112
system/tile_prci_domain/tile_reset_domain_tile/fusion/fgra/fgra/cggibs_18/mux_12     246.4896     0.0     246.4896      0.0000       0.0000 Muxn_36_67
system/tile_prci_domain/tile_reset_domain_tile/fusion/fgra/fgra/cggibs_18/mux_13     238.4928     0.0     238.4928      0.0000       0.0000 Muxn_36_66
system/tile_prci_domain/tile_reset_domain_tile/fusion/fgra/fgra/cggibs_18/mux_14     285.7680     0.0     285.7680      0.0000       0.0000 Muxn_36_65
system/tile_prci_domain/tile_reset_domain_tile/fusion/fgra/fgra/cggibs_18/mux_15     318.6960     0.0     318.6960      0.0000       0.0000 Muxn_36_64
system/tile_prci_domain/tile_reset_domain_tile/fusion/fgra/fgra/cggibs_18/mux_2      82.5552     0.0      82.5552      0.0000       0.0000 Muxn_117
system/tile_prci_domain/tile_reset_domain_tile/fusion/fgra/fgra/cggibs_18/mux_3      78.5568     0.0      78.5568      0.0000       0.0000 Muxn_116
system/tile_prci_domain/tile_reset_domain_tile/fusion/fgra/fgra/cggibs_18/mux_4     179.9280     0.0     179.9280      0.0000       0.0000 Muxn_54_89
system/tile_prci_domain/tile_reset_domain_tile/fusion/fgra/fgra/cggibs_18/mux_5      78.0864     0.0      78.0864      0.0000       0.0000 Muxn_115
system/tile_prci_domain/tile_reset_domain_tile/fusion/fgra/fgra/cggibs_18/mux_6      79.9680     0.0      79.9680      0.0000       0.0000 Muxn_114
system/tile_prci_domain/tile_reset_domain_tile/fusion/fgra/fgra/cggibs_18/mux_7      78.5568     0.0      78.5568      0.0000       0.0000 Muxn_113
system/tile_prci_domain/tile_reset_domain_tile/fusion/fgra/fgra/cggibs_18/mux_8     114.3072     0.0     114.3072      0.0000       0.0000 Muxn_229_102
system/tile_prci_domain/tile_reset_domain_tile/fusion/fgra/fgra/cggibs_18/mux_9     113.3664     0.0     113.3664      0.0000       0.0000 Muxn_229_101
system/tile_prci_domain/tile_reset_domain_tile/fusion/fgra/fgra/cggibs_19    3087.7056     0.1      72.9120    602.1120       0.0000 GIB_19
system/tile_prci_domain/tile_reset_domain_tile/fusion/fgra/fgra/cggibs_19/cfg     258.7200     0.0      71.0304    187.6896       0.0000 ConfigMem_63_3
system/tile_prci_domain/tile_reset_domain_tile/fusion/fgra/fgra/cggibs_19/mux     110.7792     0.0     110.7792      0.0000       0.0000 Muxn_229_100
system/tile_prci_domain/tile_reset_domain_tile/fusion/fgra/fgra/cggibs_19/mux_1     110.3088     0.0     110.3088      0.0000       0.0000 Muxn_229_99
system/tile_prci_domain/tile_reset_domain_tile/fusion/fgra/fgra/cggibs_19/mux_10     175.6944     0.0     175.6944      0.0000       0.0000 Muxn_54_86
system/tile_prci_domain/tile_reset_domain_tile/fusion/fgra/fgra/cggibs_19/mux_11      82.3200     0.0      82.3200      0.0000       0.0000 Muxn_105
system/tile_prci_domain/tile_reset_domain_tile/fusion/fgra/fgra/cggibs_19/mux_12     204.1536     0.0     204.1536      0.0000       0.0000 Muxn_36_63
system/tile_prci_domain/tile_reset_domain_tile/fusion/fgra/fgra/cggibs_19/mux_13     204.1536     0.0     204.1536      0.0000       0.0000 Muxn_36_62
system/tile_prci_domain/tile_reset_domain_tile/fusion/fgra/fgra/cggibs_19/mux_14     204.1536     0.0     204.1536      0.0000       0.0000 Muxn_36_61
system/tile_prci_domain/tile_reset_domain_tile/fusion/fgra/fgra/cggibs_19/mux_15     204.1536     0.0     204.1536      0.0000       0.0000 Muxn_36_60
system/tile_prci_domain/tile_reset_domain_tile/fusion/fgra/fgra/cggibs_19/mux_2      84.4368     0.0      84.4368      0.0000       0.0000 Muxn_111
system/tile_prci_domain/tile_reset_domain_tile/fusion/fgra/fgra/cggibs_19/mux_3      86.7888     0.0      86.7888      0.0000       0.0000 Muxn_109
system/tile_prci_domain/tile_reset_domain_tile/fusion/fgra/fgra/cggibs_19/mux_4     178.5168     0.0     178.5168      0.0000       0.0000 Muxn_54_87
system/tile_prci_domain/tile_reset_domain_tile/fusion/fgra/fgra/cggibs_19/mux_5      84.2016     0.0      84.2016      0.0000       0.0000 Muxn_108
system/tile_prci_domain/tile_reset_domain_tile/fusion/fgra/fgra/cggibs_19/mux_6      91.2576     0.0      91.2576      0.0000       0.0000 Muxn_107
system/tile_prci_domain/tile_reset_domain_tile/fusion/fgra/fgra/cggibs_19/mux_7      88.6704     0.0      88.6704      0.0000       0.0000 Muxn_106
system/tile_prci_domain/tile_reset_domain_tile/fusion/fgra/fgra/cggibs_19/mux_8     125.5968     0.0     125.5968      0.0000       0.0000 Muxn_229_98
system/tile_prci_domain/tile_reset_domain_tile/fusion/fgra/fgra/cggibs_19/mux_9     118.7760     0.0     118.7760      0.0000       0.0000 Muxn_229_97
system/tile_prci_domain/tile_reset_domain_tile/fusion/fgra/fgra/cggibs_2    1461.5328     0.0      63.2688      0.0000       0.0000 GIB_2
system/tile_prci_domain/tile_reset_domain_tile/fusion/fgra/fgra/cggibs_2/cfg     189.5712     0.0      38.8080    150.7632       0.0000 ConfigMem_49_8
system/tile_prci_domain/tile_reset_domain_tile/fusion/fgra/fgra/cggibs_2/mux     104.4288     0.0     104.4288      0.0000       0.0000 Muxn_229_164
system/tile_prci_domain/tile_reset_domain_tile/fusion/fgra/fgra/cggibs_2/mux_1     103.4880     0.0     103.4880      0.0000       0.0000 Muxn_229_163
system/tile_prci_domain/tile_reset_domain_tile/fusion/fgra/fgra/cggibs_2/mux_2     152.4096     0.0     152.4096      0.0000       0.0000 Muxn_54_116
system/tile_prci_domain/tile_reset_domain_tile/fusion/fgra/fgra/cggibs_2/mux_3      78.0864     0.0      78.0864      0.0000       0.0000 Muxn_180
system/tile_prci_domain/tile_reset_domain_tile/fusion/fgra/fgra/cggibs_2/mux_4      78.7920     0.0      78.7920      0.0000       0.0000 Muxn_179
system/tile_prci_domain/tile_reset_domain_tile/fusion/fgra/fgra/cggibs_2/mux_5      79.0272     0.0      79.0272      0.0000       0.0000 Muxn_178
system/tile_prci_domain/tile_reset_domain_tile/fusion/fgra/fgra/cggibs_2/mux_6     112.8960     0.0     112.8960      0.0000       0.0000 Muxn_229_162
system/tile_prci_domain/tile_reset_domain_tile/fusion/fgra/fgra/cggibs_2/mux_7     166.7568     0.0     166.7568      0.0000       0.0000 Muxn_54_115
system/tile_prci_domain/tile_reset_domain_tile/fusion/fgra/fgra/cggibs_2/mux_8     163.4640     0.0     163.4640      0.0000       0.0000 Muxn_54_114
system/tile_prci_domain/tile_reset_domain_tile/fusion/fgra/fgra/cggibs_2/mux_9     169.3440     0.0     169.3440      0.0000       0.0000 Muxn_54_113
system/tile_prci_domain/tile_reset_domain_tile/fusion/fgra/fgra/cggibs_20     683.0208     0.0     163.4640      0.0000       0.0000 GIB_20
system/tile_prci_domain/tile_reset_domain_tile/fusion/fgra/fgra/cggibs_20/cfg      96.6672     0.0      14.5824     82.0848       0.0000 ConfigMem_55_9
system/tile_prci_domain/tile_reset_domain_tile/fusion/fgra/fgra/cggibs_20/mux      79.0272     0.0      79.0272      0.0000       0.0000 Muxn_104
system/tile_prci_domain/tile_reset_domain_tile/fusion/fgra/fgra/cggibs_20/mux_1      91.2576     0.0      91.2576      0.0000       0.0000 Muxn_103
system/tile_prci_domain/tile_reset_domain_tile/fusion/fgra/fgra/cggibs_20/mux_2     125.8320     0.0     125.8320      0.0000       0.0000 Muxn_229_96
system/tile_prci_domain/tile_reset_domain_tile/fusion/fgra/fgra/cggibs_20/mux_3     126.7728     0.0     126.7728      0.0000       0.0000 Muxn_229_95
system/tile_prci_domain/tile_reset_domain_tile/fusion/fgra/fgra/cggibs_21     986.8992     0.0     112.6608    467.3424       0.0000 GIB_21
system/tile_prci_domain/tile_reset_domain_tile/fusion/fgra/fgra/cggibs_21/cfg      43.5120     0.0      15.2880     28.2240       0.0000 ConfigMem_55_8
system/tile_prci_domain/tile_reset_domain_tile/fusion/fgra/fgra/cggibs_21/mux      80.2032     0.0      80.2032      0.0000       0.0000 Muxn_102
system/tile_prci_domain/tile_reset_domain_tile/fusion/fgra/fgra/cggibs_21/mux_1     102.5472     0.0     102.5472      0.0000       0.0000 Muxn_229_94
system/tile_prci_domain/tile_reset_domain_tile/fusion/fgra/fgra/cggibs_21/mux_2      78.0864     0.0      78.0864      0.0000       0.0000 Muxn_101
system/tile_prci_domain/tile_reset_domain_tile/fusion/fgra/fgra/cggibs_21/mux_3     102.5472     0.0     102.5472      0.0000       0.0000 Muxn_229_93
system/tile_prci_domain/tile_reset_domain_tile/fusion/fgra/fgra/cggibs_22    2533.1040     0.1      15.7584      0.0000       0.0000 GIB_22
system/tile_prci_domain/tile_reset_domain_tile/fusion/fgra/fgra/cggibs_22/cfg     445.9392     0.0      65.8560    380.0832       0.0000 ConfigMem_70_7
system/tile_prci_domain/tile_reset_domain_tile/fusion/fgra/fgra/cggibs_22/mux     122.3040     0.0     122.3040      0.0000       0.0000 Muxn_229_92
system/tile_prci_domain/tile_reset_domain_tile/fusion/fgra/fgra/cggibs_22/mux_1     116.6592     0.0     116.6592      0.0000       0.0000 Muxn_229_91
system/tile_prci_domain/tile_reset_domain_tile/fusion/fgra/fgra/cggibs_22/mux_10     204.1536     0.0     204.1536      0.0000       0.0000 Muxn_36_59
system/tile_prci_domain/tile_reset_domain_tile/fusion/fgra/fgra/cggibs_22/mux_11     258.2496     0.0     258.2496      0.0000       0.0000 Muxn_36_58
system/tile_prci_domain/tile_reset_domain_tile/fusion/fgra/fgra/cggibs_22/mux_12     250.9584     0.0     250.9584      0.0000       0.0000 Muxn_36_57
system/tile_prci_domain/tile_reset_domain_tile/fusion/fgra/fgra/cggibs_22/mux_13     250.7232     0.0     250.7232      0.0000       0.0000 Muxn_36_56
system/tile_prci_domain/tile_reset_domain_tile/fusion/fgra/fgra/cggibs_22/mux_2     155.9376     0.0     155.9376      0.0000       0.0000 Muxn_54_85
system/tile_prci_domain/tile_reset_domain_tile/fusion/fgra/fgra/cggibs_22/mux_3      79.2624     0.0      79.2624      0.0000       0.0000 Muxn_100
system/tile_prci_domain/tile_reset_domain_tile/fusion/fgra/fgra/cggibs_22/mux_4     112.8960     0.0     112.8960      0.0000       0.0000 Muxn_229_90
system/tile_prci_domain/tile_reset_domain_tile/fusion/fgra/fgra/cggibs_22/mux_5     108.4272     0.0     108.4272      0.0000       0.0000 Muxn_229_89
system/tile_prci_domain/tile_reset_domain_tile/fusion/fgra/fgra/cggibs_22/mux_6      77.8512     0.0      77.8512      0.0000       0.0000 Muxn_99
system/tile_prci_domain/tile_reset_domain_tile/fusion/fgra/fgra/cggibs_22/mux_7      78.7920     0.0      78.7920      0.0000       0.0000 Muxn_98
system/tile_prci_domain/tile_reset_domain_tile/fusion/fgra/fgra/cggibs_22/mux_8     176.4000     0.0     176.4000      0.0000       0.0000 Muxn_54_84
system/tile_prci_domain/tile_reset_domain_tile/fusion/fgra/fgra/cggibs_22/mux_9      78.7920     0.0      78.7920      0.0000       0.0000 Muxn_97
system/tile_prci_domain/tile_reset_domain_tile/fusion/fgra/fgra/cggibs_23    3115.9296     0.1      80.6736    602.3472       0.0000 GIB_23
system/tile_prci_domain/tile_reset_domain_tile/fusion/fgra/fgra/cggibs_23/cfg     273.3024     0.0      73.1472    200.1552       0.0000 ConfigMem_56_2
system/tile_prci_domain/tile_reset_domain_tile/fusion/fgra/fgra/cggibs_23/mux     123.7152     0.0     123.7152      0.0000       0.0000 Muxn_229_88
system/tile_prci_domain/tile_reset_domain_tile/fusion/fgra/fgra/cggibs_23/mux_1     125.8320     0.0     125.8320      0.0000       0.0000 Muxn_229_87
system/tile_prci_domain/tile_reset_domain_tile/fusion/fgra/fgra/cggibs_23/mux_10     121.5984     0.0     121.5984      0.0000       0.0000 Muxn_229_83
system/tile_prci_domain/tile_reset_domain_tile/fusion/fgra/fgra/cggibs_23/mux_11      89.3760     0.0      89.3760      0.0000       0.0000 Muxn_92
system/tile_prci_domain/tile_reset_domain_tile/fusion/fgra/fgra/cggibs_23/mux_12     204.1536     0.0     204.1536      0.0000       0.0000 Muxn_36_55
system/tile_prci_domain/tile_reset_domain_tile/fusion/fgra/fgra/cggibs_23/mux_13     204.1536     0.0     204.1536      0.0000       0.0000 Muxn_36_54
system/tile_prci_domain/tile_reset_domain_tile/fusion/fgra/fgra/cggibs_23/mux_14     204.1536     0.0     204.1536      0.0000       0.0000 Muxn_36_53
system/tile_prci_domain/tile_reset_domain_tile/fusion/fgra/fgra/cggibs_23/mux_15     204.1536     0.0     204.1536      0.0000       0.0000 Muxn_36_52
system/tile_prci_domain/tile_reset_domain_tile/fusion/fgra/fgra/cggibs_23/mux_2     179.6928     0.0     179.6928      0.0000       0.0000 Muxn_54_83
system/tile_prci_domain/tile_reset_domain_tile/fusion/fgra/fgra/cggibs_23/mux_3      84.9072     0.0      84.9072      0.0000       0.0000 Muxn_96
system/tile_prci_domain/tile_reset_domain_tile/fusion/fgra/fgra/cggibs_23/mux_4     119.9520     0.0     119.9520      0.0000       0.0000 Muxn_229_86
system/tile_prci_domain/tile_reset_domain_tile/fusion/fgra/fgra/cggibs_23/mux_5     115.7184     0.0     115.7184      0.0000       0.0000 Muxn_229_85
system/tile_prci_domain/tile_reset_domain_tile/fusion/fgra/fgra/cggibs_23/mux_6      88.4352     0.0      88.4352      0.0000       0.0000 Muxn_95
system/tile_prci_domain/tile_reset_domain_tile/fusion/fgra/fgra/cggibs_23/mux_7      88.4352     0.0      88.4352      0.0000       0.0000 Muxn_94
system/tile_prci_domain/tile_reset_domain_tile/fusion/fgra/fgra/cggibs_23/mux_8     123.4800     0.0     123.4800      0.0000       0.0000 Muxn_229_84
system/tile_prci_domain/tile_reset_domain_tile/fusion/fgra/fgra/cggibs_23/mux_9      81.8496     0.0      81.8496      0.0000       0.0000 Muxn_93
system/tile_prci_domain/tile_reset_domain_tile/fusion/fgra/fgra/cggibs_24    2963.7552     0.1      19.9920      0.0000       0.0000 GIB_24
system/tile_prci_domain/tile_reset_domain_tile/fusion/fgra/fgra/cggibs_24/cfg     512.0304     0.0      73.1472    438.8832       0.0000 ConfigMem_56_1
system/tile_prci_domain/tile_reset_domain_tile/fusion/fgra/fgra/cggibs_24/mux     124.4208     0.0     124.4208      0.0000       0.0000 Muxn_229_82
system/tile_prci_domain/tile_reset_domain_tile/fusion/fgra/fgra/cggibs_24/mux_1     109.3680     0.0     109.3680      0.0000       0.0000 Muxn_229_81
system/tile_prci_domain/tile_reset_domain_tile/fusion/fgra/fgra/cggibs_24/mux_10     111.0144     0.0     111.0144      0.0000       0.0000 Muxn_229_77
system/tile_prci_domain/tile_reset_domain_tile/fusion/fgra/fgra/cggibs_24/mux_11      78.0864     0.0      78.0864      0.0000       0.0000 Muxn_87
system/tile_prci_domain/tile_reset_domain_tile/fusion/fgra/fgra/cggibs_24/mux_12     319.1664     0.0     319.1664      0.0000       0.0000 Muxn_36_51
system/tile_prci_domain/tile_reset_domain_tile/fusion/fgra/fgra/cggibs_24/mux_13     311.1696     0.0     311.1696      0.0000       0.0000 Muxn_36_50
system/tile_prci_domain/tile_reset_domain_tile/fusion/fgra/fgra/cggibs_24/mux_14     306.7008     0.0     306.7008      0.0000       0.0000 Muxn_36_49
system/tile_prci_domain/tile_reset_domain_tile/fusion/fgra/fgra/cggibs_24/mux_15     250.2528     0.0     250.2528      0.0000       0.0000 Muxn_36_48
system/tile_prci_domain/tile_reset_domain_tile/fusion/fgra/fgra/cggibs_24/mux_2     177.8112     0.0     177.8112      0.0000       0.0000 Muxn_54_82
system/tile_prci_domain/tile_reset_domain_tile/fusion/fgra/fgra/cggibs_24/mux_3      78.5568     0.0      78.5568      0.0000       0.0000 Muxn_91
system/tile_prci_domain/tile_reset_domain_tile/fusion/fgra/fgra/cggibs_24/mux_4     109.1328     0.0     109.1328      0.0000       0.0000 Muxn_229_80
system/tile_prci_domain/tile_reset_domain_tile/fusion/fgra/fgra/cggibs_24/mux_5     107.0160     0.0     107.0160      0.0000       0.0000 Muxn_229_79
system/tile_prci_domain/tile_reset_domain_tile/fusion/fgra/fgra/cggibs_24/mux_6      79.2624     0.0      79.2624      0.0000       0.0000 Muxn_90
system/tile_prci_domain/tile_reset_domain_tile/fusion/fgra/fgra/cggibs_24/mux_7      79.0272     0.0      79.0272      0.0000       0.0000 Muxn_89
system/tile_prci_domain/tile_reset_domain_tile/fusion/fgra/fgra/cggibs_24/mux_8     111.9552     0.0     111.9552      0.0000       0.0000 Muxn_229_78
system/tile_prci_domain/tile_reset_domain_tile/fusion/fgra/fgra/cggibs_24/mux_9      78.7920     0.0      78.7920      0.0000       0.0000 Muxn_88
system/tile_prci_domain/tile_reset_domain_tile/fusion/fgra/fgra/cggibs_25    3102.2880     0.1      70.3248    602.1120       0.0000 GIB_25
system/tile_prci_domain/tile_reset_domain_tile/fusion/fgra/fgra/cggibs_25/cfg     288.8256     0.0      73.1472    215.6784       0.0000 ConfigMem_56_0
system/tile_prci_domain/tile_reset_domain_tile/fusion/fgra/fgra/cggibs_25/mux     127.2432     0.0     127.2432      0.0000       0.0000 Muxn_229_76
system/tile_prci_domain/tile_reset_domain_tile/fusion/fgra/fgra/cggibs_25/mux_1     114.0720     0.0     114.0720      0.0000       0.0000 Muxn_229_75
system/tile_prci_domain/tile_reset_domain_tile/fusion/fgra/fgra/cggibs_25/mux_10     119.9520     0.0     119.9520      0.0000       0.0000 Muxn_229_71
system/tile_prci_domain/tile_reset_domain_tile/fusion/fgra/fgra/cggibs_25/mux_11      87.7296     0.0      87.7296      0.0000       0.0000 Muxn_82
system/tile_prci_domain/tile_reset_domain_tile/fusion/fgra/fgra/cggibs_25/mux_12     204.1536     0.0     204.1536      0.0000       0.0000 Muxn_36_47
system/tile_prci_domain/tile_reset_domain_tile/fusion/fgra/fgra/cggibs_25/mux_13     204.1536     0.0     204.1536      0.0000       0.0000 Muxn_36_46
system/tile_prci_domain/tile_reset_domain_tile/fusion/fgra/fgra/cggibs_25/mux_14     204.1536     0.0     204.1536      0.0000       0.0000 Muxn_36_45
system/tile_prci_domain/tile_reset_domain_tile/fusion/fgra/fgra/cggibs_25/mux_15     204.1536     0.0     204.1536      0.0000       0.0000 Muxn_36_44
system/tile_prci_domain/tile_reset_domain_tile/fusion/fgra/fgra/cggibs_25/mux_2     182.2800     0.0     182.2800      0.0000       0.0000 Muxn_54_81
system/tile_prci_domain/tile_reset_domain_tile/fusion/fgra/fgra/cggibs_25/mux_3      81.8496     0.0      81.8496      0.0000       0.0000 Muxn_86
system/tile_prci_domain/tile_reset_domain_tile/fusion/fgra/fgra/cggibs_25/mux_4     119.0112     0.0     119.0112      0.0000       0.0000 Muxn_229_74
system/tile_prci_domain/tile_reset_domain_tile/fusion/fgra/fgra/cggibs_25/mux_5     114.7776     0.0     114.7776      0.0000       0.0000 Muxn_229_73
system/tile_prci_domain/tile_reset_domain_tile/fusion/fgra/fgra/cggibs_25/mux_6      87.0240     0.0      87.0240      0.0000       0.0000 Muxn_85
system/tile_prci_domain/tile_reset_domain_tile/fusion/fgra/fgra/cggibs_25/mux_7      89.1408     0.0      89.1408      0.0000       0.0000 Muxn_84
system/tile_prci_domain/tile_reset_domain_tile/fusion/fgra/fgra/cggibs_25/mux_8     118.7760     0.0     118.7760      0.0000       0.0000 Muxn_229_72
system/tile_prci_domain/tile_reset_domain_tile/fusion/fgra/fgra/cggibs_25/mux_9      82.5552     0.0      82.5552      0.0000       0.0000 Muxn_83
system/tile_prci_domain/tile_reset_domain_tile/fusion/fgra/fgra/cggibs_26    2555.4480     0.1      11.9952      0.0000       0.0000 GIB_26
system/tile_prci_domain/tile_reset_domain_tile/fusion/fgra/fgra/cggibs_26/cfg     432.2976     0.0      68.9136    363.3840       0.0000 ConfigMem_74
system/tile_prci_domain/tile_reset_domain_tile/fusion/fgra/fgra/cggibs_26/mux     113.6016     0.0     113.6016      0.0000       0.0000 Muxn_229_70
system/tile_prci_domain/tile_reset_domain_tile/fusion/fgra/fgra/cggibs_26/mux_1     107.2512     0.0     107.2512      0.0000       0.0000 Muxn_229_69
system/tile_prci_domain/tile_reset_domain_tile/fusion/fgra/fgra/cggibs_26/mux_10     258.2496     0.0     258.2496      0.0000       0.0000 Muxn_36_43
system/tile_prci_domain/tile_reset_domain_tile/fusion/fgra/fgra/cggibs_26/mux_11     312.1104     0.0     312.1104      0.0000       0.0000 Muxn_36_42
system/tile_prci_domain/tile_reset_domain_tile/fusion/fgra/fgra/cggibs_26/mux_12     204.1536     0.0     204.1536      0.0000       0.0000 Muxn_36_41
system/tile_prci_domain/tile_reset_domain_tile/fusion/fgra/fgra/cggibs_26/mux_13     249.0768     0.0     249.0768      0.0000       0.0000 Muxn_36_40
system/tile_prci_domain/tile_reset_domain_tile/fusion/fgra/fgra/cggibs_26/mux_2     183.9264     0.0     183.9264      0.0000       0.0000 Muxn_54_80
system/tile_prci_domain/tile_reset_domain_tile/fusion/fgra/fgra/cggibs_26/mux_3      79.0272     0.0      79.0272      0.0000       0.0000 Muxn_81
system/tile_prci_domain/tile_reset_domain_tile/fusion/fgra/fgra/cggibs_26/mux_4     114.5424     0.0     114.5424      0.0000       0.0000 Muxn_229_68
system/tile_prci_domain/tile_reset_domain_tile/fusion/fgra/fgra/cggibs_26/mux_5     106.5456     0.0     106.5456      0.0000       0.0000 Muxn_229_67
system/tile_prci_domain/tile_reset_domain_tile/fusion/fgra/fgra/cggibs_26/mux_6     108.6624     0.0     108.6624      0.0000       0.0000 Muxn_229_66
system/tile_prci_domain/tile_reset_domain_tile/fusion/fgra/fgra/cggibs_26/mux_7      79.0272     0.0      79.0272      0.0000       0.0000 Muxn_80
system/tile_prci_domain/tile_reset_domain_tile/fusion/fgra/fgra/cggibs_26/mux_8     113.6016     0.0     113.6016      0.0000       0.0000 Muxn_229_65
system/tile_prci_domain/tile_reset_domain_tile/fusion/fgra/fgra/cggibs_26/mux_9      81.3792     0.0      81.3792      0.0000       0.0000 Muxn_79
system/tile_prci_domain/tile_reset_domain_tile/fusion/fgra/fgra/cggibs_27     998.8944     0.0     116.4240    474.8688       0.0000 GIB_27
system/tile_prci_domain/tile_reset_domain_tile/fusion/fgra/fgra/cggibs_27/cfg      43.5120     0.0      15.2880     28.2240       0.0000 ConfigMem_55_7
system/tile_prci_domain/tile_reset_domain_tile/fusion/fgra/fgra/cggibs_27/mux      80.9088     0.0      80.9088      0.0000       0.0000 Muxn_78
system/tile_prci_domain/tile_reset_domain_tile/fusion/fgra/fgra/cggibs_27/mux_1      78.0864     0.0      78.0864      0.0000       0.0000 Muxn_77
system/tile_prci_domain/tile_reset_domain_tile/fusion/fgra/fgra/cggibs_27/mux_2     102.5472     0.0     102.5472      0.0000       0.0000 Muxn_229_64
system/tile_prci_domain/tile_reset_domain_tile/fusion/fgra/fgra/cggibs_27/mux_3     102.5472     0.0     102.5472      0.0000       0.0000 Muxn_229_63
system/tile_prci_domain/tile_reset_domain_tile/fusion/fgra/fgra/cggibs_28     630.3360     0.0     115.7184      0.0000       0.0000 GIB_28
system/tile_prci_domain/tile_reset_domain_tile/fusion/fgra/fgra/cggibs_28/cfg      99.2544     0.0      14.5824     84.6720       0.0000 ConfigMem_55_6
system/tile_prci_domain/tile_reset_domain_tile/fusion/fgra/fgra/cggibs_28/mux      78.5568     0.0      78.5568      0.0000       0.0000 Muxn_76
system/tile_prci_domain/tile_reset_domain_tile/fusion/fgra/fgra/cggibs_28/mux_1     122.5392     0.0     122.5392      0.0000       0.0000 Muxn_229_62
system/tile_prci_domain/tile_reset_domain_tile/fusion/fgra/fgra/cggibs_28/mux_2      84.6720     0.0      84.6720      0.0000       0.0000 Muxn_75
system/tile_prci_domain/tile_reset_domain_tile/fusion/fgra/fgra/cggibs_28/mux_3     129.5952     0.0     129.5952      0.0000       0.0000 Muxn_229_61
system/tile_prci_domain/tile_reset_domain_tile/fusion/fgra/fgra/cggibs_29    2951.7600     0.1      61.3872    602.3472       0.0000 GIB_29
system/tile_prci_domain/tile_reset_domain_tile/fusion/fgra/fgra/cggibs_29/cfg     298.4688     0.0      65.8560    232.6128       0.0000 ConfigMem_70_6
system/tile_prci_domain/tile_reset_domain_tile/fusion/fgra/fgra/cggibs_29/mux     124.1856     0.0     124.1856      0.0000       0.0000 Muxn_229_60
system/tile_prci_domain/tile_reset_domain_tile/fusion/fgra/fgra/cggibs_29/mux_1     112.6608     0.0     112.6608      0.0000       0.0000 Muxn_229_59
system/tile_prci_domain/tile_reset_domain_tile/fusion/fgra/fgra/cggibs_29/mux_10     204.1536     0.0     204.1536      0.0000       0.0000 Muxn_36_39
system/tile_prci_domain/tile_reset_domain_tile/fusion/fgra/fgra/cggibs_29/mux_11     204.1536     0.0     204.1536      0.0000       0.0000 Muxn_36_38
system/tile_prci_domain/tile_reset_domain_tile/fusion/fgra/fgra/cggibs_29/mux_12     204.1536     0.0     204.1536      0.0000       0.0000 Muxn_36_37
system/tile_prci_domain/tile_reset_domain_tile/fusion/fgra/fgra/cggibs_29/mux_13     204.1536     0.0     204.1536      0.0000       0.0000 Muxn_36_36
system/tile_prci_domain/tile_reset_domain_tile/fusion/fgra/fgra/cggibs_29/mux_2     178.9872     0.0     178.9872      0.0000       0.0000 Muxn_54_79
system/tile_prci_domain/tile_reset_domain_tile/fusion/fgra/fgra/cggibs_29/mux_3      85.1424     0.0      85.1424      0.0000       0.0000 Muxn_74
system/tile_prci_domain/tile_reset_domain_tile/fusion/fgra/fgra/cggibs_29/mux_4      88.2000     0.0      88.2000      0.0000       0.0000 Muxn_73
system/tile_prci_domain/tile_reset_domain_tile/fusion/fgra/fgra/cggibs_29/mux_5      88.6704     0.0      88.6704      0.0000       0.0000 Muxn_72
system/tile_prci_domain/tile_reset_domain_tile/fusion/fgra/fgra/cggibs_29/mux_6     109.1328     0.0     109.1328      0.0000       0.0000 Muxn_229_58
system/tile_prci_domain/tile_reset_domain_tile/fusion/fgra/fgra/cggibs_29/mux_7     119.4816     0.0     119.4816      0.0000       0.0000 Muxn_229_57
system/tile_prci_domain/tile_reset_domain_tile/fusion/fgra/fgra/cggibs_29/mux_8     178.9872     0.0     178.9872      0.0000       0.0000 Muxn_54_78
system/tile_prci_domain/tile_reset_domain_tile/fusion/fgra/fgra/cggibs_29/mux_9      87.4944     0.0      87.4944      0.0000       0.0000 Muxn_71
system/tile_prci_domain/tile_reset_domain_tile/fusion/fgra/fgra/cggibs_3    1839.7344     0.1      48.2160    460.7568       0.0000 GIB_3
system/tile_prci_domain/tile_reset_domain_tile/fusion/fgra/fgra/cggibs_3/cfg     134.2992     0.0      38.8080     95.4912       0.0000 ConfigMem_49_7
system/tile_prci_domain/tile_reset_domain_tile/fusion/fgra/fgra/cggibs_3/mux     104.8992     0.0     104.8992      0.0000       0.0000 Muxn_229_161
system/tile_prci_domain/tile_reset_domain_tile/fusion/fgra/fgra/cggibs_3/mux_1     104.8992     0.0     104.8992      0.0000       0.0000 Muxn_229_160
system/tile_prci_domain/tile_reset_domain_tile/fusion/fgra/fgra/cggibs_3/mux_2     174.5184     0.0     174.5184      0.0000       0.0000 Muxn_54_112
system/tile_prci_domain/tile_reset_domain_tile/fusion/fgra/fgra/cggibs_3/mux_3      78.0864     0.0      78.0864      0.0000       0.0000 Muxn_177
system/tile_prci_domain/tile_reset_domain_tile/fusion/fgra/fgra/cggibs_3/mux_4      85.8480     0.0      85.8480      0.0000       0.0000 Muxn_176
system/tile_prci_domain/tile_reset_domain_tile/fusion/fgra/fgra/cggibs_3/mux_5      79.9680     0.0      79.9680      0.0000       0.0000 Muxn_175
system/tile_prci_domain/tile_reset_domain_tile/fusion/fgra/fgra/cggibs_3/mux_6     112.4256     0.0     112.4256      0.0000       0.0000 Muxn_229_159
system/tile_prci_domain/tile_reset_domain_tile/fusion/fgra/fgra/cggibs_3/mux_7     151.9392     0.0     151.9392      0.0000       0.0000 Muxn_54_111
system/tile_prci_domain/tile_reset_domain_tile/fusion/fgra/fgra/cggibs_3/mux_8     151.9392     0.0     151.9392      0.0000       0.0000 Muxn_54_110
system/tile_prci_domain/tile_reset_domain_tile/fusion/fgra/fgra/cggibs_3/mux_9     151.9392     0.0     151.9392      0.0000       0.0000 Muxn_54_109
system/tile_prci_domain/tile_reset_domain_tile/fusion/fgra/fgra/cggibs_30    2825.2224     0.1       8.2320      0.0000       0.0000 GIB_30
system/tile_prci_domain/tile_reset_domain_tile/fusion/fgra/fgra/cggibs_30/cfg     492.5088     0.0      71.0304    421.4784       0.0000 ConfigMem_63_2
system/tile_prci_domain/tile_reset_domain_tile/fusion/fgra/fgra/cggibs_30/mux     116.4240     0.0     116.4240      0.0000       0.0000 Muxn_229_56
system/tile_prci_domain/tile_reset_domain_tile/fusion/fgra/fgra/cggibs_30/mux_1     110.7792     0.0     110.7792      0.0000       0.0000 Muxn_229_55
system/tile_prci_domain/tile_reset_domain_tile/fusion/fgra/fgra/cggibs_30/mux_10     178.2816     0.0     178.2816      0.0000       0.0000 Muxn_54_76
system/tile_prci_domain/tile_reset_domain_tile/fusion/fgra/fgra/cggibs_30/mux_11      78.3216     0.0      78.3216      0.0000       0.0000 Muxn_65
system/tile_prci_domain/tile_reset_domain_tile/fusion/fgra/fgra/cggibs_30/mux_12     247.9008     0.0     247.9008      0.0000       0.0000 Muxn_36_35
system/tile_prci_domain/tile_reset_domain_tile/fusion/fgra/fgra/cggibs_30/mux_13     248.8416     0.0     248.8416      0.0000       0.0000 Muxn_36_34
system/tile_prci_domain/tile_reset_domain_tile/fusion/fgra/fgra/cggibs_30/mux_14     255.4272     0.0     255.4272      0.0000       0.0000 Muxn_36_33
system/tile_prci_domain/tile_reset_domain_tile/fusion/fgra/fgra/cggibs_30/mux_15     299.1744     0.0     299.1744      0.0000       0.0000 Muxn_36_32
system/tile_prci_domain/tile_reset_domain_tile/fusion/fgra/fgra/cggibs_30/mux_2      80.2032     0.0      80.2032      0.0000       0.0000 Muxn_70
system/tile_prci_domain/tile_reset_domain_tile/fusion/fgra/fgra/cggibs_30/mux_3      77.1456     0.0      77.1456      0.0000       0.0000 Muxn_69
system/tile_prci_domain/tile_reset_domain_tile/fusion/fgra/fgra/cggibs_30/mux_4     181.8096     0.0     181.8096      0.0000       0.0000 Muxn_54_77
system/tile_prci_domain/tile_reset_domain_tile/fusion/fgra/fgra/cggibs_30/mux_5      78.5568     0.0      78.5568      0.0000       0.0000 Muxn_68
system/tile_prci_domain/tile_reset_domain_tile/fusion/fgra/fgra/cggibs_30/mux_6      79.7328     0.0      79.7328      0.0000       0.0000 Muxn_67
system/tile_prci_domain/tile_reset_domain_tile/fusion/fgra/fgra/cggibs_30/mux_7      78.5568     0.0      78.5568      0.0000       0.0000 Muxn_66
system/tile_prci_domain/tile_reset_domain_tile/fusion/fgra/fgra/cggibs_30/mux_8     104.1936     0.0     104.1936      0.0000       0.0000 Muxn_229_54
system/tile_prci_domain/tile_reset_domain_tile/fusion/fgra/fgra/cggibs_30/mux_9     109.1328     0.0     109.1328      0.0000       0.0000 Muxn_229_53
system/tile_prci_domain/tile_reset_domain_tile/fusion/fgra/fgra/cggibs_31    3075.2400     0.1      93.3744    602.1120       0.0000 GIB_31
system/tile_prci_domain/tile_reset_domain_tile/fusion/fgra/fgra/cggibs_31/cfg     236.3760     0.0      71.0304    165.3456       0.0000 ConfigMem_63_1
system/tile_prci_domain/tile_reset_domain_tile/fusion/fgra/fgra/cggibs_31/mux     115.7184     0.0     115.7184      0.0000       0.0000 Muxn_229_52
system/tile_prci_domain/tile_reset_domain_tile/fusion/fgra/fgra/cggibs_31/mux_1     112.1904     0.0     112.1904      0.0000       0.0000 Muxn_229_51
system/tile_prci_domain/tile_reset_domain_tile/fusion/fgra/fgra/cggibs_31/mux_10     176.4000     0.0     176.4000      0.0000       0.0000 Muxn_54_74
system/tile_prci_domain/tile_reset_domain_tile/fusion/fgra/fgra/cggibs_31/mux_11      87.7296     0.0      87.7296      0.0000       0.0000 Muxn_58
system/tile_prci_domain/tile_reset_domain_tile/fusion/fgra/fgra/cggibs_31/mux_12     204.1536     0.0     204.1536      0.0000       0.0000 Muxn_36_31
system/tile_prci_domain/tile_reset_domain_tile/fusion/fgra/fgra/cggibs_31/mux_13     204.1536     0.0     204.1536      0.0000       0.0000 Muxn_36_30
system/tile_prci_domain/tile_reset_domain_tile/fusion/fgra/fgra/cggibs_31/mux_14     204.1536     0.0     204.1536      0.0000       0.0000 Muxn_36_29
system/tile_prci_domain/tile_reset_domain_tile/fusion/fgra/fgra/cggibs_31/mux_15     204.1536     0.0     204.1536      0.0000       0.0000 Muxn_36_28
system/tile_prci_domain/tile_reset_domain_tile/fusion/fgra/fgra/cggibs_31/mux_2      83.4960     0.0      83.4960      0.0000       0.0000 Muxn_64
system/tile_prci_domain/tile_reset_domain_tile/fusion/fgra/fgra/cggibs_31/mux_3      83.7312     0.0      83.7312      0.0000       0.0000 Muxn_63
system/tile_prci_domain/tile_reset_domain_tile/fusion/fgra/fgra/cggibs_31/mux_4     176.1648     0.0     176.1648      0.0000       0.0000 Muxn_54_75
system/tile_prci_domain/tile_reset_domain_tile/fusion/fgra/fgra/cggibs_31/mux_5      82.5552     0.0      82.5552      0.0000       0.0000 Muxn_62
system/tile_prci_domain/tile_reset_domain_tile/fusion/fgra/fgra/cggibs_31/mux_6      87.9648     0.0      87.9648      0.0000       0.0000 Muxn_61
system/tile_prci_domain/tile_reset_domain_tile/fusion/fgra/fgra/cggibs_31/mux_7      87.2592     0.0      87.2592      0.0000       0.0000 Muxn_60
system/tile_prci_domain/tile_reset_domain_tile/fusion/fgra/fgra/cggibs_31/mux_8     113.3664     0.0     113.3664      0.0000       0.0000 Muxn_229_50
system/tile_prci_domain/tile_reset_domain_tile/fusion/fgra/fgra/cggibs_31/mux_9     120.1872     0.0     120.1872      0.0000       0.0000 Muxn_229_49
system/tile_prci_domain/tile_reset_domain_tile/fusion/fgra/fgra/cggibs_32    2840.7456     0.1       7.0560      0.0000       0.0000 GIB_32
system/tile_prci_domain/tile_reset_domain_tile/fusion/fgra/fgra/cggibs_32/cfg     473.9280     0.0      71.0304    402.8976       0.0000 ConfigMem_63_0
system/tile_prci_domain/tile_reset_domain_tile/fusion/fgra/fgra/cggibs_32/mux     110.7792     0.0     110.7792      0.0000       0.0000 Muxn_229_48
system/tile_prci_domain/tile_reset_domain_tile/fusion/fgra/fgra/cggibs_32/mux_1     106.7808     0.0     106.7808      0.0000       0.0000 Muxn_229_47
system/tile_prci_domain/tile_reset_domain_tile/fusion/fgra/fgra/cggibs_32/mux_10     177.8112     0.0     177.8112      0.0000       0.0000 Muxn_54_72
system/tile_prci_domain/tile_reset_domain_tile/fusion/fgra/fgra/cggibs_32/mux_11      79.4976     0.0      79.4976      0.0000       0.0000 Muxn_51
system/tile_prci_domain/tile_reset_domain_tile/fusion/fgra/fgra/cggibs_32/mux_12     241.0800     0.0     241.0800      0.0000       0.0000 Muxn_36_27
system/tile_prci_domain/tile_reset_domain_tile/fusion/fgra/fgra/cggibs_32/mux_13     250.9584     0.0     250.9584      0.0000       0.0000 Muxn_36_26
system/tile_prci_domain/tile_reset_domain_tile/fusion/fgra/fgra/cggibs_32/mux_14     272.3616     0.0     272.3616      0.0000       0.0000 Muxn_36_25
system/tile_prci_domain/tile_reset_domain_tile/fusion/fgra/fgra/cggibs_32/mux_15     308.8176     0.0     308.8176      0.0000       0.0000 Muxn_36_24
system/tile_prci_domain/tile_reset_domain_tile/fusion/fgra/fgra/cggibs_32/mux_2      88.9056     0.0      88.9056      0.0000       0.0000 Muxn_57
system/tile_prci_domain/tile_reset_domain_tile/fusion/fgra/fgra/cggibs_32/mux_3      77.6160     0.0      77.6160      0.0000       0.0000 Muxn_56
system/tile_prci_domain/tile_reset_domain_tile/fusion/fgra/fgra/cggibs_32/mux_4     179.4576     0.0     179.4576      0.0000       0.0000 Muxn_54_73
system/tile_prci_domain/tile_reset_domain_tile/fusion/fgra/fgra/cggibs_32/mux_5      79.4976     0.0      79.4976      0.0000       0.0000 Muxn_55
system/tile_prci_domain/tile_reset_domain_tile/fusion/fgra/fgra/cggibs_32/mux_6      81.1440     0.0      81.1440      0.0000       0.0000 Muxn_53
system/tile_prci_domain/tile_reset_domain_tile/fusion/fgra/fgra/cggibs_32/mux_7      80.9088     0.0      80.9088      0.0000       0.0000 Muxn_52
system/tile_prci_domain/tile_reset_domain_tile/fusion/fgra/fgra/cggibs_32/mux_8     112.1904     0.0     112.1904      0.0000       0.0000 Muxn_229_46
system/tile_prci_domain/tile_reset_domain_tile/fusion/fgra/fgra/cggibs_32/mux_9     111.9552     0.0     111.9552      0.0000       0.0000 Muxn_229_45
system/tile_prci_domain/tile_reset_domain_tile/fusion/fgra/fgra/cggibs_33    2910.8352     0.1      57.3888    602.1120       0.0000 GIB_33
system/tile_prci_domain/tile_reset_domain_tile/fusion/fgra/fgra/cggibs_33/cfg     282.9456     0.0      65.8560    217.0896       0.0000 ConfigMem_70_5
system/tile_prci_domain/tile_reset_domain_tile/fusion/fgra/fgra/cggibs_33/mux     110.0736     0.0     110.0736      0.0000       0.0000 Muxn_229_44
system/tile_prci_domain/tile_reset_domain_tile/fusion/fgra/fgra/cggibs_33/mux_1     110.0736     0.0     110.0736      0.0000       0.0000 Muxn_229_43
system/tile_prci_domain/tile_reset_domain_tile/fusion/fgra/fgra/cggibs_33/mux_10     204.1536     0.0     204.1536      0.0000       0.0000 Muxn_36_23
system/tile_prci_domain/tile_reset_domain_tile/fusion/fgra/fgra/cggibs_33/mux_11     204.1536     0.0     204.1536      0.0000       0.0000 Muxn_36_22
system/tile_prci_domain/tile_reset_domain_tile/fusion/fgra/fgra/cggibs_33/mux_12     204.1536     0.0     204.1536      0.0000       0.0000 Muxn_36_21
system/tile_prci_domain/tile_reset_domain_tile/fusion/fgra/fgra/cggibs_33/mux_13     204.1536     0.0     204.1536      0.0000       0.0000 Muxn_36_20
system/tile_prci_domain/tile_reset_domain_tile/fusion/fgra/fgra/cggibs_33/mux_2      83.9664     0.0      83.9664      0.0000       0.0000 Muxn_50
system/tile_prci_domain/tile_reset_domain_tile/fusion/fgra/fgra/cggibs_33/mux_3      83.4960     0.0      83.4960      0.0000       0.0000 Muxn_49
system/tile_prci_domain/tile_reset_domain_tile/fusion/fgra/fgra/cggibs_33/mux_4     175.6944     0.0     175.6944      0.0000       0.0000 Muxn_54_71
system/tile_prci_domain/tile_reset_domain_tile/fusion/fgra/fgra/cggibs_33/mux_5      80.2032     0.0      80.2032      0.0000       0.0000 Muxn_48
system/tile_prci_domain/tile_reset_domain_tile/fusion/fgra/fgra/cggibs_33/mux_6     121.8336     0.0     121.8336      0.0000       0.0000 Muxn_229_42
system/tile_prci_domain/tile_reset_domain_tile/fusion/fgra/fgra/cggibs_33/mux_7     122.0688     0.0     122.0688      0.0000       0.0000 Muxn_229_41
system/tile_prci_domain/tile_reset_domain_tile/fusion/fgra/fgra/cggibs_33/mux_8     177.3408     0.0     177.3408      0.0000       0.0000 Muxn_54_70
system/tile_prci_domain/tile_reset_domain_tile/fusion/fgra/fgra/cggibs_33/mux_9      87.0240     0.0      87.0240      0.0000       0.0000 Muxn_47
system/tile_prci_domain/tile_reset_domain_tile/fusion/fgra/fgra/cggibs_34     639.5088     0.0     125.8320      0.0000       0.0000 GIB_34
system/tile_prci_domain/tile_reset_domain_tile/fusion/fgra/fgra/cggibs_34/cfg      92.4336     0.0      14.5824     77.8512       0.0000 ConfigMem_55_5
system/tile_prci_domain/tile_reset_domain_tile/fusion/fgra/fgra/cggibs_34/mux      78.5568     0.0      78.5568      0.0000       0.0000 Muxn_46
system/tile_prci_domain/tile_reset_domain_tile/fusion/fgra/fgra/cggibs_34/mux_1      79.9680     0.0      79.9680      0.0000       0.0000 Muxn_45
system/tile_prci_domain/tile_reset_domain_tile/fusion/fgra/fgra/cggibs_34/mux_2     130.3008     0.0     130.3008      0.0000       0.0000 Muxn_229_40
system/tile_prci_domain/tile_reset_domain_tile/fusion/fgra/fgra/cggibs_34/mux_3     132.4176     0.0     132.4176      0.0000       0.0000 Muxn_229_39
system/tile_prci_domain/tile_reset_domain_tile/fusion/fgra/fgra/cggibs_35     995.1312     0.0     111.7200    475.1040       0.0000 GIB_35
system/tile_prci_domain/tile_reset_domain_tile/fusion/fgra/fgra/cggibs_35/cfg      43.5120     0.0      15.2880     28.2240       0.0000 ConfigMem_55_4
system/tile_prci_domain/tile_reset_domain_tile/fusion/fgra/fgra/cggibs_35/mux      81.6144     0.0      81.6144      0.0000       0.0000 Muxn_44
system/tile_prci_domain/tile_reset_domain_tile/fusion/fgra/fgra/cggibs_35/mux_1     102.5472     0.0     102.5472      0.0000       0.0000 Muxn_229_38
system/tile_prci_domain/tile_reset_domain_tile/fusion/fgra/fgra/cggibs_35/mux_2      78.0864     0.0      78.0864      0.0000       0.0000 Muxn_43
system/tile_prci_domain/tile_reset_domain_tile/fusion/fgra/fgra/cggibs_35/mux_3     102.5472     0.0     102.5472      0.0000       0.0000 Muxn_229_37
system/tile_prci_domain/tile_reset_domain_tile/fusion/fgra/fgra/cggibs_36    2190.6528     0.1       5.1744      0.0000       0.0000 GIB_36
system/tile_prci_domain/tile_reset_domain_tile/fusion/fgra/fgra/cggibs_36/cfg     351.1536     0.0      60.6816    290.4720       0.0000 ConfigMem_84_4
system/tile_prci_domain/tile_reset_domain_tile/fusion/fgra/fgra/cggibs_36/mux     107.9568     0.0     107.9568      0.0000       0.0000 Muxn_229_36
system/tile_prci_domain/tile_reset_domain_tile/fusion/fgra/fgra/cggibs_36/mux_1     110.3088     0.0     110.3088      0.0000       0.0000 Muxn_229_35
system/tile_prci_domain/tile_reset_domain_tile/fusion/fgra/fgra/cggibs_36/mux_10     246.7248     0.0     246.7248      0.0000       0.0000 Muxn_36_17
system/tile_prci_domain/tile_reset_domain_tile/fusion/fgra/fgra/cggibs_36/mux_11     213.7968     0.0     213.7968      0.0000       0.0000 Muxn_36_16
system/tile_prci_domain/tile_reset_domain_tile/fusion/fgra/fgra/cggibs_36/mux_2     155.9376     0.0     155.9376      0.0000       0.0000 Muxn_54_69
system/tile_prci_domain/tile_reset_domain_tile/fusion/fgra/fgra/cggibs_36/mux_3      78.0864     0.0      78.0864      0.0000       0.0000 Muxn_42
system/tile_prci_domain/tile_reset_domain_tile/fusion/fgra/fgra/cggibs_36/mux_4     109.3680     0.0     109.3680      0.0000       0.0000 Muxn_229_34
system/tile_prci_domain/tile_reset_domain_tile/fusion/fgra/fgra/cggibs_36/mux_5     109.1328     0.0     109.1328      0.0000       0.0000 Muxn_229_33
system/tile_prci_domain/tile_reset_domain_tile/fusion/fgra/fgra/cggibs_36/mux_6     154.7616     0.0     154.7616      0.0000       0.0000 Muxn_54_68
system/tile_prci_domain/tile_reset_domain_tile/fusion/fgra/fgra/cggibs_36/mux_7      79.0272     0.0      79.0272      0.0000       0.0000 Muxn_41
system/tile_prci_domain/tile_reset_domain_tile/fusion/fgra/fgra/cggibs_36/mux_8     204.1536     0.0     204.1536      0.0000       0.0000 Muxn_36_19
system/tile_prci_domain/tile_reset_domain_tile/fusion/fgra/fgra/cggibs_36/mux_9     265.0704     0.0     265.0704      0.0000       0.0000 Muxn_36_18
system/tile_prci_domain/tile_reset_domain_tile/fusion/fgra/fgra/cggibs_37    2643.1776     0.1      19.9920    602.3472       0.0000 GIB_37
system/tile_prci_domain/tile_reset_domain_tile/fusion/fgra/fgra/cggibs_37/cfg     214.0320     0.0      60.6816    153.3504       0.0000 ConfigMem_84_3
system/tile_prci_domain/tile_reset_domain_tile/fusion/fgra/fgra/cggibs_37/mux     111.9552     0.0     111.9552      0.0000       0.0000 Muxn_229_32
system/tile_prci_domain/tile_reset_domain_tile/fusion/fgra/fgra/cggibs_37/mux_1     122.7744     0.0     122.7744      0.0000       0.0000 Muxn_229_31
system/tile_prci_domain/tile_reset_domain_tile/fusion/fgra/fgra/cggibs_37/mux_10     204.1536     0.0     204.1536      0.0000       0.0000 Muxn_36_13
system/tile_prci_domain/tile_reset_domain_tile/fusion/fgra/fgra/cggibs_37/mux_11     204.1536     0.0     204.1536      0.0000       0.0000 Muxn_36_12
system/tile_prci_domain/tile_reset_domain_tile/fusion/fgra/fgra/cggibs_37/mux_2     175.6944     0.0     175.6944      0.0000       0.0000 Muxn_54_67
system/tile_prci_domain/tile_reset_domain_tile/fusion/fgra/fgra/cggibs_37/mux_3      86.3184     0.0      86.3184      0.0000       0.0000 Muxn_40
system/tile_prci_domain/tile_reset_domain_tile/fusion/fgra/fgra/cggibs_37/mux_4     122.7744     0.0     122.7744      0.0000       0.0000 Muxn_229_30
system/tile_prci_domain/tile_reset_domain_tile/fusion/fgra/fgra/cggibs_37/mux_5     113.8368     0.0     113.8368      0.0000       0.0000 Muxn_229_29
system/tile_prci_domain/tile_reset_domain_tile/fusion/fgra/fgra/cggibs_37/mux_6     176.1648     0.0     176.1648      0.0000       0.0000 Muxn_54_66
system/tile_prci_domain/tile_reset_domain_tile/fusion/fgra/fgra/cggibs_37/mux_7      80.6736     0.0      80.6736      0.0000       0.0000 Muxn_39
system/tile_prci_domain/tile_reset_domain_tile/fusion/fgra/fgra/cggibs_37/mux_8     204.1536     0.0     204.1536      0.0000       0.0000 Muxn_36_15
system/tile_prci_domain/tile_reset_domain_tile/fusion/fgra/fgra/cggibs_37/mux_9     204.1536     0.0     204.1536      0.0000       0.0000 Muxn_36_14
system/tile_prci_domain/tile_reset_domain_tile/fusion/fgra/fgra/cggibs_38    2256.7440     0.1       5.1744      0.0000       0.0000 GIB_38
system/tile_prci_domain/tile_reset_domain_tile/fusion/fgra/fgra/cggibs_38/cfg     388.7856     0.0      60.6816    328.1040       0.0000 ConfigMem_84_2
system/tile_prci_domain/tile_reset_domain_tile/fusion/fgra/fgra/cggibs_38/mux     107.0160     0.0     107.0160      0.0000       0.0000 Muxn_229_28
system/tile_prci_domain/tile_reset_domain_tile/fusion/fgra/fgra/cggibs_38/mux_1     106.0752     0.0     106.0752      0.0000       0.0000 Muxn_229_27
system/tile_prci_domain/tile_reset_domain_tile/fusion/fgra/fgra/cggibs_38/mux_10     238.9632     0.0     238.9632      0.0000       0.0000 Muxn_36_9
system/tile_prci_domain/tile_reset_domain_tile/fusion/fgra/fgra/cggibs_38/mux_11     211.2096     0.0     211.2096      0.0000       0.0000 Muxn_36_8
system/tile_prci_domain/tile_reset_domain_tile/fusion/fgra/fgra/cggibs_38/mux_2     155.9376     0.0     155.9376      0.0000       0.0000 Muxn_54_65
system/tile_prci_domain/tile_reset_domain_tile/fusion/fgra/fgra/cggibs_38/mux_3      79.0272     0.0      79.0272      0.0000       0.0000 Muxn_37
system/tile_prci_domain/tile_reset_domain_tile/fusion/fgra/fgra/cggibs_38/mux_4     119.4816     0.0     119.4816      0.0000       0.0000 Muxn_229_26
system/tile_prci_domain/tile_reset_domain_tile/fusion/fgra/fgra/cggibs_38/mux_5     111.2496     0.0     111.2496      0.0000       0.0000 Muxn_229_25
system/tile_prci_domain/tile_reset_domain_tile/fusion/fgra/fgra/cggibs_38/mux_6     155.2320     0.0     155.2320      0.0000       0.0000 Muxn_54_64
system/tile_prci_domain/tile_reset_domain_tile/fusion/fgra/fgra/cggibs_38/mux_7      79.0272     0.0      79.0272      0.0000       0.0000 Muxn_35
system/tile_prci_domain/tile_reset_domain_tile/fusion/fgra/fgra/cggibs_38/mux_8     242.7264     0.0     242.7264      0.0000       0.0000 Muxn_36_11
system/tile_prci_domain/tile_reset_domain_tile/fusion/fgra/fgra/cggibs_38/mux_9     256.8384     0.0     256.8384      0.0000       0.0000 Muxn_36_10
system/tile_prci_domain/tile_reset_domain_tile/fusion/fgra/fgra/cggibs_39    2670.6960     0.1      22.3440    602.1120       0.0000 GIB_39
system/tile_prci_domain/tile_reset_domain_tile/fusion/fgra/fgra/cggibs_39/cfg     237.3168     0.0      60.6816    176.6352       0.0000 ConfigMem_84_1
system/tile_prci_domain/tile_reset_domain_tile/fusion/fgra/fgra/cggibs_39/mux     110.5440     0.0     110.5440      0.0000       0.0000 Muxn_229_24
system/tile_prci_domain/tile_reset_domain_tile/fusion/fgra/fgra/cggibs_39/mux_1     119.4816     0.0     119.4816      0.0000       0.0000 Muxn_229_23
system/tile_prci_domain/tile_reset_domain_tile/fusion/fgra/fgra/cggibs_39/mux_10     204.1536     0.0     204.1536      0.0000       0.0000 Muxn_36_5
system/tile_prci_domain/tile_reset_domain_tile/fusion/fgra/fgra/cggibs_39/mux_11     204.1536     0.0     204.1536      0.0000       0.0000 Muxn_36_4
system/tile_prci_domain/tile_reset_domain_tile/fusion/fgra/fgra/cggibs_39/mux_2     175.2240     0.0     175.2240      0.0000       0.0000 Muxn_54_63
system/tile_prci_domain/tile_reset_domain_tile/fusion/fgra/fgra/cggibs_39/mux_3      87.4944     0.0      87.4944      0.0000       0.0000 Muxn_34
system/tile_prci_domain/tile_reset_domain_tile/fusion/fgra/fgra/cggibs_39/mux_4     125.1264     0.0     125.1264      0.0000       0.0000 Muxn_229_22
system/tile_prci_domain/tile_reset_domain_tile/fusion/fgra/fgra/cggibs_39/mux_5     110.7792     0.0     110.7792      0.0000       0.0000 Muxn_229_21
system/tile_prci_domain/tile_reset_domain_tile/fusion/fgra/fgra/cggibs_39/mux_6     181.3392     0.0     181.3392      0.0000       0.0000 Muxn_54_62
system/tile_prci_domain/tile_reset_domain_tile/fusion/fgra/fgra/cggibs_39/mux_7      82.3200     0.0      82.3200      0.0000       0.0000 Muxn_33
system/tile_prci_domain/tile_reset_domain_tile/fusion/fgra/fgra/cggibs_39/mux_8     204.1536     0.0     204.1536      0.0000       0.0000 Muxn_36_7
system/tile_prci_domain/tile_reset_domain_tile/fusion/fgra/fgra/cggibs_39/mux_9     204.1536     0.0     204.1536      0.0000       0.0000 Muxn_36_6
system/tile_prci_domain/tile_reset_domain_tile/fusion/fgra/fgra/cggibs_4    1469.7648     0.0      43.7472      0.0000       0.0000 GIB_4
system/tile_prci_domain/tile_reset_domain_tile/fusion/fgra/fgra/cggibs_4/cfg     216.3840     0.0      38.8080    177.5760       0.0000 ConfigMem_49_6
system/tile_prci_domain/tile_reset_domain_tile/fusion/fgra/fgra/cggibs_4/mux     103.0176     0.0     103.0176      0.0000       0.0000 Muxn_229_158
system/tile_prci_domain/tile_reset_domain_tile/fusion/fgra/fgra/cggibs_4/mux_1     103.0176     0.0     103.0176      0.0000       0.0000 Muxn_229_157
system/tile_prci_domain/tile_reset_domain_tile/fusion/fgra/fgra/cggibs_4/mux_2     152.4096     0.0     152.4096      0.0000       0.0000 Muxn_54_108
system/tile_prci_domain/tile_reset_domain_tile/fusion/fgra/fgra/cggibs_4/mux_3      78.0864     0.0      78.0864      0.0000       0.0000 Muxn_174
system/tile_prci_domain/tile_reset_domain_tile/fusion/fgra/fgra/cggibs_4/mux_4      80.9088     0.0      80.9088      0.0000       0.0000 Muxn_173
system/tile_prci_domain/tile_reset_domain_tile/fusion/fgra/fgra/cggibs_4/mux_5      78.3216     0.0      78.3216      0.0000       0.0000 Muxn_172
system/tile_prci_domain/tile_reset_domain_tile/fusion/fgra/fgra/cggibs_4/mux_6     108.6624     0.0     108.6624      0.0000       0.0000 Muxn_229_156
system/tile_prci_domain/tile_reset_domain_tile/fusion/fgra/fgra/cggibs_4/mux_7     170.5200     0.0     170.5200      0.0000       0.0000 Muxn_54_107
system/tile_prci_domain/tile_reset_domain_tile/fusion/fgra/fgra/cggibs_4/mux_8     171.6960     0.0     171.6960      0.0000       0.0000 Muxn_54_106
system/tile_prci_domain/tile_reset_domain_tile/fusion/fgra/fgra/cggibs_4/mux_9     162.9936     0.0     162.9936      0.0000       0.0000 Muxn_54_105
system/tile_prci_domain/tile_reset_domain_tile/fusion/fgra/fgra/cggibs_40    2150.1984     0.1       8.2320      0.0000       0.0000 GIB_40
system/tile_prci_domain/tile_reset_domain_tile/fusion/fgra/fgra/cggibs_40/cfg     332.8080     0.0      60.6816    272.1264       0.0000 ConfigMem_84_0
system/tile_prci_domain/tile_reset_domain_tile/fusion/fgra/fgra/cggibs_40/mux     108.8976     0.0     108.8976      0.0000       0.0000 Muxn_229_20
system/tile_prci_domain/tile_reset_domain_tile/fusion/fgra/fgra/cggibs_40/mux_1     107.0160     0.0     107.0160      0.0000       0.0000 Muxn_229_19
system/tile_prci_domain/tile_reset_domain_tile/fusion/fgra/fgra/cggibs_40/mux_10     204.1536     0.0     204.1536      0.0000       0.0000 Muxn_36_1
system/tile_prci_domain/tile_reset_domain_tile/fusion/fgra/fgra/cggibs_40/mux_11     208.3872     0.0     208.3872      0.0000       0.0000 Muxn_36_0
system/tile_prci_domain/tile_reset_domain_tile/fusion/fgra/fgra/cggibs_40/mux_2     154.2912     0.0     154.2912      0.0000       0.0000 Muxn_54_61
system/tile_prci_domain/tile_reset_domain_tile/fusion/fgra/fgra/cggibs_40/mux_3      79.7328     0.0      79.7328      0.0000       0.0000 Muxn_32
system/tile_prci_domain/tile_reset_domain_tile/fusion/fgra/fgra/cggibs_40/mux_4     113.1312     0.0     113.1312      0.0000       0.0000 Muxn_229_18
system/tile_prci_domain/tile_reset_domain_tile/fusion/fgra/fgra/cggibs_40/mux_5     111.4848     0.0     111.4848      0.0000       0.0000 Muxn_229_17
system/tile_prci_domain/tile_reset_domain_tile/fusion/fgra/fgra/cggibs_40/mux_6     155.4672     0.0     155.4672      0.0000       0.0000 Muxn_54_60
system/tile_prci_domain/tile_reset_domain_tile/fusion/fgra/fgra/cggibs_40/mux_7      79.9680     0.0      79.9680      0.0000       0.0000 Muxn_31
system/tile_prci_domain/tile_reset_domain_tile/fusion/fgra/fgra/cggibs_40/mux_8     230.4960     0.0     230.4960      0.0000       0.0000 Muxn_36_3
system/tile_prci_domain/tile_reset_domain_tile/fusion/fgra/fgra/cggibs_40/mux_9     256.1328     0.0     256.1328      0.0000       0.0000 Muxn_36_2
system/tile_prci_domain/tile_reset_domain_tile/fusion/fgra/fgra/cggibs_41     978.9024     0.0     115.7184    451.5840       0.0000 GIB_41
system/tile_prci_domain/tile_reset_domain_tile/fusion/fgra/fgra/cggibs_41/cfg      51.2736     0.0      15.2880     35.9856       0.0000 ConfigMem_55_3
system/tile_prci_domain/tile_reset_domain_tile/fusion/fgra/fgra/cggibs_41/mux      78.0864     0.0      78.0864      0.0000       0.0000 Muxn_30
system/tile_prci_domain/tile_reset_domain_tile/fusion/fgra/fgra/cggibs_41/mux_1      78.0864     0.0      78.0864      0.0000       0.0000 Muxn_29
system/tile_prci_domain/tile_reset_domain_tile/fusion/fgra/fgra/cggibs_41/mux_2     102.5472     0.0     102.5472      0.0000       0.0000 Muxn_229_16
system/tile_prci_domain/tile_reset_domain_tile/fusion/fgra/fgra/cggibs_41/mux_3     101.6064     0.0     101.6064      0.0000       0.0000 Muxn_229_15
system/tile_prci_domain/tile_reset_domain_tile/fusion/fgra/fgra/cggibs_42     261.7776     0.0      73.3824      0.0000       0.0000 GIB_42
system/tile_prci_domain/tile_reset_domain_tile/fusion/fgra/fgra/cggibs_42/cfg      27.7536     0.0       5.6448     22.1088       0.0000 ConfigMem_54_2
system/tile_prci_domain/tile_reset_domain_tile/fusion/fgra/fgra/cggibs_42/mux      78.0864     0.0      78.0864      0.0000       0.0000 Muxn_28
system/tile_prci_domain/tile_reset_domain_tile/fusion/fgra/fgra/cggibs_42/mux_1      82.5552     0.0      82.5552      0.0000       0.0000 Muxn_27
system/tile_prci_domain/tile_reset_domain_tile/fusion/fgra/fgra/cggibs_43    1829.1504     0.1      38.1024    451.5840       0.0000 GIB_43
system/tile_prci_domain/tile_reset_domain_tile/fusion/fgra/fgra/cggibs_43/cfg     141.1200     0.0      37.8672    103.2528       0.0000 ConfigMem_49_4
system/tile_prci_domain/tile_reset_domain_tile/fusion/fgra/fgra/cggibs_43/mux      88.9056     0.0      88.9056      0.0000       0.0000 Muxn_26
system/tile_prci_domain/tile_reset_domain_tile/fusion/fgra/fgra/cggibs_43/mux_1      80.9088     0.0      80.9088      0.0000       0.0000 Muxn_25
system/tile_prci_domain/tile_reset_domain_tile/fusion/fgra/fgra/cggibs_43/mux_2     110.3088     0.0     110.3088      0.0000       0.0000 Muxn_229_14
system/tile_prci_domain/tile_reset_domain_tile/fusion/fgra/fgra/cggibs_43/mux_3     104.8992     0.0     104.8992      0.0000       0.0000 Muxn_229_13
system/tile_prci_domain/tile_reset_domain_tile/fusion/fgra/fgra/cggibs_43/mux_4     104.8992     0.0     104.8992      0.0000       0.0000 Muxn_229_12
system/tile_prci_domain/tile_reset_domain_tile/fusion/fgra/fgra/cggibs_43/mux_5     174.5184     0.0     174.5184      0.0000       0.0000 Muxn_54_59
system/tile_prci_domain/tile_reset_domain_tile/fusion/fgra/fgra/cggibs_43/mux_6      78.0864     0.0      78.0864      0.0000       0.0000 Muxn_24
system/tile_prci_domain/tile_reset_domain_tile/fusion/fgra/fgra/cggibs_43/mux_7     151.9392     0.0     151.9392      0.0000       0.0000 Muxn_54_58
system/tile_prci_domain/tile_reset_domain_tile/fusion/fgra/fgra/cggibs_43/mux_8     151.9392     0.0     151.9392      0.0000       0.0000 Muxn_54_57
system/tile_prci_domain/tile_reset_domain_tile/fusion/fgra/fgra/cggibs_43/mux_9     151.9392     0.0     151.9392      0.0000       0.0000 Muxn_54_56
system/tile_prci_domain/tile_reset_domain_tile/fusion/fgra/fgra/cggibs_44    1461.2976     0.0      41.1600      0.0000       0.0000 GIB_44
system/tile_prci_domain/tile_reset_domain_tile/fusion/fgra/fgra/cggibs_44/cfg     204.3888     0.0      38.8080    165.5808       0.0000 ConfigMem_49_3
system/tile_prci_domain/tile_reset_domain_tile/fusion/fgra/fgra/cggibs_44/mux      89.8464     0.0      89.8464      0.0000       0.0000 Muxn_23
system/tile_prci_domain/tile_reset_domain_tile/fusion/fgra/fgra/cggibs_44/mux_1      79.2624     0.0      79.2624      0.0000       0.0000 Muxn_22
system/tile_prci_domain/tile_reset_domain_tile/fusion/fgra/fgra/cggibs_44/mux_2     107.9568     0.0     107.9568      0.0000       0.0000 Muxn_229_11
system/tile_prci_domain/tile_reset_domain_tile/fusion/fgra/fgra/cggibs_44/mux_3     103.4880     0.0     103.4880      0.0000       0.0000 Muxn_229_10
system/tile_prci_domain/tile_reset_domain_tile/fusion/fgra/fgra/cggibs_44/mux_4     103.0176     0.0     103.0176      0.0000       0.0000 Muxn_229_9
system/tile_prci_domain/tile_reset_domain_tile/fusion/fgra/fgra/cggibs_44/mux_5     152.4096     0.0     152.4096      0.0000       0.0000 Muxn_54_55
system/tile_prci_domain/tile_reset_domain_tile/fusion/fgra/fgra/cggibs_44/mux_6      78.0864     0.0      78.0864      0.0000       0.0000 Muxn_21
system/tile_prci_domain/tile_reset_domain_tile/fusion/fgra/fgra/cggibs_44/mux_7     173.1072     0.0     173.1072      0.0000       0.0000 Muxn_54_54
system/tile_prci_domain/tile_reset_domain_tile/fusion/fgra/fgra/cggibs_44/mux_8     162.7584     0.0     162.7584      0.0000       0.0000 Muxn_54_53
system/tile_prci_domain/tile_reset_domain_tile/fusion/fgra/fgra/cggibs_44/mux_9     165.8160     0.0     165.8160      0.0000       0.0000 Muxn_54_52
system/tile_prci_domain/tile_reset_domain_tile/fusion/fgra/fgra/cggibs_45    1827.2688     0.1      41.3952    451.5840       0.0000 GIB_45
system/tile_prci_domain/tile_reset_domain_tile/fusion/fgra/fgra/cggibs_45/cfg     142.0608     0.0      38.8080    103.2528       0.0000 ConfigMem_49_2
system/tile_prci_domain/tile_reset_domain_tile/fusion/fgra/fgra/cggibs_45/mux      82.7904     0.0      82.7904      0.0000       0.0000 Muxn_20
system/tile_prci_domain/tile_reset_domain_tile/fusion/fgra/fgra/cggibs_45/mux_1      80.4384     0.0      80.4384      0.0000       0.0000 Muxn_19
system/tile_prci_domain/tile_reset_domain_tile/fusion/fgra/fgra/cggibs_45/mux_2     110.7792     0.0     110.7792      0.0000       0.0000 Muxn_229_8
system/tile_prci_domain/tile_reset_domain_tile/fusion/fgra/fgra/cggibs_45/mux_3     104.8992     0.0     104.8992      0.0000       0.0000 Muxn_229_7
system/tile_prci_domain/tile_reset_domain_tile/fusion/fgra/fgra/cggibs_45/mux_4     104.8992     0.0     104.8992      0.0000       0.0000 Muxn_229_6
system/tile_prci_domain/tile_reset_domain_tile/fusion/fgra/fgra/cggibs_45/mux_5     174.5184     0.0     174.5184      0.0000       0.0000 Muxn_54_51
system/tile_prci_domain/tile_reset_domain_tile/fusion/fgra/fgra/cggibs_45/mux_6      78.0864     0.0      78.0864      0.0000       0.0000 Muxn_18
system/tile_prci_domain/tile_reset_domain_tile/fusion/fgra/fgra/cggibs_45/mux_7     151.9392     0.0     151.9392      0.0000       0.0000 Muxn_54_50
system/tile_prci_domain/tile_reset_domain_tile/fusion/fgra/fgra/cggibs_45/mux_8     151.9392     0.0     151.9392      0.0000       0.0000 Muxn_54_49
system/tile_prci_domain/tile_reset_domain_tile/fusion/fgra/fgra/cggibs_45/mux_9     151.9392     0.0     151.9392      0.0000       0.0000 Muxn_54_48
system/tile_prci_domain/tile_reset_domain_tile/fusion/fgra/fgra/cggibs_46    1457.7696     0.0      43.9824      0.0000       0.0000 GIB_46
system/tile_prci_domain/tile_reset_domain_tile/fusion/fgra/fgra/cggibs_46/cfg     206.2704     0.0      38.8080    167.4624       0.0000 ConfigMem_49_1
system/tile_prci_domain/tile_reset_domain_tile/fusion/fgra/fgra/cggibs_46/mux      79.4976     0.0      79.4976      0.0000       0.0000 Muxn_17
system/tile_prci_domain/tile_reset_domain_tile/fusion/fgra/fgra/cggibs_46/mux_1      79.4976     0.0      79.4976      0.0000       0.0000 Muxn_16
system/tile_prci_domain/tile_reset_domain_tile/fusion/fgra/fgra/cggibs_46/mux_2     109.8384     0.0     109.8384      0.0000       0.0000 Muxn_229_5
system/tile_prci_domain/tile_reset_domain_tile/fusion/fgra/fgra/cggibs_46/mux_3     103.4880     0.0     103.4880      0.0000       0.0000 Muxn_229_4
system/tile_prci_domain/tile_reset_domain_tile/fusion/fgra/fgra/cggibs_46/mux_4     103.0176     0.0     103.0176      0.0000       0.0000 Muxn_229_3
system/tile_prci_domain/tile_reset_domain_tile/fusion/fgra/fgra/cggibs_46/mux_5     152.4096     0.0     152.4096      0.0000       0.0000 Muxn_54_47
system/tile_prci_domain/tile_reset_domain_tile/fusion/fgra/fgra/cggibs_46/mux_6      78.0864     0.0      78.0864      0.0000       0.0000 Muxn_15
system/tile_prci_domain/tile_reset_domain_tile/fusion/fgra/fgra/cggibs_46/mux_7     172.1664     0.0     172.1664      0.0000       0.0000 Muxn_54_46
system/tile_prci_domain/tile_reset_domain_tile/fusion/fgra/fgra/cggibs_46/mux_8     162.9936     0.0     162.9936      0.0000       0.0000 Muxn_54_45
system/tile_prci_domain/tile_reset_domain_tile/fusion/fgra/fgra/cggibs_46/mux_9     166.5216     0.0     166.5216      0.0000       0.0000 Muxn_54_44
system/tile_prci_domain/tile_reset_domain_tile/fusion/fgra/fgra/cggibs_47    1831.0320     0.1      40.9248    451.5840       0.0000 GIB_47
system/tile_prci_domain/tile_reset_domain_tile/fusion/fgra/fgra/cggibs_47/cfg     141.3552     0.0      37.8672    103.4880       0.0000 ConfigMem_49_0
system/tile_prci_domain/tile_reset_domain_tile/fusion/fgra/fgra/cggibs_47/mux      80.2032     0.0      80.2032      0.0000       0.0000 Muxn_14
system/tile_prci_domain/tile_reset_domain_tile/fusion/fgra/fgra/cggibs_47/mux_1      78.5568     0.0      78.5568      0.0000       0.0000 Muxn_13
system/tile_prci_domain/tile_reset_domain_tile/fusion/fgra/fgra/cggibs_47/mux_2     120.1872     0.0     120.1872      0.0000       0.0000 Muxn_229_2
system/tile_prci_domain/tile_reset_domain_tile/fusion/fgra/fgra/cggibs_47/mux_3     104.8992     0.0     104.8992      0.0000       0.0000 Muxn_229_1
system/tile_prci_domain/tile_reset_domain_tile/fusion/fgra/fgra/cggibs_47/mux_4     105.1344     0.0     105.1344      0.0000       0.0000 Muxn_229_0
system/tile_prci_domain/tile_reset_domain_tile/fusion/fgra/fgra/cggibs_47/mux_5     174.2832     0.0     174.2832      0.0000       0.0000 Muxn_54_43
system/tile_prci_domain/tile_reset_domain_tile/fusion/fgra/fgra/cggibs_47/mux_6      78.0864     0.0      78.0864      0.0000       0.0000 Muxn_12
system/tile_prci_domain/tile_reset_domain_tile/fusion/fgra/fgra/cggibs_47/mux_7     151.9392     0.0     151.9392      0.0000       0.0000 Muxn_54_42
system/tile_prci_domain/tile_reset_domain_tile/fusion/fgra/fgra/cggibs_47/mux_8     151.9392     0.0     151.9392      0.0000       0.0000 Muxn_54_41
system/tile_prci_domain/tile_reset_domain_tile/fusion/fgra/fgra/cggibs_47/mux_9     151.9392     0.0     151.9392      0.0000       0.0000 Muxn_54_40
system/tile_prci_domain/tile_reset_domain_tile/fusion/fgra/fgra/cggibs_48     225.5568     0.0     125.8320      0.0000       0.0000 GIB_48
system/tile_prci_domain/tile_reset_domain_tile/fusion/fgra/fgra/cggibs_48/cfg      15.2880     0.0       2.8224     12.4656       0.0000 ConfigMem_48_2
system/tile_prci_domain/tile_reset_domain_tile/fusion/fgra/fgra/cggibs_48/mux      84.4368     0.0      84.4368      0.0000       0.0000 Muxn_11
system/tile_prci_domain/tile_reset_domain_tile/fusion/fgra/fgra/cggibs_5    1822.3296     0.1      39.9840    451.5840       0.0000 GIB_5
system/tile_prci_domain/tile_reset_domain_tile/fusion/fgra/fgra/cggibs_5/cfg     133.3584     0.0      37.8672     95.4912       0.0000 ConfigMem_49_5
system/tile_prci_domain/tile_reset_domain_tile/fusion/fgra/fgra/cggibs_5/mux     104.8992     0.0     104.8992      0.0000       0.0000 Muxn_229_155
system/tile_prci_domain/tile_reset_domain_tile/fusion/fgra/fgra/cggibs_5/mux_1     105.6048     0.0     105.6048      0.0000       0.0000 Muxn_229_154
system/tile_prci_domain/tile_reset_domain_tile/fusion/fgra/fgra/cggibs_5/mux_2     174.5184     0.0     174.5184      0.0000       0.0000 Muxn_54_104
system/tile_prci_domain/tile_reset_domain_tile/fusion/fgra/fgra/cggibs_5/mux_3      78.0864     0.0      78.0864      0.0000       0.0000 Muxn_171
system/tile_prci_domain/tile_reset_domain_tile/fusion/fgra/fgra/cggibs_5/mux_4      88.9056     0.0      88.9056      0.0000       0.0000 Muxn_170
system/tile_prci_domain/tile_reset_domain_tile/fusion/fgra/fgra/cggibs_5/mux_5      82.3200     0.0      82.3200      0.0000       0.0000 Muxn_169
system/tile_prci_domain/tile_reset_domain_tile/fusion/fgra/fgra/cggibs_5/mux_6     107.2512     0.0     107.2512      0.0000       0.0000 Muxn_229_153
system/tile_prci_domain/tile_reset_domain_tile/fusion/fgra/fgra/cggibs_5/mux_7     151.9392     0.0     151.9392      0.0000       0.0000 Muxn_54_103
system/tile_prci_domain/tile_reset_domain_tile/fusion/fgra/fgra/cggibs_5/mux_8     151.9392     0.0     151.9392      0.0000       0.0000 Muxn_54_102
system/tile_prci_domain/tile_reset_domain_tile/fusion/fgra/fgra/cggibs_5/mux_9     151.9392     0.0     151.9392      0.0000       0.0000 Muxn_54_101
system/tile_prci_domain/tile_reset_domain_tile/fusion/fgra/fgra/cggibs_6     263.6592     0.0      73.1472      0.0000       0.0000 GIB_6
system/tile_prci_domain/tile_reset_domain_tile/fusion/fgra/fgra/cggibs_6/cfg      27.7536     0.0       5.6448     22.1088       0.0000 ConfigMem_54_3
system/tile_prci_domain/tile_reset_domain_tile/fusion/fgra/fgra/cggibs_6/mux      78.0864     0.0      78.0864      0.0000       0.0000 Muxn_168
system/tile_prci_domain/tile_reset_domain_tile/fusion/fgra/fgra/cggibs_6/mux_1      84.6720     0.0      84.6720      0.0000       0.0000 Muxn_167
system/tile_prci_domain/tile_reset_domain_tile/fusion/fgra/fgra/cggibs_7    1038.4080     0.0     174.2832    459.3456       0.0000 GIB_7
system/tile_prci_domain/tile_reset_domain_tile/fusion/fgra/fgra/cggibs_7/cfg      43.5120     0.0      15.2880     28.2240       0.0000 ConfigMem_55_12
system/tile_prci_domain/tile_reset_domain_tile/fusion/fgra/fgra/cggibs_7/mux      78.0864     0.0      78.0864      0.0000       0.0000 Muxn_166
system/tile_prci_domain/tile_reset_domain_tile/fusion/fgra/fgra/cggibs_7/mux_1     102.5472     0.0     102.5472      0.0000       0.0000 Muxn_229_152
system/tile_prci_domain/tile_reset_domain_tile/fusion/fgra/fgra/cggibs_7/mux_2      78.0864     0.0      78.0864      0.0000       0.0000 Muxn_165
system/tile_prci_domain/tile_reset_domain_tile/fusion/fgra/fgra/cggibs_7/mux_3     102.5472     0.0     102.5472      0.0000       0.0000 Muxn_229_151
system/tile_prci_domain/tile_reset_domain_tile/fusion/fgra/fgra/cggibs_8    2663.6400     0.1      15.5232      0.0000       0.0000 GIB_8
system/tile_prci_domain/tile_reset_domain_tile/fusion/fgra/fgra/cggibs_8/cfg     437.9424     0.0      75.9696    361.9728       0.0000 ConfigMem_56_7
system/tile_prci_domain/tile_reset_domain_tile/fusion/fgra/fgra/cggibs_8/mux     112.8960     0.0     112.8960      0.0000       0.0000 Muxn_229_150
system/tile_prci_domain/tile_reset_domain_tile/fusion/fgra/fgra/cggibs_8/mux_1     110.0736     0.0     110.0736      0.0000       0.0000 Muxn_229_149
system/tile_prci_domain/tile_reset_domain_tile/fusion/fgra/fgra/cggibs_8/mux_10     110.5440     0.0     110.5440      0.0000       0.0000 Muxn_229_145
system/tile_prci_domain/tile_reset_domain_tile/fusion/fgra/fgra/cggibs_8/mux_11      79.0272     0.0      79.0272      0.0000       0.0000 Muxn_160
system/tile_prci_domain/tile_reset_domain_tile/fusion/fgra/fgra/cggibs_8/mux_12     204.1536     0.0     204.1536      0.0000       0.0000 Muxn_36_99
system/tile_prci_domain/tile_reset_domain_tile/fusion/fgra/fgra/cggibs_8/mux_13     239.1984     0.0     239.1984      0.0000       0.0000 Muxn_36_98
system/tile_prci_domain/tile_reset_domain_tile/fusion/fgra/fgra/cggibs_8/mux_14     281.7696     0.0     281.7696      0.0000       0.0000 Muxn_36_97
system/tile_prci_domain/tile_reset_domain_tile/fusion/fgra/fgra/cggibs_8/mux_15     254.7216     0.0     254.7216      0.0000       0.0000 Muxn_36_96
system/tile_prci_domain/tile_reset_domain_tile/fusion/fgra/fgra/cggibs_8/mux_2     175.6944     0.0     175.6944      0.0000       0.0000 Muxn_54_100
system/tile_prci_domain/tile_reset_domain_tile/fusion/fgra/fgra/cggibs_8/mux_3      78.0864     0.0      78.0864      0.0000       0.0000 Muxn_164
system/tile_prci_domain/tile_reset_domain_tile/fusion/fgra/fgra/cggibs_8/mux_4     108.8976     0.0     108.8976      0.0000       0.0000 Muxn_229_148
system/tile_prci_domain/tile_reset_domain_tile/fusion/fgra/fgra/cggibs_8/mux_5     109.8384     0.0     109.8384      0.0000       0.0000 Muxn_229_147
system/tile_prci_domain/tile_reset_domain_tile/fusion/fgra/fgra/cggibs_8/mux_6      78.7920     0.0      78.7920      0.0000       0.0000 Muxn_163
system/tile_prci_domain/tile_reset_domain_tile/fusion/fgra/fgra/cggibs_8/mux_7      78.0864     0.0      78.0864      0.0000       0.0000 Muxn_162
system/tile_prci_domain/tile_reset_domain_tile/fusion/fgra/fgra/cggibs_8/mux_8     108.8976     0.0     108.8976      0.0000       0.0000 Muxn_229_146
system/tile_prci_domain/tile_reset_domain_tile/fusion/fgra/fgra/cggibs_8/mux_9      79.4976     0.0      79.4976      0.0000       0.0000 Muxn_161
system/tile_prci_domain/tile_reset_domain_tile/fusion/fgra/fgra/cggibs_9    3129.3360     0.1     118.0704    602.3472       0.0000 GIB_9
system/tile_prci_domain/tile_reset_domain_tile/fusion/fgra/fgra/cggibs_9/cfg     282.4752     0.0      73.1472    209.3280       0.0000 ConfigMem_56_6
system/tile_prci_domain/tile_reset_domain_tile/fusion/fgra/fgra/cggibs_9/mux     123.2448     0.0     123.2448      0.0000       0.0000 Muxn_229_144
system/tile_prci_domain/tile_reset_domain_tile/fusion/fgra/fgra/cggibs_9/mux_1     113.1312     0.0     113.1312      0.0000       0.0000 Muxn_229_143
system/tile_prci_domain/tile_reset_domain_tile/fusion/fgra/fgra/cggibs_9/mux_10     118.5408     0.0     118.5408      0.0000       0.0000 Muxn_229_139
system/tile_prci_domain/tile_reset_domain_tile/fusion/fgra/fgra/cggibs_9/mux_11      91.7280     0.0      91.7280      0.0000       0.0000 Muxn_155
system/tile_prci_domain/tile_reset_domain_tile/fusion/fgra/fgra/cggibs_9/mux_12     204.1536     0.0     204.1536      0.0000       0.0000 Muxn_36_95
system/tile_prci_domain/tile_reset_domain_tile/fusion/fgra/fgra/cggibs_9/mux_13     204.1536     0.0     204.1536      0.0000       0.0000 Muxn_36_94
system/tile_prci_domain/tile_reset_domain_tile/fusion/fgra/fgra/cggibs_9/mux_14     204.1536     0.0     204.1536      0.0000       0.0000 Muxn_36_93
system/tile_prci_domain/tile_reset_domain_tile/fusion/fgra/fgra/cggibs_9/mux_15     204.1536     0.0     204.1536      0.0000       0.0000 Muxn_36_92
system/tile_prci_domain/tile_reset_domain_tile/fusion/fgra/fgra/cggibs_9/mux_2     176.1648     0.0     176.1648      0.0000       0.0000 Muxn_54_99
system/tile_prci_domain/tile_reset_domain_tile/fusion/fgra/fgra/cggibs_9/mux_3      81.1440     0.0      81.1440      0.0000       0.0000 Muxn_159
system/tile_prci_domain/tile_reset_domain_tile/fusion/fgra/fgra/cggibs_9/mux_4     118.0704     0.0     118.0704      0.0000       0.0000 Muxn_229_142
system/tile_prci_domain/tile_reset_domain_tile/fusion/fgra/fgra/cggibs_9/mux_5     109.8384     0.0     109.8384      0.0000       0.0000 Muxn_229_141
system/tile_prci_domain/tile_reset_domain_tile/fusion/fgra/fgra/cggibs_9/mux_6      86.7888     0.0      86.7888      0.0000       0.0000 Muxn_158
system/tile_prci_domain/tile_reset_domain_tile/fusion/fgra/fgra/cggibs_9/mux_7      90.5520     0.0      90.5520      0.0000       0.0000 Muxn_157
system/tile_prci_domain/tile_reset_domain_tile/fusion/fgra/fgra/cggibs_9/mux_8     119.4816     0.0     119.4816      0.0000       0.0000 Muxn_229_140
system/tile_prci_domain/tile_reset_domain_tile/fusion/fgra/fgra/cggibs_9/mux_9      81.1440     0.0      81.1440      0.0000       0.0000 Muxn_156
system/tile_prci_domain/tile_reset_domain_tile/fusion/fgra/fgra/fggibs_0      18.1104     0.0       8.2320      0.0000       0.0000 GIB_49
system/tile_prci_domain/tile_reset_domain_tile/fusion/fgra/fgra/fggibs_0/cfg       7.5264     0.0       2.8224      4.7040       0.0000 ConfigMem_48_1
system/tile_prci_domain/tile_reset_domain_tile/fusion/fgra/fgra/fggibs_0/mux       2.3520     0.0       2.3520      0.0000       0.0000 Muxn_2_93
system/tile_prci_domain/tile_reset_domain_tile/fusion/fgra/fgra/fggibs_1     161.3472     0.0       5.4096     14.1120       0.0000 GIB_50
system/tile_prci_domain/tile_reset_domain_tile/fusion/fgra/fgra/fggibs_1/cfg      97.3728     0.0      31.5168     65.8560       0.0000 ConfigMem_98_9
system/tile_prci_domain/tile_reset_domain_tile/fusion/fgra/fgra/fggibs_1/mux       5.8800     0.0       5.8800      0.0000       0.0000 Muxn_747_80
system/tile_prci_domain/tile_reset_domain_tile/fusion/fgra/fgra/fggibs_1/mux_1       5.8800     0.0       5.8800      0.0000       0.0000 Muxn_747_79
system/tile_prci_domain/tile_reset_domain_tile/fusion/fgra/fgra/fggibs_1/mux_2       7.5264     0.0       7.5264      0.0000       0.0000 Muxn_749_98
system/tile_prci_domain/tile_reset_domain_tile/fusion/fgra/fgra/fggibs_1/mux_3       7.5264     0.0       7.5264      0.0000       0.0000 Muxn_749_97
system/tile_prci_domain/tile_reset_domain_tile/fusion/fgra/fgra/fggibs_1/mux_4       5.8800     0.0       5.8800      0.0000       0.0000 Muxn_747_78
system/tile_prci_domain/tile_reset_domain_tile/fusion/fgra/fgra/fggibs_1/mux_5       5.8800     0.0       5.8800      0.0000       0.0000 Muxn_747_77
system/tile_prci_domain/tile_reset_domain_tile/fusion/fgra/fgra/fggibs_1/mux_6       5.8800     0.0       5.8800      0.0000       0.0000 Muxn_747_76
system/tile_prci_domain/tile_reset_domain_tile/fusion/fgra/fgra/fggibs_10     130.0656     0.0       5.1744      0.0000       0.0000 GIB_59
system/tile_prci_domain/tile_reset_domain_tile/fusion/fgra/fgra/fggibs_10/cfg      84.6720     0.0      28.2240     56.4480       0.0000 ConfigMem_105_2
system/tile_prci_domain/tile_reset_domain_tile/fusion/fgra/fgra/fggibs_10/mux       2.3520     0.0       2.3520      0.0000       0.0000 Muxn_2_86
system/tile_prci_domain/tile_reset_domain_tile/fusion/fgra/fgra/fggibs_10/mux_1       7.5264     0.0       7.5264      0.0000       0.0000 Muxn_749_83
system/tile_prci_domain/tile_reset_domain_tile/fusion/fgra/fgra/fggibs_10/mux_2       5.8800     0.0       5.8800      0.0000       0.0000 Muxn_747_51
system/tile_prci_domain/tile_reset_domain_tile/fusion/fgra/fgra/fggibs_10/mux_3       7.5264     0.0       7.5264      0.0000       0.0000 Muxn_749_82
system/tile_prci_domain/tile_reset_domain_tile/fusion/fgra/fgra/fggibs_10/mux_4       5.8800     0.0       5.8800      0.0000       0.0000 Muxn_747_50
system/tile_prci_domain/tile_reset_domain_tile/fusion/fgra/fgra/fggibs_10/mux_5      11.0544     0.0      11.0544      0.0000       0.0000 Muxn_792_38
system/tile_prci_domain/tile_reset_domain_tile/fusion/fgra/fgra/fggibs_11     147.9408     0.0       5.1744     18.8160       0.0000 GIB_60
system/tile_prci_domain/tile_reset_domain_tile/fusion/fgra/fgra/fggibs_11/cfg      83.7312     0.0      27.2832     56.4480       0.0000 ConfigMem_105_1
system/tile_prci_domain/tile_reset_domain_tile/fusion/fgra/fgra/fggibs_11/mux       2.3520     0.0       2.3520      0.0000       0.0000 Muxn_2_85
system/tile_prci_domain/tile_reset_domain_tile/fusion/fgra/fgra/fggibs_11/mux_1       7.5264     0.0       7.5264      0.0000       0.0000 Muxn_749_81
system/tile_prci_domain/tile_reset_domain_tile/fusion/fgra/fgra/fggibs_11/mux_2       5.8800     0.0       5.8800      0.0000       0.0000 Muxn_747_49
system/tile_prci_domain/tile_reset_domain_tile/fusion/fgra/fgra/fggibs_11/mux_3       7.5264     0.0       7.5264      0.0000       0.0000 Muxn_749_80
system/tile_prci_domain/tile_reset_domain_tile/fusion/fgra/fgra/fggibs_11/mux_4       5.8800     0.0       5.8800      0.0000       0.0000 Muxn_747_48
system/tile_prci_domain/tile_reset_domain_tile/fusion/fgra/fgra/fggibs_11/mux_5      11.0544     0.0      11.0544      0.0000       0.0000 Muxn_792_37
system/tile_prci_domain/tile_reset_domain_tile/fusion/fgra/fgra/fggibs_12     129.3600     0.0       5.4096      0.0000       0.0000 GIB_61
system/tile_prci_domain/tile_reset_domain_tile/fusion/fgra/fgra/fggibs_12/cfg      83.7312     0.0      27.2832     56.4480       0.0000 ConfigMem_105_0
system/tile_prci_domain/tile_reset_domain_tile/fusion/fgra/fgra/fggibs_12/mux       2.3520     0.0       2.3520      0.0000       0.0000 Muxn_2_84
system/tile_prci_domain/tile_reset_domain_tile/fusion/fgra/fgra/fggibs_12/mux_1       7.5264     0.0       7.5264      0.0000       0.0000 Muxn_749_79
system/tile_prci_domain/tile_reset_domain_tile/fusion/fgra/fgra/fggibs_12/mux_2       5.8800     0.0       5.8800      0.0000       0.0000 Muxn_747_47
system/tile_prci_domain/tile_reset_domain_tile/fusion/fgra/fgra/fggibs_12/mux_3       7.5264     0.0       7.5264      0.0000       0.0000 Muxn_749_78
system/tile_prci_domain/tile_reset_domain_tile/fusion/fgra/fgra/fggibs_12/mux_4       5.8800     0.0       5.8800      0.0000       0.0000 Muxn_747_46
system/tile_prci_domain/tile_reset_domain_tile/fusion/fgra/fgra/fggibs_12/mux_5      11.0544     0.0      11.0544      0.0000       0.0000 Muxn_792_36
system/tile_prci_domain/tile_reset_domain_tile/fusion/fgra/fgra/fggibs_13      61.8576     0.0       6.3504     14.1120       0.0000 GIB_62
system/tile_prci_domain/tile_reset_domain_tile/fusion/fgra/fgra/fggibs_13/cfg      29.1648     0.0      10.3488     18.8160       0.0000 ConfigMem_104_2
system/tile_prci_domain/tile_reset_domain_tile/fusion/fgra/fgra/fggibs_13/mux       2.3520     0.0       2.3520      0.0000       0.0000 Muxn_2_83
system/tile_prci_domain/tile_reset_domain_tile/fusion/fgra/fgra/fggibs_13/mux_1       2.3520     0.0       2.3520      0.0000       0.0000 Muxn_2_82
system/tile_prci_domain/tile_reset_domain_tile/fusion/fgra/fgra/fggibs_13/mux_2       7.5264     0.0       7.5264      0.0000       0.0000 Muxn_749_77
system/tile_prci_domain/tile_reset_domain_tile/fusion/fgra/fgra/fggibs_14      47.7456     0.0       7.9968      0.0000       0.0000 GIB_63
system/tile_prci_domain/tile_reset_domain_tile/fusion/fgra/fgra/fggibs_14/cfg      29.1648     0.0      10.3488     18.8160       0.0000 ConfigMem_104_1
system/tile_prci_domain/tile_reset_domain_tile/fusion/fgra/fgra/fggibs_14/mux       5.8800     0.0       5.8800      0.0000       0.0000 Muxn_747_45
system/tile_prci_domain/tile_reset_domain_tile/fusion/fgra/fgra/fggibs_14/mux_1       2.3520     0.0       2.3520      0.0000       0.0000 Muxn_2_81
system/tile_prci_domain/tile_reset_domain_tile/fusion/fgra/fgra/fggibs_14/mux_2       2.3520     0.0       2.3520      0.0000       0.0000 Muxn_2_80
system/tile_prci_domain/tile_reset_domain_tile/fusion/fgra/fgra/fggibs_15     224.8512     0.0       5.1744     18.8160       0.0000 GIB_64
system/tile_prci_domain/tile_reset_domain_tile/fusion/fgra/fgra/fggibs_15/cfg     133.3584     0.0      43.9824     89.3760       0.0000 ConfigMem_112_10
system/tile_prci_domain/tile_reset_domain_tile/fusion/fgra/fgra/fggibs_15/mux       2.3520     0.0       2.3520      0.0000       0.0000 Muxn_2_79
system/tile_prci_domain/tile_reset_domain_tile/fusion/fgra/fgra/fggibs_15/mux_1       2.3520     0.0       2.3520      0.0000       0.0000 Muxn_2_78
system/tile_prci_domain/tile_reset_domain_tile/fusion/fgra/fgra/fggibs_15/mux_2       2.3520     0.0       2.3520      0.0000       0.0000 Muxn_2_77
system/tile_prci_domain/tile_reset_domain_tile/fusion/fgra/fgra/fggibs_15/mux_3       7.5264     0.0       7.5264      0.0000       0.0000 Muxn_749_76
system/tile_prci_domain/tile_reset_domain_tile/fusion/fgra/fgra/fggibs_15/mux_4       7.5264     0.0       7.5264      0.0000       0.0000 Muxn_749_75
system/tile_prci_domain/tile_reset_domain_tile/fusion/fgra/fgra/fggibs_15/mux_5       2.3520     0.0       2.3520      0.0000       0.0000 Muxn_2_76
system/tile_prci_domain/tile_reset_domain_tile/fusion/fgra/fgra/fggibs_15/mux_6      11.0544     0.0      11.0544      0.0000       0.0000 Muxn_792_35
system/tile_prci_domain/tile_reset_domain_tile/fusion/fgra/fgra/fggibs_15/mux_7      13.4064     0.0      13.4064      0.0000       0.0000 Muxn_110_19
system/tile_prci_domain/tile_reset_domain_tile/fusion/fgra/fgra/fggibs_15/mux_8      11.0544     0.0      11.0544      0.0000       0.0000 Muxn_792_34
system/tile_prci_domain/tile_reset_domain_tile/fusion/fgra/fgra/fggibs_15/mux_9       7.5264     0.0       7.5264      0.0000       0.0000 Muxn_749_74
system/tile_prci_domain/tile_reset_domain_tile/fusion/fgra/fgra/fggibs_16     206.2704     0.0       5.4096      0.0000       0.0000 GIB_65
system/tile_prci_domain/tile_reset_domain_tile/fusion/fgra/fgra/fggibs_16/cfg     133.3584     0.0      43.9824     89.3760       0.0000 ConfigMem_112_9
system/tile_prci_domain/tile_reset_domain_tile/fusion/fgra/fgra/fggibs_16/mux       2.3520     0.0       2.3520      0.0000       0.0000 Muxn_2_75
system/tile_prci_domain/tile_reset_domain_tile/fusion/fgra/fgra/fggibs_16/mux_1       2.3520     0.0       2.3520      0.0000       0.0000 Muxn_2_74
system/tile_prci_domain/tile_reset_domain_tile/fusion/fgra/fgra/fggibs_16/mux_2       2.3520     0.0       2.3520      0.0000       0.0000 Muxn_2_73
system/tile_prci_domain/tile_reset_domain_tile/fusion/fgra/fgra/fggibs_16/mux_3       7.5264     0.0       7.5264      0.0000       0.0000 Muxn_749_73
system/tile_prci_domain/tile_reset_domain_tile/fusion/fgra/fgra/fggibs_16/mux_4       7.5264     0.0       7.5264      0.0000       0.0000 Muxn_749_72
system/tile_prci_domain/tile_reset_domain_tile/fusion/fgra/fgra/fggibs_16/mux_5       2.3520     0.0       2.3520      0.0000       0.0000 Muxn_2_72
system/tile_prci_domain/tile_reset_domain_tile/fusion/fgra/fgra/fggibs_16/mux_6      11.0544     0.0      11.0544      0.0000       0.0000 Muxn_792_33
system/tile_prci_domain/tile_reset_domain_tile/fusion/fgra/fgra/fggibs_16/mux_7      13.4064     0.0      13.4064      0.0000       0.0000 Muxn_110_18
system/tile_prci_domain/tile_reset_domain_tile/fusion/fgra/fgra/fggibs_16/mux_8      11.0544     0.0      11.0544      0.0000       0.0000 Muxn_792_32
system/tile_prci_domain/tile_reset_domain_tile/fusion/fgra/fgra/fggibs_16/mux_9       7.5264     0.0       7.5264      0.0000       0.0000 Muxn_749_71
system/tile_prci_domain/tile_reset_domain_tile/fusion/fgra/fgra/fggibs_17     224.8512     0.0       5.1744     18.8160       0.0000 GIB_66
system/tile_prci_domain/tile_reset_domain_tile/fusion/fgra/fgra/fggibs_17/cfg     133.3584     0.0      43.9824     89.3760       0.0000 ConfigMem_112_8
system/tile_prci_domain/tile_reset_domain_tile/fusion/fgra/fgra/fggibs_17/mux       2.3520     0.0       2.3520      0.0000       0.0000 Muxn_2_71
system/tile_prci_domain/tile_reset_domain_tile/fusion/fgra/fgra/fggibs_17/mux_1       2.3520     0.0       2.3520      0.0000       0.0000 Muxn_2_70
system/tile_prci_domain/tile_reset_domain_tile/fusion/fgra/fgra/fggibs_17/mux_2       2.3520     0.0       2.3520      0.0000       0.0000 Muxn_2_69
system/tile_prci_domain/tile_reset_domain_tile/fusion/fgra/fgra/fggibs_17/mux_3       7.5264     0.0       7.5264      0.0000       0.0000 Muxn_749_70
system/tile_prci_domain/tile_reset_domain_tile/fusion/fgra/fgra/fggibs_17/mux_4       7.5264     0.0       7.5264      0.0000       0.0000 Muxn_749_69
system/tile_prci_domain/tile_reset_domain_tile/fusion/fgra/fgra/fggibs_17/mux_5       2.3520     0.0       2.3520      0.0000       0.0000 Muxn_2_68
system/tile_prci_domain/tile_reset_domain_tile/fusion/fgra/fgra/fggibs_17/mux_6      11.0544     0.0      11.0544      0.0000       0.0000 Muxn_792_31
system/tile_prci_domain/tile_reset_domain_tile/fusion/fgra/fgra/fggibs_17/mux_7      13.4064     0.0      13.4064      0.0000       0.0000 Muxn_110_17
system/tile_prci_domain/tile_reset_domain_tile/fusion/fgra/fgra/fggibs_17/mux_8      11.0544     0.0      11.0544      0.0000       0.0000 Muxn_792_30
system/tile_prci_domain/tile_reset_domain_tile/fusion/fgra/fgra/fggibs_17/mux_9       7.5264     0.0       7.5264      0.0000       0.0000 Muxn_749_68
system/tile_prci_domain/tile_reset_domain_tile/fusion/fgra/fgra/fggibs_18     206.2704     0.0       5.4096      0.0000       0.0000 GIB_67
system/tile_prci_domain/tile_reset_domain_tile/fusion/fgra/fgra/fggibs_18/cfg     133.3584     0.0      43.9824     89.3760       0.0000 ConfigMem_112_7
system/tile_prci_domain/tile_reset_domain_tile/fusion/fgra/fgra/fggibs_18/mux       2.3520     0.0       2.3520      0.0000       0.0000 Muxn_2_67
system/tile_prci_domain/tile_reset_domain_tile/fusion/fgra/fgra/fggibs_18/mux_1       2.3520     0.0       2.3520      0.0000       0.0000 Muxn_2_66
system/tile_prci_domain/tile_reset_domain_tile/fusion/fgra/fgra/fggibs_18/mux_2       2.3520     0.0       2.3520      0.0000       0.0000 Muxn_2_65
system/tile_prci_domain/tile_reset_domain_tile/fusion/fgra/fgra/fggibs_18/mux_3       7.5264     0.0       7.5264      0.0000       0.0000 Muxn_749_67
system/tile_prci_domain/tile_reset_domain_tile/fusion/fgra/fgra/fggibs_18/mux_4       7.5264     0.0       7.5264      0.0000       0.0000 Muxn_749_66
system/tile_prci_domain/tile_reset_domain_tile/fusion/fgra/fgra/fggibs_18/mux_5       2.3520     0.0       2.3520      0.0000       0.0000 Muxn_2_64
system/tile_prci_domain/tile_reset_domain_tile/fusion/fgra/fgra/fggibs_18/mux_6      11.0544     0.0      11.0544      0.0000       0.0000 Muxn_792_29
system/tile_prci_domain/tile_reset_domain_tile/fusion/fgra/fgra/fggibs_18/mux_7      13.4064     0.0      13.4064      0.0000       0.0000 Muxn_110_16
system/tile_prci_domain/tile_reset_domain_tile/fusion/fgra/fgra/fggibs_18/mux_8      11.0544     0.0      11.0544      0.0000       0.0000 Muxn_792_28
system/tile_prci_domain/tile_reset_domain_tile/fusion/fgra/fgra/fggibs_18/mux_9       7.5264     0.0       7.5264      0.0000       0.0000 Muxn_749_65
system/tile_prci_domain/tile_reset_domain_tile/fusion/fgra/fgra/fggibs_19     225.0864     0.0       5.4096     18.8160       0.0000 GIB_68
system/tile_prci_domain/tile_reset_domain_tile/fusion/fgra/fgra/fggibs_19/cfg     133.3584     0.0      43.9824     89.3760       0.0000 ConfigMem_112_6
system/tile_prci_domain/tile_reset_domain_tile/fusion/fgra/fgra/fggibs_19/mux       2.3520     0.0       2.3520      0.0000       0.0000 Muxn_2_63
system/tile_prci_domain/tile_reset_domain_tile/fusion/fgra/fgra/fggibs_19/mux_1       2.3520     0.0       2.3520      0.0000       0.0000 Muxn_2_62
system/tile_prci_domain/tile_reset_domain_tile/fusion/fgra/fgra/fggibs_19/mux_2       2.3520     0.0       2.3520      0.0000       0.0000 Muxn_2_61
system/tile_prci_domain/tile_reset_domain_tile/fusion/fgra/fgra/fggibs_19/mux_3       7.5264     0.0       7.5264      0.0000       0.0000 Muxn_749_64
system/tile_prci_domain/tile_reset_domain_tile/fusion/fgra/fgra/fggibs_19/mux_4       7.5264     0.0       7.5264      0.0000       0.0000 Muxn_749_63
system/tile_prci_domain/tile_reset_domain_tile/fusion/fgra/fgra/fggibs_19/mux_5       2.3520     0.0       2.3520      0.0000       0.0000 Muxn_2_60
system/tile_prci_domain/tile_reset_domain_tile/fusion/fgra/fgra/fggibs_19/mux_6      11.0544     0.0      11.0544      0.0000       0.0000 Muxn_792_27
system/tile_prci_domain/tile_reset_domain_tile/fusion/fgra/fgra/fggibs_19/mux_7      13.4064     0.0      13.4064      0.0000       0.0000 Muxn_110_15
system/tile_prci_domain/tile_reset_domain_tile/fusion/fgra/fgra/fggibs_19/mux_8      11.0544     0.0      11.0544      0.0000       0.0000 Muxn_792_26
system/tile_prci_domain/tile_reset_domain_tile/fusion/fgra/fgra/fggibs_19/mux_9       7.5264     0.0       7.5264      0.0000       0.0000 Muxn_749_62
system/tile_prci_domain/tile_reset_domain_tile/fusion/fgra/fgra/fggibs_2     147.9408     0.0       5.1744      0.0000       0.0000 GIB_51
system/tile_prci_domain/tile_reset_domain_tile/fusion/fgra/fgra/fggibs_2/cfg      98.3136     0.0      32.4576     65.8560       0.0000 ConfigMem_98_8
system/tile_prci_domain/tile_reset_domain_tile/fusion/fgra/fgra/fggibs_2/mux       5.8800     0.0       5.8800      0.0000       0.0000 Muxn_747_75
system/tile_prci_domain/tile_reset_domain_tile/fusion/fgra/fgra/fggibs_2/mux_1       5.8800     0.0       5.8800      0.0000       0.0000 Muxn_747_74
system/tile_prci_domain/tile_reset_domain_tile/fusion/fgra/fgra/fggibs_2/mux_2       7.5264     0.0       7.5264      0.0000       0.0000 Muxn_749_96
system/tile_prci_domain/tile_reset_domain_tile/fusion/fgra/fgra/fggibs_2/mux_3       7.5264     0.0       7.5264      0.0000       0.0000 Muxn_749_95
system/tile_prci_domain/tile_reset_domain_tile/fusion/fgra/fgra/fggibs_2/mux_4       5.8800     0.0       5.8800      0.0000       0.0000 Muxn_747_73
system/tile_prci_domain/tile_reset_domain_tile/fusion/fgra/fgra/fggibs_2/mux_5       5.8800     0.0       5.8800      0.0000       0.0000 Muxn_747_72
system/tile_prci_domain/tile_reset_domain_tile/fusion/fgra/fgra/fggibs_2/mux_6       5.8800     0.0       5.8800      0.0000       0.0000 Muxn_747_71
system/tile_prci_domain/tile_reset_domain_tile/fusion/fgra/fgra/fggibs_20      47.9808     0.0       8.2320      0.0000       0.0000 GIB_69
system/tile_prci_domain/tile_reset_domain_tile/fusion/fgra/fgra/fggibs_20/cfg      29.1648     0.0      10.3488     18.8160       0.0000 ConfigMem_104_0
system/tile_prci_domain/tile_reset_domain_tile/fusion/fgra/fgra/fggibs_20/mux       2.3520     0.0       2.3520      0.0000       0.0000 Muxn_2_59
system/tile_prci_domain/tile_reset_domain_tile/fusion/fgra/fgra/fggibs_20/mux_1       5.8800     0.0       5.8800      0.0000       0.0000 Muxn_747_44
system/tile_prci_domain/tile_reset_domain_tile/fusion/fgra/fgra/fggibs_20/mux_2       2.3520     0.0       2.3520      0.0000       0.0000 Muxn_2_58
system/tile_prci_domain/tile_reset_domain_tile/fusion/fgra/fgra/fggibs_21      95.0208     0.0       7.9968     14.1120       0.0000 GIB_70
system/tile_prci_domain/tile_reset_domain_tile/fusion/fgra/fgra/fggibs_21/cfg      49.6272     0.0      16.6992     32.9280       0.0000 ConfigMem_118_2
system/tile_prci_domain/tile_reset_domain_tile/fusion/fgra/fgra/fggibs_21/mux       7.5264     0.0       7.5264      0.0000       0.0000 Muxn_749_61
system/tile_prci_domain/tile_reset_domain_tile/fusion/fgra/fgra/fggibs_21/mux_1       7.5264     0.0       7.5264      0.0000       0.0000 Muxn_749_60
system/tile_prci_domain/tile_reset_domain_tile/fusion/fgra/fgra/fggibs_21/mux_2       2.3520     0.0       2.3520      0.0000       0.0000 Muxn_2_57
system/tile_prci_domain/tile_reset_domain_tile/fusion/fgra/fgra/fggibs_21/mux_3       5.8800     0.0       5.8800      0.0000       0.0000 Muxn_747_43
system/tile_prci_domain/tile_reset_domain_tile/fusion/fgra/fgra/fggibs_22     237.7872     0.0       5.4096      0.0000       0.0000 GIB_71
system/tile_prci_domain/tile_reset_domain_tile/fusion/fgra/fgra/fggibs_22/cfg     155.9376     0.0      52.4496    103.4880       0.0000 ConfigMem_119_1
system/tile_prci_domain/tile_reset_domain_tile/fusion/fgra/fgra/fggibs_22/mux       2.3520     0.0       2.3520      0.0000       0.0000 Muxn_2_56
system/tile_prci_domain/tile_reset_domain_tile/fusion/fgra/fgra/fggibs_22/mux_1       7.5264     0.0       7.5264      0.0000       0.0000 Muxn_749_59
system/tile_prci_domain/tile_reset_domain_tile/fusion/fgra/fgra/fggibs_22/mux_10      13.4064     0.0      13.4064      0.0000       0.0000 Muxn_110_14
system/tile_prci_domain/tile_reset_domain_tile/fusion/fgra/fgra/fggibs_22/mux_2       2.3520     0.0       2.3520      0.0000       0.0000 Muxn_2_55
system/tile_prci_domain/tile_reset_domain_tile/fusion/fgra/fgra/fggibs_22/mux_3       5.8800     0.0       5.8800      0.0000       0.0000 Muxn_747_42
system/tile_prci_domain/tile_reset_domain_tile/fusion/fgra/fgra/fggibs_22/mux_4       2.3520     0.0       2.3520      0.0000       0.0000 Muxn_2_54
system/tile_prci_domain/tile_reset_domain_tile/fusion/fgra/fgra/fggibs_22/mux_5       7.5264     0.0       7.5264      0.0000       0.0000 Muxn_749_58
system/tile_prci_domain/tile_reset_domain_tile/fusion/fgra/fgra/fggibs_22/mux_6       5.8800     0.0       5.8800      0.0000       0.0000 Muxn_747_41
system/tile_prci_domain/tile_reset_domain_tile/fusion/fgra/fgra/fggibs_22/mux_7      11.0544     0.0      11.0544      0.0000       0.0000 Muxn_792_25
system/tile_prci_domain/tile_reset_domain_tile/fusion/fgra/fgra/fggibs_22/mux_8       5.8800     0.0       5.8800      0.0000       0.0000 Muxn_747_40
system/tile_prci_domain/tile_reset_domain_tile/fusion/fgra/fgra/fggibs_22/mux_9      12.2304     0.0      12.2304      0.0000       0.0000 Muxn_38_20
system/tile_prci_domain/tile_reset_domain_tile/fusion/fgra/fgra/fggibs_23     224.8512     0.0       5.1744     18.8160       0.0000 GIB_72
system/tile_prci_domain/tile_reset_domain_tile/fusion/fgra/fgra/fggibs_23/cfg     133.3584     0.0      43.9824     89.3760       0.0000 ConfigMem_112_5
system/tile_prci_domain/tile_reset_domain_tile/fusion/fgra/fgra/fggibs_23/mux       2.3520     0.0       2.3520      0.0000       0.0000 Muxn_2_53
system/tile_prci_domain/tile_reset_domain_tile/fusion/fgra/fgra/fggibs_23/mux_1       2.3520     0.0       2.3520      0.0000       0.0000 Muxn_2_52
system/tile_prci_domain/tile_reset_domain_tile/fusion/fgra/fgra/fggibs_23/mux_2       2.3520     0.0       2.3520      0.0000       0.0000 Muxn_2_51
system/tile_prci_domain/tile_reset_domain_tile/fusion/fgra/fgra/fggibs_23/mux_3       7.5264     0.0       7.5264      0.0000       0.0000 Muxn_749_57
system/tile_prci_domain/tile_reset_domain_tile/fusion/fgra/fgra/fggibs_23/mux_4       2.3520     0.0       2.3520      0.0000       0.0000 Muxn_2_50
system/tile_prci_domain/tile_reset_domain_tile/fusion/fgra/fgra/fggibs_23/mux_5       7.5264     0.0       7.5264      0.0000       0.0000 Muxn_749_56
system/tile_prci_domain/tile_reset_domain_tile/fusion/fgra/fgra/fggibs_23/mux_6      11.0544     0.0      11.0544      0.0000       0.0000 Muxn_792_24
system/tile_prci_domain/tile_reset_domain_tile/fusion/fgra/fgra/fggibs_23/mux_7       7.5264     0.0       7.5264      0.0000       0.0000 Muxn_749_55
system/tile_prci_domain/tile_reset_domain_tile/fusion/fgra/fgra/fggibs_23/mux_8      11.0544     0.0      11.0544      0.0000       0.0000 Muxn_792_23
system/tile_prci_domain/tile_reset_domain_tile/fusion/fgra/fgra/fggibs_23/mux_9      13.4064     0.0      13.4064      0.0000       0.0000 Muxn_110_13
system/tile_prci_domain/tile_reset_domain_tile/fusion/fgra/fgra/fggibs_24     206.2704     0.0       5.4096      0.0000       0.0000 GIB_73
system/tile_prci_domain/tile_reset_domain_tile/fusion/fgra/fgra/fggibs_24/cfg     133.3584     0.0      43.9824     89.3760       0.0000 ConfigMem_112_4
system/tile_prci_domain/tile_reset_domain_tile/fusion/fgra/fgra/fggibs_24/mux       2.3520     0.0       2.3520      0.0000       0.0000 Muxn_2_49
system/tile_prci_domain/tile_reset_domain_tile/fusion/fgra/fgra/fggibs_24/mux_1       2.3520     0.0       2.3520      0.0000       0.0000 Muxn_2_48
system/tile_prci_domain/tile_reset_domain_tile/fusion/fgra/fgra/fggibs_24/mux_2       2.3520     0.0       2.3520      0.0000       0.0000 Muxn_2_47
system/tile_prci_domain/tile_reset_domain_tile/fusion/fgra/fgra/fggibs_24/mux_3       7.5264     0.0       7.5264      0.0000       0.0000 Muxn_749_54
system/tile_prci_domain/tile_reset_domain_tile/fusion/fgra/fgra/fggibs_24/mux_4       2.3520     0.0       2.3520      0.0000       0.0000 Muxn_2_46
system/tile_prci_domain/tile_reset_domain_tile/fusion/fgra/fgra/fggibs_24/mux_5       7.5264     0.0       7.5264      0.0000       0.0000 Muxn_749_53
system/tile_prci_domain/tile_reset_domain_tile/fusion/fgra/fgra/fggibs_24/mux_6      11.0544     0.0      11.0544      0.0000       0.0000 Muxn_792_22
system/tile_prci_domain/tile_reset_domain_tile/fusion/fgra/fgra/fggibs_24/mux_7       7.5264     0.0       7.5264      0.0000       0.0000 Muxn_749_52
system/tile_prci_domain/tile_reset_domain_tile/fusion/fgra/fgra/fggibs_24/mux_8      11.0544     0.0      11.0544      0.0000       0.0000 Muxn_792_21
system/tile_prci_domain/tile_reset_domain_tile/fusion/fgra/fgra/fggibs_24/mux_9      13.4064     0.0      13.4064      0.0000       0.0000 Muxn_110_12
system/tile_prci_domain/tile_reset_domain_tile/fusion/fgra/fgra/fggibs_25     225.0864     0.0       5.4096     18.8160       0.0000 GIB_74
system/tile_prci_domain/tile_reset_domain_tile/fusion/fgra/fgra/fggibs_25/cfg     133.3584     0.0      43.9824     89.3760       0.0000 ConfigMem_112_3
system/tile_prci_domain/tile_reset_domain_tile/fusion/fgra/fgra/fggibs_25/mux       2.3520     0.0       2.3520      0.0000       0.0000 Muxn_2_45
system/tile_prci_domain/tile_reset_domain_tile/fusion/fgra/fgra/fggibs_25/mux_1       2.3520     0.0       2.3520      0.0000       0.0000 Muxn_2_44
system/tile_prci_domain/tile_reset_domain_tile/fusion/fgra/fgra/fggibs_25/mux_2       2.3520     0.0       2.3520      0.0000       0.0000 Muxn_2_43
system/tile_prci_domain/tile_reset_domain_tile/fusion/fgra/fgra/fggibs_25/mux_3       7.5264     0.0       7.5264      0.0000       0.0000 Muxn_749_51
system/tile_prci_domain/tile_reset_domain_tile/fusion/fgra/fgra/fggibs_25/mux_4       2.3520     0.0       2.3520      0.0000       0.0000 Muxn_2_42
system/tile_prci_domain/tile_reset_domain_tile/fusion/fgra/fgra/fggibs_25/mux_5       7.5264     0.0       7.5264      0.0000       0.0000 Muxn_749_50
system/tile_prci_domain/tile_reset_domain_tile/fusion/fgra/fgra/fggibs_25/mux_6      11.0544     0.0      11.0544      0.0000       0.0000 Muxn_792_20
system/tile_prci_domain/tile_reset_domain_tile/fusion/fgra/fgra/fggibs_25/mux_7       7.5264     0.0       7.5264      0.0000       0.0000 Muxn_749_49
system/tile_prci_domain/tile_reset_domain_tile/fusion/fgra/fgra/fggibs_25/mux_8      11.0544     0.0      11.0544      0.0000       0.0000 Muxn_792_19
system/tile_prci_domain/tile_reset_domain_tile/fusion/fgra/fgra/fggibs_25/mux_9      13.4064     0.0      13.4064      0.0000       0.0000 Muxn_110_11
system/tile_prci_domain/tile_reset_domain_tile/fusion/fgra/fgra/fggibs_26     252.8400     0.0       5.1744      0.0000       0.0000 GIB_75
system/tile_prci_domain/tile_reset_domain_tile/fusion/fgra/fgra/fggibs_26/cfg     163.2288     0.0      55.0368    108.1920       0.0000 ConfigMem_123_1
system/tile_prci_domain/tile_reset_domain_tile/fusion/fgra/fgra/fggibs_26/mux       7.5264     0.0       7.5264      0.0000       0.0000 Muxn_749_48
system/tile_prci_domain/tile_reset_domain_tile/fusion/fgra/fgra/fggibs_26/mux_1       2.3520     0.0       2.3520      0.0000       0.0000 Muxn_2_41
system/tile_prci_domain/tile_reset_domain_tile/fusion/fgra/fgra/fggibs_26/mux_10      13.4064     0.0      13.4064      0.0000       0.0000 Muxn_110_10
system/tile_prci_domain/tile_reset_domain_tile/fusion/fgra/fgra/fggibs_26/mux_2       2.3520     0.0       2.3520      0.0000       0.0000 Muxn_2_40
system/tile_prci_domain/tile_reset_domain_tile/fusion/fgra/fgra/fggibs_26/mux_3       7.5264     0.0       7.5264      0.0000       0.0000 Muxn_749_47
system/tile_prci_domain/tile_reset_domain_tile/fusion/fgra/fgra/fggibs_26/mux_4       2.3520     0.0       2.3520      0.0000       0.0000 Muxn_2_39
system/tile_prci_domain/tile_reset_domain_tile/fusion/fgra/fgra/fggibs_26/mux_5       7.5264     0.0       7.5264      0.0000       0.0000 Muxn_749_46
system/tile_prci_domain/tile_reset_domain_tile/fusion/fgra/fgra/fggibs_26/mux_6      12.2304     0.0      12.2304      0.0000       0.0000 Muxn_38_19
system/tile_prci_domain/tile_reset_domain_tile/fusion/fgra/fgra/fggibs_26/mux_7      12.2304     0.0      12.2304      0.0000       0.0000 Muxn_38_18
system/tile_prci_domain/tile_reset_domain_tile/fusion/fgra/fgra/fggibs_26/mux_8       5.8800     0.0       5.8800      0.0000       0.0000 Muxn_747_39
system/tile_prci_domain/tile_reset_domain_tile/fusion/fgra/fgra/fggibs_26/mux_9      11.0544     0.0      11.0544      0.0000       0.0000 Muxn_792_18
system/tile_prci_domain/tile_reset_domain_tile/fusion/fgra/fgra/fggibs_27      83.4960     0.0       8.4672     14.1120       0.0000 GIB_76
system/tile_prci_domain/tile_reset_domain_tile/fusion/fgra/fgra/fggibs_27/cfg      42.8064     0.0      14.5824     28.2240       0.0000 ConfigMem_55_2
system/tile_prci_domain/tile_reset_domain_tile/fusion/fgra/fgra/fggibs_27/mux       2.3520     0.0       2.3520      0.0000       0.0000 Muxn_2_38
system/tile_prci_domain/tile_reset_domain_tile/fusion/fgra/fgra/fggibs_27/mux_1       2.3520     0.0       2.3520      0.0000       0.0000 Muxn_2_37
system/tile_prci_domain/tile_reset_domain_tile/fusion/fgra/fgra/fggibs_27/mux_2       7.5264     0.0       7.5264      0.0000       0.0000 Muxn_749_45
system/tile_prci_domain/tile_reset_domain_tile/fusion/fgra/fgra/fggibs_27/mux_3       5.8800     0.0       5.8800      0.0000       0.0000 Muxn_747_38
system/tile_prci_domain/tile_reset_domain_tile/fusion/fgra/fgra/fggibs_28      69.6192     0.0       8.7024      0.0000       0.0000 GIB_77
system/tile_prci_domain/tile_reset_domain_tile/fusion/fgra/fgra/fggibs_28/cfg      42.8064     0.0      14.5824     28.2240       0.0000 ConfigMem_55_1
system/tile_prci_domain/tile_reset_domain_tile/fusion/fgra/fgra/fggibs_28/mux       2.3520     0.0       2.3520      0.0000       0.0000 Muxn_2_36
system/tile_prci_domain/tile_reset_domain_tile/fusion/fgra/fgra/fggibs_28/mux_1       5.8800     0.0       5.8800      0.0000       0.0000 Muxn_747_37
system/tile_prci_domain/tile_reset_domain_tile/fusion/fgra/fgra/fggibs_28/mux_2       2.3520     0.0       2.3520      0.0000       0.0000 Muxn_2_35
system/tile_prci_domain/tile_reset_domain_tile/fusion/fgra/fgra/fggibs_28/mux_3       7.5264     0.0       7.5264      0.0000       0.0000 Muxn_749_44
system/tile_prci_domain/tile_reset_domain_tile/fusion/fgra/fgra/fggibs_29     271.8912     0.0       5.4096     18.8160       0.0000 GIB_78
system/tile_prci_domain/tile_reset_domain_tile/fusion/fgra/fgra/fggibs_29/cfg     163.2288     0.0      55.0368    108.1920       0.0000 ConfigMem_123_0
system/tile_prci_domain/tile_reset_domain_tile/fusion/fgra/fgra/fggibs_29/mux      12.2304     0.0      12.2304      0.0000       0.0000 Muxn_38_17
system/tile_prci_domain/tile_reset_domain_tile/fusion/fgra/fgra/fggibs_29/mux_1       7.5264     0.0       7.5264      0.0000       0.0000 Muxn_749_43
system/tile_prci_domain/tile_reset_domain_tile/fusion/fgra/fgra/fggibs_29/mux_10       5.8800     0.0       5.8800      0.0000       0.0000 Muxn_747_36
system/tile_prci_domain/tile_reset_domain_tile/fusion/fgra/fgra/fggibs_29/mux_2       2.3520     0.0       2.3520      0.0000       0.0000 Muxn_2_34
system/tile_prci_domain/tile_reset_domain_tile/fusion/fgra/fgra/fggibs_29/mux_3       2.3520     0.0       2.3520      0.0000       0.0000 Muxn_2_33
system/tile_prci_domain/tile_reset_domain_tile/fusion/fgra/fgra/fggibs_29/mux_4       7.5264     0.0       7.5264      0.0000       0.0000 Muxn_749_42
system/tile_prci_domain/tile_reset_domain_tile/fusion/fgra/fgra/fggibs_29/mux_5       7.5264     0.0       7.5264      0.0000       0.0000 Muxn_749_41
system/tile_prci_domain/tile_reset_domain_tile/fusion/fgra/fgra/fggibs_29/mux_6       2.3520     0.0       2.3520      0.0000       0.0000 Muxn_2_32
system/tile_prci_domain/tile_reset_domain_tile/fusion/fgra/fgra/fggibs_29/mux_7      11.0544     0.0      11.0544      0.0000       0.0000 Muxn_792_17
system/tile_prci_domain/tile_reset_domain_tile/fusion/fgra/fgra/fggibs_29/mux_8      13.4064     0.0      13.4064      0.0000       0.0000 Muxn_110_9
system/tile_prci_domain/tile_reset_domain_tile/fusion/fgra/fgra/fggibs_29/mux_9      12.2304     0.0      12.2304      0.0000       0.0000 Muxn_38_16
system/tile_prci_domain/tile_reset_domain_tile/fusion/fgra/fgra/fggibs_3     161.1120     0.0       5.1744     14.1120       0.0000 GIB_52
system/tile_prci_domain/tile_reset_domain_tile/fusion/fgra/fgra/fggibs_3/cfg      97.3728     0.0      31.5168     65.8560       0.0000 ConfigMem_98_7
system/tile_prci_domain/tile_reset_domain_tile/fusion/fgra/fgra/fggibs_3/mux       5.8800     0.0       5.8800      0.0000       0.0000 Muxn_747_70
system/tile_prci_domain/tile_reset_domain_tile/fusion/fgra/fgra/fggibs_3/mux_1       5.8800     0.0       5.8800      0.0000       0.0000 Muxn_747_69
system/tile_prci_domain/tile_reset_domain_tile/fusion/fgra/fgra/fggibs_3/mux_2       7.5264     0.0       7.5264      0.0000       0.0000 Muxn_749_94
system/tile_prci_domain/tile_reset_domain_tile/fusion/fgra/fgra/fggibs_3/mux_3       7.5264     0.0       7.5264      0.0000       0.0000 Muxn_749_93
system/tile_prci_domain/tile_reset_domain_tile/fusion/fgra/fgra/fggibs_3/mux_4       5.8800     0.0       5.8800      0.0000       0.0000 Muxn_747_68
system/tile_prci_domain/tile_reset_domain_tile/fusion/fgra/fgra/fggibs_3/mux_5       5.8800     0.0       5.8800      0.0000       0.0000 Muxn_747_67
system/tile_prci_domain/tile_reset_domain_tile/fusion/fgra/fgra/fggibs_3/mux_6       5.8800     0.0       5.8800      0.0000       0.0000 Muxn_747_66
system/tile_prci_domain/tile_reset_domain_tile/fusion/fgra/fgra/fggibs_30     206.0352     0.0       5.1744      0.0000       0.0000 GIB_79
system/tile_prci_domain/tile_reset_domain_tile/fusion/fgra/fgra/fggibs_30/cfg     133.3584     0.0      43.9824     89.3760       0.0000 ConfigMem_112_2
system/tile_prci_domain/tile_reset_domain_tile/fusion/fgra/fgra/fggibs_30/mux       2.3520     0.0       2.3520      0.0000       0.0000 Muxn_2_31
system/tile_prci_domain/tile_reset_domain_tile/fusion/fgra/fgra/fggibs_30/mux_1       2.3520     0.0       2.3520      0.0000       0.0000 Muxn_2_30
system/tile_prci_domain/tile_reset_domain_tile/fusion/fgra/fgra/fggibs_30/mux_2       2.3520     0.0       2.3520      0.0000       0.0000 Muxn_2_29
system/tile_prci_domain/tile_reset_domain_tile/fusion/fgra/fgra/fggibs_30/mux_3       7.5264     0.0       7.5264      0.0000       0.0000 Muxn_749_40
system/tile_prci_domain/tile_reset_domain_tile/fusion/fgra/fgra/fggibs_30/mux_4       7.5264     0.0       7.5264      0.0000       0.0000 Muxn_749_39
system/tile_prci_domain/tile_reset_domain_tile/fusion/fgra/fgra/fggibs_30/mux_5       2.3520     0.0       2.3520      0.0000       0.0000 Muxn_2_28
system/tile_prci_domain/tile_reset_domain_tile/fusion/fgra/fgra/fggibs_30/mux_6      11.0544     0.0      11.0544      0.0000       0.0000 Muxn_792_16
system/tile_prci_domain/tile_reset_domain_tile/fusion/fgra/fgra/fggibs_30/mux_7      13.4064     0.0      13.4064      0.0000       0.0000 Muxn_110_8
system/tile_prci_domain/tile_reset_domain_tile/fusion/fgra/fgra/fggibs_30/mux_8      11.0544     0.0      11.0544      0.0000       0.0000 Muxn_792_15
system/tile_prci_domain/tile_reset_domain_tile/fusion/fgra/fgra/fggibs_30/mux_9       7.5264     0.0       7.5264      0.0000       0.0000 Muxn_749_38
system/tile_prci_domain/tile_reset_domain_tile/fusion/fgra/fgra/fggibs_31     224.8512     0.0       5.1744     18.8160       0.0000 GIB_80
system/tile_prci_domain/tile_reset_domain_tile/fusion/fgra/fgra/fggibs_31/cfg     133.3584     0.0      43.9824     89.3760       0.0000 ConfigMem_112_1
system/tile_prci_domain/tile_reset_domain_tile/fusion/fgra/fgra/fggibs_31/mux       2.3520     0.0       2.3520      0.0000       0.0000 Muxn_2_27
system/tile_prci_domain/tile_reset_domain_tile/fusion/fgra/fgra/fggibs_31/mux_1       2.3520     0.0       2.3520      0.0000       0.0000 Muxn_2_26
system/tile_prci_domain/tile_reset_domain_tile/fusion/fgra/fgra/fggibs_31/mux_2       2.3520     0.0       2.3520      0.0000       0.0000 Muxn_2_25
system/tile_prci_domain/tile_reset_domain_tile/fusion/fgra/fgra/fggibs_31/mux_3       7.5264     0.0       7.5264      0.0000       0.0000 Muxn_749_37
system/tile_prci_domain/tile_reset_domain_tile/fusion/fgra/fgra/fggibs_31/mux_4       7.5264     0.0       7.5264      0.0000       0.0000 Muxn_749_36
system/tile_prci_domain/tile_reset_domain_tile/fusion/fgra/fgra/fggibs_31/mux_5       2.3520     0.0       2.3520      0.0000       0.0000 Muxn_2_24
system/tile_prci_domain/tile_reset_domain_tile/fusion/fgra/fgra/fggibs_31/mux_6      11.0544     0.0      11.0544      0.0000       0.0000 Muxn_792_14
system/tile_prci_domain/tile_reset_domain_tile/fusion/fgra/fgra/fggibs_31/mux_7      13.4064     0.0      13.4064      0.0000       0.0000 Muxn_110_7
system/tile_prci_domain/tile_reset_domain_tile/fusion/fgra/fgra/fggibs_31/mux_8      11.0544     0.0      11.0544      0.0000       0.0000 Muxn_792_13
system/tile_prci_domain/tile_reset_domain_tile/fusion/fgra/fgra/fggibs_31/mux_9       7.5264     0.0       7.5264      0.0000       0.0000 Muxn_749_35
system/tile_prci_domain/tile_reset_domain_tile/fusion/fgra/fgra/fggibs_32     206.2704     0.0       5.4096      0.0000       0.0000 GIB_81
system/tile_prci_domain/tile_reset_domain_tile/fusion/fgra/fgra/fggibs_32/cfg     133.3584     0.0      43.9824     89.3760       0.0000 ConfigMem_112_0
system/tile_prci_domain/tile_reset_domain_tile/fusion/fgra/fgra/fggibs_32/mux       2.3520     0.0       2.3520      0.0000       0.0000 Muxn_2_23
system/tile_prci_domain/tile_reset_domain_tile/fusion/fgra/fgra/fggibs_32/mux_1       2.3520     0.0       2.3520      0.0000       0.0000 Muxn_2_22
system/tile_prci_domain/tile_reset_domain_tile/fusion/fgra/fgra/fggibs_32/mux_2       2.3520     0.0       2.3520      0.0000       0.0000 Muxn_2_21
system/tile_prci_domain/tile_reset_domain_tile/fusion/fgra/fgra/fggibs_32/mux_3       7.5264     0.0       7.5264      0.0000       0.0000 Muxn_749_34
system/tile_prci_domain/tile_reset_domain_tile/fusion/fgra/fgra/fggibs_32/mux_4       7.5264     0.0       7.5264      0.0000       0.0000 Muxn_749_33
system/tile_prci_domain/tile_reset_domain_tile/fusion/fgra/fgra/fggibs_32/mux_5       2.3520     0.0       2.3520      0.0000       0.0000 Muxn_2_20
system/tile_prci_domain/tile_reset_domain_tile/fusion/fgra/fgra/fggibs_32/mux_6      11.0544     0.0      11.0544      0.0000       0.0000 Muxn_792_12
system/tile_prci_domain/tile_reset_domain_tile/fusion/fgra/fgra/fggibs_32/mux_7      13.4064     0.0      13.4064      0.0000       0.0000 Muxn_110_6
system/tile_prci_domain/tile_reset_domain_tile/fusion/fgra/fgra/fggibs_32/mux_8      11.0544     0.0      11.0544      0.0000       0.0000 Muxn_792_11
system/tile_prci_domain/tile_reset_domain_tile/fusion/fgra/fgra/fggibs_32/mux_9       7.5264     0.0       7.5264      0.0000       0.0000 Muxn_749_32
system/tile_prci_domain/tile_reset_domain_tile/fusion/fgra/fgra/fggibs_33     256.6032     0.0       5.4096     18.8160       0.0000 GIB_82
system/tile_prci_domain/tile_reset_domain_tile/fusion/fgra/fgra/fggibs_33/cfg     155.9376     0.0      52.4496    103.4880       0.0000 ConfigMem_119_0
system/tile_prci_domain/tile_reset_domain_tile/fusion/fgra/fgra/fggibs_33/mux       5.8800     0.0       5.8800      0.0000       0.0000 Muxn_747_35
system/tile_prci_domain/tile_reset_domain_tile/fusion/fgra/fgra/fggibs_33/mux_1       2.3520     0.0       2.3520      0.0000       0.0000 Muxn_2_19
system/tile_prci_domain/tile_reset_domain_tile/fusion/fgra/fgra/fggibs_33/mux_10       5.8800     0.0       5.8800      0.0000       0.0000 Muxn_747_33
system/tile_prci_domain/tile_reset_domain_tile/fusion/fgra/fgra/fggibs_33/mux_2       7.5264     0.0       7.5264      0.0000       0.0000 Muxn_749_31
system/tile_prci_domain/tile_reset_domain_tile/fusion/fgra/fgra/fggibs_33/mux_3       2.3520     0.0       2.3520      0.0000       0.0000 Muxn_2_18
system/tile_prci_domain/tile_reset_domain_tile/fusion/fgra/fgra/fggibs_33/mux_4       5.8800     0.0       5.8800      0.0000       0.0000 Muxn_747_34
system/tile_prci_domain/tile_reset_domain_tile/fusion/fgra/fgra/fggibs_33/mux_5       7.5264     0.0       7.5264      0.0000       0.0000 Muxn_749_30
system/tile_prci_domain/tile_reset_domain_tile/fusion/fgra/fgra/fggibs_33/mux_6       2.3520     0.0       2.3520      0.0000       0.0000 Muxn_2_17
system/tile_prci_domain/tile_reset_domain_tile/fusion/fgra/fgra/fggibs_33/mux_7      12.2304     0.0      12.2304      0.0000       0.0000 Muxn_38_15
system/tile_prci_domain/tile_reset_domain_tile/fusion/fgra/fgra/fggibs_33/mux_8      13.4064     0.0      13.4064      0.0000       0.0000 Muxn_110_5
system/tile_prci_domain/tile_reset_domain_tile/fusion/fgra/fgra/fggibs_33/mux_9      11.0544     0.0      11.0544      0.0000       0.0000 Muxn_792_10
system/tile_prci_domain/tile_reset_domain_tile/fusion/fgra/fgra/fggibs_34      80.9088     0.0       7.9968      0.0000       0.0000 GIB_83
system/tile_prci_domain/tile_reset_domain_tile/fusion/fgra/fgra/fggibs_34/cfg      49.6272     0.0      16.6992     32.9280       0.0000 ConfigMem_118_1
system/tile_prci_domain/tile_reset_domain_tile/fusion/fgra/fgra/fggibs_34/mux       7.5264     0.0       7.5264      0.0000       0.0000 Muxn_749_29
system/tile_prci_domain/tile_reset_domain_tile/fusion/fgra/fgra/fggibs_34/mux_1       2.3520     0.0       2.3520      0.0000       0.0000 Muxn_2_16
system/tile_prci_domain/tile_reset_domain_tile/fusion/fgra/fgra/fggibs_34/mux_2       5.8800     0.0       5.8800      0.0000       0.0000 Muxn_747_32
system/tile_prci_domain/tile_reset_domain_tile/fusion/fgra/fgra/fggibs_34/mux_3       7.5264     0.0       7.5264      0.0000       0.0000 Muxn_749_28
system/tile_prci_domain/tile_reset_domain_tile/fusion/fgra/fgra/fggibs_35      95.0208     0.0       7.9968     14.1120       0.0000 GIB_84
system/tile_prci_domain/tile_reset_domain_tile/fusion/fgra/fgra/fggibs_35/cfg      49.6272     0.0      16.6992     32.9280       0.0000 ConfigMem_118_0
system/tile_prci_domain/tile_reset_domain_tile/fusion/fgra/fgra/fggibs_35/mux       7.5264     0.0       7.5264      0.0000       0.0000 Muxn_749_27
system/tile_prci_domain/tile_reset_domain_tile/fusion/fgra/fgra/fggibs_35/mux_1       7.5264     0.0       7.5264      0.0000       0.0000 Muxn_749_26
system/tile_prci_domain/tile_reset_domain_tile/fusion/fgra/fgra/fggibs_35/mux_2       2.3520     0.0       2.3520      0.0000       0.0000 Muxn_2_15
system/tile_prci_domain/tile_reset_domain_tile/fusion/fgra/fgra/fggibs_35/mux_3       5.8800     0.0       5.8800      0.0000       0.0000 Muxn_747_31
system/tile_prci_domain/tile_reset_domain_tile/fusion/fgra/fgra/fggibs_36     308.3472     0.0       5.4096      0.0000       0.0000 GIB_85
system/tile_prci_domain/tile_reset_domain_tile/fusion/fgra/fgra/fggibs_36/cfg     197.5680     0.0      65.8560    131.7120       0.0000 ConfigMem_70_4
system/tile_prci_domain/tile_reset_domain_tile/fusion/fgra/fgra/fggibs_36/mux       7.5264     0.0       7.5264      0.0000       0.0000 Muxn_749_25
system/tile_prci_domain/tile_reset_domain_tile/fusion/fgra/fgra/fggibs_36/mux_1       7.5264     0.0       7.5264      0.0000       0.0000 Muxn_749_24
system/tile_prci_domain/tile_reset_domain_tile/fusion/fgra/fgra/fggibs_36/mux_10      12.2304     0.0      12.2304      0.0000       0.0000 Muxn_38_12
system/tile_prci_domain/tile_reset_domain_tile/fusion/fgra/fgra/fggibs_36/mux_11      13.4064     0.0      13.4064      0.0000       0.0000 Muxn_110_4
system/tile_prci_domain/tile_reset_domain_tile/fusion/fgra/fgra/fggibs_36/mux_2       2.3520     0.0       2.3520      0.0000       0.0000 Muxn_2_14
system/tile_prci_domain/tile_reset_domain_tile/fusion/fgra/fgra/fggibs_36/mux_3       5.8800     0.0       5.8800      0.0000       0.0000 Muxn_747_30
system/tile_prci_domain/tile_reset_domain_tile/fusion/fgra/fgra/fggibs_36/mux_4       2.3520     0.0       2.3520      0.0000       0.0000 Muxn_2_13
system/tile_prci_domain/tile_reset_domain_tile/fusion/fgra/fgra/fggibs_36/mux_5       7.5264     0.0       7.5264      0.0000       0.0000 Muxn_749_23
system/tile_prci_domain/tile_reset_domain_tile/fusion/fgra/fgra/fggibs_36/mux_6      12.2304     0.0      12.2304      0.0000       0.0000 Muxn_38_14
system/tile_prci_domain/tile_reset_domain_tile/fusion/fgra/fgra/fggibs_36/mux_7      11.0544     0.0      11.0544      0.0000       0.0000 Muxn_792_9
system/tile_prci_domain/tile_reset_domain_tile/fusion/fgra/fgra/fggibs_36/mux_8      12.2304     0.0      12.2304      0.0000       0.0000 Muxn_38_13
system/tile_prci_domain/tile_reset_domain_tile/fusion/fgra/fgra/fggibs_36/mux_9      11.0544     0.0      11.0544      0.0000       0.0000 Muxn_792_8
system/tile_prci_domain/tile_reset_domain_tile/fusion/fgra/fgra/fggibs_37     327.1632     0.0       5.4096     18.8160       0.0000 GIB_86
system/tile_prci_domain/tile_reset_domain_tile/fusion/fgra/fgra/fggibs_37/cfg     197.5680     0.0      65.8560    131.7120       0.0000 ConfigMem_70_3
system/tile_prci_domain/tile_reset_domain_tile/fusion/fgra/fgra/fggibs_37/mux       7.5264     0.0       7.5264      0.0000       0.0000 Muxn_749_22
system/tile_prci_domain/tile_reset_domain_tile/fusion/fgra/fgra/fggibs_37/mux_1       7.5264     0.0       7.5264      0.0000       0.0000 Muxn_749_21
system/tile_prci_domain/tile_reset_domain_tile/fusion/fgra/fgra/fggibs_37/mux_10      12.2304     0.0      12.2304      0.0000       0.0000 Muxn_38_9
system/tile_prci_domain/tile_reset_domain_tile/fusion/fgra/fgra/fggibs_37/mux_11      13.4064     0.0      13.4064      0.0000       0.0000 Muxn_110_3
system/tile_prci_domain/tile_reset_domain_tile/fusion/fgra/fgra/fggibs_37/mux_2       2.3520     0.0       2.3520      0.0000       0.0000 Muxn_2_12
system/tile_prci_domain/tile_reset_domain_tile/fusion/fgra/fgra/fggibs_37/mux_3       5.8800     0.0       5.8800      0.0000       0.0000 Muxn_747_29
system/tile_prci_domain/tile_reset_domain_tile/fusion/fgra/fgra/fggibs_37/mux_4       2.3520     0.0       2.3520      0.0000       0.0000 Muxn_2_11
system/tile_prci_domain/tile_reset_domain_tile/fusion/fgra/fgra/fggibs_37/mux_5       7.5264     0.0       7.5264      0.0000       0.0000 Muxn_749_20
system/tile_prci_domain/tile_reset_domain_tile/fusion/fgra/fgra/fggibs_37/mux_6      12.2304     0.0      12.2304      0.0000       0.0000 Muxn_38_11
system/tile_prci_domain/tile_reset_domain_tile/fusion/fgra/fgra/fggibs_37/mux_7      11.0544     0.0      11.0544      0.0000       0.0000 Muxn_792_7
system/tile_prci_domain/tile_reset_domain_tile/fusion/fgra/fgra/fggibs_37/mux_8      12.2304     0.0      12.2304      0.0000       0.0000 Muxn_38_10
system/tile_prci_domain/tile_reset_domain_tile/fusion/fgra/fgra/fggibs_37/mux_9      11.0544     0.0      11.0544      0.0000       0.0000 Muxn_792_6
system/tile_prci_domain/tile_reset_domain_tile/fusion/fgra/fgra/fggibs_38     308.3472     0.0       5.4096      0.0000       0.0000 GIB_87
system/tile_prci_domain/tile_reset_domain_tile/fusion/fgra/fgra/fggibs_38/cfg     197.5680     0.0      65.8560    131.7120       0.0000 ConfigMem_70_2
system/tile_prci_domain/tile_reset_domain_tile/fusion/fgra/fgra/fggibs_38/mux       7.5264     0.0       7.5264      0.0000       0.0000 Muxn_749_19
system/tile_prci_domain/tile_reset_domain_tile/fusion/fgra/fgra/fggibs_38/mux_1       7.5264     0.0       7.5264      0.0000       0.0000 Muxn_749_18
system/tile_prci_domain/tile_reset_domain_tile/fusion/fgra/fgra/fggibs_38/mux_10      12.2304     0.0      12.2304      0.0000       0.0000 Muxn_38_6
system/tile_prci_domain/tile_reset_domain_tile/fusion/fgra/fgra/fggibs_38/mux_11      13.4064     0.0      13.4064      0.0000       0.0000 Muxn_110_2
system/tile_prci_domain/tile_reset_domain_tile/fusion/fgra/fgra/fggibs_38/mux_2       2.3520     0.0       2.3520      0.0000       0.0000 Muxn_2_10
system/tile_prci_domain/tile_reset_domain_tile/fusion/fgra/fgra/fggibs_38/mux_3       5.8800     0.0       5.8800      0.0000       0.0000 Muxn_747_28
system/tile_prci_domain/tile_reset_domain_tile/fusion/fgra/fgra/fggibs_38/mux_4       2.3520     0.0       2.3520      0.0000       0.0000 Muxn_2_9
system/tile_prci_domain/tile_reset_domain_tile/fusion/fgra/fgra/fggibs_38/mux_5       7.5264     0.0       7.5264      0.0000       0.0000 Muxn_749_17
system/tile_prci_domain/tile_reset_domain_tile/fusion/fgra/fgra/fggibs_38/mux_6      12.2304     0.0      12.2304      0.0000       0.0000 Muxn_38_8
system/tile_prci_domain/tile_reset_domain_tile/fusion/fgra/fgra/fggibs_38/mux_7      11.0544     0.0      11.0544      0.0000       0.0000 Muxn_792_5
system/tile_prci_domain/tile_reset_domain_tile/fusion/fgra/fgra/fggibs_38/mux_8      12.2304     0.0      12.2304      0.0000       0.0000 Muxn_38_7
system/tile_prci_domain/tile_reset_domain_tile/fusion/fgra/fgra/fggibs_38/mux_9      11.0544     0.0      11.0544      0.0000       0.0000 Muxn_792_4
system/tile_prci_domain/tile_reset_domain_tile/fusion/fgra/fgra/fggibs_39     327.1632     0.0       5.4096     18.8160       0.0000 GIB_88
system/tile_prci_domain/tile_reset_domain_tile/fusion/fgra/fgra/fggibs_39/cfg     197.5680     0.0      65.8560    131.7120       0.0000 ConfigMem_70_1
system/tile_prci_domain/tile_reset_domain_tile/fusion/fgra/fgra/fggibs_39/mux       7.5264     0.0       7.5264      0.0000       0.0000 Muxn_749_16
system/tile_prci_domain/tile_reset_domain_tile/fusion/fgra/fgra/fggibs_39/mux_1       7.5264     0.0       7.5264      0.0000       0.0000 Muxn_749_15
system/tile_prci_domain/tile_reset_domain_tile/fusion/fgra/fgra/fggibs_39/mux_10      12.2304     0.0      12.2304      0.0000       0.0000 Muxn_38_3
system/tile_prci_domain/tile_reset_domain_tile/fusion/fgra/fgra/fggibs_39/mux_11      13.4064     0.0      13.4064      0.0000       0.0000 Muxn_110_1
system/tile_prci_domain/tile_reset_domain_tile/fusion/fgra/fgra/fggibs_39/mux_2       2.3520     0.0       2.3520      0.0000       0.0000 Muxn_2_8
system/tile_prci_domain/tile_reset_domain_tile/fusion/fgra/fgra/fggibs_39/mux_3       5.8800     0.0       5.8800      0.0000       0.0000 Muxn_747_27
system/tile_prci_domain/tile_reset_domain_tile/fusion/fgra/fgra/fggibs_39/mux_4       2.3520     0.0       2.3520      0.0000       0.0000 Muxn_2_7
system/tile_prci_domain/tile_reset_domain_tile/fusion/fgra/fgra/fggibs_39/mux_5       7.5264     0.0       7.5264      0.0000       0.0000 Muxn_749_14
system/tile_prci_domain/tile_reset_domain_tile/fusion/fgra/fgra/fggibs_39/mux_6      12.2304     0.0      12.2304      0.0000       0.0000 Muxn_38_5
system/tile_prci_domain/tile_reset_domain_tile/fusion/fgra/fgra/fggibs_39/mux_7      11.0544     0.0      11.0544      0.0000       0.0000 Muxn_792_3
system/tile_prci_domain/tile_reset_domain_tile/fusion/fgra/fgra/fggibs_39/mux_8      12.2304     0.0      12.2304      0.0000       0.0000 Muxn_38_4
system/tile_prci_domain/tile_reset_domain_tile/fusion/fgra/fgra/fggibs_39/mux_9      11.0544     0.0      11.0544      0.0000       0.0000 Muxn_792_2
system/tile_prci_domain/tile_reset_domain_tile/fusion/fgra/fgra/fggibs_4     148.1760     0.0       5.4096      0.0000       0.0000 GIB_53
system/tile_prci_domain/tile_reset_domain_tile/fusion/fgra/fgra/fggibs_4/cfg      98.3136     0.0      32.4576     65.8560       0.0000 ConfigMem_98_6
system/tile_prci_domain/tile_reset_domain_tile/fusion/fgra/fgra/fggibs_4/mux       5.8800     0.0       5.8800      0.0000       0.0000 Muxn_747_65
system/tile_prci_domain/tile_reset_domain_tile/fusion/fgra/fgra/fggibs_4/mux_1       5.8800     0.0       5.8800      0.0000       0.0000 Muxn_747_64
system/tile_prci_domain/tile_reset_domain_tile/fusion/fgra/fgra/fggibs_4/mux_2       7.5264     0.0       7.5264      0.0000       0.0000 Muxn_749_92
system/tile_prci_domain/tile_reset_domain_tile/fusion/fgra/fgra/fggibs_4/mux_3       7.5264     0.0       7.5264      0.0000       0.0000 Muxn_749_91
system/tile_prci_domain/tile_reset_domain_tile/fusion/fgra/fgra/fggibs_4/mux_4       5.8800     0.0       5.8800      0.0000       0.0000 Muxn_747_63
system/tile_prci_domain/tile_reset_domain_tile/fusion/fgra/fgra/fggibs_4/mux_5       5.8800     0.0       5.8800      0.0000       0.0000 Muxn_747_62
system/tile_prci_domain/tile_reset_domain_tile/fusion/fgra/fgra/fggibs_4/mux_6       5.8800     0.0       5.8800      0.0000       0.0000 Muxn_747_61
system/tile_prci_domain/tile_reset_domain_tile/fusion/fgra/fgra/fggibs_40     308.3472     0.0       5.4096      0.0000       0.0000 GIB_89
system/tile_prci_domain/tile_reset_domain_tile/fusion/fgra/fgra/fggibs_40/cfg     197.5680     0.0      65.8560    131.7120       0.0000 ConfigMem_70_0
system/tile_prci_domain/tile_reset_domain_tile/fusion/fgra/fgra/fggibs_40/mux       7.5264     0.0       7.5264      0.0000       0.0000 Muxn_749_13
system/tile_prci_domain/tile_reset_domain_tile/fusion/fgra/fgra/fggibs_40/mux_1       7.5264     0.0       7.5264      0.0000       0.0000 Muxn_749_12
system/tile_prci_domain/tile_reset_domain_tile/fusion/fgra/fgra/fggibs_40/mux_10      12.2304     0.0      12.2304      0.0000       0.0000 Muxn_38_0
system/tile_prci_domain/tile_reset_domain_tile/fusion/fgra/fgra/fggibs_40/mux_11      13.4064     0.0      13.4064      0.0000       0.0000 Muxn_110_0
system/tile_prci_domain/tile_reset_domain_tile/fusion/fgra/fgra/fggibs_40/mux_2       2.3520     0.0       2.3520      0.0000       0.0000 Muxn_2_6
system/tile_prci_domain/tile_reset_domain_tile/fusion/fgra/fgra/fggibs_40/mux_3       5.8800     0.0       5.8800      0.0000       0.0000 Muxn_747_26
system/tile_prci_domain/tile_reset_domain_tile/fusion/fgra/fgra/fggibs_40/mux_4       2.3520     0.0       2.3520      0.0000       0.0000 Muxn_2_5
system/tile_prci_domain/tile_reset_domain_tile/fusion/fgra/fgra/fggibs_40/mux_5       7.5264     0.0       7.5264      0.0000       0.0000 Muxn_749_11
system/tile_prci_domain/tile_reset_domain_tile/fusion/fgra/fgra/fggibs_40/mux_6      12.2304     0.0      12.2304      0.0000       0.0000 Muxn_38_2
system/tile_prci_domain/tile_reset_domain_tile/fusion/fgra/fgra/fggibs_40/mux_7      11.0544     0.0      11.0544      0.0000       0.0000 Muxn_792_1
system/tile_prci_domain/tile_reset_domain_tile/fusion/fgra/fgra/fggibs_40/mux_8      12.2304     0.0      12.2304      0.0000       0.0000 Muxn_38_1
system/tile_prci_domain/tile_reset_domain_tile/fusion/fgra/fgra/fggibs_40/mux_9      11.0544     0.0      11.0544      0.0000       0.0000 Muxn_792_0
system/tile_prci_domain/tile_reset_domain_tile/fusion/fgra/fgra/fggibs_41      83.4960     0.0       8.4672     14.1120       0.0000 GIB_90
system/tile_prci_domain/tile_reset_domain_tile/fusion/fgra/fgra/fggibs_41/cfg      42.8064     0.0      14.5824     28.2240       0.0000 ConfigMem_55_0
system/tile_prci_domain/tile_reset_domain_tile/fusion/fgra/fgra/fggibs_41/mux       2.3520     0.0       2.3520      0.0000       0.0000 Muxn_2_4
system/tile_prci_domain/tile_reset_domain_tile/fusion/fgra/fgra/fggibs_41/mux_1       2.3520     0.0       2.3520      0.0000       0.0000 Muxn_2_3
system/tile_prci_domain/tile_reset_domain_tile/fusion/fgra/fgra/fggibs_41/mux_2       7.5264     0.0       7.5264      0.0000       0.0000 Muxn_749_10
system/tile_prci_domain/tile_reset_domain_tile/fusion/fgra/fgra/fggibs_41/mux_3       5.8800     0.0       5.8800      0.0000       0.0000 Muxn_747_25
system/tile_prci_domain/tile_reset_domain_tile/fusion/fgra/fgra/fggibs_42      26.1072     0.0       6.1152      0.0000       0.0000 GIB_91
system/tile_prci_domain/tile_reset_domain_tile/fusion/fgra/fgra/fggibs_42/cfg      15.2880     0.0       5.8800      9.4080       0.0000 ConfigMem_54_0
system/tile_prci_domain/tile_reset_domain_tile/fusion/fgra/fgra/fggibs_42/mux       2.3520     0.0       2.3520      0.0000       0.0000 Muxn_2_2
system/tile_prci_domain/tile_reset_domain_tile/fusion/fgra/fgra/fggibs_42/mux_1       2.3520     0.0       2.3520      0.0000       0.0000 Muxn_2_1
system/tile_prci_domain/tile_reset_domain_tile/fusion/fgra/fgra/fggibs_43     162.0528     0.0       5.1744     14.1120       0.0000 GIB_92
system/tile_prci_domain/tile_reset_domain_tile/fusion/fgra/fgra/fggibs_43/cfg      98.3136     0.0      32.4576     65.8560       0.0000 ConfigMem_98_4
system/tile_prci_domain/tile_reset_domain_tile/fusion/fgra/fgra/fggibs_43/mux       7.5264     0.0       7.5264      0.0000       0.0000 Muxn_749_9
system/tile_prci_domain/tile_reset_domain_tile/fusion/fgra/fgra/fggibs_43/mux_1       7.5264     0.0       7.5264      0.0000       0.0000 Muxn_749_8
system/tile_prci_domain/tile_reset_domain_tile/fusion/fgra/fgra/fggibs_43/mux_2       5.8800     0.0       5.8800      0.0000       0.0000 Muxn_747_24
system/tile_prci_domain/tile_reset_domain_tile/fusion/fgra/fgra/fggibs_43/mux_3       5.8800     0.0       5.8800      0.0000       0.0000 Muxn_747_23
system/tile_prci_domain/tile_reset_domain_tile/fusion/fgra/fgra/fggibs_43/mux_4       5.8800     0.0       5.8800      0.0000       0.0000 Muxn_747_22
system/tile_prci_domain/tile_reset_domain_tile/fusion/fgra/fgra/fggibs_43/mux_5       5.8800     0.0       5.8800      0.0000       0.0000 Muxn_747_21
system/tile_prci_domain/tile_reset_domain_tile/fusion/fgra/fgra/fggibs_43/mux_6       5.8800     0.0       5.8800      0.0000       0.0000 Muxn_747_20
system/tile_prci_domain/tile_reset_domain_tile/fusion/fgra/fgra/fggibs_44     148.1760     0.0       5.4096      0.0000       0.0000 GIB_93
system/tile_prci_domain/tile_reset_domain_tile/fusion/fgra/fgra/fggibs_44/cfg      98.3136     0.0      32.4576     65.8560       0.0000 ConfigMem_98_3
system/tile_prci_domain/tile_reset_domain_tile/fusion/fgra/fgra/fggibs_44/mux       7.5264     0.0       7.5264      0.0000       0.0000 Muxn_749_7
system/tile_prci_domain/tile_reset_domain_tile/fusion/fgra/fgra/fggibs_44/mux_1       7.5264     0.0       7.5264      0.0000       0.0000 Muxn_749_6
system/tile_prci_domain/tile_reset_domain_tile/fusion/fgra/fgra/fggibs_44/mux_2       5.8800     0.0       5.8800      0.0000       0.0000 Muxn_747_19
system/tile_prci_domain/tile_reset_domain_tile/fusion/fgra/fgra/fggibs_44/mux_3       5.8800     0.0       5.8800      0.0000       0.0000 Muxn_747_18
system/tile_prci_domain/tile_reset_domain_tile/fusion/fgra/fgra/fggibs_44/mux_4       5.8800     0.0       5.8800      0.0000       0.0000 Muxn_747_17
system/tile_prci_domain/tile_reset_domain_tile/fusion/fgra/fgra/fggibs_44/mux_5       5.8800     0.0       5.8800      0.0000       0.0000 Muxn_747_16
system/tile_prci_domain/tile_reset_domain_tile/fusion/fgra/fgra/fggibs_44/mux_6       5.8800     0.0       5.8800      0.0000       0.0000 Muxn_747_15
system/tile_prci_domain/tile_reset_domain_tile/fusion/fgra/fgra/fggibs_45     161.1120     0.0       5.1744     14.1120       0.0000 GIB_94
system/tile_prci_domain/tile_reset_domain_tile/fusion/fgra/fgra/fggibs_45/cfg      97.3728     0.0      31.5168     65.8560       0.0000 ConfigMem_98_2
system/tile_prci_domain/tile_reset_domain_tile/fusion/fgra/fgra/fggibs_45/mux       7.5264     0.0       7.5264      0.0000       0.0000 Muxn_749_5
system/tile_prci_domain/tile_reset_domain_tile/fusion/fgra/fgra/fggibs_45/mux_1       7.5264     0.0       7.5264      0.0000       0.0000 Muxn_749_4
system/tile_prci_domain/tile_reset_domain_tile/fusion/fgra/fgra/fggibs_45/mux_2       5.8800     0.0       5.8800      0.0000       0.0000 Muxn_747_14
system/tile_prci_domain/tile_reset_domain_tile/fusion/fgra/fgra/fggibs_45/mux_3       5.8800     0.0       5.8800      0.0000       0.0000 Muxn_747_13
system/tile_prci_domain/tile_reset_domain_tile/fusion/fgra/fgra/fggibs_45/mux_4       5.8800     0.0       5.8800      0.0000       0.0000 Muxn_747_12
system/tile_prci_domain/tile_reset_domain_tile/fusion/fgra/fgra/fggibs_45/mux_5       5.8800     0.0       5.8800      0.0000       0.0000 Muxn_747_11
system/tile_prci_domain/tile_reset_domain_tile/fusion/fgra/fgra/fggibs_45/mux_6       5.8800     0.0       5.8800      0.0000       0.0000 Muxn_747_10
system/tile_prci_domain/tile_reset_domain_tile/fusion/fgra/fgra/fggibs_46     147.2352     0.0       5.4096      0.0000       0.0000 GIB_95
system/tile_prci_domain/tile_reset_domain_tile/fusion/fgra/fgra/fggibs_46/cfg      97.3728     0.0      31.5168     65.8560       0.0000 ConfigMem_98_1
system/tile_prci_domain/tile_reset_domain_tile/fusion/fgra/fgra/fggibs_46/mux       7.5264     0.0       7.5264      0.0000       0.0000 Muxn_749_3
system/tile_prci_domain/tile_reset_domain_tile/fusion/fgra/fgra/fggibs_46/mux_1       7.5264     0.0       7.5264      0.0000       0.0000 Muxn_749_2
system/tile_prci_domain/tile_reset_domain_tile/fusion/fgra/fgra/fggibs_46/mux_2       5.8800     0.0       5.8800      0.0000       0.0000 Muxn_747_9
system/tile_prci_domain/tile_reset_domain_tile/fusion/fgra/fgra/fggibs_46/mux_3       5.8800     0.0       5.8800      0.0000       0.0000 Muxn_747_8
system/tile_prci_domain/tile_reset_domain_tile/fusion/fgra/fgra/fggibs_46/mux_4       5.8800     0.0       5.8800      0.0000       0.0000 Muxn_747_7
system/tile_prci_domain/tile_reset_domain_tile/fusion/fgra/fgra/fggibs_46/mux_5       5.8800     0.0       5.8800      0.0000       0.0000 Muxn_747_6
system/tile_prci_domain/tile_reset_domain_tile/fusion/fgra/fgra/fggibs_46/mux_6       5.8800     0.0       5.8800      0.0000       0.0000 Muxn_747_5
system/tile_prci_domain/tile_reset_domain_tile/fusion/fgra/fgra/fggibs_47     161.3472     0.0       5.4096     14.1120       0.0000 GIB_96
system/tile_prci_domain/tile_reset_domain_tile/fusion/fgra/fgra/fggibs_47/cfg      97.3728     0.0      31.5168     65.8560       0.0000 ConfigMem_98_0
system/tile_prci_domain/tile_reset_domain_tile/fusion/fgra/fgra/fggibs_47/mux       7.5264     0.0       7.5264      0.0000       0.0000 Muxn_749_1
system/tile_prci_domain/tile_reset_domain_tile/fusion/fgra/fgra/fggibs_47/mux_1       7.5264     0.0       7.5264      0.0000       0.0000 Muxn_749_0
system/tile_prci_domain/tile_reset_domain_tile/fusion/fgra/fgra/fggibs_47/mux_2       5.8800     0.0       5.8800      0.0000       0.0000 Muxn_747_4
system/tile_prci_domain/tile_reset_domain_tile/fusion/fgra/fgra/fggibs_47/mux_3       5.8800     0.0       5.8800      0.0000       0.0000 Muxn_747_3
system/tile_prci_domain/tile_reset_domain_tile/fusion/fgra/fgra/fggibs_47/mux_4       5.8800     0.0       5.8800      0.0000       0.0000 Muxn_747_2
system/tile_prci_domain/tile_reset_domain_tile/fusion/fgra/fgra/fggibs_47/mux_5       5.8800     0.0       5.8800      0.0000       0.0000 Muxn_747_1
system/tile_prci_domain/tile_reset_domain_tile/fusion/fgra/fgra/fggibs_47/mux_6       5.8800     0.0       5.8800      0.0000       0.0000 Muxn_747_0
system/tile_prci_domain/tile_reset_domain_tile/fusion/fgra/fgra/fggibs_48      18.1104     0.0       8.2320      0.0000       0.0000 GIB_97
system/tile_prci_domain/tile_reset_domain_tile/fusion/fgra/fgra/fggibs_48/cfg       7.5264     0.0       2.8224      4.7040       0.0000 ConfigMem_48_0
system/tile_prci_domain/tile_reset_domain_tile/fusion/fgra/fgra/fggibs_48/mux       2.3520     0.0       2.3520      0.0000       0.0000 Muxn_2_0
system/tile_prci_domain/tile_reset_domain_tile/fusion/fgra/fgra/fggibs_5     161.1120     0.0       5.1744     14.1120       0.0000 GIB_54
system/tile_prci_domain/tile_reset_domain_tile/fusion/fgra/fgra/fggibs_5/cfg      97.3728     0.0      31.5168     65.8560       0.0000 ConfigMem_98_5
system/tile_prci_domain/tile_reset_domain_tile/fusion/fgra/fgra/fggibs_5/mux       5.8800     0.0       5.8800      0.0000       0.0000 Muxn_747_60
system/tile_prci_domain/tile_reset_domain_tile/fusion/fgra/fgra/fggibs_5/mux_1       5.8800     0.0       5.8800      0.0000       0.0000 Muxn_747_59
system/tile_prci_domain/tile_reset_domain_tile/fusion/fgra/fgra/fggibs_5/mux_2       7.5264     0.0       7.5264      0.0000       0.0000 Muxn_749_90
system/tile_prci_domain/tile_reset_domain_tile/fusion/fgra/fgra/fggibs_5/mux_3       7.5264     0.0       7.5264      0.0000       0.0000 Muxn_749_89
system/tile_prci_domain/tile_reset_domain_tile/fusion/fgra/fgra/fggibs_5/mux_4       5.8800     0.0       5.8800      0.0000       0.0000 Muxn_747_58
system/tile_prci_domain/tile_reset_domain_tile/fusion/fgra/fgra/fggibs_5/mux_5       5.8800     0.0       5.8800      0.0000       0.0000 Muxn_747_57
system/tile_prci_domain/tile_reset_domain_tile/fusion/fgra/fgra/fggibs_5/mux_6       5.8800     0.0       5.8800      0.0000       0.0000 Muxn_747_56
system/tile_prci_domain/tile_reset_domain_tile/fusion/fgra/fgra/fggibs_6      26.3424     0.0       6.3504      0.0000       0.0000 GIB_55
system/tile_prci_domain/tile_reset_domain_tile/fusion/fgra/fgra/fggibs_6/cfg      15.2880     0.0       5.8800      9.4080       0.0000 ConfigMem_54_1
system/tile_prci_domain/tile_reset_domain_tile/fusion/fgra/fgra/fggibs_6/mux       2.3520     0.0       2.3520      0.0000       0.0000 Muxn_2_92
system/tile_prci_domain/tile_reset_domain_tile/fusion/fgra/fgra/fggibs_6/mux_1       2.3520     0.0       2.3520      0.0000       0.0000 Muxn_2_91
system/tile_prci_domain/tile_reset_domain_tile/fusion/fgra/fgra/fggibs_7      61.6224     0.0       6.1152     14.1120       0.0000 GIB_56
system/tile_prci_domain/tile_reset_domain_tile/fusion/fgra/fgra/fggibs_7/cfg      29.1648     0.0      10.3488     18.8160       0.0000 ConfigMem_104_3
system/tile_prci_domain/tile_reset_domain_tile/fusion/fgra/fgra/fggibs_7/mux       2.3520     0.0       2.3520      0.0000       0.0000 Muxn_2_90
system/tile_prci_domain/tile_reset_domain_tile/fusion/fgra/fgra/fggibs_7/mux_1       2.3520     0.0       2.3520      0.0000       0.0000 Muxn_2_89
system/tile_prci_domain/tile_reset_domain_tile/fusion/fgra/fgra/fggibs_7/mux_2       7.5264     0.0       7.5264      0.0000       0.0000 Muxn_749_88
system/tile_prci_domain/tile_reset_domain_tile/fusion/fgra/fgra/fggibs_8     129.3600     0.0       5.4096      0.0000       0.0000 GIB_57
system/tile_prci_domain/tile_reset_domain_tile/fusion/fgra/fgra/fggibs_8/cfg      83.7312     0.0      27.2832     56.4480       0.0000 ConfigMem_105_4
system/tile_prci_domain/tile_reset_domain_tile/fusion/fgra/fgra/fggibs_8/mux       2.3520     0.0       2.3520      0.0000       0.0000 Muxn_2_88
system/tile_prci_domain/tile_reset_domain_tile/fusion/fgra/fgra/fggibs_8/mux_1       7.5264     0.0       7.5264      0.0000       0.0000 Muxn_749_87
system/tile_prci_domain/tile_reset_domain_tile/fusion/fgra/fgra/fggibs_8/mux_2       5.8800     0.0       5.8800      0.0000       0.0000 Muxn_747_55
system/tile_prci_domain/tile_reset_domain_tile/fusion/fgra/fgra/fggibs_8/mux_3       7.5264     0.0       7.5264      0.0000       0.0000 Muxn_749_86
system/tile_prci_domain/tile_reset_domain_tile/fusion/fgra/fgra/fggibs_8/mux_4       5.8800     0.0       5.8800      0.0000       0.0000 Muxn_747_54
system/tile_prci_domain/tile_reset_domain_tile/fusion/fgra/fgra/fggibs_8/mux_5      11.0544     0.0      11.0544      0.0000       0.0000 Muxn_792_40
system/tile_prci_domain/tile_reset_domain_tile/fusion/fgra/fgra/fggibs_9     148.1760     0.0       5.4096     18.8160       0.0000 GIB_58
system/tile_prci_domain/tile_reset_domain_tile/fusion/fgra/fgra/fggibs_9/cfg      83.7312     0.0      27.2832     56.4480       0.0000 ConfigMem_105_3
system/tile_prci_domain/tile_reset_domain_tile/fusion/fgra/fgra/fggibs_9/mux       2.3520     0.0       2.3520      0.0000       0.0000 Muxn_2_87
system/tile_prci_domain/tile_reset_domain_tile/fusion/fgra/fgra/fggibs_9/mux_1       7.5264     0.0       7.5264      0.0000       0.0000 Muxn_749_85
system/tile_prci_domain/tile_reset_domain_tile/fusion/fgra/fgra/fggibs_9/mux_2       5.8800     0.0       5.8800      0.0000       0.0000 Muxn_747_53
system/tile_prci_domain/tile_reset_domain_tile/fusion/fgra/fgra/fggibs_9/mux_3       7.5264     0.0       7.5264      0.0000       0.0000 Muxn_749_84
system/tile_prci_domain/tile_reset_domain_tile/fusion/fgra/fgra/fggibs_9/mux_4       5.8800     0.0       5.8800      0.0000       0.0000 Muxn_747_52
system/tile_prci_domain/tile_reset_domain_tile/fusion/fgra/fgra/fggibs_9/mux_5      11.0544     0.0      11.0544      0.0000       0.0000 Muxn_792_39
system/tile_prci_domain/tile_reset_domain_tile/fusion/fgra/fgra/iobs_0    4573.9344     0.1       7.2912      0.0000       0.0000 IOB
system/tile_prci_domain/tile_reset_domain_tile/fusion/fgra/fgra/iobs_0/Muxn      78.0864     0.0      78.0864      0.0000       0.0000 Muxn_208
system/tile_prci_domain/tile_reset_domain_tile/fusion/fgra/fgra/iobs_0/Muxn_1      78.0864     0.0      78.0864      0.0000       0.0000 Muxn_207
system/tile_prci_domain/tile_reset_domain_tile/fusion/fgra/fgra/iobs_0/Muxn_2       2.3520     0.0       2.3520      0.0000       0.0000 Muxn_2_105
system/tile_prci_domain/tile_reset_domain_tile/fusion/fgra/fgra/iobs_0/cfg     821.3184     0.0     280.3584    540.9600       0.0000 ConfigMem_11
system/tile_prci_domain/tile_reset_domain_tile/fusion/fgra/fgra/iobs_0/delayPipeCG    1386.0336     0.0     746.2896    639.7440       0.0000 SharedDelayPipe_12
system/tile_prci_domain/tile_reset_domain_tile/fusion/fgra/fgra/iobs_0/delayPipeFG      78.0864     0.0      45.1584     32.9280       0.0000 SharedDelayPipe_1_11
system/tile_prci_domain/tile_reset_domain_tile/fusion/fgra/fgra/iobs_0/ioCtrl    2122.6800     0.1    1445.3040    677.3760       0.0000 IOController_11
system/tile_prci_domain/tile_reset_domain_tile/fusion/fgra/fgra/iobs_1    4572.7584     0.1       7.2912      0.0000       0.0000 IOB_1
system/tile_prci_domain/tile_reset_domain_tile/fusion/fgra/fgra/iobs_1/Muxn      78.0864     0.0      78.0864      0.0000       0.0000 Muxn_206
system/tile_prci_domain/tile_reset_domain_tile/fusion/fgra/fgra/iobs_1/Muxn_1      78.0864     0.0      78.0864      0.0000       0.0000 Muxn_205
system/tile_prci_domain/tile_reset_domain_tile/fusion/fgra/fgra/iobs_1/Muxn_2       2.3520     0.0       2.3520      0.0000       0.0000 Muxn_2_104
system/tile_prci_domain/tile_reset_domain_tile/fusion/fgra/fgra/iobs_1/cfg     821.3184     0.0     280.3584    540.9600       0.0000 ConfigMem_10
system/tile_prci_domain/tile_reset_domain_tile/fusion/fgra/fgra/iobs_1/delayPipeCG    1385.0928     0.0     745.3488    639.7440       0.0000 SharedDelayPipe_11
system/tile_prci_domain/tile_reset_domain_tile/fusion/fgra/fgra/iobs_1/delayPipeFG      78.0864     0.0      45.1584     32.9280       0.0000 SharedDelayPipe_1_10
system/tile_prci_domain/tile_reset_domain_tile/fusion/fgra/fgra/iobs_1/ioCtrl    2122.4448     0.1    1445.0688    677.3760       0.0000 IOController_10
system/tile_prci_domain/tile_reset_domain_tile/fusion/fgra/fgra/iobs_10    4572.0528     0.1       7.2912      0.0000       0.0000 IOB_10
system/tile_prci_domain/tile_reset_domain_tile/fusion/fgra/fgra/iobs_10/Muxn      78.0864     0.0      78.0864      0.0000       0.0000 Muxn_188
system/tile_prci_domain/tile_reset_domain_tile/fusion/fgra/fgra/iobs_10/Muxn_1      78.0864     0.0      78.0864      0.0000       0.0000 Muxn_187
system/tile_prci_domain/tile_reset_domain_tile/fusion/fgra/fgra/iobs_10/Muxn_2       2.3520     0.0       2.3520      0.0000       0.0000 Muxn_2_95
system/tile_prci_domain/tile_reset_domain_tile/fusion/fgra/fgra/iobs_10/cfg     820.3776     0.0     279.4176    540.9600       0.0000 ConfigMem_1
system/tile_prci_domain/tile_reset_domain_tile/fusion/fgra/fgra/iobs_10/delayPipeCG    1386.9744     0.0     747.2304    639.7440       0.0000 SharedDelayPipe_2
system/tile_prci_domain/tile_reset_domain_tile/fusion/fgra/fgra/iobs_10/delayPipeFG      78.0864     0.0      45.1584     32.9280       0.0000 SharedDelayPipe_1_1
system/tile_prci_domain/tile_reset_domain_tile/fusion/fgra/fgra/iobs_10/ioCtrl    2120.7984     0.1    1443.4224    677.3760       0.0000 IOController_1
system/tile_prci_domain/tile_reset_domain_tile/fusion/fgra/fgra/iobs_11    4571.3472     0.1       7.0560      0.0000       0.0000 IOB_11
system/tile_prci_domain/tile_reset_domain_tile/fusion/fgra/fgra/iobs_11/Muxn      78.0864     0.0      78.0864      0.0000       0.0000 Muxn_186
system/tile_prci_domain/tile_reset_domain_tile/fusion/fgra/fgra/iobs_11/Muxn_1      78.0864     0.0      78.0864      0.0000       0.0000 Muxn_185
system/tile_prci_domain/tile_reset_domain_tile/fusion/fgra/fgra/iobs_11/Muxn_2       2.3520     0.0       2.3520      0.0000       0.0000 Muxn_2_94
system/tile_prci_domain/tile_reset_domain_tile/fusion/fgra/fgra/iobs_11/cfg     819.6720     0.0     278.7120    540.9600       0.0000 ConfigMem_0
system/tile_prci_domain/tile_reset_domain_tile/fusion/fgra/fgra/iobs_11/delayPipeCG    1386.0336     0.0     746.2896    639.7440       0.0000 SharedDelayPipe_0
system/tile_prci_domain/tile_reset_domain_tile/fusion/fgra/fgra/iobs_11/delayPipeFG      78.0864     0.0      45.1584     32.9280       0.0000 SharedDelayPipe_1_0
system/tile_prci_domain/tile_reset_domain_tile/fusion/fgra/fgra/iobs_11/ioCtrl    2121.9744     0.1    1444.5984    677.3760       0.0000 IOController_0
system/tile_prci_domain/tile_reset_domain_tile/fusion/fgra/fgra/iobs_2    4580.2848     0.1       7.0560      0.0000       0.0000 IOB_2
system/tile_prci_domain/tile_reset_domain_tile/fusion/fgra/fgra/iobs_2/Muxn      78.7920     0.0      78.7920      0.0000       0.0000 Muxn_204
system/tile_prci_domain/tile_reset_domain_tile/fusion/fgra/fgra/iobs_2/Muxn_1      78.0864     0.0      78.0864      0.0000       0.0000 Muxn_203
system/tile_prci_domain/tile_reset_domain_tile/fusion/fgra/fgra/iobs_2/Muxn_2       2.3520     0.0       2.3520      0.0000       0.0000 Muxn_2_103
system/tile_prci_domain/tile_reset_domain_tile/fusion/fgra/fgra/iobs_2/cfg     821.3184     0.0     280.3584    540.9600       0.0000 ConfigMem_9
system/tile_prci_domain/tile_reset_domain_tile/fusion/fgra/fgra/iobs_2/delayPipeCG    1387.6800     0.0     747.9360    639.7440       0.0000 SharedDelayPipe_10
system/tile_prci_domain/tile_reset_domain_tile/fusion/fgra/fgra/iobs_2/delayPipeFG      78.0864     0.0      45.1584     32.9280       0.0000 SharedDelayPipe_1_9
system/tile_prci_domain/tile_reset_domain_tile/fusion/fgra/fgra/iobs_2/ioCtrl    2126.9136     0.1    1441.7760    685.1376       0.0000 IOController_9
system/tile_prci_domain/tile_reset_domain_tile/fusion/fgra/fgra/iobs_3    4579.1088     0.1       7.2912      0.0000       0.0000 IOB_3
system/tile_prci_domain/tile_reset_domain_tile/fusion/fgra/fgra/iobs_3/Muxn      78.0864     0.0      78.0864      0.0000       0.0000 Muxn_202
system/tile_prci_domain/tile_reset_domain_tile/fusion/fgra/fgra/iobs_3/Muxn_1      78.0864     0.0      78.0864      0.0000       0.0000 Muxn_201
system/tile_prci_domain/tile_reset_domain_tile/fusion/fgra/fgra/iobs_3/Muxn_2       2.3520     0.0       2.3520      0.0000       0.0000 Muxn_2_102
system/tile_prci_domain/tile_reset_domain_tile/fusion/fgra/fgra/iobs_3/cfg     821.3184     0.0     280.3584    540.9600       0.0000 ConfigMem_8
system/tile_prci_domain/tile_reset_domain_tile/fusion/fgra/fgra/iobs_3/delayPipeCG    1386.7392     0.0     746.9952    639.7440       0.0000 SharedDelayPipe_9
system/tile_prci_domain/tile_reset_domain_tile/fusion/fgra/fgra/iobs_3/delayPipeFG      78.0864     0.0      45.1584     32.9280       0.0000 SharedDelayPipe_1_8
system/tile_prci_domain/tile_reset_domain_tile/fusion/fgra/fgra/iobs_3/ioCtrl    2127.1488     0.1    1442.0112    685.1376       0.0000 IOController_8
system/tile_prci_domain/tile_reset_domain_tile/fusion/fgra/fgra/iobs_4    4576.0512     0.1       7.0560      0.0000       0.0000 IOB_4
system/tile_prci_domain/tile_reset_domain_tile/fusion/fgra/fgra/iobs_4/Muxn      78.0864     0.0      78.0864      0.0000       0.0000 Muxn_200
system/tile_prci_domain/tile_reset_domain_tile/fusion/fgra/fgra/iobs_4/Muxn_1      78.0864     0.0      78.0864      0.0000       0.0000 Muxn_199
system/tile_prci_domain/tile_reset_domain_tile/fusion/fgra/fgra/iobs_4/Muxn_2       2.3520     0.0       2.3520      0.0000       0.0000 Muxn_2_101
system/tile_prci_domain/tile_reset_domain_tile/fusion/fgra/fgra/iobs_4/cfg     821.3184     0.0     280.3584    540.9600       0.0000 ConfigMem_7
system/tile_prci_domain/tile_reset_domain_tile/fusion/fgra/fgra/iobs_4/delayPipeCG    1386.7392     0.0     746.9952    639.7440       0.0000 SharedDelayPipe_8
system/tile_prci_domain/tile_reset_domain_tile/fusion/fgra/fgra/iobs_4/delayPipeFG      78.0864     0.0      45.1584     32.9280       0.0000 SharedDelayPipe_1_7
system/tile_prci_domain/tile_reset_domain_tile/fusion/fgra/fgra/iobs_4/ioCtrl    2124.3264     0.1    1446.9504    677.3760       0.0000 IOController_7
system/tile_prci_domain/tile_reset_domain_tile/fusion/fgra/fgra/iobs_5    4572.9936     0.1       7.0560      0.0000       0.0000 IOB_5
system/tile_prci_domain/tile_reset_domain_tile/fusion/fgra/fgra/iobs_5/Muxn      78.0864     0.0      78.0864      0.0000       0.0000 Muxn_198
system/tile_prci_domain/tile_reset_domain_tile/fusion/fgra/fgra/iobs_5/Muxn_1      78.0864     0.0      78.0864      0.0000       0.0000 Muxn_197
system/tile_prci_domain/tile_reset_domain_tile/fusion/fgra/fgra/iobs_5/Muxn_2       2.3520     0.0       2.3520      0.0000       0.0000 Muxn_2_100
system/tile_prci_domain/tile_reset_domain_tile/fusion/fgra/fgra/iobs_5/cfg     821.3184     0.0     280.3584    540.9600       0.0000 ConfigMem_6
system/tile_prci_domain/tile_reset_domain_tile/fusion/fgra/fgra/iobs_5/delayPipeCG    1389.3264     0.0     749.5824    639.7440       0.0000 SharedDelayPipe_7
system/tile_prci_domain/tile_reset_domain_tile/fusion/fgra/fgra/iobs_5/delayPipeFG      78.0864     0.0      45.1584     32.9280       0.0000 SharedDelayPipe_1_6
system/tile_prci_domain/tile_reset_domain_tile/fusion/fgra/fgra/iobs_5/ioCtrl    2118.6816     0.1    1441.3056    677.3760       0.0000 IOController_6
system/tile_prci_domain/tile_reset_domain_tile/fusion/fgra/fgra/iobs_6    4570.1712     0.1       7.2912      0.0000       0.0000 IOB_6
system/tile_prci_domain/tile_reset_domain_tile/fusion/fgra/fgra/iobs_6/Muxn      78.0864     0.0      78.0864      0.0000       0.0000 Muxn_196
system/tile_prci_domain/tile_reset_domain_tile/fusion/fgra/fgra/iobs_6/Muxn_1      78.0864     0.0      78.0864      0.0000       0.0000 Muxn_195
system/tile_prci_domain/tile_reset_domain_tile/fusion/fgra/fgra/iobs_6/Muxn_2       2.3520     0.0       2.3520      0.0000       0.0000 Muxn_2_99
system/tile_prci_domain/tile_reset_domain_tile/fusion/fgra/fgra/iobs_6/cfg     820.3776     0.0     279.4176    540.9600       0.0000 ConfigMem_5
system/tile_prci_domain/tile_reset_domain_tile/fusion/fgra/fgra/iobs_6/delayPipeCG    1386.7392     0.0     746.9952    639.7440       0.0000 SharedDelayPipe_6
system/tile_prci_domain/tile_reset_domain_tile/fusion/fgra/fgra/iobs_6/delayPipeFG      78.0864     0.0      45.1584     32.9280       0.0000 SharedDelayPipe_1_5
system/tile_prci_domain/tile_reset_domain_tile/fusion/fgra/fgra/iobs_6/ioCtrl    2119.1520     0.1    1441.7760    677.3760       0.0000 IOController_5
system/tile_prci_domain/tile_reset_domain_tile/fusion/fgra/fgra/iobs_7    4572.5232     0.1       7.0560      0.0000       0.0000 IOB_7
system/tile_prci_domain/tile_reset_domain_tile/fusion/fgra/fgra/iobs_7/Muxn      78.0864     0.0      78.0864      0.0000       0.0000 Muxn_194
system/tile_prci_domain/tile_reset_domain_tile/fusion/fgra/fgra/iobs_7/Muxn_1      78.0864     0.0      78.0864      0.0000       0.0000 Muxn_193
system/tile_prci_domain/tile_reset_domain_tile/fusion/fgra/fgra/iobs_7/Muxn_2       2.3520     0.0       2.3520      0.0000       0.0000 Muxn_2_98
system/tile_prci_domain/tile_reset_domain_tile/fusion/fgra/fgra/iobs_7/cfg     820.3776     0.0     279.4176    540.9600       0.0000 ConfigMem_4
system/tile_prci_domain/tile_reset_domain_tile/fusion/fgra/fgra/iobs_7/delayPipeCG    1387.6800     0.0     747.9360    639.7440       0.0000 SharedDelayPipe_5
system/tile_prci_domain/tile_reset_domain_tile/fusion/fgra/fgra/iobs_7/delayPipeFG      78.0864     0.0      45.1584     32.9280       0.0000 SharedDelayPipe_1_4
system/tile_prci_domain/tile_reset_domain_tile/fusion/fgra/fgra/iobs_7/ioCtrl    2120.7984     0.1    1443.4224    677.3760       0.0000 IOController_4
system/tile_prci_domain/tile_reset_domain_tile/fusion/fgra/fgra/iobs_8    4572.2880     0.1       7.0560      0.0000       0.0000 IOB_8
system/tile_prci_domain/tile_reset_domain_tile/fusion/fgra/fgra/iobs_8/Muxn      78.0864     0.0      78.0864      0.0000       0.0000 Muxn_192
system/tile_prci_domain/tile_reset_domain_tile/fusion/fgra/fgra/iobs_8/Muxn_1      78.0864     0.0      78.0864      0.0000       0.0000 Muxn_191
system/tile_prci_domain/tile_reset_domain_tile/fusion/fgra/fgra/iobs_8/Muxn_2       2.3520     0.0       2.3520      0.0000       0.0000 Muxn_2_97
system/tile_prci_domain/tile_reset_domain_tile/fusion/fgra/fgra/iobs_8/cfg     820.3776     0.0     279.4176    540.9600       0.0000 ConfigMem_3
system/tile_prci_domain/tile_reset_domain_tile/fusion/fgra/fgra/iobs_8/delayPipeCG    1386.5040     0.0     746.7600    639.7440       0.0000 SharedDelayPipe_4
system/tile_prci_domain/tile_reset_domain_tile/fusion/fgra/fgra/iobs_8/delayPipeFG      78.0864     0.0      45.1584     32.9280       0.0000 SharedDelayPipe_1_3
system/tile_prci_domain/tile_reset_domain_tile/fusion/fgra/fgra/iobs_8/ioCtrl    2121.7392     0.1    1444.3632    677.3760       0.0000 IOController_3
system/tile_prci_domain/tile_reset_domain_tile/fusion/fgra/fgra/iobs_9    4572.5232     0.1       7.2912      0.0000       0.0000 IOB_9
system/tile_prci_domain/tile_reset_domain_tile/fusion/fgra/fgra/iobs_9/Muxn      78.0864     0.0      78.0864      0.0000       0.0000 Muxn_190
system/tile_prci_domain/tile_reset_domain_tile/fusion/fgra/fgra/iobs_9/Muxn_1      78.0864     0.0      78.0864      0.0000       0.0000 Muxn_189
system/tile_prci_domain/tile_reset_domain_tile/fusion/fgra/fgra/iobs_9/Muxn_2       2.3520     0.0       2.3520      0.0000       0.0000 Muxn_2_96
system/tile_prci_domain/tile_reset_domain_tile/fusion/fgra/fgra/iobs_9/cfg     820.3776     0.0     279.4176    540.9600       0.0000 ConfigMem_2
system/tile_prci_domain/tile_reset_domain_tile/fusion/fgra/fgra/iobs_9/delayPipeCG    1386.0336     0.0     746.2896    639.7440       0.0000 SharedDelayPipe_3
system/tile_prci_domain/tile_reset_domain_tile/fusion/fgra/fgra/iobs_9/delayPipeFG      78.0864     0.0      45.1584     32.9280       0.0000 SharedDelayPipe_1_2
system/tile_prci_domain/tile_reset_domain_tile/fusion/fgra/fgra/iobs_9/ioCtrl    2122.2096     0.1    1444.8336    677.3760       0.0000 IOController_2
system/tile_prci_domain/tile_reset_domain_tile/fusion/fgra/fgra/pes_0   25700.5394     0.8       6.3504      0.0000       0.0000 GPE
system/tile_prci_domain/tile_reset_domain_tile/fusion/fgra/fgra/pes_0/Muxn     192.6288     0.0     192.6288      0.0000       0.0000 Muxn_36_151
system/tile_prci_domain/tile_reset_domain_tile/fusion/fgra/fgra/pes_0/Muxn_1     246.7248     0.0     246.7248      0.0000       0.0000 Muxn_36_150
system/tile_prci_domain/tile_reset_domain_tile/fusion/fgra/fgra/pes_0/Muxn_2       7.5264     0.0       7.5264      0.0000       0.0000 Muxn_38_34
system/tile_prci_domain/tile_reset_domain_tile/fusion/fgra/fgra/pes_0/alu   17348.1170     0.5     701.3664      0.0000       0.0000 ALU_16
system/tile_prci_domain/tile_reset_domain_tile/fusion/fgra/fgra/pes_0/alu/arith     425.0064     0.0     425.0064      0.0000       0.0000 ARITH_35
system/tile_prci_domain/tile_reset_domain_tile/fusion/fgra/fgra/pes_0/alu/fadd    4875.6961     0.1       0.0000      0.0000       0.0000 FADD_45
system/tile_prci_domain/tile_reset_domain_tile/fusion/fgra/fgra/pes_0/alu/fadd/fcmaadd    4875.6961     0.1       2.3520      0.0000       0.0000 FCMA_ADD_45
system/tile_prci_domain/tile_reset_domain_tile/fusion/fgra/fgra/pes_0/alu/fadd/fcmaadd/fadd_s1    3350.8944     0.1     619.2816      0.0000       0.0000 FCMA_ADD_s1_45
system/tile_prci_domain/tile_reset_domain_tile/fusion/fgra/fgra/pes_0/alu/fadd/fcmaadd/fadd_s1/far_path_mods_0     829.0800     0.0     366.6768      0.0000       0.0000 FarPath_45
system/tile_prci_domain/tile_reset_domain_tile/fusion/fgra/fgra/pes_0/alu/fadd/fcmaadd/fadd_s1/far_path_mods_0/shiftRightJam     462.4032     0.0     462.4032      0.0000       0.0000 ShiftRightJam_46
system/tile_prci_domain/tile_reset_domain_tile/fusion/fgra/fgra/pes_0/alu/fadd/fcmaadd/fadd_s1/near_path_mods_0     948.5616     0.0     726.5328      0.0000       0.0000 NearPath_91
system/tile_prci_domain/tile_reset_domain_tile/fusion/fgra/fgra/pes_0/alu/fadd/fcmaadd/fadd_s1/near_path_mods_0/lza_ab     138.7680     0.0     138.7680      0.0000       0.0000 LZA_92
system/tile_prci_domain/tile_reset_domain_tile/fusion/fgra/fgra/pes_0/alu/fadd/fcmaadd/fadd_s1/near_path_mods_0/lzc_clz      83.2608     0.0      83.2608      0.0000       0.0000 CLZ_93
system/tile_prci_domain/tile_reset_domain_tile/fusion/fgra/fgra/pes_0/alu/fadd/fcmaadd/fadd_s1/near_path_mods_1     953.9712     0.0     724.4160      0.0000       0.0000 NearPath_90
system/tile_prci_domain/tile_reset_domain_tile/fusion/fgra/fgra/pes_0/alu/fadd/fcmaadd/fadd_s1/near_path_mods_1/lza_ab     145.3536     0.0     145.3536      0.0000       0.0000 LZA_91
system/tile_prci_domain/tile_reset_domain_tile/fusion/fgra/fgra/pes_0/alu/fadd/fcmaadd/fadd_s1/near_path_mods_1/lzc_clz      84.2016     0.0      84.2016      0.0000       0.0000 CLZ_92
system/tile_prci_domain/tile_reset_domain_tile/fusion/fgra/fgra/pes_0/alu/fadd/fcmaadd/fadd_s2    1522.4496     0.0    1099.3248      0.0000       0.0000 FCMA_ADD_s2_45
system/tile_prci_domain/tile_reset_domain_tile/fusion/fgra/fgra/pes_0/alu/fadd/fcmaadd/fadd_s2/far_path_rounder     228.1440     0.0     228.1440      0.0000       0.0000 RoundingUnit_240
system/tile_prci_domain/tile_reset_domain_tile/fusion/fgra/fgra/pes_0/alu/fadd/fcmaadd/fadd_s2/near_path_rounder     194.9808     0.0     194.9808      0.0000       0.0000 RoundingUnit_239
system/tile_prci_domain/tile_reset_domain_tile/fusion/fgra/fgra/pes_0/alu/fcmp     290.4720     0.0     290.4720      0.0000       0.0000 FCMP_107
system/tile_prci_domain/tile_reset_domain_tile/fusion/fgra/fgra/pes_0/alu/fmax     271.8912     0.0     271.8912      0.0000       0.0000 FCMP_105
system/tile_prci_domain/tile_reset_domain_tile/fusion/fgra/fgra/pes_0/alu/fmin     269.5392     0.0     269.5392      0.0000       0.0000 FCMP_106
system/tile_prci_domain/tile_reset_domain_tile/fusion/fgra/fgra/pes_0/alu/fmul    2202.6480     0.1      12.4656    555.5424       0.0000 FMUL_share_35
system/tile_prci_domain/tile_reset_domain_tile/fusion/fgra/fgra/pes_0/alu/fmul/fmul_s1     401.7216     0.0     322.9296      0.0000       0.0000 FMUL_s1_35
system/tile_prci_domain/tile_reset_domain_tile/fusion/fgra/fgra/pes_0/alu/fmul/fmul_s1/lzc_clz      78.7920     0.0      78.7920      0.0000       0.0000 CLZ_2_35
system/tile_prci_domain/tile_reset_domain_tile/fusion/fgra/fgra/pes_0/alu/fmul/fmul_s2    1028.0592     0.0    1028.0592      0.0000       0.0000 FMUL_s2_35
system/tile_prci_domain/tile_reset_domain_tile/fusion/fgra/fgra/pes_0/alu/fmul/fmul_s3     204.8592     0.0     104.1936      0.0000       0.0000 FMUL_s3_35
system/tile_prci_domain/tile_reset_domain_tile/fusion/fgra/fgra/pes_0/alu/fmul/fmul_s3/rounder     100.6656     0.0     100.6656      0.0000       0.0000 RoundingUnit_292
system/tile_prci_domain/tile_reset_domain_tile/fusion/fgra/fgra/pes_0/alu/fp2si     948.3264     0.0       0.0000      0.0000       0.0000 FPToInt_35
system/tile_prci_domain/tile_reset_domain_tile/fusion/fgra/fgra/pes_0/alu/fp2si/s1     103.7232     0.0     103.7232      0.0000       0.0000 FPToInt_s1_35
system/tile_prci_domain/tile_reset_domain_tile/fusion/fgra/fgra/pes_0/alu/fp2si/s2     844.6032     0.0     581.8848      0.0000       0.0000 FPToInt_s2_35
system/tile_prci_domain/tile_reset_domain_tile/fusion/fgra/fgra/pes_0/alu/fp2si/s2/rpath_rounder      23.0496     0.0      23.0496      0.0000       0.0000 RoundingUnit_6_35
system/tile_prci_domain/tile_reset_domain_tile/fusion/fgra/fgra/pes_0/alu/fp2si/s2/shiftRightJam     239.6688     0.0     239.6688      0.0000       0.0000 ShiftRightJam_1_35
system/tile_prci_domain/tile_reset_domain_tile/fusion/fgra/fgra/pes_0/alu/logic_0     231.9072     0.0      10.3488      0.0000       0.0000 LOGIC_35
system/tile_prci_domain/tile_reset_domain_tile/fusion/fgra/fgra/pes_0/alu/logic_0/logicUnit       6.3504     0.0       6.3504      0.0000       0.0000 UnifiedCom_1151
system/tile_prci_domain/tile_reset_domain_tile/fusion/fgra/fgra/pes_0/alu/logic_0/logicUnit_1       7.0560     0.0       7.0560      0.0000       0.0000 UnifiedCom_1150
system/tile_prci_domain/tile_reset_domain_tile/fusion/fgra/fgra/pes_0/alu/logic_0/logicUnit_10       7.0560     0.0       7.0560      0.0000       0.0000 UnifiedCom_1141
system/tile_prci_domain/tile_reset_domain_tile/fusion/fgra/fgra/pes_0/alu/logic_0/logicUnit_11       6.3504     0.0       6.3504      0.0000       0.0000 UnifiedCom_1140
system/tile_prci_domain/tile_reset_domain_tile/fusion/fgra/fgra/pes_0/alu/logic_0/logicUnit_12       7.0560     0.0       7.0560      0.0000       0.0000 UnifiedCom_1139
system/tile_prci_domain/tile_reset_domain_tile/fusion/fgra/fgra/pes_0/alu/logic_0/logicUnit_13       7.0560     0.0       7.0560      0.0000       0.0000 UnifiedCom_1138
system/tile_prci_domain/tile_reset_domain_tile/fusion/fgra/fgra/pes_0/alu/logic_0/logicUnit_14       7.0560     0.0       7.0560      0.0000       0.0000 UnifiedCom_1137
system/tile_prci_domain/tile_reset_domain_tile/fusion/fgra/fgra/pes_0/alu/logic_0/logicUnit_15       7.0560     0.0       7.0560      0.0000       0.0000 UnifiedCom_1136
system/tile_prci_domain/tile_reset_domain_tile/fusion/fgra/fgra/pes_0/alu/logic_0/logicUnit_16       7.0560     0.0       7.0560      0.0000       0.0000 UnifiedCom_1135
system/tile_prci_domain/tile_reset_domain_tile/fusion/fgra/fgra/pes_0/alu/logic_0/logicUnit_17       7.0560     0.0       7.0560      0.0000       0.0000 UnifiedCom_1134
system/tile_prci_domain/tile_reset_domain_tile/fusion/fgra/fgra/pes_0/alu/logic_0/logicUnit_18       7.0560     0.0       7.0560      0.0000       0.0000 UnifiedCom_1133
system/tile_prci_domain/tile_reset_domain_tile/fusion/fgra/fgra/pes_0/alu/logic_0/logicUnit_19       7.0560     0.0       7.0560      0.0000       0.0000 UnifiedCom_1132
system/tile_prci_domain/tile_reset_domain_tile/fusion/fgra/fgra/pes_0/alu/logic_0/logicUnit_2       7.0560     0.0       7.0560      0.0000       0.0000 UnifiedCom_1149
system/tile_prci_domain/tile_reset_domain_tile/fusion/fgra/fgra/pes_0/alu/logic_0/logicUnit_20       7.0560     0.0       7.0560      0.0000       0.0000 UnifiedCom_1131
system/tile_prci_domain/tile_reset_domain_tile/fusion/fgra/fgra/pes_0/alu/logic_0/logicUnit_21       7.0560     0.0       7.0560      0.0000       0.0000 UnifiedCom_1130
system/tile_prci_domain/tile_reset_domain_tile/fusion/fgra/fgra/pes_0/alu/logic_0/logicUnit_22       7.0560     0.0       7.0560      0.0000       0.0000 UnifiedCom_1129
system/tile_prci_domain/tile_reset_domain_tile/fusion/fgra/fgra/pes_0/alu/logic_0/logicUnit_23       7.0560     0.0       7.0560      0.0000       0.0000 UnifiedCom_1128
system/tile_prci_domain/tile_reset_domain_tile/fusion/fgra/fgra/pes_0/alu/logic_0/logicUnit_24       7.0560     0.0       7.0560      0.0000       0.0000 UnifiedCom_1127
system/tile_prci_domain/tile_reset_domain_tile/fusion/fgra/fgra/pes_0/alu/logic_0/logicUnit_25       7.0560     0.0       7.0560      0.0000       0.0000 UnifiedCom_1126
system/tile_prci_domain/tile_reset_domain_tile/fusion/fgra/fgra/pes_0/alu/logic_0/logicUnit_26       7.0560     0.0       7.0560      0.0000       0.0000 UnifiedCom_1125
system/tile_prci_domain/tile_reset_domain_tile/fusion/fgra/fgra/pes_0/alu/logic_0/logicUnit_27       7.0560     0.0       7.0560      0.0000       0.0000 UnifiedCom_1124
system/tile_prci_domain/tile_reset_domain_tile/fusion/fgra/fgra/pes_0/alu/logic_0/logicUnit_28       7.0560     0.0       7.0560      0.0000       0.0000 UnifiedCom_1123
system/tile_prci_domain/tile_reset_domain_tile/fusion/fgra/fgra/pes_0/alu/logic_0/logicUnit_29       6.3504     0.0       6.3504      0.0000       0.0000 UnifiedCom_1122
system/tile_prci_domain/tile_reset_domain_tile/fusion/fgra/fgra/pes_0/alu/logic_0/logicUnit_3       7.0560     0.0       7.0560      0.0000       0.0000 UnifiedCom_1148
system/tile_prci_domain/tile_reset_domain_tile/fusion/fgra/fgra/pes_0/alu/logic_0/logicUnit_30       6.3504     0.0       6.3504      0.0000       0.0000 UnifiedCom_1121
system/tile_prci_domain/tile_reset_domain_tile/fusion/fgra/fgra/pes_0/alu/logic_0/logicUnit_31       7.0560     0.0       7.0560      0.0000       0.0000 UnifiedCom_1120
system/tile_prci_domain/tile_reset_domain_tile/fusion/fgra/fgra/pes_0/alu/logic_0/logicUnit_4       7.0560     0.0       7.0560      0.0000       0.0000 UnifiedCom_1147
system/tile_prci_domain/tile_reset_domain_tile/fusion/fgra/fgra/pes_0/alu/logic_0/logicUnit_5       7.0560     0.0       7.0560      0.0000       0.0000 UnifiedCom_1146
system/tile_prci_domain/tile_reset_domain_tile/fusion/fgra/fgra/pes_0/alu/logic_0/logicUnit_6       6.3504     0.0       6.3504      0.0000       0.0000 UnifiedCom_1145
system/tile_prci_domain/tile_reset_domain_tile/fusion/fgra/fgra/pes_0/alu/logic_0/logicUnit_7       7.0560     0.0       7.0560      0.0000       0.0000 UnifiedCom_1144
system/tile_prci_domain/tile_reset_domain_tile/fusion/fgra/fgra/pes_0/alu/logic_0/logicUnit_8       6.3504     0.0       6.3504      0.0000       0.0000 UnifiedCom_1143
system/tile_prci_domain/tile_reset_domain_tile/fusion/fgra/fgra/pes_0/alu/logic_0/logicUnit_9       7.0560     0.0       7.0560      0.0000       0.0000 UnifiedCom_1142
system/tile_prci_domain/tile_reset_domain_tile/fusion/fgra/fgra/pes_0/alu/multipler    5419.9489     0.2    5419.9489      0.0000       0.0000 Mul_35
system/tile_prci_domain/tile_reset_domain_tile/fusion/fgra/fgra/pes_0/alu/shift     690.3120     0.0     690.3120      0.0000       0.0000 SHIFT_35
system/tile_prci_domain/tile_reset_domain_tile/fusion/fgra/fgra/pes_0/alu/si2fp    1021.0032     0.0       0.0000      0.0000       0.0000 IntToFP_35
system/tile_prci_domain/tile_reset_domain_tile/fusion/fgra/fgra/pes_0/alu/si2fp/post_norm      47.7456     0.0      26.1072      0.0000       0.0000 IntToFP_postnorm_35
system/tile_prci_domain/tile_reset_domain_tile/fusion/fgra/fgra/pes_0/alu/si2fp/post_norm/rounder      21.6384     0.0      21.6384      0.0000       0.0000 RoundingUnit_291
system/tile_prci_domain/tile_reset_domain_tile/fusion/fgra/fgra/pes_0/alu/si2fp/pre_norm     973.2576     0.0     704.4240      0.0000       0.0000 IntToFP_prenorm_35
system/tile_prci_domain/tile_reset_domain_tile/fusion/fgra/fgra/pes_0/alu/si2fp/pre_norm/lza      76.6752     0.0      76.6752      0.0000       0.0000 LZA_2_35
system/tile_prci_domain/tile_reset_domain_tile/fusion/fgra/fgra/pes_0/alu/si2fp/pre_norm/neg_lzc_clz      99.7248     0.0      99.7248      0.0000       0.0000 CLZ_3_70
system/tile_prci_domain/tile_reset_domain_tile/fusion/fgra/fgra/pes_0/alu/si2fp/pre_norm/pos_lzc_clz      92.4336     0.0      92.4336      0.0000       0.0000 CLZ_3_71
system/tile_prci_domain/tile_reset_domain_tile/fusion/fgra/fgra/pes_0/cfg     579.5328     0.0     153.8208    425.7120       0.0000 ConfigMem_12_13
system/tile_prci_domain/tile_reset_domain_tile/fusion/fgra/fgra/pes_0/delayPipeCG    6955.5697     0.2    4049.6737   2905.8960       0.0000 SharedDelayPipe_24_25
system/tile_prci_domain/tile_reset_domain_tile/fusion/fgra/fgra/pes_0/delayPipeFG     205.0944     0.0     125.1264     79.9680       0.0000 SharedDelayPipe_25_13
system/tile_prci_domain/tile_reset_domain_tile/fusion/fgra/fgra/pes_0/dmr     150.9984     0.0       0.0000    150.9984       0.0000 DualModeReg_20
system/tile_prci_domain/tile_reset_domain_tile/fusion/fgra/fgra/pes_0/rf4alu       7.9968     0.0       3.2928      4.7040       0.0000 RF_37
system/tile_prci_domain/tile_reset_domain_tile/fusion/fgra/fgra/pes_1   25892.9331     0.8       8.2320      0.0000       0.0000 GPE_1
system/tile_prci_domain/tile_reset_domain_tile/fusion/fgra/fgra/pes_1/Muxn     252.1344     0.0     252.1344      0.0000       0.0000 Muxn_36_149
system/tile_prci_domain/tile_reset_domain_tile/fusion/fgra/fgra/pes_1/Muxn_1     224.3808     0.0     224.3808      0.0000       0.0000 Muxn_36_148
system/tile_prci_domain/tile_reset_domain_tile/fusion/fgra/fgra/pes_1/Muxn_2       7.5264     0.0       7.5264      0.0000       0.0000 Muxn_38_33
system/tile_prci_domain/tile_reset_domain_tile/fusion/fgra/fgra/pes_1/alu   17574.3794     0.5     754.5216      0.0000       0.0000 ALU_13
system/tile_prci_domain/tile_reset_domain_tile/fusion/fgra/fgra/pes_1/alu/arith     427.1232     0.0     427.1232      0.0000       0.0000 ARITH_34
system/tile_prci_domain/tile_reset_domain_tile/fusion/fgra/fgra/pes_1/alu/fadd    4947.9025     0.1       0.0000      0.0000       0.0000 FADD_44
system/tile_prci_domain/tile_reset_domain_tile/fusion/fgra/fgra/pes_1/alu/fadd/fcmaadd    4947.9025     0.1       2.3520      0.0000       0.0000 FCMA_ADD_44
system/tile_prci_domain/tile_reset_domain_tile/fusion/fgra/fgra/pes_1/alu/fadd/fcmaadd/fadd_s1    3380.5296     0.1     645.6240      0.0000       0.0000 FCMA_ADD_s1_44
system/tile_prci_domain/tile_reset_domain_tile/fusion/fgra/fgra/pes_1/alu/fadd/fcmaadd/fadd_s1/far_path_mods_0     841.7808     0.0     384.7872      0.0000       0.0000 FarPath_44
system/tile_prci_domain/tile_reset_domain_tile/fusion/fgra/fgra/pes_1/alu/fadd/fcmaadd/fadd_s1/far_path_mods_0/shiftRightJam     456.9936     0.0     456.9936      0.0000       0.0000 ShiftRightJam_45
system/tile_prci_domain/tile_reset_domain_tile/fusion/fgra/fgra/pes_1/alu/fadd/fcmaadd/fadd_s1/near_path_mods_0     948.5616     0.0     727.2384      0.0000       0.0000 NearPath_89
system/tile_prci_domain/tile_reset_domain_tile/fusion/fgra/fgra/pes_1/alu/fadd/fcmaadd/fadd_s1/near_path_mods_0/lza_ab     128.4192     0.0     128.4192      0.0000       0.0000 LZA_90
system/tile_prci_domain/tile_reset_domain_tile/fusion/fgra/fgra/pes_1/alu/fadd/fcmaadd/fadd_s1/near_path_mods_0/lzc_clz      92.9040     0.0      92.9040      0.0000       0.0000 CLZ_91
system/tile_prci_domain/tile_reset_domain_tile/fusion/fgra/fgra/pes_1/alu/fadd/fcmaadd/fadd_s1/near_path_mods_1     944.5632     0.0     720.4176      0.0000       0.0000 NearPath_88
system/tile_prci_domain/tile_reset_domain_tile/fusion/fgra/fgra/pes_1/alu/fadd/fcmaadd/fadd_s1/near_path_mods_1/lza_ab     129.3600     0.0     129.3600      0.0000       0.0000 LZA_89
system/tile_prci_domain/tile_reset_domain_tile/fusion/fgra/fgra/pes_1/alu/fadd/fcmaadd/fadd_s1/near_path_mods_1/lzc_clz      94.7856     0.0      94.7856      0.0000       0.0000 CLZ_90
system/tile_prci_domain/tile_reset_domain_tile/fusion/fgra/fgra/pes_1/alu/fadd/fcmaadd/fadd_s2    1565.0208     0.0    1129.6656      0.0000       0.0000 FCMA_ADD_s2_44
system/tile_prci_domain/tile_reset_domain_tile/fusion/fgra/fgra/pes_1/alu/fadd/fcmaadd/fadd_s2/far_path_rounder     244.6080     0.0     244.6080      0.0000       0.0000 RoundingUnit_237
system/tile_prci_domain/tile_reset_domain_tile/fusion/fgra/fgra/pes_1/alu/fadd/fcmaadd/fadd_s2/near_path_rounder     190.7472     0.0     190.7472      0.0000       0.0000 RoundingUnit_236
system/tile_prci_domain/tile_reset_domain_tile/fusion/fgra/fgra/pes_1/alu/fcmp     290.9424     0.0     290.9424      0.0000       0.0000 FCMP_104
system/tile_prci_domain/tile_reset_domain_tile/fusion/fgra/fgra/pes_1/alu/fmax     274.4784     0.0     274.4784      0.0000       0.0000 FCMP_102
system/tile_prci_domain/tile_reset_domain_tile/fusion/fgra/fgra/pes_1/alu/fmin     272.3616     0.0     272.3616      0.0000       0.0000 FCMP_103
system/tile_prci_domain/tile_reset_domain_tile/fusion/fgra/fgra/pes_1/alu/fmul    2181.7152     0.1      10.8192    555.3072       0.0000 FMUL_share_34
system/tile_prci_domain/tile_reset_domain_tile/fusion/fgra/fgra/pes_1/alu/fmul/fmul_s1     390.4320     0.0     310.2288      0.0000       0.0000 FMUL_s1_34
system/tile_prci_domain/tile_reset_domain_tile/fusion/fgra/fgra/pes_1/alu/fmul/fmul_s1/lzc_clz      80.2032     0.0      80.2032      0.0000       0.0000 CLZ_2_34
system/tile_prci_domain/tile_reset_domain_tile/fusion/fgra/fgra/pes_1/alu/fmul/fmul_s2    1020.2976     0.0    1020.2976      0.0000       0.0000 FMUL_s2_34
system/tile_prci_domain/tile_reset_domain_tile/fusion/fgra/fgra/pes_1/alu/fmul/fmul_s3     204.8592     0.0     104.1936      0.0000       0.0000 FMUL_s3_34
system/tile_prci_domain/tile_reset_domain_tile/fusion/fgra/fgra/pes_1/alu/fmul/fmul_s3/rounder     100.6656     0.0     100.6656      0.0000       0.0000 RoundingUnit_290
system/tile_prci_domain/tile_reset_domain_tile/fusion/fgra/fgra/pes_1/alu/fp2si     949.5024     0.0       0.0000      0.0000       0.0000 FPToInt_34
system/tile_prci_domain/tile_reset_domain_tile/fusion/fgra/fgra/pes_1/alu/fp2si/s1     106.3104     0.0     106.3104      0.0000       0.0000 FPToInt_s1_34
system/tile_prci_domain/tile_reset_domain_tile/fusion/fgra/fgra/pes_1/alu/fp2si/s2     843.1920     0.0     582.8256      0.0000       0.0000 FPToInt_s2_34
system/tile_prci_domain/tile_reset_domain_tile/fusion/fgra/fgra/pes_1/alu/fp2si/s2/rpath_rounder      23.0496     0.0      23.0496      0.0000       0.0000 RoundingUnit_6_34
system/tile_prci_domain/tile_reset_domain_tile/fusion/fgra/fgra/pes_1/alu/fp2si/s2/shiftRightJam     237.3168     0.0     237.3168      0.0000       0.0000 ShiftRightJam_1_34
system/tile_prci_domain/tile_reset_domain_tile/fusion/fgra/fgra/pes_1/alu/logic_0     226.2624     0.0      10.3488      0.0000       0.0000 LOGIC_34
system/tile_prci_domain/tile_reset_domain_tile/fusion/fgra/fgra/pes_1/alu/logic_0/logicUnit       6.3504     0.0       6.3504      0.0000       0.0000 UnifiedCom_1119
system/tile_prci_domain/tile_reset_domain_tile/fusion/fgra/fgra/pes_1/alu/logic_0/logicUnit_1       7.0560     0.0       7.0560      0.0000       0.0000 UnifiedCom_1118
system/tile_prci_domain/tile_reset_domain_tile/fusion/fgra/fgra/pes_1/alu/logic_0/logicUnit_10       7.0560     0.0       7.0560      0.0000       0.0000 UnifiedCom_1109
system/tile_prci_domain/tile_reset_domain_tile/fusion/fgra/fgra/pes_1/alu/logic_0/logicUnit_11       7.0560     0.0       7.0560      0.0000       0.0000 UnifiedCom_1108
system/tile_prci_domain/tile_reset_domain_tile/fusion/fgra/fgra/pes_1/alu/logic_0/logicUnit_12       7.0560     0.0       7.0560      0.0000       0.0000 UnifiedCom_1107
system/tile_prci_domain/tile_reset_domain_tile/fusion/fgra/fgra/pes_1/alu/logic_0/logicUnit_13       7.0560     0.0       7.0560      0.0000       0.0000 UnifiedCom_1106
system/tile_prci_domain/tile_reset_domain_tile/fusion/fgra/fgra/pes_1/alu/logic_0/logicUnit_14       7.0560     0.0       7.0560      0.0000       0.0000 UnifiedCom_1105
system/tile_prci_domain/tile_reset_domain_tile/fusion/fgra/fgra/pes_1/alu/logic_0/logicUnit_15       6.3504     0.0       6.3504      0.0000       0.0000 UnifiedCom_1104
system/tile_prci_domain/tile_reset_domain_tile/fusion/fgra/fgra/pes_1/alu/logic_0/logicUnit_16       7.0560     0.0       7.0560      0.0000       0.0000 UnifiedCom_1103
system/tile_prci_domain/tile_reset_domain_tile/fusion/fgra/fgra/pes_1/alu/logic_0/logicUnit_17       7.0560     0.0       7.0560      0.0000       0.0000 UnifiedCom_1102
system/tile_prci_domain/tile_reset_domain_tile/fusion/fgra/fgra/pes_1/alu/logic_0/logicUnit_18       7.0560     0.0       7.0560      0.0000       0.0000 UnifiedCom_1101
system/tile_prci_domain/tile_reset_domain_tile/fusion/fgra/fgra/pes_1/alu/logic_0/logicUnit_19       6.3504     0.0       6.3504      0.0000       0.0000 UnifiedCom_1100
system/tile_prci_domain/tile_reset_domain_tile/fusion/fgra/fgra/pes_1/alu/logic_0/logicUnit_2       7.0560     0.0       7.0560      0.0000       0.0000 UnifiedCom_1117
system/tile_prci_domain/tile_reset_domain_tile/fusion/fgra/fgra/pes_1/alu/logic_0/logicUnit_20       7.0560     0.0       7.0560      0.0000       0.0000 UnifiedCom_1099
system/tile_prci_domain/tile_reset_domain_tile/fusion/fgra/fgra/pes_1/alu/logic_0/logicUnit_21       7.0560     0.0       7.0560      0.0000       0.0000 UnifiedCom_1098
system/tile_prci_domain/tile_reset_domain_tile/fusion/fgra/fgra/pes_1/alu/logic_0/logicUnit_22       7.0560     0.0       7.0560      0.0000       0.0000 UnifiedCom_1097
system/tile_prci_domain/tile_reset_domain_tile/fusion/fgra/fgra/pes_1/alu/logic_0/logicUnit_23       6.3504     0.0       6.3504      0.0000       0.0000 UnifiedCom_1096
system/tile_prci_domain/tile_reset_domain_tile/fusion/fgra/fgra/pes_1/alu/logic_0/logicUnit_24       6.3504     0.0       6.3504      0.0000       0.0000 UnifiedCom_1095
system/tile_prci_domain/tile_reset_domain_tile/fusion/fgra/fgra/pes_1/alu/logic_0/logicUnit_25       7.0560     0.0       7.0560      0.0000       0.0000 UnifiedCom_1094
system/tile_prci_domain/tile_reset_domain_tile/fusion/fgra/fgra/pes_1/alu/logic_0/logicUnit_26       6.3504     0.0       6.3504      0.0000       0.0000 UnifiedCom_1093
system/tile_prci_domain/tile_reset_domain_tile/fusion/fgra/fgra/pes_1/alu/logic_0/logicUnit_27       6.3504     0.0       6.3504      0.0000       0.0000 UnifiedCom_1092
system/tile_prci_domain/tile_reset_domain_tile/fusion/fgra/fgra/pes_1/alu/logic_0/logicUnit_28       6.3504     0.0       6.3504      0.0000       0.0000 UnifiedCom_1091
system/tile_prci_domain/tile_reset_domain_tile/fusion/fgra/fgra/pes_1/alu/logic_0/logicUnit_29       6.3504     0.0       6.3504      0.0000       0.0000 UnifiedCom_1090
system/tile_prci_domain/tile_reset_domain_tile/fusion/fgra/fgra/pes_1/alu/logic_0/logicUnit_3       7.0560     0.0       7.0560      0.0000       0.0000 UnifiedCom_1116
system/tile_prci_domain/tile_reset_domain_tile/fusion/fgra/fgra/pes_1/alu/logic_0/logicUnit_30       6.3504     0.0       6.3504      0.0000       0.0000 UnifiedCom_1089
system/tile_prci_domain/tile_reset_domain_tile/fusion/fgra/fgra/pes_1/alu/logic_0/logicUnit_31       7.0560     0.0       7.0560      0.0000       0.0000 UnifiedCom_1088
system/tile_prci_domain/tile_reset_domain_tile/fusion/fgra/fgra/pes_1/alu/logic_0/logicUnit_4       6.3504     0.0       6.3504      0.0000       0.0000 UnifiedCom_1115
system/tile_prci_domain/tile_reset_domain_tile/fusion/fgra/fgra/pes_1/alu/logic_0/logicUnit_5       7.0560     0.0       7.0560      0.0000       0.0000 UnifiedCom_1114
system/tile_prci_domain/tile_reset_domain_tile/fusion/fgra/fgra/pes_1/alu/logic_0/logicUnit_6       6.3504     0.0       6.3504      0.0000       0.0000 UnifiedCom_1113
system/tile_prci_domain/tile_reset_domain_tile/fusion/fgra/fgra/pes_1/alu/logic_0/logicUnit_7       7.0560     0.0       7.0560      0.0000       0.0000 UnifiedCom_1112
system/tile_prci_domain/tile_reset_domain_tile/fusion/fgra/fgra/pes_1/alu/logic_0/logicUnit_8       6.3504     0.0       6.3504      0.0000       0.0000 UnifiedCom_1111
system/tile_prci_domain/tile_reset_domain_tile/fusion/fgra/fgra/pes_1/alu/logic_0/logicUnit_9       6.3504     0.0       6.3504      0.0000       0.0000 UnifiedCom_1110
system/tile_prci_domain/tile_reset_domain_tile/fusion/fgra/fgra/pes_1/alu/multipler    5529.3169     0.2    5529.3169      0.0000       0.0000 Mul_34
system/tile_prci_domain/tile_reset_domain_tile/fusion/fgra/fgra/pes_1/alu/shift     689.3712     0.0     689.3712      0.0000       0.0000 SHIFT_34
system/tile_prci_domain/tile_reset_domain_tile/fusion/fgra/fgra/pes_1/alu/si2fp    1030.8816     0.0       0.0000      0.0000       0.0000 IntToFP_34
system/tile_prci_domain/tile_reset_domain_tile/fusion/fgra/fgra/pes_1/alu/si2fp/post_norm      46.3344     0.0      24.6960      0.0000       0.0000 IntToFP_postnorm_34
system/tile_prci_domain/tile_reset_domain_tile/fusion/fgra/fgra/pes_1/alu/si2fp/post_norm/rounder      21.6384     0.0      21.6384      0.0000       0.0000 RoundingUnit_289
system/tile_prci_domain/tile_reset_domain_tile/fusion/fgra/fgra/pes_1/alu/si2fp/pre_norm     984.5472     0.0     717.3600      0.0000       0.0000 IntToFP_prenorm_34
system/tile_prci_domain/tile_reset_domain_tile/fusion/fgra/fgra/pes_1/alu/si2fp/pre_norm/lza      76.4400     0.0      76.4400      0.0000       0.0000 LZA_2_34
system/tile_prci_domain/tile_reset_domain_tile/fusion/fgra/fgra/pes_1/alu/si2fp/pre_norm/neg_lzc_clz      92.6688     0.0      92.6688      0.0000       0.0000 CLZ_3_68
system/tile_prci_domain/tile_reset_domain_tile/fusion/fgra/fgra/pes_1/alu/si2fp/pre_norm/pos_lzc_clz      98.0784     0.0      98.0784      0.0000       0.0000 CLZ_3_69
system/tile_prci_domain/tile_reset_domain_tile/fusion/fgra/fgra/pes_1/cfg     538.6080     0.0     153.8208    384.7872       0.0000 ConfigMem_12_12
system/tile_prci_domain/tile_reset_domain_tile/fusion/fgra/fgra/pes_1/delayPipeCG    6918.6433     0.2    4042.6177   2876.0256       0.0000 SharedDelayPipe_24_24
system/tile_prci_domain/tile_reset_domain_tile/fusion/fgra/fgra/pes_1/delayPipeFG     205.8000     0.0     125.8320     79.9680       0.0000 SharedDelayPipe_25_12
system/tile_prci_domain/tile_reset_domain_tile/fusion/fgra/fgra/pes_1/dmr     152.6448     0.0       0.0000    152.6448       0.0000 DualModeReg_19
system/tile_prci_domain/tile_reset_domain_tile/fusion/fgra/fgra/pes_1/rf4alu      10.5840     0.0       5.8800      4.7040       0.0000 RF_36
system/tile_prci_domain/tile_reset_domain_tile/fusion/fgra/fgra/pes_10   28397.1075     0.8     254.9568      0.0000       0.0000 GPE_10
system/tile_prci_domain/tile_reset_domain_tile/fusion/fgra/fgra/pes_10/Muxn     259.6608     0.0     259.6608      0.0000       0.0000 Muxn_36_131
system/tile_prci_domain/tile_reset_domain_tile/fusion/fgra/fgra/pes_10/Muxn_1     237.5520     0.0     237.5520      0.0000       0.0000 Muxn_36_130
system/tile_prci_domain/tile_reset_domain_tile/fusion/fgra/fgra/pes_10/Muxn_2      10.1136     0.0      10.1136      0.0000       0.0000 Muxn_110_43
system/tile_prci_domain/tile_reset_domain_tile/fusion/fgra/fgra/pes_10/Muxn_3      10.1136     0.0      10.1136      0.0000       0.0000 Muxn_110_42
system/tile_prci_domain/tile_reset_domain_tile/fusion/fgra/fgra/pes_10/Muxn_4      10.1136     0.0      10.1136      0.0000       0.0000 Muxn_110_41
system/tile_prci_domain/tile_reset_domain_tile/fusion/fgra/fgra/pes_10/alu   17502.8786     0.5     719.0064      0.0000       0.0000 ALU_6_1
system/tile_prci_domain/tile_reset_domain_tile/fusion/fgra/fgra/pes_10/alu/arith     426.8880     0.0     426.8880      0.0000       0.0000 ARITH_25
system/tile_prci_domain/tile_reset_domain_tile/fusion/fgra/fgra/pes_10/alu/fadd    5030.2225     0.1       0.0000      0.0000       0.0000 FADD_35
system/tile_prci_domain/tile_reset_domain_tile/fusion/fgra/fgra/pes_10/alu/fadd/fcmaadd    5030.2225     0.1       2.3520      0.0000       0.0000 FCMA_ADD_35
system/tile_prci_domain/tile_reset_domain_tile/fusion/fgra/fgra/pes_10/alu/fadd/fcmaadd/fadd_s1    3439.5649     0.1     630.5712      0.0000       0.0000 FCMA_ADD_s1_35
system/tile_prci_domain/tile_reset_domain_tile/fusion/fgra/fgra/pes_10/alu/fadd/fcmaadd/fadd_s1/far_path_mods_0     829.5504     0.0     364.3248      0.0000       0.0000 FarPath_35
system/tile_prci_domain/tile_reset_domain_tile/fusion/fgra/fgra/pes_10/alu/fadd/fcmaadd/fadd_s1/far_path_mods_0/shiftRightJam     465.2256     0.0     465.2256      0.0000       0.0000 ShiftRightJam_36
system/tile_prci_domain/tile_reset_domain_tile/fusion/fgra/fgra/pes_10/alu/fadd/fcmaadd/fadd_s1/near_path_mods_0     994.6608     0.0     738.7632      0.0000       0.0000 NearPath_71
system/tile_prci_domain/tile_reset_domain_tile/fusion/fgra/fgra/pes_10/alu/fadd/fcmaadd/fadd_s1/near_path_mods_0/lza_ab     157.3488     0.0     157.3488      0.0000       0.0000 LZA_72
system/tile_prci_domain/tile_reset_domain_tile/fusion/fgra/fgra/pes_10/alu/fadd/fcmaadd/fadd_s1/near_path_mods_0/lzc_clz      98.5488     0.0      98.5488      0.0000       0.0000 CLZ_73
system/tile_prci_domain/tile_reset_domain_tile/fusion/fgra/fgra/pes_10/alu/fadd/fcmaadd/fadd_s1/near_path_mods_1     984.7824     0.0     731.7072      0.0000       0.0000 NearPath_70
system/tile_prci_domain/tile_reset_domain_tile/fusion/fgra/fgra/pes_10/alu/fadd/fcmaadd/fadd_s1/near_path_mods_1/lza_ab     159.7008     0.0     159.7008      0.0000       0.0000 LZA_71
system/tile_prci_domain/tile_reset_domain_tile/fusion/fgra/fgra/pes_10/alu/fadd/fcmaadd/fadd_s1/near_path_mods_1/lzc_clz      93.3744     0.0      93.3744      0.0000       0.0000 CLZ_72
system/tile_prci_domain/tile_reset_domain_tile/fusion/fgra/fgra/pes_10/alu/fadd/fcmaadd/fadd_s2    1588.3056     0.0    1140.2496      0.0000       0.0000 FCMA_ADD_s2_35
system/tile_prci_domain/tile_reset_domain_tile/fusion/fgra/fgra/pes_10/alu/fadd/fcmaadd/fadd_s2/far_path_rounder     248.1360     0.0     248.1360      0.0000       0.0000 RoundingUnit_210
system/tile_prci_domain/tile_reset_domain_tile/fusion/fgra/fgra/pes_10/alu/fadd/fcmaadd/fadd_s2/near_path_rounder     199.9200     0.0     199.9200      0.0000       0.0000 RoundingUnit_209
system/tile_prci_domain/tile_reset_domain_tile/fusion/fgra/fgra/pes_10/alu/fmax     278.4768     0.0     278.4768      0.0000       0.0000 FCMP_75
system/tile_prci_domain/tile_reset_domain_tile/fusion/fgra/fgra/pes_10/alu/fmin     270.9504     0.0     270.9504      0.0000       0.0000 FCMP_76
system/tile_prci_domain/tile_reset_domain_tile/fusion/fgra/fgra/pes_10/alu/fmul    2258.8608     0.1      13.6416    556.2480       0.0000 FMUL_share_25
system/tile_prci_domain/tile_reset_domain_tile/fusion/fgra/fgra/pes_10/alu/fmul/fmul_s1     411.3648     0.0     332.1024      0.0000       0.0000 FMUL_s1_25
system/tile_prci_domain/tile_reset_domain_tile/fusion/fgra/fgra/pes_10/alu/fmul/fmul_s1/lzc_clz      79.2624     0.0      79.2624      0.0000       0.0000 CLZ_2_25
system/tile_prci_domain/tile_reset_domain_tile/fusion/fgra/fgra/pes_10/alu/fmul/fmul_s2    1072.7472     0.0    1072.7472      0.0000       0.0000 FMUL_s2_25
system/tile_prci_domain/tile_reset_domain_tile/fusion/fgra/fgra/pes_10/alu/fmul/fmul_s3     204.8592     0.0     104.1936      0.0000       0.0000 FMUL_s3_25
system/tile_prci_domain/tile_reset_domain_tile/fusion/fgra/fgra/pes_10/alu/fmul/fmul_s3/rounder     100.6656     0.0     100.6656      0.0000       0.0000 RoundingUnit_272
system/tile_prci_domain/tile_reset_domain_tile/fusion/fgra/fgra/pes_10/alu/fp2si     960.0864     0.0       0.0000      0.0000       0.0000 FPToInt_25
system/tile_prci_domain/tile_reset_domain_tile/fusion/fgra/fgra/pes_10/alu/fp2si/s1     101.6064     0.0     101.6064      0.0000       0.0000 FPToInt_s1_25
system/tile_prci_domain/tile_reset_domain_tile/fusion/fgra/fgra/pes_10/alu/fp2si/s2     858.4800     0.0     593.1744      0.0000       0.0000 FPToInt_s2_25
system/tile_prci_domain/tile_reset_domain_tile/fusion/fgra/fgra/pes_10/alu/fp2si/s2/rpath_rounder      22.5792     0.0      22.5792      0.0000       0.0000 RoundingUnit_6_25
system/tile_prci_domain/tile_reset_domain_tile/fusion/fgra/fgra/pes_10/alu/fp2si/s2/shiftRightJam     242.7264     0.0     242.7264      0.0000       0.0000 ShiftRightJam_1_25
system/tile_prci_domain/tile_reset_domain_tile/fusion/fgra/fgra/pes_10/alu/logic_0     226.9680     0.0      10.3488      0.0000       0.0000 LOGIC_25
system/tile_prci_domain/tile_reset_domain_tile/fusion/fgra/fgra/pes_10/alu/logic_0/logicUnit       6.3504     0.0       6.3504      0.0000       0.0000 UnifiedCom_831
system/tile_prci_domain/tile_reset_domain_tile/fusion/fgra/fgra/pes_10/alu/logic_0/logicUnit_1       6.3504     0.0       6.3504      0.0000       0.0000 UnifiedCom_830
system/tile_prci_domain/tile_reset_domain_tile/fusion/fgra/fgra/pes_10/alu/logic_0/logicUnit_10       7.0560     0.0       7.0560      0.0000       0.0000 UnifiedCom_821
system/tile_prci_domain/tile_reset_domain_tile/fusion/fgra/fgra/pes_10/alu/logic_0/logicUnit_11       7.0560     0.0       7.0560      0.0000       0.0000 UnifiedCom_820
system/tile_prci_domain/tile_reset_domain_tile/fusion/fgra/fgra/pes_10/alu/logic_0/logicUnit_12       7.0560     0.0       7.0560      0.0000       0.0000 UnifiedCom_819
system/tile_prci_domain/tile_reset_domain_tile/fusion/fgra/fgra/pes_10/alu/logic_0/logicUnit_13       7.0560     0.0       7.0560      0.0000       0.0000 UnifiedCom_818
system/tile_prci_domain/tile_reset_domain_tile/fusion/fgra/fgra/pes_10/alu/logic_0/logicUnit_14       7.0560     0.0       7.0560      0.0000       0.0000 UnifiedCom_817
system/tile_prci_domain/tile_reset_domain_tile/fusion/fgra/fgra/pes_10/alu/logic_0/logicUnit_15       6.3504     0.0       6.3504      0.0000       0.0000 UnifiedCom_816
system/tile_prci_domain/tile_reset_domain_tile/fusion/fgra/fgra/pes_10/alu/logic_0/logicUnit_16       7.0560     0.0       7.0560      0.0000       0.0000 UnifiedCom_815
system/tile_prci_domain/tile_reset_domain_tile/fusion/fgra/fgra/pes_10/alu/logic_0/logicUnit_17       7.0560     0.0       7.0560      0.0000       0.0000 UnifiedCom_814
system/tile_prci_domain/tile_reset_domain_tile/fusion/fgra/fgra/pes_10/alu/logic_0/logicUnit_18       7.0560     0.0       7.0560      0.0000       0.0000 UnifiedCom_813
system/tile_prci_domain/tile_reset_domain_tile/fusion/fgra/fgra/pes_10/alu/logic_0/logicUnit_19       7.0560     0.0       7.0560      0.0000       0.0000 UnifiedCom_812
system/tile_prci_domain/tile_reset_domain_tile/fusion/fgra/fgra/pes_10/alu/logic_0/logicUnit_2       6.3504     0.0       6.3504      0.0000       0.0000 UnifiedCom_829
system/tile_prci_domain/tile_reset_domain_tile/fusion/fgra/fgra/pes_10/alu/logic_0/logicUnit_20       6.3504     0.0       6.3504      0.0000       0.0000 UnifiedCom_811
system/tile_prci_domain/tile_reset_domain_tile/fusion/fgra/fgra/pes_10/alu/logic_0/logicUnit_21       6.3504     0.0       6.3504      0.0000       0.0000 UnifiedCom_810
system/tile_prci_domain/tile_reset_domain_tile/fusion/fgra/fgra/pes_10/alu/logic_0/logicUnit_22       6.3504     0.0       6.3504      0.0000       0.0000 UnifiedCom_809
system/tile_prci_domain/tile_reset_domain_tile/fusion/fgra/fgra/pes_10/alu/logic_0/logicUnit_23       6.3504     0.0       6.3504      0.0000       0.0000 UnifiedCom_808
system/tile_prci_domain/tile_reset_domain_tile/fusion/fgra/fgra/pes_10/alu/logic_0/logicUnit_24       7.0560     0.0       7.0560      0.0000       0.0000 UnifiedCom_807
system/tile_prci_domain/tile_reset_domain_tile/fusion/fgra/fgra/pes_10/alu/logic_0/logicUnit_25       7.0560     0.0       7.0560      0.0000       0.0000 UnifiedCom_806
system/tile_prci_domain/tile_reset_domain_tile/fusion/fgra/fgra/pes_10/alu/logic_0/logicUnit_26       6.3504     0.0       6.3504      0.0000       0.0000 UnifiedCom_805
system/tile_prci_domain/tile_reset_domain_tile/fusion/fgra/fgra/pes_10/alu/logic_0/logicUnit_27       6.3504     0.0       6.3504      0.0000       0.0000 UnifiedCom_804
system/tile_prci_domain/tile_reset_domain_tile/fusion/fgra/fgra/pes_10/alu/logic_0/logicUnit_28       7.0560     0.0       7.0560      0.0000       0.0000 UnifiedCom_803
system/tile_prci_domain/tile_reset_domain_tile/fusion/fgra/fgra/pes_10/alu/logic_0/logicUnit_29       7.0560     0.0       7.0560      0.0000       0.0000 UnifiedCom_802
system/tile_prci_domain/tile_reset_domain_tile/fusion/fgra/fgra/pes_10/alu/logic_0/logicUnit_3       6.3504     0.0       6.3504      0.0000       0.0000 UnifiedCom_828
system/tile_prci_domain/tile_reset_domain_tile/fusion/fgra/fgra/pes_10/alu/logic_0/logicUnit_30       7.0560     0.0       7.0560      0.0000       0.0000 UnifiedCom_801
system/tile_prci_domain/tile_reset_domain_tile/fusion/fgra/fgra/pes_10/alu/logic_0/logicUnit_31       7.0560     0.0       7.0560      0.0000       0.0000 UnifiedCom_800
system/tile_prci_domain/tile_reset_domain_tile/fusion/fgra/fgra/pes_10/alu/logic_0/logicUnit_4       7.0560     0.0       7.0560      0.0000       0.0000 UnifiedCom_827
system/tile_prci_domain/tile_reset_domain_tile/fusion/fgra/fgra/pes_10/alu/logic_0/logicUnit_5       7.0560     0.0       7.0560      0.0000       0.0000 UnifiedCom_826
system/tile_prci_domain/tile_reset_domain_tile/fusion/fgra/fgra/pes_10/alu/logic_0/logicUnit_6       7.0560     0.0       7.0560      0.0000       0.0000 UnifiedCom_825
system/tile_prci_domain/tile_reset_domain_tile/fusion/fgra/fgra/pes_10/alu/logic_0/logicUnit_7       6.3504     0.0       6.3504      0.0000       0.0000 UnifiedCom_824
system/tile_prci_domain/tile_reset_domain_tile/fusion/fgra/fgra/pes_10/alu/logic_0/logicUnit_8       6.3504     0.0       6.3504      0.0000       0.0000 UnifiedCom_823
system/tile_prci_domain/tile_reset_domain_tile/fusion/fgra/fgra/pes_10/alu/logic_0/logicUnit_9       7.0560     0.0       7.0560      0.0000       0.0000 UnifiedCom_822
system/tile_prci_domain/tile_reset_domain_tile/fusion/fgra/fgra/pes_10/alu/multipler    5609.2849     0.2    5609.2849      0.0000       0.0000 Mul_25
system/tile_prci_domain/tile_reset_domain_tile/fusion/fgra/fgra/pes_10/alu/shift     689.3712     0.0     689.3712      0.0000       0.0000 SHIFT_25
system/tile_prci_domain/tile_reset_domain_tile/fusion/fgra/fgra/pes_10/alu/si2fp    1032.7632     0.0       0.0000      0.0000       0.0000 IntToFP_25
system/tile_prci_domain/tile_reset_domain_tile/fusion/fgra/fgra/pes_10/alu/si2fp/post_norm      47.2752     0.0      25.6368      0.0000       0.0000 IntToFP_postnorm_25
system/tile_prci_domain/tile_reset_domain_tile/fusion/fgra/fgra/pes_10/alu/si2fp/post_norm/rounder      21.6384     0.0      21.6384      0.0000       0.0000 RoundingUnit_271
system/tile_prci_domain/tile_reset_domain_tile/fusion/fgra/fgra/pes_10/alu/si2fp/pre_norm     985.4880     0.0     715.2432      0.0000       0.0000 IntToFP_prenorm_25
system/tile_prci_domain/tile_reset_domain_tile/fusion/fgra/fgra/pes_10/alu/si2fp/pre_norm/lza      75.7344     0.0      75.7344      0.0000       0.0000 LZA_2_25
system/tile_prci_domain/tile_reset_domain_tile/fusion/fgra/fgra/pes_10/alu/si2fp/pre_norm/neg_lzc_clz      96.9024     0.0      96.9024      0.0000       0.0000 CLZ_3_50
system/tile_prci_domain/tile_reset_domain_tile/fusion/fgra/fgra/pes_10/alu/si2fp/pre_norm/pos_lzc_clz      97.6080     0.0      97.6080      0.0000       0.0000 CLZ_3_51
system/tile_prci_domain/tile_reset_domain_tile/fusion/fgra/fgra/pes_10/cfg    1338.2880     0.0     459.8160    878.4720       0.0000 ConfigMem_24_1
system/tile_prci_domain/tile_reset_domain_tile/fusion/fgra/fgra/pes_10/delayPipeCG    6814.2145     0.2    3908.3185   2905.8960       0.0000 SharedDelayPipe_24_15
system/tile_prci_domain/tile_reset_domain_tile/fusion/fgra/fgra/pes_10/delayPipeFG     611.7552     0.0     447.1152    164.6400       0.0000 SharedDelayPipe_43_7
system/tile_prci_domain/tile_reset_domain_tile/fusion/fgra/fgra/pes_10/dmr    1323.2352     0.0       0.0000      0.0000       0.0000 DualModeReg_6_1
system/tile_prci_domain/tile_reset_domain_tile/fusion/fgra/fgra/pes_10/dmr/acr    1323.2352     0.0     790.2720    532.9632       0.0000 CtrlReg_1
system/tile_prci_domain/tile_reset_domain_tile/fusion/fgra/fgra/pes_10/lut       5.8800     0.0       5.8800      0.0000       0.0000 LUT_7
system/tile_prci_domain/tile_reset_domain_tile/fusion/fgra/fgra/pes_10/rf4alu       8.7024     0.0       3.9984      4.7040       0.0000 RF_23
system/tile_prci_domain/tile_reset_domain_tile/fusion/fgra/fgra/pes_10/rf4lut       9.6432     0.0       4.9392      4.7040       0.0000 RF_22
system/tile_prci_domain/tile_reset_domain_tile/fusion/fgra/fgra/pes_11   28492.8339     0.8     283.6512      0.0000       0.0000 GPE_11
system/tile_prci_domain/tile_reset_domain_tile/fusion/fgra/fgra/pes_11/Muxn     259.8960     0.0     259.8960      0.0000       0.0000 Muxn_36_129
system/tile_prci_domain/tile_reset_domain_tile/fusion/fgra/fgra/pes_11/Muxn_1     245.7840     0.0     245.7840      0.0000       0.0000 Muxn_36_128
system/tile_prci_domain/tile_reset_domain_tile/fusion/fgra/fgra/pes_11/Muxn_2      10.1136     0.0      10.1136      0.0000       0.0000 Muxn_110_40
system/tile_prci_domain/tile_reset_domain_tile/fusion/fgra/fgra/pes_11/Muxn_3      10.1136     0.0      10.1136      0.0000       0.0000 Muxn_110_39
system/tile_prci_domain/tile_reset_domain_tile/fusion/fgra/fgra/pes_11/Muxn_4      10.1136     0.0      10.1136      0.0000       0.0000 Muxn_110_38
system/tile_prci_domain/tile_reset_domain_tile/fusion/fgra/fgra/pes_11/alu   17529.2210     0.5     704.6592      0.0000       0.0000 ALU_6_0
system/tile_prci_domain/tile_reset_domain_tile/fusion/fgra/fgra/pes_11/alu/arith     424.7712     0.0     424.7712      0.0000       0.0000 ARITH_24
system/tile_prci_domain/tile_reset_domain_tile/fusion/fgra/fgra/pes_11/alu/fadd    5093.2561     0.2       0.0000      0.0000       0.0000 FADD_34
system/tile_prci_domain/tile_reset_domain_tile/fusion/fgra/fgra/pes_11/alu/fadd/fcmaadd    5093.2561     0.2       2.3520      0.0000       0.0000 FCMA_ADD_34
system/tile_prci_domain/tile_reset_domain_tile/fusion/fgra/fgra/pes_11/alu/fadd/fcmaadd/fadd_s1    3475.0801     0.1     649.8576      0.0000       0.0000 FCMA_ADD_s1_34
system/tile_prci_domain/tile_reset_domain_tile/fusion/fgra/fgra/pes_11/alu/fadd/fcmaadd/fadd_s1/far_path_mods_0     832.6080     0.0     374.6736      0.0000       0.0000 FarPath_34
system/tile_prci_domain/tile_reset_domain_tile/fusion/fgra/fgra/pes_11/alu/fadd/fcmaadd/fadd_s1/far_path_mods_0/shiftRightJam     457.9344     0.0     457.9344      0.0000       0.0000 ShiftRightJam_35
system/tile_prci_domain/tile_reset_domain_tile/fusion/fgra/fgra/pes_11/alu/fadd/fcmaadd/fadd_s1/near_path_mods_0    1000.0704     0.0     760.1664      0.0000       0.0000 NearPath_69
system/tile_prci_domain/tile_reset_domain_tile/fusion/fgra/fgra/pes_11/alu/fadd/fcmaadd/fadd_s1/near_path_mods_0/lza_ab     147.9408     0.0     147.9408      0.0000       0.0000 LZA_70
system/tile_prci_domain/tile_reset_domain_tile/fusion/fgra/fgra/pes_11/alu/fadd/fcmaadd/fadd_s1/near_path_mods_0/lzc_clz      91.9632     0.0      91.9632      0.0000       0.0000 CLZ_71
system/tile_prci_domain/tile_reset_domain_tile/fusion/fgra/fgra/pes_11/alu/fadd/fcmaadd/fadd_s1/near_path_mods_1     992.5440     0.0     747.4656      0.0000       0.0000 NearPath_68
system/tile_prci_domain/tile_reset_domain_tile/fusion/fgra/fgra/pes_11/alu/fadd/fcmaadd/fadd_s1/near_path_mods_1/lza_ab     150.7632     0.0     150.7632      0.0000       0.0000 LZA_69
system/tile_prci_domain/tile_reset_domain_tile/fusion/fgra/fgra/pes_11/alu/fadd/fcmaadd/fadd_s1/near_path_mods_1/lzc_clz      94.3152     0.0      94.3152      0.0000       0.0000 CLZ_70
system/tile_prci_domain/tile_reset_domain_tile/fusion/fgra/fgra/pes_11/alu/fadd/fcmaadd/fadd_s2    1615.8240     0.0    1174.5888      0.0000       0.0000 FCMA_ADD_s2_34
system/tile_prci_domain/tile_reset_domain_tile/fusion/fgra/fgra/pes_11/alu/fadd/fcmaadd/fadd_s2/far_path_rounder     238.2576     0.0     238.2576      0.0000       0.0000 RoundingUnit_207
system/tile_prci_domain/tile_reset_domain_tile/fusion/fgra/fgra/pes_11/alu/fadd/fcmaadd/fadd_s2/near_path_rounder     202.9776     0.0     202.9776      0.0000       0.0000 RoundingUnit_206
system/tile_prci_domain/tile_reset_domain_tile/fusion/fgra/fgra/pes_11/alu/fmax     278.0064     0.0     278.0064      0.0000       0.0000 FCMP_72
system/tile_prci_domain/tile_reset_domain_tile/fusion/fgra/fgra/pes_11/alu/fmin     271.6560     0.0     271.6560      0.0000       0.0000 FCMP_73
system/tile_prci_domain/tile_reset_domain_tile/fusion/fgra/fgra/pes_11/alu/fmul    2221.9344     0.1       9.6432    556.0128       0.0000 FMUL_share_24
system/tile_prci_domain/tile_reset_domain_tile/fusion/fgra/fgra/pes_11/alu/fmul/fmul_s1     393.2544     0.0     312.5808      0.0000       0.0000 FMUL_s1_24
system/tile_prci_domain/tile_reset_domain_tile/fusion/fgra/fgra/pes_11/alu/fmul/fmul_s1/lzc_clz      80.6736     0.0      80.6736      0.0000       0.0000 CLZ_2_24
system/tile_prci_domain/tile_reset_domain_tile/fusion/fgra/fgra/pes_11/alu/fmul/fmul_s2    1058.1648     0.0    1058.1648      0.0000       0.0000 FMUL_s2_24
system/tile_prci_domain/tile_reset_domain_tile/fusion/fgra/fgra/pes_11/alu/fmul/fmul_s3     204.8592     0.0     104.1936      0.0000       0.0000 FMUL_s3_24
system/tile_prci_domain/tile_reset_domain_tile/fusion/fgra/fgra/pes_11/alu/fmul/fmul_s3/rounder     100.6656     0.0     100.6656      0.0000       0.0000 RoundingUnit_270
system/tile_prci_domain/tile_reset_domain_tile/fusion/fgra/fgra/pes_11/alu/fp2si     957.7344     0.0       0.9408      0.0000       0.0000 FPToInt_24
system/tile_prci_domain/tile_reset_domain_tile/fusion/fgra/fgra/pes_11/alu/fp2si/s1     103.7232     0.0     103.7232      0.0000       0.0000 FPToInt_s1_24
system/tile_prci_domain/tile_reset_domain_tile/fusion/fgra/fgra/pes_11/alu/fp2si/s2     853.0704     0.0     584.7072      0.0000       0.0000 FPToInt_s2_24
system/tile_prci_domain/tile_reset_domain_tile/fusion/fgra/fgra/pes_11/alu/fp2si/s2/rpath_rounder      23.0496     0.0      23.0496      0.0000       0.0000 RoundingUnit_6_24
system/tile_prci_domain/tile_reset_domain_tile/fusion/fgra/fgra/pes_11/alu/fp2si/s2/shiftRightJam     245.3136     0.0     245.3136      0.0000       0.0000 ShiftRightJam_1_24
system/tile_prci_domain/tile_reset_domain_tile/fusion/fgra/fgra/pes_11/alu/logic_0     229.3200     0.0      10.3488      0.0000       0.0000 LOGIC_24
system/tile_prci_domain/tile_reset_domain_tile/fusion/fgra/fgra/pes_11/alu/logic_0/logicUnit       6.3504     0.0       6.3504      0.0000       0.0000 UnifiedCom_799
system/tile_prci_domain/tile_reset_domain_tile/fusion/fgra/fgra/pes_11/alu/logic_0/logicUnit_1       6.3504     0.0       6.3504      0.0000       0.0000 UnifiedCom_798
system/tile_prci_domain/tile_reset_domain_tile/fusion/fgra/fgra/pes_11/alu/logic_0/logicUnit_10       6.3504     0.0       6.3504      0.0000       0.0000 UnifiedCom_789
system/tile_prci_domain/tile_reset_domain_tile/fusion/fgra/fgra/pes_11/alu/logic_0/logicUnit_11       7.0560     0.0       7.0560      0.0000       0.0000 UnifiedCom_788
system/tile_prci_domain/tile_reset_domain_tile/fusion/fgra/fgra/pes_11/alu/logic_0/logicUnit_12       6.3504     0.0       6.3504      0.0000       0.0000 UnifiedCom_787
system/tile_prci_domain/tile_reset_domain_tile/fusion/fgra/fgra/pes_11/alu/logic_0/logicUnit_13       7.0560     0.0       7.0560      0.0000       0.0000 UnifiedCom_786
system/tile_prci_domain/tile_reset_domain_tile/fusion/fgra/fgra/pes_11/alu/logic_0/logicUnit_14       7.0560     0.0       7.0560      0.0000       0.0000 UnifiedCom_785
system/tile_prci_domain/tile_reset_domain_tile/fusion/fgra/fgra/pes_11/alu/logic_0/logicUnit_15       7.0560     0.0       7.0560      0.0000       0.0000 UnifiedCom_784
system/tile_prci_domain/tile_reset_domain_tile/fusion/fgra/fgra/pes_11/alu/logic_0/logicUnit_16       7.0560     0.0       7.0560      0.0000       0.0000 UnifiedCom_783
system/tile_prci_domain/tile_reset_domain_tile/fusion/fgra/fgra/pes_11/alu/logic_0/logicUnit_17       7.0560     0.0       7.0560      0.0000       0.0000 UnifiedCom_782
system/tile_prci_domain/tile_reset_domain_tile/fusion/fgra/fgra/pes_11/alu/logic_0/logicUnit_18       6.3504     0.0       6.3504      0.0000       0.0000 UnifiedCom_781
system/tile_prci_domain/tile_reset_domain_tile/fusion/fgra/fgra/pes_11/alu/logic_0/logicUnit_19       7.0560     0.0       7.0560      0.0000       0.0000 UnifiedCom_780
system/tile_prci_domain/tile_reset_domain_tile/fusion/fgra/fgra/pes_11/alu/logic_0/logicUnit_2       6.3504     0.0       6.3504      0.0000       0.0000 UnifiedCom_797
system/tile_prci_domain/tile_reset_domain_tile/fusion/fgra/fgra/pes_11/alu/logic_0/logicUnit_20       8.2320     0.0       8.2320      0.0000       0.0000 UnifiedCom_779
system/tile_prci_domain/tile_reset_domain_tile/fusion/fgra/fgra/pes_11/alu/logic_0/logicUnit_21       6.3504     0.0       6.3504      0.0000       0.0000 UnifiedCom_778
system/tile_prci_domain/tile_reset_domain_tile/fusion/fgra/fgra/pes_11/alu/logic_0/logicUnit_22       7.0560     0.0       7.0560      0.0000       0.0000 UnifiedCom_777
system/tile_prci_domain/tile_reset_domain_tile/fusion/fgra/fgra/pes_11/alu/logic_0/logicUnit_23       7.0560     0.0       7.0560      0.0000       0.0000 UnifiedCom_776
system/tile_prci_domain/tile_reset_domain_tile/fusion/fgra/fgra/pes_11/alu/logic_0/logicUnit_24       7.0560     0.0       7.0560      0.0000       0.0000 UnifiedCom_775
system/tile_prci_domain/tile_reset_domain_tile/fusion/fgra/fgra/pes_11/alu/logic_0/logicUnit_25       7.0560     0.0       7.0560      0.0000       0.0000 UnifiedCom_774
system/tile_prci_domain/tile_reset_domain_tile/fusion/fgra/fgra/pes_11/alu/logic_0/logicUnit_26       7.0560     0.0       7.0560      0.0000       0.0000 UnifiedCom_773
system/tile_prci_domain/tile_reset_domain_tile/fusion/fgra/fgra/pes_11/alu/logic_0/logicUnit_27       7.0560     0.0       7.0560      0.0000       0.0000 UnifiedCom_772
system/tile_prci_domain/tile_reset_domain_tile/fusion/fgra/fgra/pes_11/alu/logic_0/logicUnit_28       6.3504     0.0       6.3504      0.0000       0.0000 UnifiedCom_771
system/tile_prci_domain/tile_reset_domain_tile/fusion/fgra/fgra/pes_11/alu/logic_0/logicUnit_29       7.0560     0.0       7.0560      0.0000       0.0000 UnifiedCom_770
system/tile_prci_domain/tile_reset_domain_tile/fusion/fgra/fgra/pes_11/alu/logic_0/logicUnit_3       6.3504     0.0       6.3504      0.0000       0.0000 UnifiedCom_796
system/tile_prci_domain/tile_reset_domain_tile/fusion/fgra/fgra/pes_11/alu/logic_0/logicUnit_30       6.3504     0.0       6.3504      0.0000       0.0000 UnifiedCom_769
system/tile_prci_domain/tile_reset_domain_tile/fusion/fgra/fgra/pes_11/alu/logic_0/logicUnit_31       6.3504     0.0       6.3504      0.0000       0.0000 UnifiedCom_768
system/tile_prci_domain/tile_reset_domain_tile/fusion/fgra/fgra/pes_11/alu/logic_0/logicUnit_4       7.0560     0.0       7.0560      0.0000       0.0000 UnifiedCom_795
system/tile_prci_domain/tile_reset_domain_tile/fusion/fgra/fgra/pes_11/alu/logic_0/logicUnit_5       8.2320     0.0       8.2320      0.0000       0.0000 UnifiedCom_794
system/tile_prci_domain/tile_reset_domain_tile/fusion/fgra/fgra/pes_11/alu/logic_0/logicUnit_6       7.0560     0.0       7.0560      0.0000       0.0000 UnifiedCom_793
system/tile_prci_domain/tile_reset_domain_tile/fusion/fgra/fgra/pes_11/alu/logic_0/logicUnit_7       6.3504     0.0       6.3504      0.0000       0.0000 UnifiedCom_792
system/tile_prci_domain/tile_reset_domain_tile/fusion/fgra/fgra/pes_11/alu/logic_0/logicUnit_8       6.3504     0.0       6.3504      0.0000       0.0000 UnifiedCom_791
system/tile_prci_domain/tile_reset_domain_tile/fusion/fgra/fgra/pes_11/alu/logic_0/logicUnit_9       7.0560     0.0       7.0560      0.0000       0.0000 UnifiedCom_790
system/tile_prci_domain/tile_reset_domain_tile/fusion/fgra/fgra/pes_11/alu/multipler    5610.6961     0.2    5610.6961      0.0000       0.0000 Mul_24
system/tile_prci_domain/tile_reset_domain_tile/fusion/fgra/fgra/pes_11/alu/shift     689.1360     0.0     689.1360      0.0000       0.0000 SHIFT_24
system/tile_prci_domain/tile_reset_domain_tile/fusion/fgra/fgra/pes_11/alu/si2fp    1048.0512     0.0       0.0000      0.0000       0.0000 IntToFP_24
system/tile_prci_domain/tile_reset_domain_tile/fusion/fgra/fgra/pes_11/alu/si2fp/post_norm      47.0400     0.0      25.4016      0.0000       0.0000 IntToFP_postnorm_24
system/tile_prci_domain/tile_reset_domain_tile/fusion/fgra/fgra/pes_11/alu/si2fp/post_norm/rounder      21.6384     0.0      21.6384      0.0000       0.0000 RoundingUnit_269
system/tile_prci_domain/tile_reset_domain_tile/fusion/fgra/fgra/pes_11/alu/si2fp/pre_norm    1001.0112     0.0     731.7072      0.0000       0.0000 IntToFP_prenorm_24
system/tile_prci_domain/tile_reset_domain_tile/fusion/fgra/fgra/pes_11/alu/si2fp/pre_norm/lza      78.0864     0.0      78.0864      0.0000       0.0000 LZA_2_24
system/tile_prci_domain/tile_reset_domain_tile/fusion/fgra/fgra/pes_11/alu/si2fp/pre_norm/neg_lzc_clz      95.4912     0.0      95.4912      0.0000       0.0000 CLZ_3_48
system/tile_prci_domain/tile_reset_domain_tile/fusion/fgra/fgra/pes_11/alu/si2fp/pre_norm/pos_lzc_clz      95.7264     0.0      95.7264      0.0000       0.0000 CLZ_3_49
system/tile_prci_domain/tile_reset_domain_tile/fusion/fgra/fgra/pes_11/cfg    1342.0512     0.0     458.4048    883.6464       0.0000 ConfigMem_24_0
system/tile_prci_domain/tile_reset_domain_tile/fusion/fgra/fgra/pes_11/delayPipeCG    6851.8465     0.2    3955.8289   2896.0176       0.0000 SharedDelayPipe_24_14
system/tile_prci_domain/tile_reset_domain_tile/fusion/fgra/fgra/pes_11/delayPipeFG     611.7552     0.0     447.1152    164.6400       0.0000 SharedDelayPipe_43_6
system/tile_prci_domain/tile_reset_domain_tile/fusion/fgra/fgra/pes_11/dmr    1315.7088     0.0       0.0000      0.0000       0.0000 DualModeReg_6_0
system/tile_prci_domain/tile_reset_domain_tile/fusion/fgra/fgra/pes_11/dmr/acr    1315.7088     0.0     787.9200    527.7888       0.0000 CtrlReg_0
system/tile_prci_domain/tile_reset_domain_tile/fusion/fgra/fgra/pes_11/lut       5.8800     0.0       5.8800      0.0000       0.0000 LUT_6
system/tile_prci_domain/tile_reset_domain_tile/fusion/fgra/fgra/pes_11/rf4alu       8.2320     0.0       3.5280      4.7040       0.0000 RF_21
system/tile_prci_domain/tile_reset_domain_tile/fusion/fgra/fgra/pes_11/rf4lut       8.4672     0.0       3.7632      4.7040       0.0000 RF_20
system/tile_prci_domain/tile_reset_domain_tile/fusion/fgra/fgra/pes_12   25958.7891     0.8       6.1152      0.0000       0.0000 GPE_12
system/tile_prci_domain/tile_reset_domain_tile/fusion/fgra/fgra/pes_12/Muxn     242.4912     0.0     242.4912      0.0000       0.0000 Muxn_36_127
system/tile_prci_domain/tile_reset_domain_tile/fusion/fgra/fgra/pes_12/Muxn_1     241.3152     0.0     241.3152      0.0000       0.0000 Muxn_36_126
system/tile_prci_domain/tile_reset_domain_tile/fusion/fgra/fgra/pes_12/Muxn_2       7.5264     0.0       7.5264      0.0000       0.0000 Muxn_38_28
system/tile_prci_domain/tile_reset_domain_tile/fusion/fgra/fgra/pes_12/alu   17599.7810     0.5     738.0576      0.0000       0.0000 ALU_8
system/tile_prci_domain/tile_reset_domain_tile/fusion/fgra/fgra/pes_12/alu/arith     419.5968     0.0     419.5968      0.0000       0.0000 ARITH_23
system/tile_prci_domain/tile_reset_domain_tile/fusion/fgra/fgra/pes_12/alu/fadd    4954.9585     0.1       0.0000      0.0000       0.0000 FADD_33
system/tile_prci_domain/tile_reset_domain_tile/fusion/fgra/fgra/pes_12/alu/fadd/fcmaadd    4954.9585     0.1       2.3520      0.0000       0.0000 FCMA_ADD_33
system/tile_prci_domain/tile_reset_domain_tile/fusion/fgra/fgra/pes_12/alu/fadd/fcmaadd/fadd_s1    3387.1152     0.1     645.6240      0.0000       0.0000 FCMA_ADD_s1_33
system/tile_prci_domain/tile_reset_domain_tile/fusion/fgra/fgra/pes_12/alu/fadd/fcmaadd/fadd_s1/far_path_mods_0     810.9696     0.0     347.6256      0.0000       0.0000 FarPath_33
system/tile_prci_domain/tile_reset_domain_tile/fusion/fgra/fgra/pes_12/alu/fadd/fcmaadd/fadd_s1/far_path_mods_0/shiftRightJam     463.3440     0.0     463.3440      0.0000       0.0000 ShiftRightJam_34
system/tile_prci_domain/tile_reset_domain_tile/fusion/fgra/fgra/pes_12/alu/fadd/fcmaadd/fadd_s1/near_path_mods_0     981.2544     0.0     742.2912      0.0000       0.0000 NearPath_67
system/tile_prci_domain/tile_reset_domain_tile/fusion/fgra/fgra/pes_12/alu/fadd/fcmaadd/fadd_s1/near_path_mods_0/lza_ab     146.7648     0.0     146.7648      0.0000       0.0000 LZA_68
system/tile_prci_domain/tile_reset_domain_tile/fusion/fgra/fgra/pes_12/alu/fadd/fcmaadd/fadd_s1/near_path_mods_0/lzc_clz      92.1984     0.0      92.1984      0.0000       0.0000 CLZ_69
system/tile_prci_domain/tile_reset_domain_tile/fusion/fgra/fgra/pes_12/alu/fadd/fcmaadd/fadd_s1/near_path_mods_1     949.2672     0.0     726.0624      0.0000       0.0000 NearPath_66
system/tile_prci_domain/tile_reset_domain_tile/fusion/fgra/fgra/pes_12/alu/fadd/fcmaadd/fadd_s1/near_path_mods_1/lza_ab     135.9456     0.0     135.9456      0.0000       0.0000 LZA_67
system/tile_prci_domain/tile_reset_domain_tile/fusion/fgra/fgra/pes_12/alu/fadd/fcmaadd/fadd_s1/near_path_mods_1/lzc_clz      87.2592     0.0      87.2592      0.0000       0.0000 CLZ_68
system/tile_prci_domain/tile_reset_domain_tile/fusion/fgra/fgra/pes_12/alu/fadd/fcmaadd/fadd_s2    1565.4912     0.0    1146.1296      0.0000       0.0000 FCMA_ADD_s2_33
system/tile_prci_domain/tile_reset_domain_tile/fusion/fgra/fgra/pes_12/alu/fadd/fcmaadd/fadd_s2/far_path_rounder     224.8512     0.0     224.8512      0.0000       0.0000 RoundingUnit_204
system/tile_prci_domain/tile_reset_domain_tile/fusion/fgra/fgra/pes_12/alu/fadd/fcmaadd/fadd_s2/near_path_rounder     194.5104     0.0     194.5104      0.0000       0.0000 RoundingUnit_203
system/tile_prci_domain/tile_reset_domain_tile/fusion/fgra/fgra/pes_12/alu/fcmp     291.1776     0.0     291.1776      0.0000       0.0000 FCMP_71
system/tile_prci_domain/tile_reset_domain_tile/fusion/fgra/fgra/pes_12/alu/fmax     274.4784     0.0     274.4784      0.0000       0.0000 FCMP_69
system/tile_prci_domain/tile_reset_domain_tile/fusion/fgra/fgra/pes_12/alu/fmin     271.8912     0.0     271.8912      0.0000       0.0000 FCMP_70
system/tile_prci_domain/tile_reset_domain_tile/fusion/fgra/fgra/pes_12/alu/fmul    2208.7632     0.1       9.6432    555.3072       0.0000 FMUL_share_23
system/tile_prci_domain/tile_reset_domain_tile/fusion/fgra/fgra/pes_12/alu/fmul/fmul_s1     399.1344     0.0     319.4016      0.0000       0.0000 FMUL_s1_23
system/tile_prci_domain/tile_reset_domain_tile/fusion/fgra/fgra/pes_12/alu/fmul/fmul_s1/lzc_clz      79.7328     0.0      79.7328      0.0000       0.0000 CLZ_2_23
system/tile_prci_domain/tile_reset_domain_tile/fusion/fgra/fgra/pes_12/alu/fmul/fmul_s2    1039.8192     0.0    1039.8192      0.0000       0.0000 FMUL_s2_23
system/tile_prci_domain/tile_reset_domain_tile/fusion/fgra/fgra/pes_12/alu/fmul/fmul_s3     204.8592     0.0     104.1936      0.0000       0.0000 FMUL_s3_23
system/tile_prci_domain/tile_reset_domain_tile/fusion/fgra/fgra/pes_12/alu/fmul/fmul_s3/rounder     100.6656     0.0     100.6656      0.0000       0.0000 RoundingUnit_268
system/tile_prci_domain/tile_reset_domain_tile/fusion/fgra/fgra/pes_12/alu/fp2si     956.7936     0.0       0.0000      0.0000       0.0000 FPToInt_23
system/tile_prci_domain/tile_reset_domain_tile/fusion/fgra/fgra/pes_12/alu/fp2si/s1     104.1936     0.0     104.1936      0.0000       0.0000 FPToInt_s1_23
system/tile_prci_domain/tile_reset_domain_tile/fusion/fgra/fgra/pes_12/alu/fp2si/s2     852.6000     0.0     586.3536      0.0000       0.0000 FPToInt_s2_23
system/tile_prci_domain/tile_reset_domain_tile/fusion/fgra/fgra/pes_12/alu/fp2si/s2/rpath_rounder      22.5792     0.0      22.5792      0.0000       0.0000 RoundingUnit_6_23
system/tile_prci_domain/tile_reset_domain_tile/fusion/fgra/fgra/pes_12/alu/fp2si/s2/shiftRightJam     243.6672     0.0     243.6672      0.0000       0.0000 ShiftRightJam_1_23
system/tile_prci_domain/tile_reset_domain_tile/fusion/fgra/fgra/pes_12/alu/logic_0     226.2624     0.0      10.3488      0.0000       0.0000 LOGIC_23
system/tile_prci_domain/tile_reset_domain_tile/fusion/fgra/fgra/pes_12/alu/logic_0/logicUnit       6.3504     0.0       6.3504      0.0000       0.0000 UnifiedCom_767
system/tile_prci_domain/tile_reset_domain_tile/fusion/fgra/fgra/pes_12/alu/logic_0/logicUnit_1       6.3504     0.0       6.3504      0.0000       0.0000 UnifiedCom_766
system/tile_prci_domain/tile_reset_domain_tile/fusion/fgra/fgra/pes_12/alu/logic_0/logicUnit_10       6.3504     0.0       6.3504      0.0000       0.0000 UnifiedCom_757
system/tile_prci_domain/tile_reset_domain_tile/fusion/fgra/fgra/pes_12/alu/logic_0/logicUnit_11       7.0560     0.0       7.0560      0.0000       0.0000 UnifiedCom_756
system/tile_prci_domain/tile_reset_domain_tile/fusion/fgra/fgra/pes_12/alu/logic_0/logicUnit_12       6.3504     0.0       6.3504      0.0000       0.0000 UnifiedCom_755
system/tile_prci_domain/tile_reset_domain_tile/fusion/fgra/fgra/pes_12/alu/logic_0/logicUnit_13       6.3504     0.0       6.3504      0.0000       0.0000 UnifiedCom_754
system/tile_prci_domain/tile_reset_domain_tile/fusion/fgra/fgra/pes_12/alu/logic_0/logicUnit_14       7.0560     0.0       7.0560      0.0000       0.0000 UnifiedCom_753
system/tile_prci_domain/tile_reset_domain_tile/fusion/fgra/fgra/pes_12/alu/logic_0/logicUnit_15       7.0560     0.0       7.0560      0.0000       0.0000 UnifiedCom_752
system/tile_prci_domain/tile_reset_domain_tile/fusion/fgra/fgra/pes_12/alu/logic_0/logicUnit_16       7.0560     0.0       7.0560      0.0000       0.0000 UnifiedCom_751
system/tile_prci_domain/tile_reset_domain_tile/fusion/fgra/fgra/pes_12/alu/logic_0/logicUnit_17       7.0560     0.0       7.0560      0.0000       0.0000 UnifiedCom_750
system/tile_prci_domain/tile_reset_domain_tile/fusion/fgra/fgra/pes_12/alu/logic_0/logicUnit_18       7.0560     0.0       7.0560      0.0000       0.0000 UnifiedCom_749
system/tile_prci_domain/tile_reset_domain_tile/fusion/fgra/fgra/pes_12/alu/logic_0/logicUnit_19       7.0560     0.0       7.0560      0.0000       0.0000 UnifiedCom_748
system/tile_prci_domain/tile_reset_domain_tile/fusion/fgra/fgra/pes_12/alu/logic_0/logicUnit_2       7.0560     0.0       7.0560      0.0000       0.0000 UnifiedCom_765
system/tile_prci_domain/tile_reset_domain_tile/fusion/fgra/fgra/pes_12/alu/logic_0/logicUnit_20       7.0560     0.0       7.0560      0.0000       0.0000 UnifiedCom_747
system/tile_prci_domain/tile_reset_domain_tile/fusion/fgra/fgra/pes_12/alu/logic_0/logicUnit_21       7.0560     0.0       7.0560      0.0000       0.0000 UnifiedCom_746
system/tile_prci_domain/tile_reset_domain_tile/fusion/fgra/fgra/pes_12/alu/logic_0/logicUnit_22       7.0560     0.0       7.0560      0.0000       0.0000 UnifiedCom_745
system/tile_prci_domain/tile_reset_domain_tile/fusion/fgra/fgra/pes_12/alu/logic_0/logicUnit_23       6.3504     0.0       6.3504      0.0000       0.0000 UnifiedCom_744
system/tile_prci_domain/tile_reset_domain_tile/fusion/fgra/fgra/pes_12/alu/logic_0/logicUnit_24       6.3504     0.0       6.3504      0.0000       0.0000 UnifiedCom_743
system/tile_prci_domain/tile_reset_domain_tile/fusion/fgra/fgra/pes_12/alu/logic_0/logicUnit_25       7.0560     0.0       7.0560      0.0000       0.0000 UnifiedCom_742
system/tile_prci_domain/tile_reset_domain_tile/fusion/fgra/fgra/pes_12/alu/logic_0/logicUnit_26       7.0560     0.0       7.0560      0.0000       0.0000 UnifiedCom_741
system/tile_prci_domain/tile_reset_domain_tile/fusion/fgra/fgra/pes_12/alu/logic_0/logicUnit_27       6.3504     0.0       6.3504      0.0000       0.0000 UnifiedCom_740
system/tile_prci_domain/tile_reset_domain_tile/fusion/fgra/fgra/pes_12/alu/logic_0/logicUnit_28       7.0560     0.0       7.0560      0.0000       0.0000 UnifiedCom_739
system/tile_prci_domain/tile_reset_domain_tile/fusion/fgra/fgra/pes_12/alu/logic_0/logicUnit_29       6.3504     0.0       6.3504      0.0000       0.0000 UnifiedCom_738
system/tile_prci_domain/tile_reset_domain_tile/fusion/fgra/fgra/pes_12/alu/logic_0/logicUnit_3       6.3504     0.0       6.3504      0.0000       0.0000 UnifiedCom_764
system/tile_prci_domain/tile_reset_domain_tile/fusion/fgra/fgra/pes_12/alu/logic_0/logicUnit_30       6.3504     0.0       6.3504      0.0000       0.0000 UnifiedCom_737
system/tile_prci_domain/tile_reset_domain_tile/fusion/fgra/fgra/pes_12/alu/logic_0/logicUnit_31       7.0560     0.0       7.0560      0.0000       0.0000 UnifiedCom_736
system/tile_prci_domain/tile_reset_domain_tile/fusion/fgra/fgra/pes_12/alu/logic_0/logicUnit_4       6.3504     0.0       6.3504      0.0000       0.0000 UnifiedCom_763
system/tile_prci_domain/tile_reset_domain_tile/fusion/fgra/fgra/pes_12/alu/logic_0/logicUnit_5       6.3504     0.0       6.3504      0.0000       0.0000 UnifiedCom_762
system/tile_prci_domain/tile_reset_domain_tile/fusion/fgra/fgra/pes_12/alu/logic_0/logicUnit_6       7.0560     0.0       7.0560      0.0000       0.0000 UnifiedCom_761
system/tile_prci_domain/tile_reset_domain_tile/fusion/fgra/fgra/pes_12/alu/logic_0/logicUnit_7       7.0560     0.0       7.0560      0.0000       0.0000 UnifiedCom_760
system/tile_prci_domain/tile_reset_domain_tile/fusion/fgra/fgra/pes_12/alu/logic_0/logicUnit_8       6.3504     0.0       6.3504      0.0000       0.0000 UnifiedCom_759
system/tile_prci_domain/tile_reset_domain_tile/fusion/fgra/fgra/pes_12/alu/logic_0/logicUnit_9       7.0560     0.0       7.0560      0.0000       0.0000 UnifiedCom_758
system/tile_prci_domain/tile_reset_domain_tile/fusion/fgra/fgra/pes_12/alu/multipler    5514.0289     0.2    5514.0289      0.0000       0.0000 Mul_23
system/tile_prci_domain/tile_reset_domain_tile/fusion/fgra/fgra/pes_12/alu/shift     689.6064     0.0     689.6064      0.0000       0.0000 SHIFT_23
system/tile_prci_domain/tile_reset_domain_tile/fusion/fgra/fgra/pes_12/alu/si2fp    1054.1664     0.0       0.0000      0.0000       0.0000 IntToFP_23
system/tile_prci_domain/tile_reset_domain_tile/fusion/fgra/fgra/pes_12/alu/si2fp/post_norm      46.5696     0.0      24.9312      0.0000       0.0000 IntToFP_postnorm_23
system/tile_prci_domain/tile_reset_domain_tile/fusion/fgra/fgra/pes_12/alu/si2fp/post_norm/rounder      21.6384     0.0      21.6384      0.0000       0.0000 RoundingUnit_267
system/tile_prci_domain/tile_reset_domain_tile/fusion/fgra/fgra/pes_12/alu/si2fp/pre_norm    1007.5968     0.0     730.7664      0.0000       0.0000 IntToFP_prenorm_23
system/tile_prci_domain/tile_reset_domain_tile/fusion/fgra/fgra/pes_12/alu/si2fp/pre_norm/lza      79.9680     0.0      79.9680      0.0000       0.0000 LZA_2_23
system/tile_prci_domain/tile_reset_domain_tile/fusion/fgra/fgra/pes_12/alu/si2fp/pre_norm/neg_lzc_clz      95.2560     0.0      95.2560      0.0000       0.0000 CLZ_3_46
system/tile_prci_domain/tile_reset_domain_tile/fusion/fgra/fgra/pes_12/alu/si2fp/pre_norm/pos_lzc_clz     101.6064     0.0     101.6064      0.0000       0.0000 CLZ_3_47
system/tile_prci_domain/tile_reset_domain_tile/fusion/fgra/fgra/pes_12/cfg     569.6544     0.0     153.8208    415.8336       0.0000 ConfigMem_12_7
system/tile_prci_domain/tile_reset_domain_tile/fusion/fgra/fgra/pes_12/delayPipeCG    6917.9377     0.2    4033.6801   2884.2576       0.0000 SharedDelayPipe_24_13
system/tile_prci_domain/tile_reset_domain_tile/fusion/fgra/fgra/pes_12/delayPipeFG     205.8000     0.0     125.8320     79.9680       0.0000 SharedDelayPipe_25_7
system/tile_prci_domain/tile_reset_domain_tile/fusion/fgra/fgra/pes_12/dmr     160.1712     0.0       0.0000    160.1712       0.0000 DualModeReg_14
system/tile_prci_domain/tile_reset_domain_tile/fusion/fgra/fgra/pes_12/rf4alu       7.9968     0.0       3.2928      4.7040       0.0000 RF_19
system/tile_prci_domain/tile_reset_domain_tile/fusion/fgra/fgra/pes_13   25971.4898     0.8       5.1744      0.0000       0.0000 GPE_13
system/tile_prci_domain/tile_reset_domain_tile/fusion/fgra/fgra/pes_13/Muxn     261.7776     0.0     261.7776      0.0000       0.0000 Muxn_36_125
system/tile_prci_domain/tile_reset_domain_tile/fusion/fgra/fgra/pes_13/Muxn_1     246.4896     0.0     246.4896      0.0000       0.0000 Muxn_36_124
system/tile_prci_domain/tile_reset_domain_tile/fusion/fgra/fgra/pes_13/Muxn_2       7.5264     0.0       7.5264      0.0000       0.0000 Muxn_38_27
system/tile_prci_domain/tile_reset_domain_tile/fusion/fgra/fgra/pes_13/alu   17596.4882     0.5     723.9456      0.0000       0.0000 ALU_7
system/tile_prci_domain/tile_reset_domain_tile/fusion/fgra/fgra/pes_13/alu/arith     418.8912     0.0     418.8912      0.0000       0.0000 ARITH_22
system/tile_prci_domain/tile_reset_domain_tile/fusion/fgra/fgra/pes_13/alu/fadd    4919.6785     0.1       0.9408      0.0000       0.0000 FADD_32
system/tile_prci_domain/tile_reset_domain_tile/fusion/fgra/fgra/pes_13/alu/fadd/fcmaadd    4918.7377     0.1       3.7632      0.0000       0.0000 FCMA_ADD_32
system/tile_prci_domain/tile_reset_domain_tile/fusion/fgra/fgra/pes_13/alu/fadd/fcmaadd/fadd_s1    3321.7296     0.1     624.9264      0.0000       0.0000 FCMA_ADD_s1_32
system/tile_prci_domain/tile_reset_domain_tile/fusion/fgra/fgra/pes_13/alu/fadd/fcmaadd/fadd_s1/far_path_mods_0     810.4992     0.0     366.4416      0.0000       0.0000 FarPath_32
system/tile_prci_domain/tile_reset_domain_tile/fusion/fgra/fgra/pes_13/alu/fadd/fcmaadd/fadd_s1/far_path_mods_0/shiftRightJam     444.0576     0.0     444.0576      0.0000       0.0000 ShiftRightJam_33
system/tile_prci_domain/tile_reset_domain_tile/fusion/fgra/fgra/pes_13/alu/fadd/fcmaadd/fadd_s1/near_path_mods_0     946.9152     0.0     719.0064      0.0000       0.0000 NearPath_65
system/tile_prci_domain/tile_reset_domain_tile/fusion/fgra/fgra/pes_13/alu/fadd/fcmaadd/fadd_s1/near_path_mods_0/lza_ab     138.2976     0.0     138.2976      0.0000       0.0000 LZA_66
system/tile_prci_domain/tile_reset_domain_tile/fusion/fgra/fgra/pes_13/alu/fadd/fcmaadd/fadd_s1/near_path_mods_0/lzc_clz      89.6112     0.0      89.6112      0.0000       0.0000 CLZ_67
system/tile_prci_domain/tile_reset_domain_tile/fusion/fgra/fgra/pes_13/alu/fadd/fcmaadd/fadd_s1/near_path_mods_1     939.3888     0.0     721.5936      0.0000       0.0000 NearPath_64
system/tile_prci_domain/tile_reset_domain_tile/fusion/fgra/fgra/pes_13/alu/fadd/fcmaadd/fadd_s1/near_path_mods_1/lza_ab     126.5376     0.0     126.5376      0.0000       0.0000 LZA_65
system/tile_prci_domain/tile_reset_domain_tile/fusion/fgra/fgra/pes_13/alu/fadd/fcmaadd/fadd_s1/near_path_mods_1/lzc_clz      91.2576     0.0      91.2576      0.0000       0.0000 CLZ_66
system/tile_prci_domain/tile_reset_domain_tile/fusion/fgra/fgra/pes_13/alu/fadd/fcmaadd/fadd_s2    1593.2448     0.0    1166.1216      0.0000       0.0000 FCMA_ADD_s2_32
system/tile_prci_domain/tile_reset_domain_tile/fusion/fgra/fgra/pes_13/alu/fadd/fcmaadd/fadd_s2/far_path_rounder     234.7296     0.0     234.7296      0.0000       0.0000 RoundingUnit_201
system/tile_prci_domain/tile_reset_domain_tile/fusion/fgra/fgra/pes_13/alu/fadd/fcmaadd/fadd_s2/near_path_rounder     192.3936     0.0     192.3936      0.0000       0.0000 RoundingUnit_200
system/tile_prci_domain/tile_reset_domain_tile/fusion/fgra/fgra/pes_13/alu/fcmp     293.0592     0.0     293.0592      0.0000       0.0000 FCMP_68
system/tile_prci_domain/tile_reset_domain_tile/fusion/fgra/fgra/pes_13/alu/fmax     276.3600     0.0     276.3600      0.0000       0.0000 FCMP_66
system/tile_prci_domain/tile_reset_domain_tile/fusion/fgra/fgra/pes_13/alu/fmin     274.7136     0.0     274.7136      0.0000       0.0000 FCMP_67
system/tile_prci_domain/tile_reset_domain_tile/fusion/fgra/fgra/pes_13/alu/fmul    2215.8192     0.1      12.7008    555.7776       0.0000 FMUL_share_22
system/tile_prci_domain/tile_reset_domain_tile/fusion/fgra/fgra/pes_13/alu/fmul/fmul_s1     384.7872     0.0     304.1136      0.0000       0.0000 FMUL_s1_22
system/tile_prci_domain/tile_reset_domain_tile/fusion/fgra/fgra/pes_13/alu/fmul/fmul_s1/lzc_clz      80.6736     0.0      80.6736      0.0000       0.0000 CLZ_2_22
system/tile_prci_domain/tile_reset_domain_tile/fusion/fgra/fgra/pes_13/alu/fmul/fmul_s2    1057.6944     0.0    1057.6944      0.0000       0.0000 FMUL_s2_22
system/tile_prci_domain/tile_reset_domain_tile/fusion/fgra/fgra/pes_13/alu/fmul/fmul_s3     204.8592     0.0     104.1936      0.0000       0.0000 FMUL_s3_22
system/tile_prci_domain/tile_reset_domain_tile/fusion/fgra/fgra/pes_13/alu/fmul/fmul_s3/rounder     100.6656     0.0     100.6656      0.0000       0.0000 RoundingUnit_266
system/tile_prci_domain/tile_reset_domain_tile/fusion/fgra/fgra/pes_13/alu/fp2si     951.8544     0.0       0.0000      0.0000       0.0000 FPToInt_22
system/tile_prci_domain/tile_reset_domain_tile/fusion/fgra/fgra/pes_13/alu/fp2si/s1     111.2496     0.0     111.2496      0.0000       0.0000 FPToInt_s1_22
system/tile_prci_domain/tile_reset_domain_tile/fusion/fgra/fgra/pes_13/alu/fp2si/s2     840.6048     0.0     577.8864      0.0000       0.0000 FPToInt_s2_22
system/tile_prci_domain/tile_reset_domain_tile/fusion/fgra/fgra/pes_13/alu/fp2si/s2/rpath_rounder      23.0496     0.0      23.0496      0.0000       0.0000 RoundingUnit_6_22
system/tile_prci_domain/tile_reset_domain_tile/fusion/fgra/fgra/pes_13/alu/fp2si/s2/shiftRightJam     239.6688     0.0     239.6688      0.0000       0.0000 ShiftRightJam_1_22
system/tile_prci_domain/tile_reset_domain_tile/fusion/fgra/fgra/pes_13/alu/logic_0     230.9664     0.0      12.2304      0.0000       0.0000 LOGIC_22
system/tile_prci_domain/tile_reset_domain_tile/fusion/fgra/fgra/pes_13/alu/logic_0/logicUnit       6.3504     0.0       6.3504      0.0000       0.0000 UnifiedCom_735
system/tile_prci_domain/tile_reset_domain_tile/fusion/fgra/fgra/pes_13/alu/logic_0/logicUnit_1       7.0560     0.0       7.0560      0.0000       0.0000 UnifiedCom_734
system/tile_prci_domain/tile_reset_domain_tile/fusion/fgra/fgra/pes_13/alu/logic_0/logicUnit_10       6.3504     0.0       6.3504      0.0000       0.0000 UnifiedCom_725
system/tile_prci_domain/tile_reset_domain_tile/fusion/fgra/fgra/pes_13/alu/logic_0/logicUnit_11       6.3504     0.0       6.3504      0.0000       0.0000 UnifiedCom_724
system/tile_prci_domain/tile_reset_domain_tile/fusion/fgra/fgra/pes_13/alu/logic_0/logicUnit_12       7.0560     0.0       7.0560      0.0000       0.0000 UnifiedCom_723
system/tile_prci_domain/tile_reset_domain_tile/fusion/fgra/fgra/pes_13/alu/logic_0/logicUnit_13       7.0560     0.0       7.0560      0.0000       0.0000 UnifiedCom_722
system/tile_prci_domain/tile_reset_domain_tile/fusion/fgra/fgra/pes_13/alu/logic_0/logicUnit_14       7.0560     0.0       7.0560      0.0000       0.0000 UnifiedCom_721
system/tile_prci_domain/tile_reset_domain_tile/fusion/fgra/fgra/pes_13/alu/logic_0/logicUnit_15       7.0560     0.0       7.0560      0.0000       0.0000 UnifiedCom_720
system/tile_prci_domain/tile_reset_domain_tile/fusion/fgra/fgra/pes_13/alu/logic_0/logicUnit_16       7.0560     0.0       7.0560      0.0000       0.0000 UnifiedCom_719
system/tile_prci_domain/tile_reset_domain_tile/fusion/fgra/fgra/pes_13/alu/logic_0/logicUnit_17       7.0560     0.0       7.0560      0.0000       0.0000 UnifiedCom_718
system/tile_prci_domain/tile_reset_domain_tile/fusion/fgra/fgra/pes_13/alu/logic_0/logicUnit_18       7.0560     0.0       7.0560      0.0000       0.0000 UnifiedCom_717
system/tile_prci_domain/tile_reset_domain_tile/fusion/fgra/fgra/pes_13/alu/logic_0/logicUnit_19       7.0560     0.0       7.0560      0.0000       0.0000 UnifiedCom_716
system/tile_prci_domain/tile_reset_domain_tile/fusion/fgra/fgra/pes_13/alu/logic_0/logicUnit_2       7.0560     0.0       7.0560      0.0000       0.0000 UnifiedCom_733
system/tile_prci_domain/tile_reset_domain_tile/fusion/fgra/fgra/pes_13/alu/logic_0/logicUnit_20       7.0560     0.0       7.0560      0.0000       0.0000 UnifiedCom_715
system/tile_prci_domain/tile_reset_domain_tile/fusion/fgra/fgra/pes_13/alu/logic_0/logicUnit_21       7.0560     0.0       7.0560      0.0000       0.0000 UnifiedCom_714
system/tile_prci_domain/tile_reset_domain_tile/fusion/fgra/fgra/pes_13/alu/logic_0/logicUnit_22       7.0560     0.0       7.0560      0.0000       0.0000 UnifiedCom_713
system/tile_prci_domain/tile_reset_domain_tile/fusion/fgra/fgra/pes_13/alu/logic_0/logicUnit_23       6.3504     0.0       6.3504      0.0000       0.0000 UnifiedCom_712
system/tile_prci_domain/tile_reset_domain_tile/fusion/fgra/fgra/pes_13/alu/logic_0/logicUnit_24       7.0560     0.0       7.0560      0.0000       0.0000 UnifiedCom_711
system/tile_prci_domain/tile_reset_domain_tile/fusion/fgra/fgra/pes_13/alu/logic_0/logicUnit_25       7.0560     0.0       7.0560      0.0000       0.0000 UnifiedCom_710
system/tile_prci_domain/tile_reset_domain_tile/fusion/fgra/fgra/pes_13/alu/logic_0/logicUnit_26       7.0560     0.0       7.0560      0.0000       0.0000 UnifiedCom_709
system/tile_prci_domain/tile_reset_domain_tile/fusion/fgra/fgra/pes_13/alu/logic_0/logicUnit_27       6.3504     0.0       6.3504      0.0000       0.0000 UnifiedCom_708
system/tile_prci_domain/tile_reset_domain_tile/fusion/fgra/fgra/pes_13/alu/logic_0/logicUnit_28       6.3504     0.0       6.3504      0.0000       0.0000 UnifiedCom_707
system/tile_prci_domain/tile_reset_domain_tile/fusion/fgra/fgra/pes_13/alu/logic_0/logicUnit_29       6.3504     0.0       6.3504      0.0000       0.0000 UnifiedCom_706
system/tile_prci_domain/tile_reset_domain_tile/fusion/fgra/fgra/pes_13/alu/logic_0/logicUnit_3       7.0560     0.0       7.0560      0.0000       0.0000 UnifiedCom_732
system/tile_prci_domain/tile_reset_domain_tile/fusion/fgra/fgra/pes_13/alu/logic_0/logicUnit_30       6.3504     0.0       6.3504      0.0000       0.0000 UnifiedCom_705
system/tile_prci_domain/tile_reset_domain_tile/fusion/fgra/fgra/pes_13/alu/logic_0/logicUnit_31       7.0560     0.0       7.0560      0.0000       0.0000 UnifiedCom_704
system/tile_prci_domain/tile_reset_domain_tile/fusion/fgra/fgra/pes_13/alu/logic_0/logicUnit_4       7.0560     0.0       7.0560      0.0000       0.0000 UnifiedCom_731
system/tile_prci_domain/tile_reset_domain_tile/fusion/fgra/fgra/pes_13/alu/logic_0/logicUnit_5       7.0560     0.0       7.0560      0.0000       0.0000 UnifiedCom_730
system/tile_prci_domain/tile_reset_domain_tile/fusion/fgra/fgra/pes_13/alu/logic_0/logicUnit_6       6.3504     0.0       6.3504      0.0000       0.0000 UnifiedCom_729
system/tile_prci_domain/tile_reset_domain_tile/fusion/fgra/fgra/pes_13/alu/logic_0/logicUnit_7       7.0560     0.0       7.0560      0.0000       0.0000 UnifiedCom_728
system/tile_prci_domain/tile_reset_domain_tile/fusion/fgra/fgra/pes_13/alu/logic_0/logicUnit_8       6.3504     0.0       6.3504      0.0000       0.0000 UnifiedCom_727
system/tile_prci_domain/tile_reset_domain_tile/fusion/fgra/fgra/pes_13/alu/logic_0/logicUnit_9       7.0560     0.0       7.0560      0.0000       0.0000 UnifiedCom_726
system/tile_prci_domain/tile_reset_domain_tile/fusion/fgra/fgra/pes_13/alu/multipler    5569.5361     0.2    5569.5361      0.0000       0.0000 Mul_22
system/tile_prci_domain/tile_reset_domain_tile/fusion/fgra/fgra/pes_13/alu/shift     689.6064     0.0     689.6064      0.0000       0.0000 SHIFT_22
system/tile_prci_domain/tile_reset_domain_tile/fusion/fgra/fgra/pes_13/alu/si2fp    1032.0576     0.0       0.0000      0.0000       0.0000 IntToFP_22
system/tile_prci_domain/tile_reset_domain_tile/fusion/fgra/fgra/pes_13/alu/si2fp/post_norm      47.0400     0.0      25.4016      0.0000       0.0000 IntToFP_postnorm_22
system/tile_prci_domain/tile_reset_domain_tile/fusion/fgra/fgra/pes_13/alu/si2fp/post_norm/rounder      21.6384     0.0      21.6384      0.0000       0.0000 RoundingUnit_265
system/tile_prci_domain/tile_reset_domain_tile/fusion/fgra/fgra/pes_13/alu/si2fp/pre_norm     985.0176     0.0     719.4768      0.0000       0.0000 IntToFP_prenorm_22
system/tile_prci_domain/tile_reset_domain_tile/fusion/fgra/fgra/pes_13/alu/si2fp/pre_norm/lza      76.6752     0.0      76.6752      0.0000       0.0000 LZA_2_22
system/tile_prci_domain/tile_reset_domain_tile/fusion/fgra/fgra/pes_13/alu/si2fp/pre_norm/neg_lzc_clz      95.7264     0.0      95.7264      0.0000       0.0000 CLZ_3_44
system/tile_prci_domain/tile_reset_domain_tile/fusion/fgra/fgra/pes_13/alu/si2fp/pre_norm/pos_lzc_clz      93.1392     0.0      93.1392      0.0000       0.0000 CLZ_3_45
system/tile_prci_domain/tile_reset_domain_tile/fusion/fgra/fgra/pes_13/cfg     569.6544     0.0     153.8208    415.8336       0.0000 ConfigMem_12_6
system/tile_prci_domain/tile_reset_domain_tile/fusion/fgra/fgra/pes_13/delayPipeCG    6919.8193     0.2    4048.0273   2871.7920       0.0000 SharedDelayPipe_24_12
system/tile_prci_domain/tile_reset_domain_tile/fusion/fgra/fgra/pes_13/delayPipeFG     205.0944     0.0     125.1264     79.9680       0.0000 SharedDelayPipe_25_6
system/tile_prci_domain/tile_reset_domain_tile/fusion/fgra/fgra/pes_13/dmr     151.4688     0.0       0.0000    151.4688       0.0000 DualModeReg_13
system/tile_prci_domain/tile_reset_domain_tile/fusion/fgra/fgra/pes_13/rf4alu       7.9968     0.0       3.2928      4.7040       0.0000 RF_18
system/tile_prci_domain/tile_reset_domain_tile/fusion/fgra/fgra/pes_14   40088.4292     1.2       8.4672      0.0000       0.0000 GPE_14
system/tile_prci_domain/tile_reset_domain_tile/fusion/fgra/fgra/pes_14/Muxn     254.9568     0.0     254.9568      0.0000       0.0000 Muxn_36_123
system/tile_prci_domain/tile_reset_domain_tile/fusion/fgra/fgra/pes_14/Muxn_1     254.4864     0.0     254.4864      0.0000       0.0000 Muxn_36_122
system/tile_prci_domain/tile_reset_domain_tile/fusion/fgra/fgra/pes_14/Muxn_2      10.1136     0.0      10.1136      0.0000       0.0000 Muxn_110_37
system/tile_prci_domain/tile_reset_domain_tile/fusion/fgra/fgra/pes_14/Muxn_3      10.1136     0.0      10.1136      0.0000       0.0000 Muxn_110_36
system/tile_prci_domain/tile_reset_domain_tile/fusion/fgra/fgra/pes_14/Muxn_4      10.1136     0.0      10.1136      0.0000       0.0000 Muxn_110_35
system/tile_prci_domain/tile_reset_domain_tile/fusion/fgra/fgra/pes_14/alu   31079.5635     0.9     768.6336      0.0000       0.0000 ALU_14_1
system/tile_prci_domain/tile_reset_domain_tile/fusion/fgra/fgra/pes_14/alu/arith     417.7152     0.0     417.7152      0.0000       0.0000 ARITH_21
system/tile_prci_domain/tile_reset_domain_tile/fusion/fgra/fgra/pes_14/alu/fadd    4887.4561     0.1       0.0000      0.0000       0.0000 FADD_31
system/tile_prci_domain/tile_reset_domain_tile/fusion/fgra/fgra/pes_14/alu/fadd/fcmaadd    4887.4561     0.1       2.3520      0.0000       0.0000 FCMA_ADD_31
system/tile_prci_domain/tile_reset_domain_tile/fusion/fgra/fgra/pes_14/alu/fadd/fcmaadd/fadd_s1    3408.2832     0.1     645.3888      0.0000       0.0000 FCMA_ADD_s1_31
system/tile_prci_domain/tile_reset_domain_tile/fusion/fgra/fgra/pes_14/alu/fadd/fcmaadd/fadd_s1/far_path_mods_0     840.6048     0.0     373.7328      0.0000       0.0000 FarPath_31
system/tile_prci_domain/tile_reset_domain_tile/fusion/fgra/fgra/pes_14/alu/fadd/fcmaadd/fadd_s1/far_path_mods_0/shiftRightJam     466.8720     0.0     466.8720      0.0000       0.0000 ShiftRightJam_32
system/tile_prci_domain/tile_reset_domain_tile/fusion/fgra/fgra/pes_14/alu/fadd/fcmaadd/fadd_s1/near_path_mods_0     969.9648     0.0     725.3568      0.0000       0.0000 NearPath_63
system/tile_prci_domain/tile_reset_domain_tile/fusion/fgra/fgra/pes_14/alu/fadd/fcmaadd/fadd_s1/near_path_mods_0/lza_ab     148.8816     0.0     148.8816      0.0000       0.0000 LZA_64
system/tile_prci_domain/tile_reset_domain_tile/fusion/fgra/fgra/pes_14/alu/fadd/fcmaadd/fadd_s1/near_path_mods_0/lzc_clz      95.7264     0.0      95.7264      0.0000       0.0000 CLZ_65
system/tile_prci_domain/tile_reset_domain_tile/fusion/fgra/fgra/pes_14/alu/fadd/fcmaadd/fadd_s1/near_path_mods_1     952.3248     0.0     713.8320      0.0000       0.0000 NearPath_62
system/tile_prci_domain/tile_reset_domain_tile/fusion/fgra/fgra/pes_14/alu/fadd/fcmaadd/fadd_s1/near_path_mods_1/lza_ab     141.8256     0.0     141.8256      0.0000       0.0000 LZA_63
system/tile_prci_domain/tile_reset_domain_tile/fusion/fgra/fgra/pes_14/alu/fadd/fcmaadd/fadd_s1/near_path_mods_1/lzc_clz      96.6672     0.0      96.6672      0.0000       0.0000 CLZ_64
system/tile_prci_domain/tile_reset_domain_tile/fusion/fgra/fgra/pes_14/alu/fadd/fcmaadd/fadd_s2    1476.8208     0.0    1080.5088      0.0000       0.0000 FCMA_ADD_s2_31
system/tile_prci_domain/tile_reset_domain_tile/fusion/fgra/fgra/pes_14/alu/fadd/fcmaadd/fadd_s2/far_path_rounder     206.7408     0.0     206.7408      0.0000       0.0000 RoundingUnit_198
system/tile_prci_domain/tile_reset_domain_tile/fusion/fgra/fgra/pes_14/alu/fadd/fcmaadd/fadd_s2/near_path_rounder     189.5712     0.0     189.5712      0.0000       0.0000 RoundingUnit_197
system/tile_prci_domain/tile_reset_domain_tile/fusion/fgra/fgra/pes_14/alu/fdiv   13888.0897     0.4     139.4736    884.5872       0.0000 fpDiv_21
system/tile_prci_domain/tile_reset_domain_tile/fusion/fgra/fgra/pes_14/alu/fdiv/inverter    9393.1825     0.3    1245.6192    881.2944       0.0000 fpInverter_21
system/tile_prci_domain/tile_reset_domain_tile/fusion/fgra/fgra/pes_14/alu/fdiv/inverter/adder     112.8960     0.0     112.8960      0.0000       0.0000 VarSizeAdder_21
system/tile_prci_domain/tile_reset_domain_tile/fusion/fgra/fgra/pes_14/alu/fdiv/inverter/mul1    1683.7968     0.1    1683.7968      0.0000       0.0000 VarSizeMul_21
system/tile_prci_domain/tile_reset_domain_tile/fusion/fgra/fgra/pes_14/alu/fdiv/inverter/mul2    1430.7216     0.0    1430.7216      0.0000       0.0000 mul2_21
system/tile_prci_domain/tile_reset_domain_tile/fusion/fgra/fgra/pes_14/alu/fdiv/inverter/mul3    2980.6896     0.1    2980.6896      0.0000       0.0000 mul3_21
system/tile_prci_domain/tile_reset_domain_tile/fusion/fgra/fgra/pes_14/alu/fdiv/inverter/sub2     139.4736     0.0     139.4736      0.0000       0.0000 VarSizeSub_21
system/tile_prci_domain/tile_reset_domain_tile/fusion/fgra/fgra/pes_14/alu/fdiv/inverter/tableC     180.8688     0.0     180.8688      0.0000       0.0000 lookupC_21
system/tile_prci_domain/tile_reset_domain_tile/fusion/fgra/fgra/pes_14/alu/fdiv/inverter/tableJ     273.5376     0.0     273.5376      0.0000       0.0000 lookupJ_21
system/tile_prci_domain/tile_reset_domain_tile/fusion/fgra/fgra/pes_14/alu/fdiv/inverter/tableL     464.2848     0.0     337.2768    127.0080       0.0000 lookupL_21
system/tile_prci_domain/tile_reset_domain_tile/fusion/fgra/fgra/pes_14/alu/fdiv/multiplier    3470.8464     0.1    3284.5680    164.6400       0.0000 FPMult_21
system/tile_prci_domain/tile_reset_domain_tile/fusion/fgra/fgra/pes_14/alu/fdiv/multiplier/rounder      21.6384     0.0      21.6384      0.0000       0.0000 MantissaRounder_21
system/tile_prci_domain/tile_reset_domain_tile/fusion/fgra/fgra/pes_14/alu/fmax     275.4192     0.0     275.4192      0.0000       0.0000 FCMP_63
system/tile_prci_domain/tile_reset_domain_tile/fusion/fgra/fgra/pes_14/alu/fmin     271.8912     0.0     271.8912      0.0000       0.0000 FCMP_64
system/tile_prci_domain/tile_reset_domain_tile/fusion/fgra/fgra/pes_14/alu/fmul    2211.3504     0.1      14.1120    555.7776       0.0000 FMUL_share_21
system/tile_prci_domain/tile_reset_domain_tile/fusion/fgra/fgra/pes_14/alu/fmul/fmul_s1     399.3696     0.0     321.2832      0.0000       0.0000 FMUL_s1_21
system/tile_prci_domain/tile_reset_domain_tile/fusion/fgra/fgra/pes_14/alu/fmul/fmul_s1/lzc_clz      78.0864     0.0      78.0864      0.0000       0.0000 CLZ_2_21
system/tile_prci_domain/tile_reset_domain_tile/fusion/fgra/fgra/pes_14/alu/fmul/fmul_s2    1037.2320     0.0    1037.2320      0.0000       0.0000 FMUL_s2_21
system/tile_prci_domain/tile_reset_domain_tile/fusion/fgra/fgra/pes_14/alu/fmul/fmul_s3     204.8592     0.0     104.1936      0.0000       0.0000 FMUL_s3_21
system/tile_prci_domain/tile_reset_domain_tile/fusion/fgra/fgra/pes_14/alu/fmul/fmul_s3/rounder     100.6656     0.0     100.6656      0.0000       0.0000 RoundingUnit_264
system/tile_prci_domain/tile_reset_domain_tile/fusion/fgra/fgra/pes_14/alu/fp2si     953.9712     0.0       0.0000      0.0000       0.0000 FPToInt_21
system/tile_prci_domain/tile_reset_domain_tile/fusion/fgra/fgra/pes_14/alu/fp2si/s1     108.6624     0.0     108.6624      0.0000       0.0000 FPToInt_s1_21
system/tile_prci_domain/tile_reset_domain_tile/fusion/fgra/fgra/pes_14/alu/fp2si/s2     845.3088     0.0     582.8256      0.0000       0.0000 FPToInt_s2_21
system/tile_prci_domain/tile_reset_domain_tile/fusion/fgra/fgra/pes_14/alu/fp2si/s2/rpath_rounder      23.0496     0.0      23.0496      0.0000       0.0000 RoundingUnit_6_21
system/tile_prci_domain/tile_reset_domain_tile/fusion/fgra/fgra/pes_14/alu/fp2si/s2/shiftRightJam     239.4336     0.0     239.4336      0.0000       0.0000 ShiftRightJam_1_21
system/tile_prci_domain/tile_reset_domain_tile/fusion/fgra/fgra/pes_14/alu/logic_0     223.2048     0.0       9.4080      0.0000       0.0000 LOGIC_21
system/tile_prci_domain/tile_reset_domain_tile/fusion/fgra/fgra/pes_14/alu/logic_0/logicUnit       6.3504     0.0       6.3504      0.0000       0.0000 UnifiedCom_703
system/tile_prci_domain/tile_reset_domain_tile/fusion/fgra/fgra/pes_14/alu/logic_0/logicUnit_1       6.3504     0.0       6.3504      0.0000       0.0000 UnifiedCom_702
system/tile_prci_domain/tile_reset_domain_tile/fusion/fgra/fgra/pes_14/alu/logic_0/logicUnit_10       7.0560     0.0       7.0560      0.0000       0.0000 UnifiedCom_693
system/tile_prci_domain/tile_reset_domain_tile/fusion/fgra/fgra/pes_14/alu/logic_0/logicUnit_11       7.0560     0.0       7.0560      0.0000       0.0000 UnifiedCom_692
system/tile_prci_domain/tile_reset_domain_tile/fusion/fgra/fgra/pes_14/alu/logic_0/logicUnit_12       6.3504     0.0       6.3504      0.0000       0.0000 UnifiedCom_691
system/tile_prci_domain/tile_reset_domain_tile/fusion/fgra/fgra/pes_14/alu/logic_0/logicUnit_13       7.0560     0.0       7.0560      0.0000       0.0000 UnifiedCom_690
system/tile_prci_domain/tile_reset_domain_tile/fusion/fgra/fgra/pes_14/alu/logic_0/logicUnit_14       7.0560     0.0       7.0560      0.0000       0.0000 UnifiedCom_689
system/tile_prci_domain/tile_reset_domain_tile/fusion/fgra/fgra/pes_14/alu/logic_0/logicUnit_15       7.0560     0.0       7.0560      0.0000       0.0000 UnifiedCom_688
system/tile_prci_domain/tile_reset_domain_tile/fusion/fgra/fgra/pes_14/alu/logic_0/logicUnit_16       6.3504     0.0       6.3504      0.0000       0.0000 UnifiedCom_687
system/tile_prci_domain/tile_reset_domain_tile/fusion/fgra/fgra/pes_14/alu/logic_0/logicUnit_17       6.3504     0.0       6.3504      0.0000       0.0000 UnifiedCom_686
system/tile_prci_domain/tile_reset_domain_tile/fusion/fgra/fgra/pes_14/alu/logic_0/logicUnit_18       6.3504     0.0       6.3504      0.0000       0.0000 UnifiedCom_685
system/tile_prci_domain/tile_reset_domain_tile/fusion/fgra/fgra/pes_14/alu/logic_0/logicUnit_19       6.3504     0.0       6.3504      0.0000       0.0000 UnifiedCom_684
system/tile_prci_domain/tile_reset_domain_tile/fusion/fgra/fgra/pes_14/alu/logic_0/logicUnit_2       6.3504     0.0       6.3504      0.0000       0.0000 UnifiedCom_701
system/tile_prci_domain/tile_reset_domain_tile/fusion/fgra/fgra/pes_14/alu/logic_0/logicUnit_20       6.3504     0.0       6.3504      0.0000       0.0000 UnifiedCom_683
system/tile_prci_domain/tile_reset_domain_tile/fusion/fgra/fgra/pes_14/alu/logic_0/logicUnit_21       6.3504     0.0       6.3504      0.0000       0.0000 UnifiedCom_682
system/tile_prci_domain/tile_reset_domain_tile/fusion/fgra/fgra/pes_14/alu/logic_0/logicUnit_22       6.3504     0.0       6.3504      0.0000       0.0000 UnifiedCom_681
system/tile_prci_domain/tile_reset_domain_tile/fusion/fgra/fgra/pes_14/alu/logic_0/logicUnit_23       6.3504     0.0       6.3504      0.0000       0.0000 UnifiedCom_680
system/tile_prci_domain/tile_reset_domain_tile/fusion/fgra/fgra/pes_14/alu/logic_0/logicUnit_24       7.0560     0.0       7.0560      0.0000       0.0000 UnifiedCom_679
system/tile_prci_domain/tile_reset_domain_tile/fusion/fgra/fgra/pes_14/alu/logic_0/logicUnit_25       6.3504     0.0       6.3504      0.0000       0.0000 UnifiedCom_678
system/tile_prci_domain/tile_reset_domain_tile/fusion/fgra/fgra/pes_14/alu/logic_0/logicUnit_26       6.3504     0.0       6.3504      0.0000       0.0000 UnifiedCom_677
system/tile_prci_domain/tile_reset_domain_tile/fusion/fgra/fgra/pes_14/alu/logic_0/logicUnit_27       7.0560     0.0       7.0560      0.0000       0.0000 UnifiedCom_676
system/tile_prci_domain/tile_reset_domain_tile/fusion/fgra/fgra/pes_14/alu/logic_0/logicUnit_28       6.3504     0.0       6.3504      0.0000       0.0000 UnifiedCom_675
system/tile_prci_domain/tile_reset_domain_tile/fusion/fgra/fgra/pes_14/alu/logic_0/logicUnit_29       7.0560     0.0       7.0560      0.0000       0.0000 UnifiedCom_674
system/tile_prci_domain/tile_reset_domain_tile/fusion/fgra/fgra/pes_14/alu/logic_0/logicUnit_3       6.3504     0.0       6.3504      0.0000       0.0000 UnifiedCom_700
system/tile_prci_domain/tile_reset_domain_tile/fusion/fgra/fgra/pes_14/alu/logic_0/logicUnit_30       7.0560     0.0       7.0560      0.0000       0.0000 UnifiedCom_673
system/tile_prci_domain/tile_reset_domain_tile/fusion/fgra/fgra/pes_14/alu/logic_0/logicUnit_31       7.0560     0.0       7.0560      0.0000       0.0000 UnifiedCom_672
system/tile_prci_domain/tile_reset_domain_tile/fusion/fgra/fgra/pes_14/alu/logic_0/logicUnit_4       7.0560     0.0       7.0560      0.0000       0.0000 UnifiedCom_699
system/tile_prci_domain/tile_reset_domain_tile/fusion/fgra/fgra/pes_14/alu/logic_0/logicUnit_5       7.0560     0.0       7.0560      0.0000       0.0000 UnifiedCom_698
system/tile_prci_domain/tile_reset_domain_tile/fusion/fgra/fgra/pes_14/alu/logic_0/logicUnit_6       7.0560     0.0       7.0560      0.0000       0.0000 UnifiedCom_697
system/tile_prci_domain/tile_reset_domain_tile/fusion/fgra/fgra/pes_14/alu/logic_0/logicUnit_7       7.0560     0.0       7.0560      0.0000       0.0000 UnifiedCom_696
system/tile_prci_domain/tile_reset_domain_tile/fusion/fgra/fgra/pes_14/alu/logic_0/logicUnit_8       6.3504     0.0       6.3504      0.0000       0.0000 UnifiedCom_695
system/tile_prci_domain/tile_reset_domain_tile/fusion/fgra/fgra/pes_14/alu/logic_0/logicUnit_9       7.0560     0.0       7.0560      0.0000       0.0000 UnifiedCom_694
system/tile_prci_domain/tile_reset_domain_tile/fusion/fgra/fgra/pes_14/alu/multipler    5457.1105     0.2    5457.1105      0.0000       0.0000 Mul_21
system/tile_prci_domain/tile_reset_domain_tile/fusion/fgra/fgra/pes_14/alu/shift     689.3712     0.0     689.3712      0.0000       0.0000 SHIFT_21
system/tile_prci_domain/tile_reset_domain_tile/fusion/fgra/fgra/pes_14/alu/si2fp    1035.3504     0.0       0.0000      0.0000       0.0000 IntToFP_21
system/tile_prci_domain/tile_reset_domain_tile/fusion/fgra/fgra/pes_14/alu/si2fp/post_norm      47.0400     0.0      25.4016      0.0000       0.0000 IntToFP_postnorm_21
system/tile_prci_domain/tile_reset_domain_tile/fusion/fgra/fgra/pes_14/alu/si2fp/post_norm/rounder      21.6384     0.0      21.6384      0.0000       0.0000 RoundingUnit_263
system/tile_prci_domain/tile_reset_domain_tile/fusion/fgra/fgra/pes_14/alu/si2fp/pre_norm     988.3104     0.0     720.6528      0.0000       0.0000 IntToFP_prenorm_21
system/tile_prci_domain/tile_reset_domain_tile/fusion/fgra/fgra/pes_14/alu/si2fp/pre_norm/lza      77.8512     0.0      77.8512      0.0000       0.0000 LZA_2_21
system/tile_prci_domain/tile_reset_domain_tile/fusion/fgra/fgra/pes_14/alu/si2fp/pre_norm/neg_lzc_clz      92.4336     0.0      92.4336      0.0000       0.0000 CLZ_3_42
system/tile_prci_domain/tile_reset_domain_tile/fusion/fgra/fgra/pes_14/alu/si2fp/pre_norm/pos_lzc_clz      97.3728     0.0      97.3728      0.0000       0.0000 CLZ_3_43
system/tile_prci_domain/tile_reset_domain_tile/fusion/fgra/fgra/pes_14/cfg     694.7808     0.0     194.2752    500.5056       0.0000 ConfigMem_36_5
system/tile_prci_domain/tile_reset_domain_tile/fusion/fgra/fgra/pes_14/delayPipeCG    6971.0929     0.2    4080.0145   2891.0784       0.0000 SharedDelayPipe_24_11
system/tile_prci_domain/tile_reset_domain_tile/fusion/fgra/fgra/pes_14/delayPipeFG     611.7552     0.0     447.1152    164.6400       0.0000 SharedDelayPipe_43_5
system/tile_prci_domain/tile_reset_domain_tile/fusion/fgra/fgra/pes_14/dmr     159.9360     0.0       0.0000    159.9360       0.0000 DualModeReg_12
system/tile_prci_domain/tile_reset_domain_tile/fusion/fgra/fgra/pes_14/lut       5.8800     0.0       5.8800      0.0000       0.0000 LUT_5
system/tile_prci_domain/tile_reset_domain_tile/fusion/fgra/fgra/pes_14/rf4alu       8.7024     0.0       3.9984      4.7040       0.0000 RF_17
system/tile_prci_domain/tile_reset_domain_tile/fusion/fgra/fgra/pes_14/rf4lut       8.4672     0.0       3.7632      4.7040       0.0000 RF_16
system/tile_prci_domain/tile_reset_domain_tile/fusion/fgra/fgra/pes_15   35069.2611     1.0       7.2912      0.0000       0.0000 GPE_15
system/tile_prci_domain/tile_reset_domain_tile/fusion/fgra/fgra/pes_15/Muxn     263.6592     0.0     263.6592      0.0000       0.0000 Muxn_36_121
system/tile_prci_domain/tile_reset_domain_tile/fusion/fgra/fgra/pes_15/Muxn_1     255.4272     0.0     255.4272      0.0000       0.0000 Muxn_36_120
system/tile_prci_domain/tile_reset_domain_tile/fusion/fgra/fgra/pes_15/Muxn_2      10.1136     0.0      10.1136      0.0000       0.0000 Muxn_110_34
system/tile_prci_domain/tile_reset_domain_tile/fusion/fgra/fgra/pes_15/Muxn_3      10.1136     0.0      10.1136      0.0000       0.0000 Muxn_110_33
system/tile_prci_domain/tile_reset_domain_tile/fusion/fgra/fgra/pes_15/Muxn_4      10.1136     0.0      10.1136      0.0000       0.0000 Muxn_110_32
system/tile_prci_domain/tile_reset_domain_tile/fusion/fgra/fgra/pes_15/alu   26173.9971     0.8     645.1536      0.0000       0.0000 ALU_15_3
system/tile_prci_domain/tile_reset_domain_tile/fusion/fgra/fgra/pes_15/alu/arith     418.1856     0.0     418.1856      0.0000       0.0000 ARITH_20
system/tile_prci_domain/tile_reset_domain_tile/fusion/fgra/fgra/pes_15/alu/fadd    4935.6721     0.1       0.0000      0.0000       0.0000 FADD_30
system/tile_prci_domain/tile_reset_domain_tile/fusion/fgra/fgra/pes_15/alu/fadd/fcmaadd    4935.6721     0.1       2.3520      0.0000       0.0000 FCMA_ADD_30
system/tile_prci_domain/tile_reset_domain_tile/fusion/fgra/fgra/pes_15/alu/fadd/fcmaadd/fadd_s1    3408.2832     0.1     631.9824      0.0000       0.0000 FCMA_ADD_s1_30
system/tile_prci_domain/tile_reset_domain_tile/fusion/fgra/fgra/pes_15/alu/fadd/fcmaadd/fadd_s1/far_path_mods_0     834.9600     0.0     359.3856      0.0000       0.0000 FarPath_30
system/tile_prci_domain/tile_reset_domain_tile/fusion/fgra/fgra/pes_15/alu/fadd/fcmaadd/fadd_s1/far_path_mods_0/shiftRightJam     475.5744     0.0     475.5744      0.0000       0.0000 ShiftRightJam_31
system/tile_prci_domain/tile_reset_domain_tile/fusion/fgra/fgra/pes_15/alu/fadd/fcmaadd/fadd_s1/near_path_mods_0     976.7856     0.0     724.1808      0.0000       0.0000 NearPath_61
system/tile_prci_domain/tile_reset_domain_tile/fusion/fgra/fgra/pes_15/alu/fadd/fcmaadd/fadd_s1/near_path_mods_0/lza_ab     144.8832     0.0     144.8832      0.0000       0.0000 LZA_62
system/tile_prci_domain/tile_reset_domain_tile/fusion/fgra/fgra/pes_15/alu/fadd/fcmaadd/fadd_s1/near_path_mods_0/lzc_clz     107.7216     0.0     107.7216      0.0000       0.0000 CLZ_63
system/tile_prci_domain/tile_reset_domain_tile/fusion/fgra/fgra/pes_15/alu/fadd/fcmaadd/fadd_s1/near_path_mods_1     964.5552     0.0     725.3568      0.0000       0.0000 NearPath_60
system/tile_prci_domain/tile_reset_domain_tile/fusion/fgra/fgra/pes_15/alu/fadd/fcmaadd/fadd_s1/near_path_mods_1/lza_ab     142.5312     0.0     142.5312      0.0000       0.0000 LZA_61
system/tile_prci_domain/tile_reset_domain_tile/fusion/fgra/fgra/pes_15/alu/fadd/fcmaadd/fadd_s1/near_path_mods_1/lzc_clz      96.6672     0.0      96.6672      0.0000       0.0000 CLZ_62
system/tile_prci_domain/tile_reset_domain_tile/fusion/fgra/fgra/pes_15/alu/fadd/fcmaadd/fadd_s2    1525.0368     0.0    1094.1504      0.0000       0.0000 FCMA_ADD_s2_30
system/tile_prci_domain/tile_reset_domain_tile/fusion/fgra/fgra/pes_15/alu/fadd/fcmaadd/fadd_s2/far_path_rounder     234.7296     0.0     234.7296      0.0000       0.0000 RoundingUnit_195
system/tile_prci_domain/tile_reset_domain_tile/fusion/fgra/fgra/pes_15/alu/fadd/fcmaadd/fadd_s2/near_path_rounder     196.1568     0.0     196.1568      0.0000       0.0000 RoundingUnit_194
system/tile_prci_domain/tile_reset_domain_tile/fusion/fgra/fgra/pes_15/alu/fdiv   13858.6897     0.4     137.8272    884.3520       0.0000 fpDiv_20
system/tile_prci_domain/tile_reset_domain_tile/fusion/fgra/fgra/pes_15/alu/fdiv/inverter    9364.0177     0.3    1218.1008    881.5296       0.0000 fpInverter_20
system/tile_prci_domain/tile_reset_domain_tile/fusion/fgra/fgra/pes_15/alu/fdiv/inverter/adder     112.8960     0.0     112.8960      0.0000       0.0000 VarSizeAdder_20
system/tile_prci_domain/tile_reset_domain_tile/fusion/fgra/fgra/pes_15/alu/fdiv/inverter/mul1    1686.3840     0.1    1686.3840      0.0000       0.0000 VarSizeMul_20
system/tile_prci_domain/tile_reset_domain_tile/fusion/fgra/fgra/pes_15/alu/fdiv/inverter/mul2    1416.6096     0.0    1416.6096      0.0000       0.0000 mul2_20
system/tile_prci_domain/tile_reset_domain_tile/fusion/fgra/fgra/pes_15/alu/fdiv/inverter/mul3    2984.6880     0.1    2984.6880      0.0000       0.0000 mul3_20
system/tile_prci_domain/tile_reset_domain_tile/fusion/fgra/fgra/pes_15/alu/fdiv/inverter/sub2     139.4736     0.0     139.4736      0.0000       0.0000 VarSizeSub_20
system/tile_prci_domain/tile_reset_domain_tile/fusion/fgra/fgra/pes_15/alu/fdiv/inverter/tableC     179.6928     0.0     179.6928      0.0000       0.0000 lookupC_20
system/tile_prci_domain/tile_reset_domain_tile/fusion/fgra/fgra/pes_15/alu/fdiv/inverter/tableJ     280.8288     0.0     280.8288      0.0000       0.0000 lookupJ_20
system/tile_prci_domain/tile_reset_domain_tile/fusion/fgra/fgra/pes_15/alu/fdiv/inverter/tableL     463.8144     0.0     336.8064    127.0080       0.0000 lookupL_20
system/tile_prci_domain/tile_reset_domain_tile/fusion/fgra/fgra/pes_15/alu/fdiv/multiplier    3472.4928     0.1    3286.2144    164.6400       0.0000 FPMult_20
system/tile_prci_domain/tile_reset_domain_tile/fusion/fgra/fgra/pes_15/alu/fdiv/multiplier/rounder      21.6384     0.0      21.6384      0.0000       0.0000 MantissaRounder_20
system/tile_prci_domain/tile_reset_domain_tile/fusion/fgra/fgra/pes_15/alu/fmax     271.4208     0.0     271.4208      0.0000       0.0000 FCMP_60
system/tile_prci_domain/tile_reset_domain_tile/fusion/fgra/fgra/pes_15/alu/fmin     269.7744     0.0     269.7744      0.0000       0.0000 FCMP_61
system/tile_prci_domain/tile_reset_domain_tile/fusion/fgra/fgra/pes_15/alu/fp2si     956.7936     0.0       0.0000      0.0000       0.0000 FPToInt_20
system/tile_prci_domain/tile_reset_domain_tile/fusion/fgra/fgra/pes_15/alu/fp2si/s1     106.7808     0.0     106.7808      0.0000       0.0000 FPToInt_s1_20
system/tile_prci_domain/tile_reset_domain_tile/fusion/fgra/fgra/pes_15/alu/fp2si/s2     850.0128     0.0     581.1792      0.0000       0.0000 FPToInt_s2_20
system/tile_prci_domain/tile_reset_domain_tile/fusion/fgra/fgra/pes_15/alu/fp2si/s2/rpath_rounder      22.5792     0.0      22.5792      0.0000       0.0000 RoundingUnit_6_20
system/tile_prci_domain/tile_reset_domain_tile/fusion/fgra/fgra/pes_15/alu/fp2si/s2/shiftRightJam     246.2544     0.0     246.2544      0.0000       0.0000 ShiftRightJam_1_20
system/tile_prci_domain/tile_reset_domain_tile/fusion/fgra/fgra/pes_15/alu/logic_0     222.4992     0.0       9.4080      0.0000       0.0000 LOGIC_20
system/tile_prci_domain/tile_reset_domain_tile/fusion/fgra/fgra/pes_15/alu/logic_0/logicUnit       6.3504     0.0       6.3504      0.0000       0.0000 UnifiedCom_671
system/tile_prci_domain/tile_reset_domain_tile/fusion/fgra/fgra/pes_15/alu/logic_0/logicUnit_1       6.3504     0.0       6.3504      0.0000       0.0000 UnifiedCom_670
system/tile_prci_domain/tile_reset_domain_tile/fusion/fgra/fgra/pes_15/alu/logic_0/logicUnit_10       6.3504     0.0       6.3504      0.0000       0.0000 UnifiedCom_661
system/tile_prci_domain/tile_reset_domain_tile/fusion/fgra/fgra/pes_15/alu/logic_0/logicUnit_11       6.3504     0.0       6.3504      0.0000       0.0000 UnifiedCom_660
system/tile_prci_domain/tile_reset_domain_tile/fusion/fgra/fgra/pes_15/alu/logic_0/logicUnit_12       6.3504     0.0       6.3504      0.0000       0.0000 UnifiedCom_659
system/tile_prci_domain/tile_reset_domain_tile/fusion/fgra/fgra/pes_15/alu/logic_0/logicUnit_13       7.0560     0.0       7.0560      0.0000       0.0000 UnifiedCom_658
system/tile_prci_domain/tile_reset_domain_tile/fusion/fgra/fgra/pes_15/alu/logic_0/logicUnit_14       6.3504     0.0       6.3504      0.0000       0.0000 UnifiedCom_657
system/tile_prci_domain/tile_reset_domain_tile/fusion/fgra/fgra/pes_15/alu/logic_0/logicUnit_15       6.3504     0.0       6.3504      0.0000       0.0000 UnifiedCom_656
system/tile_prci_domain/tile_reset_domain_tile/fusion/fgra/fgra/pes_15/alu/logic_0/logicUnit_16       6.3504     0.0       6.3504      0.0000       0.0000 UnifiedCom_655
system/tile_prci_domain/tile_reset_domain_tile/fusion/fgra/fgra/pes_15/alu/logic_0/logicUnit_17       6.3504     0.0       6.3504      0.0000       0.0000 UnifiedCom_654
system/tile_prci_domain/tile_reset_domain_tile/fusion/fgra/fgra/pes_15/alu/logic_0/logicUnit_18       6.3504     0.0       6.3504      0.0000       0.0000 UnifiedCom_653
system/tile_prci_domain/tile_reset_domain_tile/fusion/fgra/fgra/pes_15/alu/logic_0/logicUnit_19       6.3504     0.0       6.3504      0.0000       0.0000 UnifiedCom_652
system/tile_prci_domain/tile_reset_domain_tile/fusion/fgra/fgra/pes_15/alu/logic_0/logicUnit_2       6.3504     0.0       6.3504      0.0000       0.0000 UnifiedCom_669
system/tile_prci_domain/tile_reset_domain_tile/fusion/fgra/fgra/pes_15/alu/logic_0/logicUnit_20       7.0560     0.0       7.0560      0.0000       0.0000 UnifiedCom_651
system/tile_prci_domain/tile_reset_domain_tile/fusion/fgra/fgra/pes_15/alu/logic_0/logicUnit_21       7.0560     0.0       7.0560      0.0000       0.0000 UnifiedCom_650
system/tile_prci_domain/tile_reset_domain_tile/fusion/fgra/fgra/pes_15/alu/logic_0/logicUnit_22       7.0560     0.0       7.0560      0.0000       0.0000 UnifiedCom_649
system/tile_prci_domain/tile_reset_domain_tile/fusion/fgra/fgra/pes_15/alu/logic_0/logicUnit_23       7.0560     0.0       7.0560      0.0000       0.0000 UnifiedCom_648
system/tile_prci_domain/tile_reset_domain_tile/fusion/fgra/fgra/pes_15/alu/logic_0/logicUnit_24       6.3504     0.0       6.3504      0.0000       0.0000 UnifiedCom_647
system/tile_prci_domain/tile_reset_domain_tile/fusion/fgra/fgra/pes_15/alu/logic_0/logicUnit_25       6.3504     0.0       6.3504      0.0000       0.0000 UnifiedCom_646
system/tile_prci_domain/tile_reset_domain_tile/fusion/fgra/fgra/pes_15/alu/logic_0/logicUnit_26       7.0560     0.0       7.0560      0.0000       0.0000 UnifiedCom_645
system/tile_prci_domain/tile_reset_domain_tile/fusion/fgra/fgra/pes_15/alu/logic_0/logicUnit_27       7.0560     0.0       7.0560      0.0000       0.0000 UnifiedCom_644
system/tile_prci_domain/tile_reset_domain_tile/fusion/fgra/fgra/pes_15/alu/logic_0/logicUnit_28       7.0560     0.0       7.0560      0.0000       0.0000 UnifiedCom_643
system/tile_prci_domain/tile_reset_domain_tile/fusion/fgra/fgra/pes_15/alu/logic_0/logicUnit_29       7.0560     0.0       7.0560      0.0000       0.0000 UnifiedCom_642
system/tile_prci_domain/tile_reset_domain_tile/fusion/fgra/fgra/pes_15/alu/logic_0/logicUnit_3       6.3504     0.0       6.3504      0.0000       0.0000 UnifiedCom_668
system/tile_prci_domain/tile_reset_domain_tile/fusion/fgra/fgra/pes_15/alu/logic_0/logicUnit_30       7.0560     0.0       7.0560      0.0000       0.0000 UnifiedCom_641
system/tile_prci_domain/tile_reset_domain_tile/fusion/fgra/fgra/pes_15/alu/logic_0/logicUnit_31       6.3504     0.0       6.3504      0.0000       0.0000 UnifiedCom_640
system/tile_prci_domain/tile_reset_domain_tile/fusion/fgra/fgra/pes_15/alu/logic_0/logicUnit_4       7.0560     0.0       7.0560      0.0000       0.0000 UnifiedCom_667
system/tile_prci_domain/tile_reset_domain_tile/fusion/fgra/fgra/pes_15/alu/logic_0/logicUnit_5       7.0560     0.0       7.0560      0.0000       0.0000 UnifiedCom_666
system/tile_prci_domain/tile_reset_domain_tile/fusion/fgra/fgra/pes_15/alu/logic_0/logicUnit_6       7.0560     0.0       7.0560      0.0000       0.0000 UnifiedCom_665
system/tile_prci_domain/tile_reset_domain_tile/fusion/fgra/fgra/pes_15/alu/logic_0/logicUnit_7       7.0560     0.0       7.0560      0.0000       0.0000 UnifiedCom_664
system/tile_prci_domain/tile_reset_domain_tile/fusion/fgra/fgra/pes_15/alu/logic_0/logicUnit_8       6.3504     0.0       6.3504      0.0000       0.0000 UnifiedCom_663
system/tile_prci_domain/tile_reset_domain_tile/fusion/fgra/fgra/pes_15/alu/logic_0/logicUnit_9       6.3504     0.0       6.3504      0.0000       0.0000 UnifiedCom_662
system/tile_prci_domain/tile_reset_domain_tile/fusion/fgra/fgra/pes_15/alu/multipler    2857.4448     0.1    2857.4448      0.0000       0.0000 Mul_20
system/tile_prci_domain/tile_reset_domain_tile/fusion/fgra/fgra/pes_15/alu/shift     688.9008     0.0     688.9008      0.0000       0.0000 SHIFT_20
system/tile_prci_domain/tile_reset_domain_tile/fusion/fgra/fgra/pes_15/alu/si2fp    1049.4624     0.0       0.0000      0.0000       0.0000 IntToFP_20
system/tile_prci_domain/tile_reset_domain_tile/fusion/fgra/fgra/pes_15/alu/si2fp/post_norm      47.0400     0.0      25.4016      0.0000       0.0000 IntToFP_postnorm_20
system/tile_prci_domain/tile_reset_domain_tile/fusion/fgra/fgra/pes_15/alu/si2fp/post_norm/rounder      21.6384     0.0      21.6384      0.0000       0.0000 RoundingUnit_261
system/tile_prci_domain/tile_reset_domain_tile/fusion/fgra/fgra/pes_15/alu/si2fp/pre_norm    1002.4224     0.0     725.8272      0.0000       0.0000 IntToFP_prenorm_20
system/tile_prci_domain/tile_reset_domain_tile/fusion/fgra/fgra/pes_15/alu/si2fp/pre_norm/lza      76.6752     0.0      76.6752      0.0000       0.0000 LZA_2_20
system/tile_prci_domain/tile_reset_domain_tile/fusion/fgra/fgra/pes_15/alu/si2fp/pre_norm/neg_lzc_clz      99.4896     0.0      99.4896      0.0000       0.0000 CLZ_3_40
system/tile_prci_domain/tile_reset_domain_tile/fusion/fgra/fgra/pes_15/alu/si2fp/pre_norm/pos_lzc_clz     100.4304     0.0     100.4304      0.0000       0.0000 CLZ_3_41
system/tile_prci_domain/tile_reset_domain_tile/fusion/fgra/fgra/pes_15/cfg     694.7808     0.0     194.2752    500.5056       0.0000 ConfigMem_36_4
system/tile_prci_domain/tile_reset_domain_tile/fusion/fgra/fgra/pes_15/delayPipeCG    6857.2561     0.2    3966.1777   2891.0784       0.0000 SharedDelayPipe_24_10
system/tile_prci_domain/tile_reset_domain_tile/fusion/fgra/fgra/pes_15/delayPipeFG     611.7552     0.0     447.1152    164.6400       0.0000 SharedDelayPipe_43_4
system/tile_prci_domain/tile_reset_domain_tile/fusion/fgra/fgra/pes_15/dmr     151.7040     0.0       0.0000    151.7040       0.0000 DualModeReg_11
system/tile_prci_domain/tile_reset_domain_tile/fusion/fgra/fgra/pes_15/lut       5.8800     0.0       5.8800      0.0000       0.0000 LUT_4
system/tile_prci_domain/tile_reset_domain_tile/fusion/fgra/fgra/pes_15/rf4alu       8.2320     0.0       3.5280      4.7040       0.0000 RF_15
system/tile_prci_domain/tile_reset_domain_tile/fusion/fgra/fgra/pes_15/rf4lut       8.9376     0.0       4.2336      4.7040       0.0000 RF_14
system/tile_prci_domain/tile_reset_domain_tile/fusion/fgra/fgra/pes_16   35336.9187     1.1       8.4672      0.0000       0.0000 GPE_16
system/tile_prci_domain/tile_reset_domain_tile/fusion/fgra/fgra/pes_16/Muxn     249.5472     0.0     249.5472      0.0000       0.0000 Muxn_36_119
system/tile_prci_domain/tile_reset_domain_tile/fusion/fgra/fgra/pes_16/Muxn_1     245.3136     0.0     245.3136      0.0000       0.0000 Muxn_36_118
system/tile_prci_domain/tile_reset_domain_tile/fusion/fgra/fgra/pes_16/Muxn_2      10.1136     0.0      10.1136      0.0000       0.0000 Muxn_110_31
system/tile_prci_domain/tile_reset_domain_tile/fusion/fgra/fgra/pes_16/Muxn_3      10.1136     0.0      10.1136      0.0000       0.0000 Muxn_110_30
system/tile_prci_domain/tile_reset_domain_tile/fusion/fgra/fgra/pes_16/Muxn_4      10.1136     0.0      10.1136      0.0000       0.0000 Muxn_110_29
system/tile_prci_domain/tile_reset_domain_tile/fusion/fgra/fgra/pes_16/alu   26418.1347     0.8     650.3280      0.0000       0.0000 ALU_15_2
system/tile_prci_domain/tile_reset_domain_tile/fusion/fgra/fgra/pes_16/alu/arith     422.6544     0.0     422.6544      0.0000       0.0000 ARITH_19
system/tile_prci_domain/tile_reset_domain_tile/fusion/fgra/fgra/pes_16/alu/fadd    4982.7121     0.1       0.0000      0.0000       0.0000 FADD_29
system/tile_prci_domain/tile_reset_domain_tile/fusion/fgra/fgra/pes_16/alu/fadd/fcmaadd    4982.7121     0.1       2.3520      0.0000       0.0000 FCMA_ADD_29
system/tile_prci_domain/tile_reset_domain_tile/fusion/fgra/fgra/pes_16/alu/fadd/fcmaadd/fadd_s1    3399.1105     0.1     641.8608      0.0000       0.0000 FCMA_ADD_s1_29
system/tile_prci_domain/tile_reset_domain_tile/fusion/fgra/fgra/pes_16/alu/fadd/fcmaadd/fadd_s1/far_path_mods_0     851.6592     0.0     383.3760      0.0000       0.0000 FarPath_29
system/tile_prci_domain/tile_reset_domain_tile/fusion/fgra/fgra/pes_16/alu/fadd/fcmaadd/fadd_s1/far_path_mods_0/shiftRightJam     468.2832     0.0     468.2832      0.0000       0.0000 ShiftRightJam_30
system/tile_prci_domain/tile_reset_domain_tile/fusion/fgra/fgra/pes_16/alu/fadd/fcmaadd/fadd_s1/near_path_mods_0     952.5600     0.0     722.2992      0.0000       0.0000 NearPath_59
system/tile_prci_domain/tile_reset_domain_tile/fusion/fgra/fgra/pes_16/alu/fadd/fcmaadd/fadd_s1/near_path_mods_0/lza_ab     139.2384     0.0     139.2384      0.0000       0.0000 LZA_60
system/tile_prci_domain/tile_reset_domain_tile/fusion/fgra/fgra/pes_16/alu/fadd/fcmaadd/fadd_s1/near_path_mods_0/lzc_clz      91.0224     0.0      91.0224      0.0000       0.0000 CLZ_61
system/tile_prci_domain/tile_reset_domain_tile/fusion/fgra/fgra/pes_16/alu/fadd/fcmaadd/fadd_s1/near_path_mods_1     953.0304     0.0     715.9488      0.0000       0.0000 NearPath_58
system/tile_prci_domain/tile_reset_domain_tile/fusion/fgra/fgra/pes_16/alu/fadd/fcmaadd/fadd_s1/near_path_mods_1/lza_ab     144.1776     0.0     144.1776      0.0000       0.0000 LZA_59
system/tile_prci_domain/tile_reset_domain_tile/fusion/fgra/fgra/pes_16/alu/fadd/fcmaadd/fadd_s1/near_path_mods_1/lzc_clz      92.9040     0.0      92.9040      0.0000       0.0000 CLZ_60
system/tile_prci_domain/tile_reset_domain_tile/fusion/fgra/fgra/pes_16/alu/fadd/fcmaadd/fadd_s2    1581.2496     0.0    1167.5328      0.0000       0.0000 FCMA_ADD_s2_29
system/tile_prci_domain/tile_reset_domain_tile/fusion/fgra/fgra/pes_16/alu/fadd/fcmaadd/fadd_s2/far_path_rounder     224.6160     0.0     224.6160      0.0000       0.0000 RoundingUnit_192
system/tile_prci_domain/tile_reset_domain_tile/fusion/fgra/fgra/pes_16/alu/fadd/fcmaadd/fadd_s2/near_path_rounder     189.1008     0.0     189.1008      0.0000       0.0000 RoundingUnit_191
system/tile_prci_domain/tile_reset_domain_tile/fusion/fgra/fgra/pes_16/alu/fdiv   13990.1665     0.4     137.8272    884.3520       0.0000 fpDiv_19
system/tile_prci_domain/tile_reset_domain_tile/fusion/fgra/fgra/pes_16/alu/fdiv/inverter    9497.1409     0.3    1278.7824    879.8832       0.0000 fpInverter_19
system/tile_prci_domain/tile_reset_domain_tile/fusion/fgra/fgra/pes_16/alu/fdiv/inverter/adder     112.8960     0.0     112.8960      0.0000       0.0000 VarSizeAdder_19
system/tile_prci_domain/tile_reset_domain_tile/fusion/fgra/fgra/pes_16/alu/fdiv/inverter/mul1    1696.4976     0.1    1696.4976      0.0000       0.0000 VarSizeMul_19
system/tile_prci_domain/tile_reset_domain_tile/fusion/fgra/fgra/pes_16/alu/fdiv/inverter/mul2    1464.5904     0.0    1464.5904      0.0000       0.0000 mul2_19
system/tile_prci_domain/tile_reset_domain_tile/fusion/fgra/fgra/pes_16/alu/fdiv/inverter/mul3    2985.1584     0.1    2985.1584      0.0000       0.0000 mul3_19
system/tile_prci_domain/tile_reset_domain_tile/fusion/fgra/fgra/pes_16/alu/fdiv/inverter/sub2     139.4736     0.0     139.4736      0.0000       0.0000 VarSizeSub_19
system/tile_prci_domain/tile_reset_domain_tile/fusion/fgra/fgra/pes_16/alu/fdiv/inverter/tableC     185.3376     0.0     185.3376      0.0000       0.0000 lookupC_19
system/tile_prci_domain/tile_reset_domain_tile/fusion/fgra/fgra/pes_16/alu/fdiv/inverter/tableJ     291.4128     0.0     291.4128      0.0000       0.0000 lookupJ_19
system/tile_prci_domain/tile_reset_domain_tile/fusion/fgra/fgra/pes_16/alu/fdiv/inverter/tableL     463.1088     0.0     336.1008    127.0080       0.0000 lookupL_19
system/tile_prci_domain/tile_reset_domain_tile/fusion/fgra/fgra/pes_16/alu/fdiv/multiplier    3470.8464     0.1    3284.5680    164.6400       0.0000 FPMult_19
system/tile_prci_domain/tile_reset_domain_tile/fusion/fgra/fgra/pes_16/alu/fdiv/multiplier/rounder      21.6384     0.0      21.6384      0.0000       0.0000 MantissaRounder_19
system/tile_prci_domain/tile_reset_domain_tile/fusion/fgra/fgra/pes_16/alu/fmax     272.3616     0.0     272.3616      0.0000       0.0000 FCMP_57
system/tile_prci_domain/tile_reset_domain_tile/fusion/fgra/fgra/pes_16/alu/fmin     272.8320     0.0     272.8320      0.0000       0.0000 FCMP_58
system/tile_prci_domain/tile_reset_domain_tile/fusion/fgra/fgra/pes_16/alu/fp2si     973.9632     0.0       1.8816      0.0000       0.0000 FPToInt_19
system/tile_prci_domain/tile_reset_domain_tile/fusion/fgra/fgra/pes_16/alu/fp2si/s1     104.6640     0.0     104.6640      0.0000       0.0000 FPToInt_s1_19
system/tile_prci_domain/tile_reset_domain_tile/fusion/fgra/fgra/pes_16/alu/fp2si/s2     867.4176     0.0     587.7648      0.0000       0.0000 FPToInt_s2_19
system/tile_prci_domain/tile_reset_domain_tile/fusion/fgra/fgra/pes_16/alu/fp2si/s2/rpath_rounder      22.5792     0.0      22.5792      0.0000       0.0000 RoundingUnit_6_19
system/tile_prci_domain/tile_reset_domain_tile/fusion/fgra/fgra/pes_16/alu/fp2si/s2/shiftRightJam     257.0736     0.0     257.0736      0.0000       0.0000 ShiftRightJam_1_19
system/tile_prci_domain/tile_reset_domain_tile/fusion/fgra/fgra/pes_16/alu/logic_0     223.4400     0.0      10.3488      0.0000       0.0000 LOGIC_19
system/tile_prci_domain/tile_reset_domain_tile/fusion/fgra/fgra/pes_16/alu/logic_0/logicUnit       6.3504     0.0       6.3504      0.0000       0.0000 UnifiedCom_639
system/tile_prci_domain/tile_reset_domain_tile/fusion/fgra/fgra/pes_16/alu/logic_0/logicUnit_1       6.3504     0.0       6.3504      0.0000       0.0000 UnifiedCom_638
system/tile_prci_domain/tile_reset_domain_tile/fusion/fgra/fgra/pes_16/alu/logic_0/logicUnit_10       6.3504     0.0       6.3504      0.0000       0.0000 UnifiedCom_629
system/tile_prci_domain/tile_reset_domain_tile/fusion/fgra/fgra/pes_16/alu/logic_0/logicUnit_11       6.3504     0.0       6.3504      0.0000       0.0000 UnifiedCom_628
system/tile_prci_domain/tile_reset_domain_tile/fusion/fgra/fgra/pes_16/alu/logic_0/logicUnit_12       6.3504     0.0       6.3504      0.0000       0.0000 UnifiedCom_627
system/tile_prci_domain/tile_reset_domain_tile/fusion/fgra/fgra/pes_16/alu/logic_0/logicUnit_13       7.0560     0.0       7.0560      0.0000       0.0000 UnifiedCom_626
system/tile_prci_domain/tile_reset_domain_tile/fusion/fgra/fgra/pes_16/alu/logic_0/logicUnit_14       7.0560     0.0       7.0560      0.0000       0.0000 UnifiedCom_625
system/tile_prci_domain/tile_reset_domain_tile/fusion/fgra/fgra/pes_16/alu/logic_0/logicUnit_15       7.0560     0.0       7.0560      0.0000       0.0000 UnifiedCom_624
system/tile_prci_domain/tile_reset_domain_tile/fusion/fgra/fgra/pes_16/alu/logic_0/logicUnit_16       6.3504     0.0       6.3504      0.0000       0.0000 UnifiedCom_623
system/tile_prci_domain/tile_reset_domain_tile/fusion/fgra/fgra/pes_16/alu/logic_0/logicUnit_17       6.3504     0.0       6.3504      0.0000       0.0000 UnifiedCom_622
system/tile_prci_domain/tile_reset_domain_tile/fusion/fgra/fgra/pes_16/alu/logic_0/logicUnit_18       6.3504     0.0       6.3504      0.0000       0.0000 UnifiedCom_621
system/tile_prci_domain/tile_reset_domain_tile/fusion/fgra/fgra/pes_16/alu/logic_0/logicUnit_19       6.3504     0.0       6.3504      0.0000       0.0000 UnifiedCom_620
system/tile_prci_domain/tile_reset_domain_tile/fusion/fgra/fgra/pes_16/alu/logic_0/logicUnit_2       6.3504     0.0       6.3504      0.0000       0.0000 UnifiedCom_637
system/tile_prci_domain/tile_reset_domain_tile/fusion/fgra/fgra/pes_16/alu/logic_0/logicUnit_20       7.0560     0.0       7.0560      0.0000       0.0000 UnifiedCom_619
system/tile_prci_domain/tile_reset_domain_tile/fusion/fgra/fgra/pes_16/alu/logic_0/logicUnit_21       6.3504     0.0       6.3504      0.0000       0.0000 UnifiedCom_618
system/tile_prci_domain/tile_reset_domain_tile/fusion/fgra/fgra/pes_16/alu/logic_0/logicUnit_22       6.3504     0.0       6.3504      0.0000       0.0000 UnifiedCom_617
system/tile_prci_domain/tile_reset_domain_tile/fusion/fgra/fgra/pes_16/alu/logic_0/logicUnit_23       6.3504     0.0       6.3504      0.0000       0.0000 UnifiedCom_616
system/tile_prci_domain/tile_reset_domain_tile/fusion/fgra/fgra/pes_16/alu/logic_0/logicUnit_24       7.0560     0.0       7.0560      0.0000       0.0000 UnifiedCom_615
system/tile_prci_domain/tile_reset_domain_tile/fusion/fgra/fgra/pes_16/alu/logic_0/logicUnit_25       7.0560     0.0       7.0560      0.0000       0.0000 UnifiedCom_614
system/tile_prci_domain/tile_reset_domain_tile/fusion/fgra/fgra/pes_16/alu/logic_0/logicUnit_26       7.0560     0.0       7.0560      0.0000       0.0000 UnifiedCom_613
system/tile_prci_domain/tile_reset_domain_tile/fusion/fgra/fgra/pes_16/alu/logic_0/logicUnit_27       6.3504     0.0       6.3504      0.0000       0.0000 UnifiedCom_612
system/tile_prci_domain/tile_reset_domain_tile/fusion/fgra/fgra/pes_16/alu/logic_0/logicUnit_28       7.0560     0.0       7.0560      0.0000       0.0000 UnifiedCom_611
system/tile_prci_domain/tile_reset_domain_tile/fusion/fgra/fgra/pes_16/alu/logic_0/logicUnit_29       6.3504     0.0       6.3504      0.0000       0.0000 UnifiedCom_610
system/tile_prci_domain/tile_reset_domain_tile/fusion/fgra/fgra/pes_16/alu/logic_0/logicUnit_3       6.3504     0.0       6.3504      0.0000       0.0000 UnifiedCom_636
system/tile_prci_domain/tile_reset_domain_tile/fusion/fgra/fgra/pes_16/alu/logic_0/logicUnit_30       7.0560     0.0       7.0560      0.0000       0.0000 UnifiedCom_609
system/tile_prci_domain/tile_reset_domain_tile/fusion/fgra/fgra/pes_16/alu/logic_0/logicUnit_31       7.0560     0.0       7.0560      0.0000       0.0000 UnifiedCom_608
system/tile_prci_domain/tile_reset_domain_tile/fusion/fgra/fgra/pes_16/alu/logic_0/logicUnit_4       7.0560     0.0       7.0560      0.0000       0.0000 UnifiedCom_635
system/tile_prci_domain/tile_reset_domain_tile/fusion/fgra/fgra/pes_16/alu/logic_0/logicUnit_5       7.0560     0.0       7.0560      0.0000       0.0000 UnifiedCom_634
system/tile_prci_domain/tile_reset_domain_tile/fusion/fgra/fgra/pes_16/alu/logic_0/logicUnit_6       7.0560     0.0       7.0560      0.0000       0.0000 UnifiedCom_633
system/tile_prci_domain/tile_reset_domain_tile/fusion/fgra/fgra/pes_16/alu/logic_0/logicUnit_7       6.3504     0.0       6.3504      0.0000       0.0000 UnifiedCom_632
system/tile_prci_domain/tile_reset_domain_tile/fusion/fgra/fgra/pes_16/alu/logic_0/logicUnit_8       6.3504     0.0       6.3504      0.0000       0.0000 UnifiedCom_631
system/tile_prci_domain/tile_reset_domain_tile/fusion/fgra/fgra/pes_16/alu/logic_0/logicUnit_9       7.0560     0.0       7.0560      0.0000       0.0000 UnifiedCom_630
system/tile_prci_domain/tile_reset_domain_tile/fusion/fgra/fgra/pes_16/alu/multipler    2873.4384     0.1    2873.4384      0.0000       0.0000 Mul_19
system/tile_prci_domain/tile_reset_domain_tile/fusion/fgra/fgra/pes_16/alu/shift     689.8416     0.0     689.8416      0.0000       0.0000 SHIFT_19
system/tile_prci_domain/tile_reset_domain_tile/fusion/fgra/fgra/pes_16/alu/si2fp    1066.3968     0.0       0.0000      0.0000       0.0000 IntToFP_19
system/tile_prci_domain/tile_reset_domain_tile/fusion/fgra/fgra/pes_16/alu/si2fp/post_norm      46.8048     0.0      25.1664      0.0000       0.0000 IntToFP_postnorm_19
system/tile_prci_domain/tile_reset_domain_tile/fusion/fgra/fgra/pes_16/alu/si2fp/post_norm/rounder      21.6384     0.0      21.6384      0.0000       0.0000 RoundingUnit_259
system/tile_prci_domain/tile_reset_domain_tile/fusion/fgra/fgra/pes_16/alu/si2fp/pre_norm    1019.5920     0.0     748.4064      0.0000       0.0000 IntToFP_prenorm_19
system/tile_prci_domain/tile_reset_domain_tile/fusion/fgra/fgra/pes_16/alu/si2fp/pre_norm/lza      76.6752     0.0      76.6752      0.0000       0.0000 LZA_2_19
system/tile_prci_domain/tile_reset_domain_tile/fusion/fgra/fgra/pes_16/alu/si2fp/pre_norm/neg_lzc_clz     100.1952     0.0     100.1952      0.0000       0.0000 CLZ_3_38
system/tile_prci_domain/tile_reset_domain_tile/fusion/fgra/fgra/pes_16/alu/si2fp/pre_norm/pos_lzc_clz      94.3152     0.0      94.3152      0.0000       0.0000 CLZ_3_39
system/tile_prci_domain/tile_reset_domain_tile/fusion/fgra/fgra/pes_16/cfg     687.0192     0.0     194.2752    492.7440       0.0000 ConfigMem_36_3
system/tile_prci_domain/tile_reset_domain_tile/fusion/fgra/fgra/pes_16/delayPipeCG    6911.8225     0.2    4020.7441   2891.0784       0.0000 SharedDelayPipe_24_9
system/tile_prci_domain/tile_reset_domain_tile/fusion/fgra/fgra/pes_16/delayPipeFG     611.7552     0.0     447.1152    164.6400       0.0000 SharedDelayPipe_43_3
system/tile_prci_domain/tile_reset_domain_tile/fusion/fgra/fgra/pes_16/dmr     151.9392     0.0       0.0000    151.9392       0.0000 DualModeReg_10
system/tile_prci_domain/tile_reset_domain_tile/fusion/fgra/fgra/pes_16/lut       5.8800     0.0       5.8800      0.0000       0.0000 LUT_3
system/tile_prci_domain/tile_reset_domain_tile/fusion/fgra/fgra/pes_16/rf4alu       8.2320     0.0       3.5280      4.7040       0.0000 RF_13
system/tile_prci_domain/tile_reset_domain_tile/fusion/fgra/fgra/pes_16/rf4lut       8.4672     0.0       3.7632      4.7040       0.0000 RF_12
system/tile_prci_domain/tile_reset_domain_tile/fusion/fgra/fgra/pes_17   35156.9907     1.0       7.2912      0.0000       0.0000 GPE_17
system/tile_prci_domain/tile_reset_domain_tile/fusion/fgra/fgra/pes_17/Muxn     238.2576     0.0     238.2576      0.0000       0.0000 Muxn_36_117
system/tile_prci_domain/tile_reset_domain_tile/fusion/fgra/fgra/pes_17/Muxn_1     242.2560     0.0     242.2560      0.0000       0.0000 Muxn_36_116
system/tile_prci_domain/tile_reset_domain_tile/fusion/fgra/fgra/pes_17/Muxn_2      10.1136     0.0      10.1136      0.0000       0.0000 Muxn_110_28
system/tile_prci_domain/tile_reset_domain_tile/fusion/fgra/fgra/pes_17/Muxn_3      10.1136     0.0      10.1136      0.0000       0.0000 Muxn_110_27
system/tile_prci_domain/tile_reset_domain_tile/fusion/fgra/fgra/pes_17/Muxn_4      10.1136     0.0      10.1136      0.0000       0.0000 Muxn_110_26
system/tile_prci_domain/tile_reset_domain_tile/fusion/fgra/fgra/pes_17/alu   26278.6611     0.8     643.5072      0.0000       0.0000 ALU_15_1
system/tile_prci_domain/tile_reset_domain_tile/fusion/fgra/fgra/pes_17/alu/arith     417.7152     0.0     417.7152      0.0000       0.0000 ARITH_18
system/tile_prci_domain/tile_reset_domain_tile/fusion/fgra/fgra/pes_17/alu/fadd    4955.4289     0.1       0.0000      0.0000       0.0000 FADD_28
system/tile_prci_domain/tile_reset_domain_tile/fusion/fgra/fgra/pes_17/alu/fadd/fcmaadd    4955.4289     0.1       2.3520      0.0000       0.0000 FCMA_ADD_28
system/tile_prci_domain/tile_reset_domain_tile/fusion/fgra/fgra/pes_17/alu/fadd/fcmaadd/fadd_s1    3419.3376     0.1     629.8656      0.0000       0.0000 FCMA_ADD_s1_28
system/tile_prci_domain/tile_reset_domain_tile/fusion/fgra/fgra/pes_17/alu/fadd/fcmaadd/fadd_s1/far_path_mods_0     847.8960     0.0     371.1456      0.0000       0.0000 FarPath_28
system/tile_prci_domain/tile_reset_domain_tile/fusion/fgra/fgra/pes_17/alu/fadd/fcmaadd/fadd_s1/far_path_mods_0/shiftRightJam     476.7504     0.0     476.7504      0.0000       0.0000 ShiftRightJam_29
system/tile_prci_domain/tile_reset_domain_tile/fusion/fgra/fgra/pes_17/alu/fadd/fcmaadd/fadd_s1/near_path_mods_0     965.2608     0.0     732.8832      0.0000       0.0000 NearPath_57
system/tile_prci_domain/tile_reset_domain_tile/fusion/fgra/fgra/pes_17/alu/fadd/fcmaadd/fadd_s1/near_path_mods_0/lza_ab     137.1216     0.0     137.1216      0.0000       0.0000 LZA_58
system/tile_prci_domain/tile_reset_domain_tile/fusion/fgra/fgra/pes_17/alu/fadd/fcmaadd/fadd_s1/near_path_mods_0/lzc_clz      95.2560     0.0      95.2560      0.0000       0.0000 CLZ_59
system/tile_prci_domain/tile_reset_domain_tile/fusion/fgra/fgra/pes_17/alu/fadd/fcmaadd/fadd_s1/near_path_mods_1     976.3152     0.0     738.7632      0.0000       0.0000 NearPath_56
system/tile_prci_domain/tile_reset_domain_tile/fusion/fgra/fgra/pes_17/alu/fadd/fcmaadd/fadd_s1/near_path_mods_1/lza_ab     142.0608     0.0     142.0608      0.0000       0.0000 LZA_57
system/tile_prci_domain/tile_reset_domain_tile/fusion/fgra/fgra/pes_17/alu/fadd/fcmaadd/fadd_s1/near_path_mods_1/lzc_clz      95.4912     0.0      95.4912      0.0000       0.0000 CLZ_58
system/tile_prci_domain/tile_reset_domain_tile/fusion/fgra/fgra/pes_17/alu/fadd/fcmaadd/fadd_s2    1533.7392     0.0    1114.1424      0.0000       0.0000 FCMA_ADD_s2_28
system/tile_prci_domain/tile_reset_domain_tile/fusion/fgra/fgra/pes_17/alu/fadd/fcmaadd/fadd_s2/far_path_rounder     227.2032     0.0     227.2032      0.0000       0.0000 RoundingUnit_189
system/tile_prci_domain/tile_reset_domain_tile/fusion/fgra/fgra/pes_17/alu/fadd/fcmaadd/fadd_s2/near_path_rounder     192.3936     0.0     192.3936      0.0000       0.0000 RoundingUnit_188
system/tile_prci_domain/tile_reset_domain_tile/fusion/fgra/fgra/pes_17/alu/fdiv   13894.9105     0.4     139.7088    884.3520       0.0000 fpDiv_18
system/tile_prci_domain/tile_reset_domain_tile/fusion/fgra/fgra/pes_17/alu/fdiv/inverter    9401.1793     0.3    1246.3248    880.8240       0.0000 fpInverter_18
system/tile_prci_domain/tile_reset_domain_tile/fusion/fgra/fgra/pes_17/alu/fdiv/inverter/adder     112.8960     0.0     112.8960      0.0000       0.0000 VarSizeAdder_18
system/tile_prci_domain/tile_reset_domain_tile/fusion/fgra/fgra/pes_17/alu/fdiv/inverter/mul1    1692.0288     0.1    1692.0288      0.0000       0.0000 VarSizeMul_18
system/tile_prci_domain/tile_reset_domain_tile/fusion/fgra/fgra/pes_17/alu/fdiv/inverter/mul2    1421.5488     0.0    1421.5488      0.0000       0.0000 mul2_18
system/tile_prci_domain/tile_reset_domain_tile/fusion/fgra/fgra/pes_17/alu/fdiv/inverter/mul3    2982.3360     0.1    2982.3360      0.0000       0.0000 mul3_18
system/tile_prci_domain/tile_reset_domain_tile/fusion/fgra/fgra/pes_17/alu/fdiv/inverter/sub2     139.4736     0.0     139.4736      0.0000       0.0000 VarSizeSub_18
system/tile_prci_domain/tile_reset_domain_tile/fusion/fgra/fgra/pes_17/alu/fdiv/inverter/tableC     182.0448     0.0     182.0448      0.0000       0.0000 lookupC_18
system/tile_prci_domain/tile_reset_domain_tile/fusion/fgra/fgra/pes_17/alu/fdiv/inverter/tableJ     279.4176     0.0     279.4176      0.0000       0.0000 lookupJ_18
system/tile_prci_domain/tile_reset_domain_tile/fusion/fgra/fgra/pes_17/alu/fdiv/inverter/tableL     464.2848     0.0     337.2768    127.0080       0.0000 lookupL_18
system/tile_prci_domain/tile_reset_domain_tile/fusion/fgra/fgra/pes_17/alu/fdiv/multiplier    3469.6704     0.1    3283.3920    164.6400       0.0000 FPMult_18
system/tile_prci_domain/tile_reset_domain_tile/fusion/fgra/fgra/pes_17/alu/fdiv/multiplier/rounder      21.6384     0.0      21.6384      0.0000       0.0000 MantissaRounder_18
system/tile_prci_domain/tile_reset_domain_tile/fusion/fgra/fgra/pes_17/alu/fmax     272.3616     0.0     272.3616      0.0000       0.0000 FCMP_54
system/tile_prci_domain/tile_reset_domain_tile/fusion/fgra/fgra/pes_17/alu/fmin     271.4208     0.0     271.4208      0.0000       0.0000 FCMP_55
system/tile_prci_domain/tile_reset_domain_tile/fusion/fgra/fgra/pes_17/alu/fp2si     961.2624     0.0       0.0000      0.0000       0.0000 FPToInt_18
system/tile_prci_domain/tile_reset_domain_tile/fusion/fgra/fgra/pes_17/alu/fp2si/s1     109.6032     0.0     109.6032      0.0000       0.0000 FPToInt_s1_18
system/tile_prci_domain/tile_reset_domain_tile/fusion/fgra/fgra/pes_17/alu/fp2si/s2     851.6592     0.0     587.2944      0.0000       0.0000 FPToInt_s2_18
system/tile_prci_domain/tile_reset_domain_tile/fusion/fgra/fgra/pes_17/alu/fp2si/s2/rpath_rounder      22.5792     0.0      22.5792      0.0000       0.0000 RoundingUnit_6_18
system/tile_prci_domain/tile_reset_domain_tile/fusion/fgra/fgra/pes_17/alu/fp2si/s2/shiftRightJam     241.7856     0.0     241.7856      0.0000       0.0000 ShiftRightJam_1_18
system/tile_prci_domain/tile_reset_domain_tile/fusion/fgra/fgra/pes_17/alu/logic_0     225.5568     0.0      10.3488      0.0000       0.0000 LOGIC_18
system/tile_prci_domain/tile_reset_domain_tile/fusion/fgra/fgra/pes_17/alu/logic_0/logicUnit       6.3504     0.0       6.3504      0.0000       0.0000 UnifiedCom_607
system/tile_prci_domain/tile_reset_domain_tile/fusion/fgra/fgra/pes_17/alu/logic_0/logicUnit_1       6.3504     0.0       6.3504      0.0000       0.0000 UnifiedCom_606
system/tile_prci_domain/tile_reset_domain_tile/fusion/fgra/fgra/pes_17/alu/logic_0/logicUnit_10       6.3504     0.0       6.3504      0.0000       0.0000 UnifiedCom_597
system/tile_prci_domain/tile_reset_domain_tile/fusion/fgra/fgra/pes_17/alu/logic_0/logicUnit_11       6.3504     0.0       6.3504      0.0000       0.0000 UnifiedCom_596
system/tile_prci_domain/tile_reset_domain_tile/fusion/fgra/fgra/pes_17/alu/logic_0/logicUnit_12       7.0560     0.0       7.0560      0.0000       0.0000 UnifiedCom_595
system/tile_prci_domain/tile_reset_domain_tile/fusion/fgra/fgra/pes_17/alu/logic_0/logicUnit_13       7.0560     0.0       7.0560      0.0000       0.0000 UnifiedCom_594
system/tile_prci_domain/tile_reset_domain_tile/fusion/fgra/fgra/pes_17/alu/logic_0/logicUnit_14       6.3504     0.0       6.3504      0.0000       0.0000 UnifiedCom_593
system/tile_prci_domain/tile_reset_domain_tile/fusion/fgra/fgra/pes_17/alu/logic_0/logicUnit_15       6.3504     0.0       6.3504      0.0000       0.0000 UnifiedCom_592
system/tile_prci_domain/tile_reset_domain_tile/fusion/fgra/fgra/pes_17/alu/logic_0/logicUnit_16       6.3504     0.0       6.3504      0.0000       0.0000 UnifiedCom_591
system/tile_prci_domain/tile_reset_domain_tile/fusion/fgra/fgra/pes_17/alu/logic_0/logicUnit_17       7.0560     0.0       7.0560      0.0000       0.0000 UnifiedCom_590
system/tile_prci_domain/tile_reset_domain_tile/fusion/fgra/fgra/pes_17/alu/logic_0/logicUnit_18       6.3504     0.0       6.3504      0.0000       0.0000 UnifiedCom_589
system/tile_prci_domain/tile_reset_domain_tile/fusion/fgra/fgra/pes_17/alu/logic_0/logicUnit_19       7.0560     0.0       7.0560      0.0000       0.0000 UnifiedCom_588
system/tile_prci_domain/tile_reset_domain_tile/fusion/fgra/fgra/pes_17/alu/logic_0/logicUnit_2       6.3504     0.0       6.3504      0.0000       0.0000 UnifiedCom_605
system/tile_prci_domain/tile_reset_domain_tile/fusion/fgra/fgra/pes_17/alu/logic_0/logicUnit_20       6.3504     0.0       6.3504      0.0000       0.0000 UnifiedCom_587
system/tile_prci_domain/tile_reset_domain_tile/fusion/fgra/fgra/pes_17/alu/logic_0/logicUnit_21       7.0560     0.0       7.0560      0.0000       0.0000 UnifiedCom_586
system/tile_prci_domain/tile_reset_domain_tile/fusion/fgra/fgra/pes_17/alu/logic_0/logicUnit_22       7.0560     0.0       7.0560      0.0000       0.0000 UnifiedCom_585
system/tile_prci_domain/tile_reset_domain_tile/fusion/fgra/fgra/pes_17/alu/logic_0/logicUnit_23       7.0560     0.0       7.0560      0.0000       0.0000 UnifiedCom_584
system/tile_prci_domain/tile_reset_domain_tile/fusion/fgra/fgra/pes_17/alu/logic_0/logicUnit_24       6.3504     0.0       6.3504      0.0000       0.0000 UnifiedCom_583
system/tile_prci_domain/tile_reset_domain_tile/fusion/fgra/fgra/pes_17/alu/logic_0/logicUnit_25       7.0560     0.0       7.0560      0.0000       0.0000 UnifiedCom_582
system/tile_prci_domain/tile_reset_domain_tile/fusion/fgra/fgra/pes_17/alu/logic_0/logicUnit_26       7.0560     0.0       7.0560      0.0000       0.0000 UnifiedCom_581
system/tile_prci_domain/tile_reset_domain_tile/fusion/fgra/fgra/pes_17/alu/logic_0/logicUnit_27       7.0560     0.0       7.0560      0.0000       0.0000 UnifiedCom_580
system/tile_prci_domain/tile_reset_domain_tile/fusion/fgra/fgra/pes_17/alu/logic_0/logicUnit_28       6.3504     0.0       6.3504      0.0000       0.0000 UnifiedCom_579
system/tile_prci_domain/tile_reset_domain_tile/fusion/fgra/fgra/pes_17/alu/logic_0/logicUnit_29       7.0560     0.0       7.0560      0.0000       0.0000 UnifiedCom_578
system/tile_prci_domain/tile_reset_domain_tile/fusion/fgra/fgra/pes_17/alu/logic_0/logicUnit_3       6.3504     0.0       6.3504      0.0000       0.0000 UnifiedCom_604
system/tile_prci_domain/tile_reset_domain_tile/fusion/fgra/fgra/pes_17/alu/logic_0/logicUnit_30       7.0560     0.0       7.0560      0.0000       0.0000 UnifiedCom_577
system/tile_prci_domain/tile_reset_domain_tile/fusion/fgra/fgra/pes_17/alu/logic_0/logicUnit_31       7.0560     0.0       7.0560      0.0000       0.0000 UnifiedCom_576
system/tile_prci_domain/tile_reset_domain_tile/fusion/fgra/fgra/pes_17/alu/logic_0/logicUnit_4       7.0560     0.0       7.0560      0.0000       0.0000 UnifiedCom_603
system/tile_prci_domain/tile_reset_domain_tile/fusion/fgra/fgra/pes_17/alu/logic_0/logicUnit_5       7.0560     0.0       7.0560      0.0000       0.0000 UnifiedCom_602
system/tile_prci_domain/tile_reset_domain_tile/fusion/fgra/fgra/pes_17/alu/logic_0/logicUnit_6       7.0560     0.0       7.0560      0.0000       0.0000 UnifiedCom_601
system/tile_prci_domain/tile_reset_domain_tile/fusion/fgra/fgra/pes_17/alu/logic_0/logicUnit_7       6.3504     0.0       6.3504      0.0000       0.0000 UnifiedCom_600
system/tile_prci_domain/tile_reset_domain_tile/fusion/fgra/fgra/pes_17/alu/logic_0/logicUnit_8       6.3504     0.0       6.3504      0.0000       0.0000 UnifiedCom_599
system/tile_prci_domain/tile_reset_domain_tile/fusion/fgra/fgra/pes_17/alu/logic_0/logicUnit_9       7.0560     0.0       7.0560      0.0000       0.0000 UnifiedCom_598
system/tile_prci_domain/tile_reset_domain_tile/fusion/fgra/fgra/pes_17/alu/multipler    2897.4288     0.1    2897.4288      0.0000       0.0000 Mul_18
system/tile_prci_domain/tile_reset_domain_tile/fusion/fgra/fgra/pes_17/alu/shift     689.1360     0.0     689.1360      0.0000       0.0000 SHIFT_18
system/tile_prci_domain/tile_reset_domain_tile/fusion/fgra/fgra/pes_17/alu/si2fp    1049.9328     0.0       0.0000      0.0000       0.0000 IntToFP_18
system/tile_prci_domain/tile_reset_domain_tile/fusion/fgra/fgra/pes_17/alu/si2fp/post_norm      46.8048     0.0      25.1664      0.0000       0.0000 IntToFP_postnorm_18
system/tile_prci_domain/tile_reset_domain_tile/fusion/fgra/fgra/pes_17/alu/si2fp/post_norm/rounder      21.6384     0.0      21.6384      0.0000       0.0000 RoundingUnit_257
system/tile_prci_domain/tile_reset_domain_tile/fusion/fgra/fgra/pes_17/alu/si2fp/pre_norm    1003.1280     0.0     733.3536      0.0000       0.0000 IntToFP_prenorm_18
system/tile_prci_domain/tile_reset_domain_tile/fusion/fgra/fgra/pes_17/alu/si2fp/pre_norm/lza      76.6752     0.0      76.6752      0.0000       0.0000 LZA_2_18
system/tile_prci_domain/tile_reset_domain_tile/fusion/fgra/fgra/pes_17/alu/si2fp/pre_norm/neg_lzc_clz      99.7248     0.0      99.7248      0.0000       0.0000 CLZ_3_36
system/tile_prci_domain/tile_reset_domain_tile/fusion/fgra/fgra/pes_17/alu/si2fp/pre_norm/pos_lzc_clz      93.3744     0.0      93.3744      0.0000       0.0000 CLZ_3_37
system/tile_prci_domain/tile_reset_domain_tile/fusion/fgra/fgra/pes_17/cfg     679.4928     0.0     194.2752    485.2176       0.0000 ConfigMem_36_2
system/tile_prci_domain/tile_reset_domain_tile/fusion/fgra/fgra/pes_17/delayPipeCG    6894.8881     0.2    3993.9313   2900.9568       0.0000 SharedDelayPipe_24_8
system/tile_prci_domain/tile_reset_domain_tile/fusion/fgra/fgra/pes_17/delayPipeFG     611.7552     0.0     447.1152    164.6400       0.0000 SharedDelayPipe_43_2
system/tile_prci_domain/tile_reset_domain_tile/fusion/fgra/fgra/pes_17/dmr     151.4688     0.0       0.0000    151.4688       0.0000 DualModeReg_9
system/tile_prci_domain/tile_reset_domain_tile/fusion/fgra/fgra/pes_17/lut       5.8800     0.0       5.8800      0.0000       0.0000 LUT_2
system/tile_prci_domain/tile_reset_domain_tile/fusion/fgra/fgra/pes_17/rf4alu       8.2320     0.0       3.5280      4.7040       0.0000 RF_11
system/tile_prci_domain/tile_reset_domain_tile/fusion/fgra/fgra/pes_17/rf4lut       8.4672     0.0       3.7632      4.7040       0.0000 RF_10
system/tile_prci_domain/tile_reset_domain_tile/fusion/fgra/fgra/pes_18   35246.8371     1.0      10.8192      0.0000       0.0000 GPE_18
system/tile_prci_domain/tile_reset_domain_tile/fusion/fgra/fgra/pes_18/Muxn     247.9008     0.0     247.9008      0.0000       0.0000 Muxn_36_115
system/tile_prci_domain/tile_reset_domain_tile/fusion/fgra/fgra/pes_18/Muxn_1     254.9568     0.0     254.9568      0.0000       0.0000 Muxn_36_114
system/tile_prci_domain/tile_reset_domain_tile/fusion/fgra/fgra/pes_18/Muxn_2      10.1136     0.0      10.1136      0.0000       0.0000 Muxn_110_25
system/tile_prci_domain/tile_reset_domain_tile/fusion/fgra/fgra/pes_18/Muxn_3      10.1136     0.0      10.1136      0.0000       0.0000 Muxn_110_24
system/tile_prci_domain/tile_reset_domain_tile/fusion/fgra/fgra/pes_18/Muxn_4      10.1136     0.0      10.1136      0.0000       0.0000 Muxn_110_23
system/tile_prci_domain/tile_reset_domain_tile/fusion/fgra/fgra/pes_18/alu   26345.6931     0.8     653.3856      0.0000       0.0000 ALU_15_0
system/tile_prci_domain/tile_reset_domain_tile/fusion/fgra/fgra/pes_18/alu/arith     417.0096     0.0     417.0096      0.0000       0.0000 ARITH_17
system/tile_prci_domain/tile_reset_domain_tile/fusion/fgra/fgra/pes_18/alu/fadd    5044.8049     0.2       0.0000      0.0000       0.0000 FADD_27
system/tile_prci_domain/tile_reset_domain_tile/fusion/fgra/fgra/pes_18/alu/fadd/fcmaadd    5044.8049     0.2       3.5280      0.0000       0.0000 FCMA_ADD_27
system/tile_prci_domain/tile_reset_domain_tile/fusion/fgra/fgra/pes_18/alu/fadd/fcmaadd/fadd_s1    3449.2081     0.1     638.8032      0.0000       0.0000 FCMA_ADD_s1_27
system/tile_prci_domain/tile_reset_domain_tile/fusion/fgra/fgra/pes_18/alu/fadd/fcmaadd/fadd_s1/far_path_mods_0     862.2432     0.0     374.9088      0.0000       0.0000 FarPath_27
system/tile_prci_domain/tile_reset_domain_tile/fusion/fgra/fgra/pes_18/alu/fadd/fcmaadd/fadd_s1/far_path_mods_0/shiftRightJam     487.3344     0.0     487.3344      0.0000       0.0000 ShiftRightJam_28
system/tile_prci_domain/tile_reset_domain_tile/fusion/fgra/fgra/pes_18/alu/fadd/fcmaadd/fadd_s1/near_path_mods_0     972.7872     0.0     727.2384      0.0000       0.0000 NearPath_55
system/tile_prci_domain/tile_reset_domain_tile/fusion/fgra/fgra/pes_18/alu/fadd/fcmaadd/fadd_s1/near_path_mods_0/lza_ab     150.5280     0.0     150.5280      0.0000       0.0000 LZA_56
system/tile_prci_domain/tile_reset_domain_tile/fusion/fgra/fgra/pes_18/alu/fadd/fcmaadd/fadd_s1/near_path_mods_0/lzc_clz      95.0208     0.0      95.0208      0.0000       0.0000 CLZ_57
system/tile_prci_domain/tile_reset_domain_tile/fusion/fgra/fgra/pes_18/alu/fadd/fcmaadd/fadd_s1/near_path_mods_1     975.3744     0.0     729.3552      0.0000       0.0000 NearPath_54
system/tile_prci_domain/tile_reset_domain_tile/fusion/fgra/fgra/pes_18/alu/fadd/fcmaadd/fadd_s1/near_path_mods_1/lza_ab     147.2352     0.0     147.2352      0.0000       0.0000 LZA_55
system/tile_prci_domain/tile_reset_domain_tile/fusion/fgra/fgra/pes_18/alu/fadd/fcmaadd/fadd_s1/near_path_mods_1/lzc_clz      98.7840     0.0      98.7840      0.0000       0.0000 CLZ_56
system/tile_prci_domain/tile_reset_domain_tile/fusion/fgra/fgra/pes_18/alu/fadd/fcmaadd/fadd_s2    1592.0688     0.0    1167.2976      0.0000       0.0000 FCMA_ADD_s2_27
system/tile_prci_domain/tile_reset_domain_tile/fusion/fgra/fgra/pes_18/alu/fadd/fcmaadd/fadd_s2/far_path_rounder     231.9072     0.0     231.9072      0.0000       0.0000 RoundingUnit_186
system/tile_prci_domain/tile_reset_domain_tile/fusion/fgra/fgra/pes_18/alu/fadd/fcmaadd/fadd_s2/near_path_rounder     192.8640     0.0     192.8640      0.0000       0.0000 RoundingUnit_185
system/tile_prci_domain/tile_reset_domain_tile/fusion/fgra/fgra/pes_18/alu/fdiv   13890.4417     0.4     137.8272    884.5872       0.0000 fpDiv_17
system/tile_prci_domain/tile_reset_domain_tile/fusion/fgra/fgra/pes_18/alu/fdiv/inverter    9401.6497     0.3    1253.3808    879.8832       0.0000 fpInverter_17
system/tile_prci_domain/tile_reset_domain_tile/fusion/fgra/fgra/pes_18/alu/fdiv/inverter/adder     112.8960     0.0     112.8960      0.0000       0.0000 VarSizeAdder_17
system/tile_prci_domain/tile_reset_domain_tile/fusion/fgra/fgra/pes_18/alu/fdiv/inverter/mul1    1692.9696     0.1    1692.9696      0.0000       0.0000 VarSizeMul_17
system/tile_prci_domain/tile_reset_domain_tile/fusion/fgra/fgra/pes_18/alu/fdiv/inverter/mul2    1425.0768     0.0    1425.0768      0.0000       0.0000 mul2_17
system/tile_prci_domain/tile_reset_domain_tile/fusion/fgra/fgra/pes_18/alu/fdiv/inverter/mul3    2977.8672     0.1    2977.8672      0.0000       0.0000 mul3_17
system/tile_prci_domain/tile_reset_domain_tile/fusion/fgra/fgra/pes_18/alu/fdiv/inverter/sub2     139.4736     0.0     139.4736      0.0000       0.0000 VarSizeSub_17
system/tile_prci_domain/tile_reset_domain_tile/fusion/fgra/fgra/pes_18/alu/fdiv/inverter/tableC     177.5760     0.0     177.5760      0.0000       0.0000 lookupC_17
system/tile_prci_domain/tile_reset_domain_tile/fusion/fgra/fgra/pes_18/alu/fdiv/inverter/tableJ     277.5360     0.0     277.5360      0.0000       0.0000 lookupJ_17
system/tile_prci_domain/tile_reset_domain_tile/fusion/fgra/fgra/pes_18/alu/fdiv/inverter/tableL     464.9904     0.0     337.9824    127.0080       0.0000 lookupL_17
system/tile_prci_domain/tile_reset_domain_tile/fusion/fgra/fgra/pes_18/alu/fdiv/multiplier    3466.3776     0.1    3280.0992    164.6400       0.0000 FPMult_17
system/tile_prci_domain/tile_reset_domain_tile/fusion/fgra/fgra/pes_18/alu/fdiv/multiplier/rounder      21.6384     0.0      21.6384      0.0000       0.0000 MantissaRounder_17
system/tile_prci_domain/tile_reset_domain_tile/fusion/fgra/fgra/pes_18/alu/fmax     271.4208     0.0     271.4208      0.0000       0.0000 FCMP_51
system/tile_prci_domain/tile_reset_domain_tile/fusion/fgra/fgra/pes_18/alu/fmin     269.5392     0.0     269.5392      0.0000       0.0000 FCMP_52
system/tile_prci_domain/tile_reset_domain_tile/fusion/fgra/fgra/pes_18/alu/fp2si     959.6160     0.0       0.0000      0.0000       0.0000 FPToInt_17
system/tile_prci_domain/tile_reset_domain_tile/fusion/fgra/fgra/pes_18/alu/fp2si/s1     107.9568     0.0     107.9568      0.0000       0.0000 FPToInt_s1_17
system/tile_prci_domain/tile_reset_domain_tile/fusion/fgra/fgra/pes_18/alu/fp2si/s2     851.6592     0.0     582.8256      0.0000       0.0000 FPToInt_s2_17
system/tile_prci_domain/tile_reset_domain_tile/fusion/fgra/fgra/pes_18/alu/fp2si/s2/rpath_rounder      22.5792     0.0      22.5792      0.0000       0.0000 RoundingUnit_6_17
system/tile_prci_domain/tile_reset_domain_tile/fusion/fgra/fgra/pes_18/alu/fp2si/s2/shiftRightJam     246.2544     0.0     246.2544      0.0000       0.0000 ShiftRightJam_1_17
system/tile_prci_domain/tile_reset_domain_tile/fusion/fgra/fgra/pes_18/alu/logic_0     222.4992     0.0       9.4080      0.0000       0.0000 LOGIC_17
system/tile_prci_domain/tile_reset_domain_tile/fusion/fgra/fgra/pes_18/alu/logic_0/logicUnit       6.3504     0.0       6.3504      0.0000       0.0000 UnifiedCom_575
system/tile_prci_domain/tile_reset_domain_tile/fusion/fgra/fgra/pes_18/alu/logic_0/logicUnit_1       6.3504     0.0       6.3504      0.0000       0.0000 UnifiedCom_574
system/tile_prci_domain/tile_reset_domain_tile/fusion/fgra/fgra/pes_18/alu/logic_0/logicUnit_10       6.3504     0.0       6.3504      0.0000       0.0000 UnifiedCom_565
system/tile_prci_domain/tile_reset_domain_tile/fusion/fgra/fgra/pes_18/alu/logic_0/logicUnit_11       6.3504     0.0       6.3504      0.0000       0.0000 UnifiedCom_564
system/tile_prci_domain/tile_reset_domain_tile/fusion/fgra/fgra/pes_18/alu/logic_0/logicUnit_12       7.0560     0.0       7.0560      0.0000       0.0000 UnifiedCom_563
system/tile_prci_domain/tile_reset_domain_tile/fusion/fgra/fgra/pes_18/alu/logic_0/logicUnit_13       7.0560     0.0       7.0560      0.0000       0.0000 UnifiedCom_562
system/tile_prci_domain/tile_reset_domain_tile/fusion/fgra/fgra/pes_18/alu/logic_0/logicUnit_14       7.0560     0.0       7.0560      0.0000       0.0000 UnifiedCom_561
system/tile_prci_domain/tile_reset_domain_tile/fusion/fgra/fgra/pes_18/alu/logic_0/logicUnit_15       6.3504     0.0       6.3504      0.0000       0.0000 UnifiedCom_560
system/tile_prci_domain/tile_reset_domain_tile/fusion/fgra/fgra/pes_18/alu/logic_0/logicUnit_16       6.3504     0.0       6.3504      0.0000       0.0000 UnifiedCom_559
system/tile_prci_domain/tile_reset_domain_tile/fusion/fgra/fgra/pes_18/alu/logic_0/logicUnit_17       6.3504     0.0       6.3504      0.0000       0.0000 UnifiedCom_558
system/tile_prci_domain/tile_reset_domain_tile/fusion/fgra/fgra/pes_18/alu/logic_0/logicUnit_18       7.0560     0.0       7.0560      0.0000       0.0000 UnifiedCom_557
system/tile_prci_domain/tile_reset_domain_tile/fusion/fgra/fgra/pes_18/alu/logic_0/logicUnit_19       7.0560     0.0       7.0560      0.0000       0.0000 UnifiedCom_556
system/tile_prci_domain/tile_reset_domain_tile/fusion/fgra/fgra/pes_18/alu/logic_0/logicUnit_2       6.3504     0.0       6.3504      0.0000       0.0000 UnifiedCom_573
system/tile_prci_domain/tile_reset_domain_tile/fusion/fgra/fgra/pes_18/alu/logic_0/logicUnit_20       7.0560     0.0       7.0560      0.0000       0.0000 UnifiedCom_555
system/tile_prci_domain/tile_reset_domain_tile/fusion/fgra/fgra/pes_18/alu/logic_0/logicUnit_21       6.3504     0.0       6.3504      0.0000       0.0000 UnifiedCom_554
system/tile_prci_domain/tile_reset_domain_tile/fusion/fgra/fgra/pes_18/alu/logic_0/logicUnit_22       7.0560     0.0       7.0560      0.0000       0.0000 UnifiedCom_553
system/tile_prci_domain/tile_reset_domain_tile/fusion/fgra/fgra/pes_18/alu/logic_0/logicUnit_23       6.3504     0.0       6.3504      0.0000       0.0000 UnifiedCom_552
system/tile_prci_domain/tile_reset_domain_tile/fusion/fgra/fgra/pes_18/alu/logic_0/logicUnit_24       6.3504     0.0       6.3504      0.0000       0.0000 UnifiedCom_551
system/tile_prci_domain/tile_reset_domain_tile/fusion/fgra/fgra/pes_18/alu/logic_0/logicUnit_25       7.0560     0.0       7.0560      0.0000       0.0000 UnifiedCom_550
system/tile_prci_domain/tile_reset_domain_tile/fusion/fgra/fgra/pes_18/alu/logic_0/logicUnit_26       6.3504     0.0       6.3504      0.0000       0.0000 UnifiedCom_549
system/tile_prci_domain/tile_reset_domain_tile/fusion/fgra/fgra/pes_18/alu/logic_0/logicUnit_27       7.0560     0.0       7.0560      0.0000       0.0000 UnifiedCom_548
system/tile_prci_domain/tile_reset_domain_tile/fusion/fgra/fgra/pes_18/alu/logic_0/logicUnit_28       7.0560     0.0       7.0560      0.0000       0.0000 UnifiedCom_547
system/tile_prci_domain/tile_reset_domain_tile/fusion/fgra/fgra/pes_18/alu/logic_0/logicUnit_29       7.0560     0.0       7.0560      0.0000       0.0000 UnifiedCom_546
system/tile_prci_domain/tile_reset_domain_tile/fusion/fgra/fgra/pes_18/alu/logic_0/logicUnit_3       6.3504     0.0       6.3504      0.0000       0.0000 UnifiedCom_572
system/tile_prci_domain/tile_reset_domain_tile/fusion/fgra/fgra/pes_18/alu/logic_0/logicUnit_30       7.0560     0.0       7.0560      0.0000       0.0000 UnifiedCom_545
system/tile_prci_domain/tile_reset_domain_tile/fusion/fgra/fgra/pes_18/alu/logic_0/logicUnit_31       6.3504     0.0       6.3504      0.0000       0.0000 UnifiedCom_544
system/tile_prci_domain/tile_reset_domain_tile/fusion/fgra/fgra/pes_18/alu/logic_0/logicUnit_4       6.3504     0.0       6.3504      0.0000       0.0000 UnifiedCom_571
system/tile_prci_domain/tile_reset_domain_tile/fusion/fgra/fgra/pes_18/alu/logic_0/logicUnit_5       7.0560     0.0       7.0560      0.0000       0.0000 UnifiedCom_570
system/tile_prci_domain/tile_reset_domain_tile/fusion/fgra/fgra/pes_18/alu/logic_0/logicUnit_6       6.3504     0.0       6.3504      0.0000       0.0000 UnifiedCom_569
system/tile_prci_domain/tile_reset_domain_tile/fusion/fgra/fgra/pes_18/alu/logic_0/logicUnit_7       6.3504     0.0       6.3504      0.0000       0.0000 UnifiedCom_568
system/tile_prci_domain/tile_reset_domain_tile/fusion/fgra/fgra/pes_18/alu/logic_0/logicUnit_8       6.3504     0.0       6.3504      0.0000       0.0000 UnifiedCom_567
system/tile_prci_domain/tile_reset_domain_tile/fusion/fgra/fgra/pes_18/alu/logic_0/logicUnit_9       7.0560     0.0       7.0560      0.0000       0.0000 UnifiedCom_566
system/tile_prci_domain/tile_reset_domain_tile/fusion/fgra/fgra/pes_18/alu/multipler    2868.9696     0.1    2868.9696      0.0000       0.0000 Mul_17
system/tile_prci_domain/tile_reset_domain_tile/fusion/fgra/fgra/pes_18/alu/shift     688.4304     0.0     688.4304      0.0000       0.0000 SHIFT_17
system/tile_prci_domain/tile_reset_domain_tile/fusion/fgra/fgra/pes_18/alu/si2fp    1059.5760     0.0       0.0000      0.0000       0.0000 IntToFP_17
system/tile_prci_domain/tile_reset_domain_tile/fusion/fgra/fgra/pes_18/alu/si2fp/post_norm      48.2160     0.0      26.5776      0.0000       0.0000 IntToFP_postnorm_17
system/tile_prci_domain/tile_reset_domain_tile/fusion/fgra/fgra/pes_18/alu/si2fp/post_norm/rounder      21.6384     0.0      21.6384      0.0000       0.0000 RoundingUnit_255
system/tile_prci_domain/tile_reset_domain_tile/fusion/fgra/fgra/pes_18/alu/si2fp/pre_norm    1011.3600     0.0     742.0560      0.0000       0.0000 IntToFP_prenorm_17
system/tile_prci_domain/tile_reset_domain_tile/fusion/fgra/fgra/pes_18/alu/si2fp/pre_norm/lza      77.8512     0.0      77.8512      0.0000       0.0000 LZA_2_17
system/tile_prci_domain/tile_reset_domain_tile/fusion/fgra/fgra/pes_18/alu/si2fp/pre_norm/neg_lzc_clz      92.6688     0.0      92.6688      0.0000       0.0000 CLZ_3_34
system/tile_prci_domain/tile_reset_domain_tile/fusion/fgra/fgra/pes_18/alu/si2fp/pre_norm/pos_lzc_clz      98.7840     0.0      98.7840      0.0000       0.0000 CLZ_3_35
system/tile_prci_domain/tile_reset_domain_tile/fusion/fgra/fgra/pes_18/cfg     694.7808     0.0     194.2752    500.5056       0.0000 ConfigMem_36_1
system/tile_prci_domain/tile_reset_domain_tile/fusion/fgra/fgra/pes_18/delayPipeCG    6875.8369     0.2    3991.5793   2884.2576       0.0000 SharedDelayPipe_24_7
system/tile_prci_domain/tile_reset_domain_tile/fusion/fgra/fgra/pes_18/delayPipeFG     611.7552     0.0     447.1152    164.6400       0.0000 SharedDelayPipe_43_1
system/tile_prci_domain/tile_reset_domain_tile/fusion/fgra/fgra/pes_18/dmr     151.7040     0.0       0.0000    151.7040       0.0000 DualModeReg_8
system/tile_prci_domain/tile_reset_domain_tile/fusion/fgra/fgra/pes_18/lut       5.8800     0.0       5.8800      0.0000       0.0000 LUT_1
system/tile_prci_domain/tile_reset_domain_tile/fusion/fgra/fgra/pes_18/rf4alu       8.2320     0.0       3.5280      4.7040       0.0000 RF_9
system/tile_prci_domain/tile_reset_domain_tile/fusion/fgra/fgra/pes_18/rf4lut       8.9376     0.0       4.2336      4.7040       0.0000 RF_8
system/tile_prci_domain/tile_reset_domain_tile/fusion/fgra/fgra/pes_19   40108.8916     1.2       7.2912      0.0000       0.0000 GPE_19
system/tile_prci_domain/tile_reset_domain_tile/fusion/fgra/fgra/pes_19/Muxn     253.5456     0.0     253.5456      0.0000       0.0000 Muxn_36_113
system/tile_prci_domain/tile_reset_domain_tile/fusion/fgra/fgra/pes_19/Muxn_1     245.3136     0.0     245.3136      0.0000       0.0000 Muxn_36_112
system/tile_prci_domain/tile_reset_domain_tile/fusion/fgra/fgra/pes_19/Muxn_2      10.1136     0.0      10.1136      0.0000       0.0000 Muxn_110_22
system/tile_prci_domain/tile_reset_domain_tile/fusion/fgra/fgra/pes_19/Muxn_3      10.1136     0.0      10.1136      0.0000       0.0000 Muxn_110_21
system/tile_prci_domain/tile_reset_domain_tile/fusion/fgra/fgra/pes_19/Muxn_4      10.1136     0.0      10.1136      0.0000       0.0000 Muxn_110_20
system/tile_prci_domain/tile_reset_domain_tile/fusion/fgra/fgra/pes_19/alu   31124.9571     0.9     798.5040      0.0000       0.0000 ALU_14_0
system/tile_prci_domain/tile_reset_domain_tile/fusion/fgra/fgra/pes_19/alu/arith     414.1872     0.0     414.1872      0.0000       0.0000 ARITH_16
system/tile_prci_domain/tile_reset_domain_tile/fusion/fgra/fgra/pes_19/alu/fadd    4940.8465     0.1       0.0000      0.0000       0.0000 FADD_26
system/tile_prci_domain/tile_reset_domain_tile/fusion/fgra/fgra/pes_19/alu/fadd/fcmaadd    4940.8465     0.1       2.3520      0.0000       0.0000 FCMA_ADD_26
system/tile_prci_domain/tile_reset_domain_tile/fusion/fgra/fgra/pes_19/alu/fadd/fcmaadd/fadd_s1    3399.3456     0.1     644.6832      0.0000       0.0000 FCMA_ADD_s1_26
system/tile_prci_domain/tile_reset_domain_tile/fusion/fgra/fgra/pes_19/alu/fadd/fcmaadd/fadd_s1/far_path_mods_0     843.1920     0.0     387.1392      0.0000       0.0000 FarPath_26
system/tile_prci_domain/tile_reset_domain_tile/fusion/fgra/fgra/pes_19/alu/fadd/fcmaadd/fadd_s1/far_path_mods_0/shiftRightJam     456.0528     0.0     456.0528      0.0000       0.0000 ShiftRightJam_27
system/tile_prci_domain/tile_reset_domain_tile/fusion/fgra/fgra/pes_19/alu/fadd/fcmaadd/fadd_s1/near_path_mods_0     966.4368     0.0     727.0032      0.0000       0.0000 NearPath_53
system/tile_prci_domain/tile_reset_domain_tile/fusion/fgra/fgra/pes_19/alu/fadd/fcmaadd/fadd_s1/near_path_mods_0/lza_ab     143.7072     0.0     143.7072      0.0000       0.0000 LZA_54
system/tile_prci_domain/tile_reset_domain_tile/fusion/fgra/fgra/pes_19/alu/fadd/fcmaadd/fadd_s1/near_path_mods_0/lzc_clz      95.7264     0.0      95.7264      0.0000       0.0000 CLZ_55
system/tile_prci_domain/tile_reset_domain_tile/fusion/fgra/fgra/pes_19/alu/fadd/fcmaadd/fadd_s1/near_path_mods_1     945.0336     0.0     724.8864      0.0000       0.0000 NearPath_52
system/tile_prci_domain/tile_reset_domain_tile/fusion/fgra/fgra/pes_19/alu/fadd/fcmaadd/fadd_s1/near_path_mods_1/lza_ab     129.8304     0.0     129.8304      0.0000       0.0000 LZA_53
system/tile_prci_domain/tile_reset_domain_tile/fusion/fgra/fgra/pes_19/alu/fadd/fcmaadd/fadd_s1/near_path_mods_1/lzc_clz      90.3168     0.0      90.3168      0.0000       0.0000 CLZ_54
system/tile_prci_domain/tile_reset_domain_tile/fusion/fgra/fgra/pes_19/alu/fadd/fcmaadd/fadd_s2    1539.1488     0.0    1114.8480      0.0000       0.0000 FCMA_ADD_s2_26
system/tile_prci_domain/tile_reset_domain_tile/fusion/fgra/fgra/pes_19/alu/fadd/fcmaadd/fadd_s2/far_path_rounder     232.8480     0.0     232.8480      0.0000       0.0000 RoundingUnit_183
system/tile_prci_domain/tile_reset_domain_tile/fusion/fgra/fgra/pes_19/alu/fadd/fcmaadd/fadd_s2/near_path_rounder     191.4528     0.0     191.4528      0.0000       0.0000 RoundingUnit_182
system/tile_prci_domain/tile_reset_domain_tile/fusion/fgra/fgra/pes_19/alu/fdiv   13875.3889     0.4     138.0624    884.3520       0.0000 fpDiv_16
system/tile_prci_domain/tile_reset_domain_tile/fusion/fgra/fgra/pes_19/alu/fdiv/inverter    9382.8337     0.3    1246.3248    880.5888       0.0000 fpInverter_16
system/tile_prci_domain/tile_reset_domain_tile/fusion/fgra/fgra/pes_19/alu/fdiv/inverter/adder     112.8960     0.0     112.8960      0.0000       0.0000 VarSizeAdder_16
system/tile_prci_domain/tile_reset_domain_tile/fusion/fgra/fgra/pes_19/alu/fdiv/inverter/mul1    1686.8544     0.1    1686.8544      0.0000       0.0000 VarSizeMul_16
system/tile_prci_domain/tile_reset_domain_tile/fusion/fgra/fgra/pes_19/alu/fdiv/inverter/mul2    1417.7856     0.0    1417.7856      0.0000       0.0000 mul2_16
system/tile_prci_domain/tile_reset_domain_tile/fusion/fgra/fgra/pes_19/alu/fdiv/inverter/mul3    2981.3952     0.1    2981.3952      0.0000       0.0000 mul3_16
system/tile_prci_domain/tile_reset_domain_tile/fusion/fgra/fgra/pes_19/alu/fdiv/inverter/sub2     139.4736     0.0     139.4736      0.0000       0.0000 VarSizeSub_16
system/tile_prci_domain/tile_reset_domain_tile/fusion/fgra/fgra/pes_19/alu/fdiv/inverter/tableC     180.1632     0.0     180.1632      0.0000       0.0000 lookupC_16
system/tile_prci_domain/tile_reset_domain_tile/fusion/fgra/fgra/pes_19/alu/fdiv/inverter/tableJ     274.2432     0.0     274.2432      0.0000       0.0000 lookupJ_16
system/tile_prci_domain/tile_reset_domain_tile/fusion/fgra/fgra/pes_19/alu/fdiv/inverter/tableL     463.1088     0.0     336.1008    127.0080       0.0000 lookupL_16
system/tile_prci_domain/tile_reset_domain_tile/fusion/fgra/fgra/pes_19/alu/fdiv/multiplier    3470.1408     0.1    3283.8624    164.6400       0.0000 FPMult_16
system/tile_prci_domain/tile_reset_domain_tile/fusion/fgra/fgra/pes_19/alu/fdiv/multiplier/rounder      21.6384     0.0      21.6384      0.0000       0.0000 MantissaRounder_16
system/tile_prci_domain/tile_reset_domain_tile/fusion/fgra/fgra/pes_19/alu/fmax     274.2432     0.0     274.2432      0.0000       0.0000 FCMP_48
system/tile_prci_domain/tile_reset_domain_tile/fusion/fgra/fgra/pes_19/alu/fmin     271.4208     0.0     271.4208      0.0000       0.0000 FCMP_49
system/tile_prci_domain/tile_reset_domain_tile/fusion/fgra/fgra/pes_19/alu/fmul    2189.4768     0.1       9.4080    555.5424       0.0000 FMUL_share_16
system/tile_prci_domain/tile_reset_domain_tile/fusion/fgra/fgra/pes_19/alu/fmul/fmul_s1     399.1344     0.0     319.1664      0.0000       0.0000 FMUL_s1_16
system/tile_prci_domain/tile_reset_domain_tile/fusion/fgra/fgra/pes_19/alu/fmul/fmul_s1/lzc_clz      79.9680     0.0      79.9680      0.0000       0.0000 CLZ_2_16
system/tile_prci_domain/tile_reset_domain_tile/fusion/fgra/fgra/pes_19/alu/fmul/fmul_s2    1020.5328     0.0    1020.5328      0.0000       0.0000 FMUL_s2_16
system/tile_prci_domain/tile_reset_domain_tile/fusion/fgra/fgra/pes_19/alu/fmul/fmul_s3     204.8592     0.0     104.1936      0.0000       0.0000 FMUL_s3_16
system/tile_prci_domain/tile_reset_domain_tile/fusion/fgra/fgra/pes_19/alu/fmul/fmul_s3/rounder     100.6656     0.0     100.6656      0.0000       0.0000 RoundingUnit_254
system/tile_prci_domain/tile_reset_domain_tile/fusion/fgra/fgra/pes_19/alu/fp2si     962.6736     0.0       0.0000      0.0000       0.0000 FPToInt_16
system/tile_prci_domain/tile_reset_domain_tile/fusion/fgra/fgra/pes_19/alu/fp2si/s1     105.3696     0.0     105.3696      0.0000       0.0000 FPToInt_s1_16
system/tile_prci_domain/tile_reset_domain_tile/fusion/fgra/fgra/pes_19/alu/fp2si/s2     857.3040     0.0     588.9408      0.0000       0.0000 FPToInt_s2_16
system/tile_prci_domain/tile_reset_domain_tile/fusion/fgra/fgra/pes_19/alu/fp2si/s2/rpath_rounder      22.5792     0.0      22.5792      0.0000       0.0000 RoundingUnit_6_16
system/tile_prci_domain/tile_reset_domain_tile/fusion/fgra/fgra/pes_19/alu/fp2si/s2/shiftRightJam     245.7840     0.0     245.7840      0.0000       0.0000 ShiftRightJam_1_16
system/tile_prci_domain/tile_reset_domain_tile/fusion/fgra/fgra/pes_19/alu/logic_0     220.6176     0.0      10.3488      0.0000       0.0000 LOGIC_16
system/tile_prci_domain/tile_reset_domain_tile/fusion/fgra/fgra/pes_19/alu/logic_0/logicUnit       6.3504     0.0       6.3504      0.0000       0.0000 UnifiedCom_543
system/tile_prci_domain/tile_reset_domain_tile/fusion/fgra/fgra/pes_19/alu/logic_0/logicUnit_1       6.3504     0.0       6.3504      0.0000       0.0000 UnifiedCom_542
system/tile_prci_domain/tile_reset_domain_tile/fusion/fgra/fgra/pes_19/alu/logic_0/logicUnit_10       6.3504     0.0       6.3504      0.0000       0.0000 UnifiedCom_533
system/tile_prci_domain/tile_reset_domain_tile/fusion/fgra/fgra/pes_19/alu/logic_0/logicUnit_11       6.3504     0.0       6.3504      0.0000       0.0000 UnifiedCom_532
system/tile_prci_domain/tile_reset_domain_tile/fusion/fgra/fgra/pes_19/alu/logic_0/logicUnit_12       7.0560     0.0       7.0560      0.0000       0.0000 UnifiedCom_531
system/tile_prci_domain/tile_reset_domain_tile/fusion/fgra/fgra/pes_19/alu/logic_0/logicUnit_13       6.3504     0.0       6.3504      0.0000       0.0000 UnifiedCom_530
system/tile_prci_domain/tile_reset_domain_tile/fusion/fgra/fgra/pes_19/alu/logic_0/logicUnit_14       6.3504     0.0       6.3504      0.0000       0.0000 UnifiedCom_529
system/tile_prci_domain/tile_reset_domain_tile/fusion/fgra/fgra/pes_19/alu/logic_0/logicUnit_15       6.3504     0.0       6.3504      0.0000       0.0000 UnifiedCom_528
system/tile_prci_domain/tile_reset_domain_tile/fusion/fgra/fgra/pes_19/alu/logic_0/logicUnit_16       6.3504     0.0       6.3504      0.0000       0.0000 UnifiedCom_527
system/tile_prci_domain/tile_reset_domain_tile/fusion/fgra/fgra/pes_19/alu/logic_0/logicUnit_17       6.3504     0.0       6.3504      0.0000       0.0000 UnifiedCom_526
system/tile_prci_domain/tile_reset_domain_tile/fusion/fgra/fgra/pes_19/alu/logic_0/logicUnit_18       6.3504     0.0       6.3504      0.0000       0.0000 UnifiedCom_525
system/tile_prci_domain/tile_reset_domain_tile/fusion/fgra/fgra/pes_19/alu/logic_0/logicUnit_19       6.3504     0.0       6.3504      0.0000       0.0000 UnifiedCom_524
system/tile_prci_domain/tile_reset_domain_tile/fusion/fgra/fgra/pes_19/alu/logic_0/logicUnit_2       6.3504     0.0       6.3504      0.0000       0.0000 UnifiedCom_541
system/tile_prci_domain/tile_reset_domain_tile/fusion/fgra/fgra/pes_19/alu/logic_0/logicUnit_20       6.3504     0.0       6.3504      0.0000       0.0000 UnifiedCom_523
system/tile_prci_domain/tile_reset_domain_tile/fusion/fgra/fgra/pes_19/alu/logic_0/logicUnit_21       6.3504     0.0       6.3504      0.0000       0.0000 UnifiedCom_522
system/tile_prci_domain/tile_reset_domain_tile/fusion/fgra/fgra/pes_19/alu/logic_0/logicUnit_22       6.3504     0.0       6.3504      0.0000       0.0000 UnifiedCom_521
system/tile_prci_domain/tile_reset_domain_tile/fusion/fgra/fgra/pes_19/alu/logic_0/logicUnit_23       6.3504     0.0       6.3504      0.0000       0.0000 UnifiedCom_520
system/tile_prci_domain/tile_reset_domain_tile/fusion/fgra/fgra/pes_19/alu/logic_0/logicUnit_24       7.0560     0.0       7.0560      0.0000       0.0000 UnifiedCom_519
system/tile_prci_domain/tile_reset_domain_tile/fusion/fgra/fgra/pes_19/alu/logic_0/logicUnit_25       6.3504     0.0       6.3504      0.0000       0.0000 UnifiedCom_518
system/tile_prci_domain/tile_reset_domain_tile/fusion/fgra/fgra/pes_19/alu/logic_0/logicUnit_26       7.0560     0.0       7.0560      0.0000       0.0000 UnifiedCom_517
system/tile_prci_domain/tile_reset_domain_tile/fusion/fgra/fgra/pes_19/alu/logic_0/logicUnit_27       7.0560     0.0       7.0560      0.0000       0.0000 UnifiedCom_516
system/tile_prci_domain/tile_reset_domain_tile/fusion/fgra/fgra/pes_19/alu/logic_0/logicUnit_28       6.3504     0.0       6.3504      0.0000       0.0000 UnifiedCom_515
system/tile_prci_domain/tile_reset_domain_tile/fusion/fgra/fgra/pes_19/alu/logic_0/logicUnit_29       6.3504     0.0       6.3504      0.0000       0.0000 UnifiedCom_514
system/tile_prci_domain/tile_reset_domain_tile/fusion/fgra/fgra/pes_19/alu/logic_0/logicUnit_3       6.3504     0.0       6.3504      0.0000       0.0000 UnifiedCom_540
system/tile_prci_domain/tile_reset_domain_tile/fusion/fgra/fgra/pes_19/alu/logic_0/logicUnit_30       7.0560     0.0       7.0560      0.0000       0.0000 UnifiedCom_513
system/tile_prci_domain/tile_reset_domain_tile/fusion/fgra/fgra/pes_19/alu/logic_0/logicUnit_31       7.0560     0.0       7.0560      0.0000       0.0000 UnifiedCom_512
system/tile_prci_domain/tile_reset_domain_tile/fusion/fgra/fgra/pes_19/alu/logic_0/logicUnit_4       7.0560     0.0       7.0560      0.0000       0.0000 UnifiedCom_539
system/tile_prci_domain/tile_reset_domain_tile/fusion/fgra/fgra/pes_19/alu/logic_0/logicUnit_5       7.0560     0.0       7.0560      0.0000       0.0000 UnifiedCom_538
system/tile_prci_domain/tile_reset_domain_tile/fusion/fgra/fgra/pes_19/alu/logic_0/logicUnit_6       7.0560     0.0       7.0560      0.0000       0.0000 UnifiedCom_537
system/tile_prci_domain/tile_reset_domain_tile/fusion/fgra/fgra/pes_19/alu/logic_0/logicUnit_7       6.3504     0.0       6.3504      0.0000       0.0000 UnifiedCom_536
system/tile_prci_domain/tile_reset_domain_tile/fusion/fgra/fgra/pes_19/alu/logic_0/logicUnit_8       6.3504     0.0       6.3504      0.0000       0.0000 UnifiedCom_535
system/tile_prci_domain/tile_reset_domain_tile/fusion/fgra/fgra/pes_19/alu/logic_0/logicUnit_9       7.0560     0.0       7.0560      0.0000       0.0000 UnifiedCom_534
system/tile_prci_domain/tile_reset_domain_tile/fusion/fgra/fgra/pes_19/alu/multipler    5456.1697     0.2    5456.1697      0.0000       0.0000 Mul_16
system/tile_prci_domain/tile_reset_domain_tile/fusion/fgra/fgra/pes_19/alu/shift     690.0768     0.0     690.0768      0.0000       0.0000 SHIFT_16
system/tile_prci_domain/tile_reset_domain_tile/fusion/fgra/fgra/pes_19/alu/si2fp    1031.3520     0.0       0.0000      0.0000       0.0000 IntToFP_16
system/tile_prci_domain/tile_reset_domain_tile/fusion/fgra/fgra/pes_19/alu/si2fp/post_norm      47.5104     0.0      25.8720      0.0000       0.0000 IntToFP_postnorm_16
system/tile_prci_domain/tile_reset_domain_tile/fusion/fgra/fgra/pes_19/alu/si2fp/post_norm/rounder      21.6384     0.0      21.6384      0.0000       0.0000 RoundingUnit_253
system/tile_prci_domain/tile_reset_domain_tile/fusion/fgra/fgra/pes_19/alu/si2fp/pre_norm     983.8416     0.0     720.8880      0.0000       0.0000 IntToFP_prenorm_16
system/tile_prci_domain/tile_reset_domain_tile/fusion/fgra/fgra/pes_19/alu/si2fp/pre_norm/lza      76.4400     0.0      76.4400      0.0000       0.0000 LZA_2_16
system/tile_prci_domain/tile_reset_domain_tile/fusion/fgra/fgra/pes_19/alu/si2fp/pre_norm/neg_lzc_clz      93.3744     0.0      93.3744      0.0000       0.0000 CLZ_3_32
system/tile_prci_domain/tile_reset_domain_tile/fusion/fgra/fgra/pes_19/alu/si2fp/pre_norm/pos_lzc_clz      93.1392     0.0      93.1392      0.0000       0.0000 CLZ_3_33
system/tile_prci_domain/tile_reset_domain_tile/fusion/fgra/fgra/pes_19/cfg     694.7808     0.0     194.2752    500.5056       0.0000 ConfigMem_36_0
system/tile_prci_domain/tile_reset_domain_tile/fusion/fgra/fgra/pes_19/delayPipeCG    6948.9841     0.2    4062.8449   2886.1392       0.0000 SharedDelayPipe_24_6
system/tile_prci_domain/tile_reset_domain_tile/fusion/fgra/fgra/pes_19/delayPipeFG     611.7552     0.0     447.1152    164.6400       0.0000 SharedDelayPipe_43_0
system/tile_prci_domain/tile_reset_domain_tile/fusion/fgra/fgra/pes_19/dmr     168.8736     0.0       0.0000    168.8736       0.0000 DualModeReg_7
system/tile_prci_domain/tile_reset_domain_tile/fusion/fgra/fgra/pes_19/lut       5.8800     0.0       5.8800      0.0000       0.0000 LUT_0
system/tile_prci_domain/tile_reset_domain_tile/fusion/fgra/fgra/pes_19/rf4alu       8.7024     0.0       3.9984      4.7040       0.0000 RF_7
system/tile_prci_domain/tile_reset_domain_tile/fusion/fgra/fgra/pes_19/rf4lut       8.4672     0.0       3.7632      4.7040       0.0000 RF_6
system/tile_prci_domain/tile_reset_domain_tile/fusion/fgra/fgra/pes_2   25879.7618     0.8       9.4080      0.0000       0.0000 GPE_2
system/tile_prci_domain/tile_reset_domain_tile/fusion/fgra/fgra/pes_2/Muxn     241.7856     0.0     241.7856      0.0000       0.0000 Muxn_36_147
system/tile_prci_domain/tile_reset_domain_tile/fusion/fgra/fgra/pes_2/Muxn_1     237.7872     0.0     237.7872      0.0000       0.0000 Muxn_36_146
system/tile_prci_domain/tile_reset_domain_tile/fusion/fgra/fgra/pes_2/Muxn_2       7.5264     0.0       7.5264      0.0000       0.0000 Muxn_38_32
system/tile_prci_domain/tile_reset_domain_tile/fusion/fgra/fgra/pes_2/alu   17548.7426     0.5     716.4192      0.0000       0.0000 ALU_12
system/tile_prci_domain/tile_reset_domain_tile/fusion/fgra/fgra/pes_2/alu/arith     420.7728     0.0     420.7728      0.0000       0.0000 ARITH_33
system/tile_prci_domain/tile_reset_domain_tile/fusion/fgra/fgra/pes_2/alu/fadd    4973.3041     0.1       0.0000      0.0000       0.0000 FADD_43
system/tile_prci_domain/tile_reset_domain_tile/fusion/fgra/fgra/pes_2/alu/fadd/fcmaadd    4973.3041     0.1       2.3520      0.0000       0.0000 FCMA_ADD_43
system/tile_prci_domain/tile_reset_domain_tile/fusion/fgra/fgra/pes_2/alu/fadd/fcmaadd/fadd_s1    3431.0976     0.1     663.7344      0.0000       0.0000 FCMA_ADD_s1_43
system/tile_prci_domain/tile_reset_domain_tile/fusion/fgra/fgra/pes_2/alu/fadd/fcmaadd/fadd_s1/far_path_mods_0     861.3024     0.0     367.8528      0.0000       0.0000 FarPath_43
system/tile_prci_domain/tile_reset_domain_tile/fusion/fgra/fgra/pes_2/alu/fadd/fcmaadd/fadd_s1/far_path_mods_0/shiftRightJam     493.4496     0.0     493.4496      0.0000       0.0000 ShiftRightJam_44
system/tile_prci_domain/tile_reset_domain_tile/fusion/fgra/fgra/pes_2/alu/fadd/fcmaadd/fadd_s1/near_path_mods_0     946.2096     0.0     715.9488      0.0000       0.0000 NearPath_87
system/tile_prci_domain/tile_reset_domain_tile/fusion/fgra/fgra/pes_2/alu/fadd/fcmaadd/fadd_s1/near_path_mods_0/lza_ab     141.3552     0.0     141.3552      0.0000       0.0000 LZA_88
system/tile_prci_domain/tile_reset_domain_tile/fusion/fgra/fgra/pes_2/alu/fadd/fcmaadd/fadd_s1/near_path_mods_0/lzc_clz      88.9056     0.0      88.9056      0.0000       0.0000 CLZ_89
system/tile_prci_domain/tile_reset_domain_tile/fusion/fgra/fgra/pes_2/alu/fadd/fcmaadd/fadd_s1/near_path_mods_1     959.8512     0.0     733.1184      0.0000       0.0000 NearPath_86
system/tile_prci_domain/tile_reset_domain_tile/fusion/fgra/fgra/pes_2/alu/fadd/fcmaadd/fadd_s1/near_path_mods_1/lza_ab     135.2400     0.0     135.2400      0.0000       0.0000 LZA_87
system/tile_prci_domain/tile_reset_domain_tile/fusion/fgra/fgra/pes_2/alu/fadd/fcmaadd/fadd_s1/near_path_mods_1/lzc_clz      91.4928     0.0      91.4928      0.0000       0.0000 CLZ_88
system/tile_prci_domain/tile_reset_domain_tile/fusion/fgra/fgra/pes_2/alu/fadd/fcmaadd/fadd_s2    1539.8544     0.0    1124.2560      0.0000       0.0000 FCMA_ADD_s2_43
system/tile_prci_domain/tile_reset_domain_tile/fusion/fgra/fgra/pes_2/alu/fadd/fcmaadd/fadd_s2/far_path_rounder     220.3824     0.0     220.3824      0.0000       0.0000 RoundingUnit_234
system/tile_prci_domain/tile_reset_domain_tile/fusion/fgra/fgra/pes_2/alu/fadd/fcmaadd/fadd_s2/near_path_rounder     195.2160     0.0     195.2160      0.0000       0.0000 RoundingUnit_233
system/tile_prci_domain/tile_reset_domain_tile/fusion/fgra/fgra/pes_2/alu/fcmp     292.3536     0.0     292.3536      0.0000       0.0000 FCMP_101
system/tile_prci_domain/tile_reset_domain_tile/fusion/fgra/fgra/pes_2/alu/fmax     275.4192     0.0     275.4192      0.0000       0.0000 FCMP_99
system/tile_prci_domain/tile_reset_domain_tile/fusion/fgra/fgra/pes_2/alu/fmin     274.0080     0.0     274.0080      0.0000       0.0000 FCMP_100
system/tile_prci_domain/tile_reset_domain_tile/fusion/fgra/fgra/pes_2/alu/fmul    2217.9360     0.1      12.9360    556.4832       0.0000 FMUL_share_33
system/tile_prci_domain/tile_reset_domain_tile/fusion/fgra/fgra/pes_2/alu/fmul/fmul_s1     400.5456     0.0     323.8704      0.0000       0.0000 FMUL_s1_33
system/tile_prci_domain/tile_reset_domain_tile/fusion/fgra/fgra/pes_2/alu/fmul/fmul_s1/lzc_clz      76.6752     0.0      76.6752      0.0000       0.0000 CLZ_2_33
system/tile_prci_domain/tile_reset_domain_tile/fusion/fgra/fgra/pes_2/alu/fmul/fmul_s2    1043.1120     0.0    1043.1120      0.0000       0.0000 FMUL_s2_33
system/tile_prci_domain/tile_reset_domain_tile/fusion/fgra/fgra/pes_2/alu/fmul/fmul_s3     204.8592     0.0     104.1936      0.0000       0.0000 FMUL_s3_33
system/tile_prci_domain/tile_reset_domain_tile/fusion/fgra/fgra/pes_2/alu/fmul/fmul_s3/rounder     100.6656     0.0     100.6656      0.0000       0.0000 RoundingUnit_288
system/tile_prci_domain/tile_reset_domain_tile/fusion/fgra/fgra/pes_2/alu/fp2si     954.4416     0.0       0.0000      0.0000       0.0000 FPToInt_33
system/tile_prci_domain/tile_reset_domain_tile/fusion/fgra/fgra/pes_2/alu/fp2si/s1     108.6624     0.0     108.6624      0.0000       0.0000 FPToInt_s1_33
system/tile_prci_domain/tile_reset_domain_tile/fusion/fgra/fgra/pes_2/alu/fp2si/s2     845.7792     0.0     586.1184      0.0000       0.0000 FPToInt_s2_33
system/tile_prci_domain/tile_reset_domain_tile/fusion/fgra/fgra/pes_2/alu/fp2si/s2/rpath_rounder      22.5792     0.0      22.5792      0.0000       0.0000 RoundingUnit_6_33
system/tile_prci_domain/tile_reset_domain_tile/fusion/fgra/fgra/pes_2/alu/fp2si/s2/shiftRightJam     237.0816     0.0     237.0816      0.0000       0.0000 ShiftRightJam_1_33
system/tile_prci_domain/tile_reset_domain_tile/fusion/fgra/fgra/pes_2/alu/logic_0     227.2032     0.0      11.2896      0.0000       0.0000 LOGIC_33
system/tile_prci_domain/tile_reset_domain_tile/fusion/fgra/fgra/pes_2/alu/logic_0/logicUnit       6.3504     0.0       6.3504      0.0000       0.0000 UnifiedCom_1087
system/tile_prci_domain/tile_reset_domain_tile/fusion/fgra/fgra/pes_2/alu/logic_0/logicUnit_1       7.0560     0.0       7.0560      0.0000       0.0000 UnifiedCom_1086
system/tile_prci_domain/tile_reset_domain_tile/fusion/fgra/fgra/pes_2/alu/logic_0/logicUnit_10       6.3504     0.0       6.3504      0.0000       0.0000 UnifiedCom_1077
system/tile_prci_domain/tile_reset_domain_tile/fusion/fgra/fgra/pes_2/alu/logic_0/logicUnit_11       6.3504     0.0       6.3504      0.0000       0.0000 UnifiedCom_1076
system/tile_prci_domain/tile_reset_domain_tile/fusion/fgra/fgra/pes_2/alu/logic_0/logicUnit_12       7.0560     0.0       7.0560      0.0000       0.0000 UnifiedCom_1075
system/tile_prci_domain/tile_reset_domain_tile/fusion/fgra/fgra/pes_2/alu/logic_0/logicUnit_13       7.0560     0.0       7.0560      0.0000       0.0000 UnifiedCom_1074
system/tile_prci_domain/tile_reset_domain_tile/fusion/fgra/fgra/pes_2/alu/logic_0/logicUnit_14       7.0560     0.0       7.0560      0.0000       0.0000 UnifiedCom_1073
system/tile_prci_domain/tile_reset_domain_tile/fusion/fgra/fgra/pes_2/alu/logic_0/logicUnit_15       7.0560     0.0       7.0560      0.0000       0.0000 UnifiedCom_1072
system/tile_prci_domain/tile_reset_domain_tile/fusion/fgra/fgra/pes_2/alu/logic_0/logicUnit_16       7.0560     0.0       7.0560      0.0000       0.0000 UnifiedCom_1071
system/tile_prci_domain/tile_reset_domain_tile/fusion/fgra/fgra/pes_2/alu/logic_0/logicUnit_17       7.0560     0.0       7.0560      0.0000       0.0000 UnifiedCom_1070
system/tile_prci_domain/tile_reset_domain_tile/fusion/fgra/fgra/pes_2/alu/logic_0/logicUnit_18       7.0560     0.0       7.0560      0.0000       0.0000 UnifiedCom_1069
system/tile_prci_domain/tile_reset_domain_tile/fusion/fgra/fgra/pes_2/alu/logic_0/logicUnit_19       7.0560     0.0       7.0560      0.0000       0.0000 UnifiedCom_1068
system/tile_prci_domain/tile_reset_domain_tile/fusion/fgra/fgra/pes_2/alu/logic_0/logicUnit_2       6.3504     0.0       6.3504      0.0000       0.0000 UnifiedCom_1085
system/tile_prci_domain/tile_reset_domain_tile/fusion/fgra/fgra/pes_2/alu/logic_0/logicUnit_20       7.0560     0.0       7.0560      0.0000       0.0000 UnifiedCom_1067
system/tile_prci_domain/tile_reset_domain_tile/fusion/fgra/fgra/pes_2/alu/logic_0/logicUnit_21       7.0560     0.0       7.0560      0.0000       0.0000 UnifiedCom_1066
system/tile_prci_domain/tile_reset_domain_tile/fusion/fgra/fgra/pes_2/alu/logic_0/logicUnit_22       7.0560     0.0       7.0560      0.0000       0.0000 UnifiedCom_1065
system/tile_prci_domain/tile_reset_domain_tile/fusion/fgra/fgra/pes_2/alu/logic_0/logicUnit_23       7.0560     0.0       7.0560      0.0000       0.0000 UnifiedCom_1064
system/tile_prci_domain/tile_reset_domain_tile/fusion/fgra/fgra/pes_2/alu/logic_0/logicUnit_24       7.0560     0.0       7.0560      0.0000       0.0000 UnifiedCom_1063
system/tile_prci_domain/tile_reset_domain_tile/fusion/fgra/fgra/pes_2/alu/logic_0/logicUnit_25       7.0560     0.0       7.0560      0.0000       0.0000 UnifiedCom_1062
system/tile_prci_domain/tile_reset_domain_tile/fusion/fgra/fgra/pes_2/alu/logic_0/logicUnit_26       6.3504     0.0       6.3504      0.0000       0.0000 UnifiedCom_1061
system/tile_prci_domain/tile_reset_domain_tile/fusion/fgra/fgra/pes_2/alu/logic_0/logicUnit_27       6.3504     0.0       6.3504      0.0000       0.0000 UnifiedCom_1060
system/tile_prci_domain/tile_reset_domain_tile/fusion/fgra/fgra/pes_2/alu/logic_0/logicUnit_28       7.0560     0.0       7.0560      0.0000       0.0000 UnifiedCom_1059
system/tile_prci_domain/tile_reset_domain_tile/fusion/fgra/fgra/pes_2/alu/logic_0/logicUnit_29       6.3504     0.0       6.3504      0.0000       0.0000 UnifiedCom_1058
system/tile_prci_domain/tile_reset_domain_tile/fusion/fgra/fgra/pes_2/alu/logic_0/logicUnit_3       6.3504     0.0       6.3504      0.0000       0.0000 UnifiedCom_1084
system/tile_prci_domain/tile_reset_domain_tile/fusion/fgra/fgra/pes_2/alu/logic_0/logicUnit_30       6.3504     0.0       6.3504      0.0000       0.0000 UnifiedCom_1057
system/tile_prci_domain/tile_reset_domain_tile/fusion/fgra/fgra/pes_2/alu/logic_0/logicUnit_31       7.0560     0.0       7.0560      0.0000       0.0000 UnifiedCom_1056
system/tile_prci_domain/tile_reset_domain_tile/fusion/fgra/fgra/pes_2/alu/logic_0/logicUnit_4       6.3504     0.0       6.3504      0.0000       0.0000 UnifiedCom_1083
system/tile_prci_domain/tile_reset_domain_tile/fusion/fgra/fgra/pes_2/alu/logic_0/logicUnit_5       6.3504     0.0       6.3504      0.0000       0.0000 UnifiedCom_1082
system/tile_prci_domain/tile_reset_domain_tile/fusion/fgra/fgra/pes_2/alu/logic_0/logicUnit_6       7.0560     0.0       7.0560      0.0000       0.0000 UnifiedCom_1081
system/tile_prci_domain/tile_reset_domain_tile/fusion/fgra/fgra/pes_2/alu/logic_0/logicUnit_7       6.3504     0.0       6.3504      0.0000       0.0000 UnifiedCom_1080
system/tile_prci_domain/tile_reset_domain_tile/fusion/fgra/fgra/pes_2/alu/logic_0/logicUnit_8       6.3504     0.0       6.3504      0.0000       0.0000 UnifiedCom_1079
system/tile_prci_domain/tile_reset_domain_tile/fusion/fgra/fgra/pes_2/alu/logic_0/logicUnit_9       6.3504     0.0       6.3504      0.0000       0.0000 UnifiedCom_1078
system/tile_prci_domain/tile_reset_domain_tile/fusion/fgra/fgra/pes_2/alu/multipler    5470.5169     0.2    5470.5169      0.0000       0.0000 Mul_33
system/tile_prci_domain/tile_reset_domain_tile/fusion/fgra/fgra/pes_2/alu/shift     690.0768     0.0     690.0768      0.0000       0.0000 SHIFT_33
system/tile_prci_domain/tile_reset_domain_tile/fusion/fgra/fgra/pes_2/alu/si2fp    1036.2912     0.0       1.4112      0.0000       0.0000 IntToFP_33
system/tile_prci_domain/tile_reset_domain_tile/fusion/fgra/fgra/pes_2/alu/si2fp/post_norm      46.8048     0.0      25.1664      0.0000       0.0000 IntToFP_postnorm_33
system/tile_prci_domain/tile_reset_domain_tile/fusion/fgra/fgra/pes_2/alu/si2fp/post_norm/rounder      21.6384     0.0      21.6384      0.0000       0.0000 RoundingUnit_287
system/tile_prci_domain/tile_reset_domain_tile/fusion/fgra/fgra/pes_2/alu/si2fp/pre_norm     988.0752     0.0     723.0048      0.0000       0.0000 IntToFP_prenorm_33
system/tile_prci_domain/tile_reset_domain_tile/fusion/fgra/fgra/pes_2/alu/si2fp/pre_norm/lza      77.8512     0.0      77.8512      0.0000       0.0000 LZA_2_33
system/tile_prci_domain/tile_reset_domain_tile/fusion/fgra/fgra/pes_2/alu/si2fp/pre_norm/neg_lzc_clz      91.2576     0.0      91.2576      0.0000       0.0000 CLZ_3_66
system/tile_prci_domain/tile_reset_domain_tile/fusion/fgra/fgra/pes_2/alu/si2fp/pre_norm/pos_lzc_clz      95.9616     0.0      95.9616      0.0000       0.0000 CLZ_3_67
system/tile_prci_domain/tile_reset_domain_tile/fusion/fgra/fgra/pes_2/cfg     569.6544     0.0     153.8208    415.8336       0.0000 ConfigMem_12_11
system/tile_prci_domain/tile_reset_domain_tile/fusion/fgra/fgra/pes_2/delayPipeCG    6898.4161     0.2    4017.2161   2881.2000       0.0000 SharedDelayPipe_24_23
system/tile_prci_domain/tile_reset_domain_tile/fusion/fgra/fgra/pes_2/delayPipeFG     205.0944     0.0     125.1264     79.9680       0.0000 SharedDelayPipe_25_11
system/tile_prci_domain/tile_reset_domain_tile/fusion/fgra/fgra/pes_2/dmr     153.3504     0.0       0.0000    153.3504       0.0000 DualModeReg_18
system/tile_prci_domain/tile_reset_domain_tile/fusion/fgra/fgra/pes_2/rf4alu       7.9968     0.0       3.2928      4.7040       0.0000 RF_35
system/tile_prci_domain/tile_reset_domain_tile/fusion/fgra/fgra/pes_20   25673.7267     0.8       6.1152      0.0000       0.0000 GPE_20
system/tile_prci_domain/tile_reset_domain_tile/fusion/fgra/fgra/pes_20/Muxn     202.2720     0.0     202.2720      0.0000       0.0000 Muxn_36_111
system/tile_prci_domain/tile_reset_domain_tile/fusion/fgra/fgra/pes_20/Muxn_1     186.7488     0.0     186.7488      0.0000       0.0000 Muxn_36_110
system/tile_prci_domain/tile_reset_domain_tile/fusion/fgra/fgra/pes_20/Muxn_2       6.3504     0.0       6.3504      0.0000       0.0000 Muxn_38_26
system/tile_prci_domain/tile_reset_domain_tile/fusion/fgra/fgra/pes_20/alu   17375.4002     0.5     708.8928      0.0000       0.0000 ALU_5
system/tile_prci_domain/tile_reset_domain_tile/fusion/fgra/fgra/pes_20/alu/arith     410.4240     0.0     410.4240      0.0000       0.0000 ARITH_15
system/tile_prci_domain/tile_reset_domain_tile/fusion/fgra/fgra/pes_20/alu/fadd    4894.0417     0.1       0.0000      0.0000       0.0000 FADD_25
system/tile_prci_domain/tile_reset_domain_tile/fusion/fgra/fgra/pes_20/alu/fadd/fcmaadd    4894.0417     0.1       2.3520      0.0000       0.0000 FCMA_ADD_25
system/tile_prci_domain/tile_reset_domain_tile/fusion/fgra/fgra/pes_20/alu/fadd/fcmaadd/fadd_s1    3378.6480     0.1     634.3344      0.0000       0.0000 FCMA_ADD_s1_25
system/tile_prci_domain/tile_reset_domain_tile/fusion/fgra/fgra/pes_20/alu/fadd/fcmaadd/fadd_s1/far_path_mods_0     841.5456     0.0     360.0912      0.0000       0.0000 FarPath_25
system/tile_prci_domain/tile_reset_domain_tile/fusion/fgra/fgra/pes_20/alu/fadd/fcmaadd/fadd_s1/far_path_mods_0/shiftRightJam     481.4544     0.0     481.4544      0.0000       0.0000 ShiftRightJam_26
system/tile_prci_domain/tile_reset_domain_tile/fusion/fgra/fgra/pes_20/alu/fadd/fcmaadd/fadd_s1/near_path_mods_0     958.6752     0.0     723.2400      0.0000       0.0000 NearPath_51
system/tile_prci_domain/tile_reset_domain_tile/fusion/fgra/fgra/pes_20/alu/fadd/fcmaadd/fadd_s1/near_path_mods_0/lza_ab     142.0608     0.0     142.0608      0.0000       0.0000 LZA_52
system/tile_prci_domain/tile_reset_domain_tile/fusion/fgra/fgra/pes_20/alu/fadd/fcmaadd/fadd_s1/near_path_mods_0/lzc_clz      93.3744     0.0      93.3744      0.0000       0.0000 CLZ_53
system/tile_prci_domain/tile_reset_domain_tile/fusion/fgra/fgra/pes_20/alu/fadd/fcmaadd/fadd_s1/near_path_mods_1     944.0928     0.0     722.0640      0.0000       0.0000 NearPath_50
system/tile_prci_domain/tile_reset_domain_tile/fusion/fgra/fgra/pes_20/alu/fadd/fcmaadd/fadd_s1/near_path_mods_1/lza_ab     135.2400     0.0     135.2400      0.0000       0.0000 LZA_51
system/tile_prci_domain/tile_reset_domain_tile/fusion/fgra/fgra/pes_20/alu/fadd/fcmaadd/fadd_s1/near_path_mods_1/lzc_clz      86.7888     0.0      86.7888      0.0000       0.0000 CLZ_52
system/tile_prci_domain/tile_reset_domain_tile/fusion/fgra/fgra/pes_20/alu/fadd/fcmaadd/fadd_s2    1513.0416     0.0    1094.3856      0.0000       0.0000 FCMA_ADD_s2_25
system/tile_prci_domain/tile_reset_domain_tile/fusion/fgra/fgra/pes_20/alu/fadd/fcmaadd/fadd_s2/far_path_rounder     225.3216     0.0     225.3216      0.0000       0.0000 RoundingUnit_180
system/tile_prci_domain/tile_reset_domain_tile/fusion/fgra/fgra/pes_20/alu/fadd/fcmaadd/fadd_s2/near_path_rounder     193.3344     0.0     193.3344      0.0000       0.0000 RoundingUnit_179
system/tile_prci_domain/tile_reset_domain_tile/fusion/fgra/fgra/pes_20/alu/fcmp     291.6480     0.0     291.6480      0.0000       0.0000 FCMP_47
system/tile_prci_domain/tile_reset_domain_tile/fusion/fgra/fgra/pes_20/alu/fmax     273.5376     0.0     273.5376      0.0000       0.0000 FCMP_45
system/tile_prci_domain/tile_reset_domain_tile/fusion/fgra/fgra/pes_20/alu/fmin     272.5968     0.0     272.5968      0.0000       0.0000 FCMP_46
system/tile_prci_domain/tile_reset_domain_tile/fusion/fgra/fgra/pes_20/alu/fmul    2183.1264     0.1      11.7600    556.2480       0.0000 FMUL_share_15
system/tile_prci_domain/tile_reset_domain_tile/fusion/fgra/fgra/pes_20/alu/fmul/fmul_s1     391.6080     0.0     311.6400      0.0000       0.0000 FMUL_s1_15
system/tile_prci_domain/tile_reset_domain_tile/fusion/fgra/fgra/pes_20/alu/fmul/fmul_s1/lzc_clz      79.9680     0.0      79.9680      0.0000       0.0000 CLZ_2_15
system/tile_prci_domain/tile_reset_domain_tile/fusion/fgra/fgra/pes_20/alu/fmul/fmul_s2    1018.6512     0.0    1018.6512      0.0000       0.0000 FMUL_s2_15
system/tile_prci_domain/tile_reset_domain_tile/fusion/fgra/fgra/pes_20/alu/fmul/fmul_s3     204.8592     0.0     104.1936      0.0000       0.0000 FMUL_s3_15
system/tile_prci_domain/tile_reset_domain_tile/fusion/fgra/fgra/pes_20/alu/fmul/fmul_s3/rounder     100.6656     0.0     100.6656      0.0000       0.0000 RoundingUnit_252
system/tile_prci_domain/tile_reset_domain_tile/fusion/fgra/fgra/pes_20/alu/fp2si     952.3248     0.0       0.9408      0.0000       0.0000 FPToInt_15
system/tile_prci_domain/tile_reset_domain_tile/fusion/fgra/fgra/pes_20/alu/fp2si/s1     102.5472     0.0     102.5472      0.0000       0.0000 FPToInt_s1_15
system/tile_prci_domain/tile_reset_domain_tile/fusion/fgra/fgra/pes_20/alu/fp2si/s2     848.8368     0.0     580.2384      0.0000       0.0000 FPToInt_s2_15
system/tile_prci_domain/tile_reset_domain_tile/fusion/fgra/fgra/pes_20/alu/fp2si/s2/rpath_rounder      22.5792     0.0      22.5792      0.0000       0.0000 RoundingUnit_6_15
system/tile_prci_domain/tile_reset_domain_tile/fusion/fgra/fgra/pes_20/alu/fp2si/s2/shiftRightJam     246.0192     0.0     246.0192      0.0000       0.0000 ShiftRightJam_1_15
system/tile_prci_domain/tile_reset_domain_tile/fusion/fgra/fgra/pes_20/alu/logic_0     225.7920     0.0      10.3488      0.0000       0.0000 LOGIC_15
system/tile_prci_domain/tile_reset_domain_tile/fusion/fgra/fgra/pes_20/alu/logic_0/logicUnit       6.3504     0.0       6.3504      0.0000       0.0000 UnifiedCom_511
system/tile_prci_domain/tile_reset_domain_tile/fusion/fgra/fgra/pes_20/alu/logic_0/logicUnit_1       6.3504     0.0       6.3504      0.0000       0.0000 UnifiedCom_510
system/tile_prci_domain/tile_reset_domain_tile/fusion/fgra/fgra/pes_20/alu/logic_0/logicUnit_10       7.0560     0.0       7.0560      0.0000       0.0000 UnifiedCom_501
system/tile_prci_domain/tile_reset_domain_tile/fusion/fgra/fgra/pes_20/alu/logic_0/logicUnit_11       7.0560     0.0       7.0560      0.0000       0.0000 UnifiedCom_500
system/tile_prci_domain/tile_reset_domain_tile/fusion/fgra/fgra/pes_20/alu/logic_0/logicUnit_12       6.3504     0.0       6.3504      0.0000       0.0000 UnifiedCom_499
system/tile_prci_domain/tile_reset_domain_tile/fusion/fgra/fgra/pes_20/alu/logic_0/logicUnit_13       6.3504     0.0       6.3504      0.0000       0.0000 UnifiedCom_498
system/tile_prci_domain/tile_reset_domain_tile/fusion/fgra/fgra/pes_20/alu/logic_0/logicUnit_14       7.0560     0.0       7.0560      0.0000       0.0000 UnifiedCom_497
system/tile_prci_domain/tile_reset_domain_tile/fusion/fgra/fgra/pes_20/alu/logic_0/logicUnit_15       7.0560     0.0       7.0560      0.0000       0.0000 UnifiedCom_496
system/tile_prci_domain/tile_reset_domain_tile/fusion/fgra/fgra/pes_20/alu/logic_0/logicUnit_16       6.3504     0.0       6.3504      0.0000       0.0000 UnifiedCom_495
system/tile_prci_domain/tile_reset_domain_tile/fusion/fgra/fgra/pes_20/alu/logic_0/logicUnit_17       7.0560     0.0       7.0560      0.0000       0.0000 UnifiedCom_494
system/tile_prci_domain/tile_reset_domain_tile/fusion/fgra/fgra/pes_20/alu/logic_0/logicUnit_18       6.3504     0.0       6.3504      0.0000       0.0000 UnifiedCom_493
system/tile_prci_domain/tile_reset_domain_tile/fusion/fgra/fgra/pes_20/alu/logic_0/logicUnit_19       7.0560     0.0       7.0560      0.0000       0.0000 UnifiedCom_492
system/tile_prci_domain/tile_reset_domain_tile/fusion/fgra/fgra/pes_20/alu/logic_0/logicUnit_2       6.3504     0.0       6.3504      0.0000       0.0000 UnifiedCom_509
system/tile_prci_domain/tile_reset_domain_tile/fusion/fgra/fgra/pes_20/alu/logic_0/logicUnit_20       6.3504     0.0       6.3504      0.0000       0.0000 UnifiedCom_491
system/tile_prci_domain/tile_reset_domain_tile/fusion/fgra/fgra/pes_20/alu/logic_0/logicUnit_21       7.0560     0.0       7.0560      0.0000       0.0000 UnifiedCom_490
system/tile_prci_domain/tile_reset_domain_tile/fusion/fgra/fgra/pes_20/alu/logic_0/logicUnit_22       7.0560     0.0       7.0560      0.0000       0.0000 UnifiedCom_489
system/tile_prci_domain/tile_reset_domain_tile/fusion/fgra/fgra/pes_20/alu/logic_0/logicUnit_23       7.0560     0.0       7.0560      0.0000       0.0000 UnifiedCom_488
system/tile_prci_domain/tile_reset_domain_tile/fusion/fgra/fgra/pes_20/alu/logic_0/logicUnit_24       7.0560     0.0       7.0560      0.0000       0.0000 UnifiedCom_487
system/tile_prci_domain/tile_reset_domain_tile/fusion/fgra/fgra/pes_20/alu/logic_0/logicUnit_25       7.0560     0.0       7.0560      0.0000       0.0000 UnifiedCom_486
system/tile_prci_domain/tile_reset_domain_tile/fusion/fgra/fgra/pes_20/alu/logic_0/logicUnit_26       6.3504     0.0       6.3504      0.0000       0.0000 UnifiedCom_485
system/tile_prci_domain/tile_reset_domain_tile/fusion/fgra/fgra/pes_20/alu/logic_0/logicUnit_27       6.3504     0.0       6.3504      0.0000       0.0000 UnifiedCom_484
system/tile_prci_domain/tile_reset_domain_tile/fusion/fgra/fgra/pes_20/alu/logic_0/logicUnit_28       6.3504     0.0       6.3504      0.0000       0.0000 UnifiedCom_483
system/tile_prci_domain/tile_reset_domain_tile/fusion/fgra/fgra/pes_20/alu/logic_0/logicUnit_29       6.3504     0.0       6.3504      0.0000       0.0000 UnifiedCom_482
system/tile_prci_domain/tile_reset_domain_tile/fusion/fgra/fgra/pes_20/alu/logic_0/logicUnit_3       7.0560     0.0       7.0560      0.0000       0.0000 UnifiedCom_508
system/tile_prci_domain/tile_reset_domain_tile/fusion/fgra/fgra/pes_20/alu/logic_0/logicUnit_30       6.3504     0.0       6.3504      0.0000       0.0000 UnifiedCom_481
system/tile_prci_domain/tile_reset_domain_tile/fusion/fgra/fgra/pes_20/alu/logic_0/logicUnit_31       7.0560     0.0       7.0560      0.0000       0.0000 UnifiedCom_480
system/tile_prci_domain/tile_reset_domain_tile/fusion/fgra/fgra/pes_20/alu/logic_0/logicUnit_4       7.2912     0.0       7.2912      0.0000       0.0000 UnifiedCom_507
system/tile_prci_domain/tile_reset_domain_tile/fusion/fgra/fgra/pes_20/alu/logic_0/logicUnit_5       7.0560     0.0       7.0560      0.0000       0.0000 UnifiedCom_506
system/tile_prci_domain/tile_reset_domain_tile/fusion/fgra/fgra/pes_20/alu/logic_0/logicUnit_6       7.0560     0.0       7.0560      0.0000       0.0000 UnifiedCom_505
system/tile_prci_domain/tile_reset_domain_tile/fusion/fgra/fgra/pes_20/alu/logic_0/logicUnit_7       6.3504     0.0       6.3504      0.0000       0.0000 UnifiedCom_504
system/tile_prci_domain/tile_reset_domain_tile/fusion/fgra/fgra/pes_20/alu/logic_0/logicUnit_8       6.3504     0.0       6.3504      0.0000       0.0000 UnifiedCom_503
system/tile_prci_domain/tile_reset_domain_tile/fusion/fgra/fgra/pes_20/alu/logic_0/logicUnit_9       7.0560     0.0       7.0560      0.0000       0.0000 UnifiedCom_502
system/tile_prci_domain/tile_reset_domain_tile/fusion/fgra/fgra/pes_20/alu/multipler    5430.0625     0.2    5430.0625      0.0000       0.0000 Mul_15
system/tile_prci_domain/tile_reset_domain_tile/fusion/fgra/fgra/pes_20/alu/shift     689.1360     0.0     689.1360      0.0000       0.0000 SHIFT_15
system/tile_prci_domain/tile_reset_domain_tile/fusion/fgra/fgra/pes_20/alu/si2fp    1043.8176     0.0       0.0000      0.0000       0.0000 IntToFP_15
system/tile_prci_domain/tile_reset_domain_tile/fusion/fgra/fgra/pes_20/alu/si2fp/post_norm      48.6864     0.0      27.0480      0.0000       0.0000 IntToFP_postnorm_15
system/tile_prci_domain/tile_reset_domain_tile/fusion/fgra/fgra/pes_20/alu/si2fp/post_norm/rounder      21.6384     0.0      21.6384      0.0000       0.0000 RoundingUnit_251
system/tile_prci_domain/tile_reset_domain_tile/fusion/fgra/fgra/pes_20/alu/si2fp/pre_norm     995.1312     0.0     727.2384      0.0000       0.0000 IntToFP_prenorm_15
system/tile_prci_domain/tile_reset_domain_tile/fusion/fgra/fgra/pes_20/alu/si2fp/pre_norm/lza      76.6752     0.0      76.6752      0.0000       0.0000 LZA_2_15
system/tile_prci_domain/tile_reset_domain_tile/fusion/fgra/fgra/pes_20/alu/si2fp/pre_norm/neg_lzc_clz      93.8448     0.0      93.8448      0.0000       0.0000 CLZ_3_30
system/tile_prci_domain/tile_reset_domain_tile/fusion/fgra/fgra/pes_20/alu/si2fp/pre_norm/pos_lzc_clz      97.3728     0.0      97.3728      0.0000       0.0000 CLZ_3_31
system/tile_prci_domain/tile_reset_domain_tile/fusion/fgra/fgra/pes_20/cfg     569.6544     0.0     153.8208    415.8336       0.0000 ConfigMem_12_5
system/tile_prci_domain/tile_reset_domain_tile/fusion/fgra/fgra/pes_20/delayPipeCG    6961.4497     0.2    4080.2497   2881.2000       0.0000 SharedDelayPipe_24_5
system/tile_prci_domain/tile_reset_domain_tile/fusion/fgra/fgra/pes_20/delayPipeFG     205.8000     0.0     125.8320     79.9680       0.0000 SharedDelayPipe_25_5
system/tile_prci_domain/tile_reset_domain_tile/fusion/fgra/fgra/pes_20/dmr     151.9392     0.0       0.0000    151.9392       0.0000 DualModeReg_5
system/tile_prci_domain/tile_reset_domain_tile/fusion/fgra/fgra/pes_20/rf4alu       7.9968     0.0       3.2928      4.7040       0.0000 RF_5
system/tile_prci_domain/tile_reset_domain_tile/fusion/fgra/fgra/pes_21   25910.3379     0.8       7.0560      0.0000       0.0000 GPE_21
system/tile_prci_domain/tile_reset_domain_tile/fusion/fgra/fgra/pes_21/Muxn     250.7232     0.0     250.7232      0.0000       0.0000 Muxn_36_109
system/tile_prci_domain/tile_reset_domain_tile/fusion/fgra/fgra/pes_21/Muxn_1     247.6656     0.0     247.6656      0.0000       0.0000 Muxn_36_108
system/tile_prci_domain/tile_reset_domain_tile/fusion/fgra/fgra/pes_21/Muxn_2       7.5264     0.0       7.5264      0.0000       0.0000 Muxn_38_25
system/tile_prci_domain/tile_reset_domain_tile/fusion/fgra/fgra/pes_21/alu   17570.3810     0.5     724.1808      0.0000       0.0000 ALU_4
system/tile_prci_domain/tile_reset_domain_tile/fusion/fgra/fgra/pes_21/alu/arith     420.0672     0.0     420.0672      0.0000       0.0000 ARITH_14
system/tile_prci_domain/tile_reset_domain_tile/fusion/fgra/fgra/pes_21/alu/fadd    4857.3505     0.1       0.0000      0.0000       0.0000 FADD_24
system/tile_prci_domain/tile_reset_domain_tile/fusion/fgra/fgra/pes_21/alu/fadd/fcmaadd    4857.3505     0.1       2.3520      0.0000       0.0000 FCMA_ADD_24
system/tile_prci_domain/tile_reset_domain_tile/fusion/fgra/fgra/pes_21/alu/fadd/fcmaadd/fadd_s1    3367.5936     0.1     642.3312      0.0000       0.0000 FCMA_ADD_s1_24
system/tile_prci_domain/tile_reset_domain_tile/fusion/fgra/fgra/pes_21/alu/fadd/fcmaadd/fadd_s1/far_path_mods_0     841.5456     0.0     379.8480      0.0000       0.0000 FarPath_24
system/tile_prci_domain/tile_reset_domain_tile/fusion/fgra/fgra/pes_21/alu/fadd/fcmaadd/fadd_s1/far_path_mods_0/shiftRightJam     461.6976     0.0     461.6976      0.0000       0.0000 ShiftRightJam_25
system/tile_prci_domain/tile_reset_domain_tile/fusion/fgra/fgra/pes_21/alu/fadd/fcmaadd/fadd_s1/near_path_mods_0     956.0880     0.0     721.1232      0.0000       0.0000 NearPath_49
system/tile_prci_domain/tile_reset_domain_tile/fusion/fgra/fgra/pes_21/alu/fadd/fcmaadd/fadd_s1/near_path_mods_0/lza_ab     143.0016     0.0     143.0016      0.0000       0.0000 LZA_50
system/tile_prci_domain/tile_reset_domain_tile/fusion/fgra/fgra/pes_21/alu/fadd/fcmaadd/fadd_s1/near_path_mods_0/lzc_clz      91.9632     0.0      91.9632      0.0000       0.0000 CLZ_51
system/tile_prci_domain/tile_reset_domain_tile/fusion/fgra/fgra/pes_21/alu/fadd/fcmaadd/fadd_s1/near_path_mods_1     927.6288     0.0     705.8352      0.0000       0.0000 NearPath_48
system/tile_prci_domain/tile_reset_domain_tile/fusion/fgra/fgra/pes_21/alu/fadd/fcmaadd/fadd_s1/near_path_mods_1/lza_ab     130.7712     0.0     130.7712      0.0000       0.0000 LZA_49
system/tile_prci_domain/tile_reset_domain_tile/fusion/fgra/fgra/pes_21/alu/fadd/fcmaadd/fadd_s1/near_path_mods_1/lzc_clz      91.0224     0.0      91.0224      0.0000       0.0000 CLZ_50
system/tile_prci_domain/tile_reset_domain_tile/fusion/fgra/fgra/pes_21/alu/fadd/fcmaadd/fadd_s2    1487.4048     0.0    1080.7440      0.0000       0.0000 FCMA_ADD_s2_24
system/tile_prci_domain/tile_reset_domain_tile/fusion/fgra/fgra/pes_21/alu/fadd/fcmaadd/fadd_s2/far_path_rounder     216.8544     0.0     216.8544      0.0000       0.0000 RoundingUnit_177
system/tile_prci_domain/tile_reset_domain_tile/fusion/fgra/fgra/pes_21/alu/fadd/fcmaadd/fadd_s2/near_path_rounder     189.8064     0.0     189.8064      0.0000       0.0000 RoundingUnit_176
system/tile_prci_domain/tile_reset_domain_tile/fusion/fgra/fgra/pes_21/alu/fcmp     293.5296     0.0     293.5296      0.0000       0.0000 FCMP_44
system/tile_prci_domain/tile_reset_domain_tile/fusion/fgra/fgra/pes_21/alu/fmax     274.4784     0.0     274.4784      0.0000       0.0000 FCMP_42
system/tile_prci_domain/tile_reset_domain_tile/fusion/fgra/fgra/pes_21/alu/fmin     272.3616     0.0     272.3616      0.0000       0.0000 FCMP_43
system/tile_prci_domain/tile_reset_domain_tile/fusion/fgra/fgra/pes_21/alu/fmul    2232.7536     0.1      17.6400    555.7776       0.0000 FMUL_share_14
system/tile_prci_domain/tile_reset_domain_tile/fusion/fgra/fgra/pes_21/alu/fmul/fmul_s1     406.1904     0.0     327.6336      0.0000       0.0000 FMUL_s1_14
system/tile_prci_domain/tile_reset_domain_tile/fusion/fgra/fgra/pes_21/alu/fmul/fmul_s1/lzc_clz      78.5568     0.0      78.5568      0.0000       0.0000 CLZ_2_14
system/tile_prci_domain/tile_reset_domain_tile/fusion/fgra/fgra/pes_21/alu/fmul/fmul_s2    1048.2864     0.0    1048.2864      0.0000       0.0000 FMUL_s2_14
system/tile_prci_domain/tile_reset_domain_tile/fusion/fgra/fgra/pes_21/alu/fmul/fmul_s3     204.8592     0.0     104.1936      0.0000       0.0000 FMUL_s3_14
system/tile_prci_domain/tile_reset_domain_tile/fusion/fgra/fgra/pes_21/alu/fmul/fmul_s3/rounder     100.6656     0.0     100.6656      0.0000       0.0000 RoundingUnit_250
system/tile_prci_domain/tile_reset_domain_tile/fusion/fgra/fgra/pes_21/alu/fp2si     967.3776     0.0       0.0000      0.0000       0.0000 FPToInt_14
system/tile_prci_domain/tile_reset_domain_tile/fusion/fgra/fgra/pes_21/alu/fp2si/s1     106.5456     0.0     106.5456      0.0000       0.0000 FPToInt_s1_14
system/tile_prci_domain/tile_reset_domain_tile/fusion/fgra/fgra/pes_21/alu/fp2si/s2     860.8320     0.0     589.4112      0.0000       0.0000 FPToInt_s2_14
system/tile_prci_domain/tile_reset_domain_tile/fusion/fgra/fgra/pes_21/alu/fp2si/s2/rpath_rounder      22.5792     0.0      22.5792      0.0000       0.0000 RoundingUnit_6_14
system/tile_prci_domain/tile_reset_domain_tile/fusion/fgra/fgra/pes_21/alu/fp2si/s2/shiftRightJam     248.8416     0.0     248.8416      0.0000       0.0000 ShiftRightJam_1_14
system/tile_prci_domain/tile_reset_domain_tile/fusion/fgra/fgra/pes_21/alu/logic_0     226.2624     0.0      10.3488      0.0000       0.0000 LOGIC_14
system/tile_prci_domain/tile_reset_domain_tile/fusion/fgra/fgra/pes_21/alu/logic_0/logicUnit       6.3504     0.0       6.3504      0.0000       0.0000 UnifiedCom_479
system/tile_prci_domain/tile_reset_domain_tile/fusion/fgra/fgra/pes_21/alu/logic_0/logicUnit_1       7.0560     0.0       7.0560      0.0000       0.0000 UnifiedCom_478
system/tile_prci_domain/tile_reset_domain_tile/fusion/fgra/fgra/pes_21/alu/logic_0/logicUnit_10       7.0560     0.0       7.0560      0.0000       0.0000 UnifiedCom_469
system/tile_prci_domain/tile_reset_domain_tile/fusion/fgra/fgra/pes_21/alu/logic_0/logicUnit_11       7.0560     0.0       7.0560      0.0000       0.0000 UnifiedCom_468
system/tile_prci_domain/tile_reset_domain_tile/fusion/fgra/fgra/pes_21/alu/logic_0/logicUnit_12       7.0560     0.0       7.0560      0.0000       0.0000 UnifiedCom_467
system/tile_prci_domain/tile_reset_domain_tile/fusion/fgra/fgra/pes_21/alu/logic_0/logicUnit_13       6.3504     0.0       6.3504      0.0000       0.0000 UnifiedCom_466
system/tile_prci_domain/tile_reset_domain_tile/fusion/fgra/fgra/pes_21/alu/logic_0/logicUnit_14       7.0560     0.0       7.0560      0.0000       0.0000 UnifiedCom_465
system/tile_prci_domain/tile_reset_domain_tile/fusion/fgra/fgra/pes_21/alu/logic_0/logicUnit_15       6.3504     0.0       6.3504      0.0000       0.0000 UnifiedCom_464
system/tile_prci_domain/tile_reset_domain_tile/fusion/fgra/fgra/pes_21/alu/logic_0/logicUnit_16       7.0560     0.0       7.0560      0.0000       0.0000 UnifiedCom_463
system/tile_prci_domain/tile_reset_domain_tile/fusion/fgra/fgra/pes_21/alu/logic_0/logicUnit_17       7.0560     0.0       7.0560      0.0000       0.0000 UnifiedCom_462
system/tile_prci_domain/tile_reset_domain_tile/fusion/fgra/fgra/pes_21/alu/logic_0/logicUnit_18       7.0560     0.0       7.0560      0.0000       0.0000 UnifiedCom_461
system/tile_prci_domain/tile_reset_domain_tile/fusion/fgra/fgra/pes_21/alu/logic_0/logicUnit_19       7.0560     0.0       7.0560      0.0000       0.0000 UnifiedCom_460
system/tile_prci_domain/tile_reset_domain_tile/fusion/fgra/fgra/pes_21/alu/logic_0/logicUnit_2       7.0560     0.0       7.0560      0.0000       0.0000 UnifiedCom_477
system/tile_prci_domain/tile_reset_domain_tile/fusion/fgra/fgra/pes_21/alu/logic_0/logicUnit_20       7.0560     0.0       7.0560      0.0000       0.0000 UnifiedCom_459
system/tile_prci_domain/tile_reset_domain_tile/fusion/fgra/fgra/pes_21/alu/logic_0/logicUnit_21       7.0560     0.0       7.0560      0.0000       0.0000 UnifiedCom_458
system/tile_prci_domain/tile_reset_domain_tile/fusion/fgra/fgra/pes_21/alu/logic_0/logicUnit_22       7.0560     0.0       7.0560      0.0000       0.0000 UnifiedCom_457
system/tile_prci_domain/tile_reset_domain_tile/fusion/fgra/fgra/pes_21/alu/logic_0/logicUnit_23       6.3504     0.0       6.3504      0.0000       0.0000 UnifiedCom_456
system/tile_prci_domain/tile_reset_domain_tile/fusion/fgra/fgra/pes_21/alu/logic_0/logicUnit_24       6.3504     0.0       6.3504      0.0000       0.0000 UnifiedCom_455
system/tile_prci_domain/tile_reset_domain_tile/fusion/fgra/fgra/pes_21/alu/logic_0/logicUnit_25       7.0560     0.0       7.0560      0.0000       0.0000 UnifiedCom_454
system/tile_prci_domain/tile_reset_domain_tile/fusion/fgra/fgra/pes_21/alu/logic_0/logicUnit_26       7.0560     0.0       7.0560      0.0000       0.0000 UnifiedCom_453
system/tile_prci_domain/tile_reset_domain_tile/fusion/fgra/fgra/pes_21/alu/logic_0/logicUnit_27       6.3504     0.0       6.3504      0.0000       0.0000 UnifiedCom_452
system/tile_prci_domain/tile_reset_domain_tile/fusion/fgra/fgra/pes_21/alu/logic_0/logicUnit_28       6.3504     0.0       6.3504      0.0000       0.0000 UnifiedCom_451
system/tile_prci_domain/tile_reset_domain_tile/fusion/fgra/fgra/pes_21/alu/logic_0/logicUnit_29       6.3504     0.0       6.3504      0.0000       0.0000 UnifiedCom_450
system/tile_prci_domain/tile_reset_domain_tile/fusion/fgra/fgra/pes_21/alu/logic_0/logicUnit_3       6.3504     0.0       6.3504      0.0000       0.0000 UnifiedCom_476
system/tile_prci_domain/tile_reset_domain_tile/fusion/fgra/fgra/pes_21/alu/logic_0/logicUnit_30       6.3504     0.0       6.3504      0.0000       0.0000 UnifiedCom_449
system/tile_prci_domain/tile_reset_domain_tile/fusion/fgra/fgra/pes_21/alu/logic_0/logicUnit_31       7.0560     0.0       7.0560      0.0000       0.0000 UnifiedCom_448
system/tile_prci_domain/tile_reset_domain_tile/fusion/fgra/fgra/pes_21/alu/logic_0/logicUnit_4       6.3504     0.0       6.3504      0.0000       0.0000 UnifiedCom_475
system/tile_prci_domain/tile_reset_domain_tile/fusion/fgra/fgra/pes_21/alu/logic_0/logicUnit_5       6.3504     0.0       6.3504      0.0000       0.0000 UnifiedCom_474
system/tile_prci_domain/tile_reset_domain_tile/fusion/fgra/fgra/pes_21/alu/logic_0/logicUnit_6       7.0560     0.0       7.0560      0.0000       0.0000 UnifiedCom_473
system/tile_prci_domain/tile_reset_domain_tile/fusion/fgra/fgra/pes_21/alu/logic_0/logicUnit_7       7.0560     0.0       7.0560      0.0000       0.0000 UnifiedCom_472
system/tile_prci_domain/tile_reset_domain_tile/fusion/fgra/fgra/pes_21/alu/logic_0/logicUnit_8       6.3504     0.0       6.3504      0.0000       0.0000 UnifiedCom_471
system/tile_prci_domain/tile_reset_domain_tile/fusion/fgra/fgra/pes_21/alu/logic_0/logicUnit_9       6.3504     0.0       6.3504      0.0000       0.0000 UnifiedCom_470
system/tile_prci_domain/tile_reset_domain_tile/fusion/fgra/fgra/pes_21/alu/multipler    5559.4225     0.2    5559.4225      0.0000       0.0000 Mul_14
system/tile_prci_domain/tile_reset_domain_tile/fusion/fgra/fgra/pes_21/alu/shift     689.3712     0.0     689.3712      0.0000       0.0000 SHIFT_14
system/tile_prci_domain/tile_reset_domain_tile/fusion/fgra/fgra/pes_21/alu/si2fp    1053.2256     0.0       0.0000      0.0000       0.0000 IntToFP_14
system/tile_prci_domain/tile_reset_domain_tile/fusion/fgra/fgra/pes_21/alu/si2fp/post_norm      46.3344     0.0      24.6960      0.0000       0.0000 IntToFP_postnorm_14
system/tile_prci_domain/tile_reset_domain_tile/fusion/fgra/fgra/pes_21/alu/si2fp/post_norm/rounder      21.6384     0.0      21.6384      0.0000       0.0000 RoundingUnit_249
system/tile_prci_domain/tile_reset_domain_tile/fusion/fgra/fgra/pes_21/alu/si2fp/pre_norm    1006.8912     0.0     733.8240      0.0000       0.0000 IntToFP_prenorm_14
system/tile_prci_domain/tile_reset_domain_tile/fusion/fgra/fgra/pes_21/alu/si2fp/pre_norm/lza      76.6752     0.0      76.6752      0.0000       0.0000 LZA_2_14
system/tile_prci_domain/tile_reset_domain_tile/fusion/fgra/fgra/pes_21/alu/si2fp/pre_norm/neg_lzc_clz      94.0800     0.0      94.0800      0.0000       0.0000 CLZ_3_28
system/tile_prci_domain/tile_reset_domain_tile/fusion/fgra/fgra/pes_21/alu/si2fp/pre_norm/pos_lzc_clz     102.3120     0.0     102.3120      0.0000       0.0000 CLZ_3_29
system/tile_prci_domain/tile_reset_domain_tile/fusion/fgra/fgra/pes_21/cfg     551.5440     0.0     153.8208    397.7232       0.0000 ConfigMem_12_4
system/tile_prci_domain/tile_reset_domain_tile/fusion/fgra/fgra/pes_21/delayPipeCG    6911.1169     0.2    4029.9169   2881.2000       0.0000 SharedDelayPipe_24_4
system/tile_prci_domain/tile_reset_domain_tile/fusion/fgra/fgra/pes_21/delayPipeFG     205.0944     0.0     125.1264     79.9680       0.0000 SharedDelayPipe_25_4
system/tile_prci_domain/tile_reset_domain_tile/fusion/fgra/fgra/pes_21/dmr     151.2336     0.0       0.0000    151.2336       0.0000 DualModeReg_4
system/tile_prci_domain/tile_reset_domain_tile/fusion/fgra/fgra/pes_21/rf4alu       7.9968     0.0       3.2928      4.7040       0.0000 RF_4
system/tile_prci_domain/tile_reset_domain_tile/fusion/fgra/fgra/pes_22   25985.6019     0.8       9.8784      0.0000       0.0000 GPE_22
system/tile_prci_domain/tile_reset_domain_tile/fusion/fgra/fgra/pes_22/Muxn     258.9552     0.0     258.9552      0.0000       0.0000 Muxn_36_107
system/tile_prci_domain/tile_reset_domain_tile/fusion/fgra/fgra/pes_22/Muxn_1     244.1376     0.0     244.1376      0.0000       0.0000 Muxn_36_106
system/tile_prci_domain/tile_reset_domain_tile/fusion/fgra/fgra/pes_22/Muxn_2       7.5264     0.0       7.5264      0.0000       0.0000 Muxn_38_24
system/tile_prci_domain/tile_reset_domain_tile/fusion/fgra/fgra/pes_22/alu   17616.4802     0.5     710.3040      0.0000       0.0000 ALU_3
system/tile_prci_domain/tile_reset_domain_tile/fusion/fgra/fgra/pes_22/alu/arith     416.7744     0.0     416.7744      0.0000       0.0000 ARITH_13
system/tile_prci_domain/tile_reset_domain_tile/fusion/fgra/fgra/pes_22/alu/fadd    4955.8993     0.1       0.0000      0.0000       0.0000 FADD_23
system/tile_prci_domain/tile_reset_domain_tile/fusion/fgra/fgra/pes_22/alu/fadd/fcmaadd    4955.8993     0.1       2.3520      0.0000       0.0000 FCMA_ADD_23
system/tile_prci_domain/tile_reset_domain_tile/fusion/fgra/fgra/pes_22/alu/fadd/fcmaadd/fadd_s1    3407.8128     0.1     648.9168      0.0000       0.0000 FCMA_ADD_s1_23
system/tile_prci_domain/tile_reset_domain_tile/fusion/fgra/fgra/pes_22/alu/fadd/fcmaadd/fadd_s1/far_path_mods_0     840.1344     0.0     373.0272      0.0000       0.0000 FarPath_23
system/tile_prci_domain/tile_reset_domain_tile/fusion/fgra/fgra/pes_22/alu/fadd/fcmaadd/fadd_s1/far_path_mods_0/shiftRightJam     467.1072     0.0     467.1072      0.0000       0.0000 ShiftRightJam_24
system/tile_prci_domain/tile_reset_domain_tile/fusion/fgra/fgra/pes_22/alu/fadd/fcmaadd/fadd_s1/near_path_mods_0     960.3216     0.0     723.0048      0.0000       0.0000 NearPath_47
system/tile_prci_domain/tile_reset_domain_tile/fusion/fgra/fgra/pes_22/alu/fadd/fcmaadd/fadd_s1/near_path_mods_0/lza_ab     135.9456     0.0     135.9456      0.0000       0.0000 LZA_48
system/tile_prci_domain/tile_reset_domain_tile/fusion/fgra/fgra/pes_22/alu/fadd/fcmaadd/fadd_s1/near_path_mods_0/lzc_clz     101.3712     0.0     101.3712      0.0000       0.0000 CLZ_49
system/tile_prci_domain/tile_reset_domain_tile/fusion/fgra/fgra/pes_22/alu/fadd/fcmaadd/fadd_s1/near_path_mods_1     958.4400     0.0     727.0032      0.0000       0.0000 NearPath_46
system/tile_prci_domain/tile_reset_domain_tile/fusion/fgra/fgra/pes_22/alu/fadd/fcmaadd/fadd_s1/near_path_mods_1/lza_ab     138.7680     0.0     138.7680      0.0000       0.0000 LZA_47
system/tile_prci_domain/tile_reset_domain_tile/fusion/fgra/fgra/pes_22/alu/fadd/fcmaadd/fadd_s1/near_path_mods_1/lzc_clz      92.6688     0.0      92.6688      0.0000       0.0000 CLZ_48
system/tile_prci_domain/tile_reset_domain_tile/fusion/fgra/fgra/pes_22/alu/fadd/fcmaadd/fadd_s2    1545.7344     0.0    1134.8400      0.0000       0.0000 FCMA_ADD_s2_23
system/tile_prci_domain/tile_reset_domain_tile/fusion/fgra/fgra/pes_22/alu/fadd/fcmaadd/fadd_s2/far_path_rounder     221.0880     0.0     221.0880      0.0000       0.0000 RoundingUnit_174
system/tile_prci_domain/tile_reset_domain_tile/fusion/fgra/fgra/pes_22/alu/fadd/fcmaadd/fadd_s2/near_path_rounder     189.8064     0.0     189.8064      0.0000       0.0000 RoundingUnit_173
system/tile_prci_domain/tile_reset_domain_tile/fusion/fgra/fgra/pes_22/alu/fcmp     291.8832     0.0     291.8832      0.0000       0.0000 FCMP_41
system/tile_prci_domain/tile_reset_domain_tile/fusion/fgra/fgra/pes_22/alu/fmax     275.4192     0.0     275.4192      0.0000       0.0000 FCMP_39
system/tile_prci_domain/tile_reset_domain_tile/fusion/fgra/fgra/pes_22/alu/fmin     273.7728     0.0     273.7728      0.0000       0.0000 FCMP_40
system/tile_prci_domain/tile_reset_domain_tile/fusion/fgra/fgra/pes_22/alu/fmul    2243.3376     0.1      12.7008    555.3072       0.0000 FMUL_share_13
system/tile_prci_domain/tile_reset_domain_tile/fusion/fgra/fgra/pes_22/alu/fmul/fmul_s1     396.3120     0.0     321.5184      0.0000       0.0000 FMUL_s1_13
system/tile_prci_domain/tile_reset_domain_tile/fusion/fgra/fgra/pes_22/alu/fmul/fmul_s1/lzc_clz      74.7936     0.0      74.7936      0.0000       0.0000 CLZ_2_13
system/tile_prci_domain/tile_reset_domain_tile/fusion/fgra/fgra/pes_22/alu/fmul/fmul_s2    1074.1584     0.0    1074.1584      0.0000       0.0000 FMUL_s2_13
system/tile_prci_domain/tile_reset_domain_tile/fusion/fgra/fgra/pes_22/alu/fmul/fmul_s3     204.8592     0.0     104.1936      0.0000       0.0000 FMUL_s3_13
system/tile_prci_domain/tile_reset_domain_tile/fusion/fgra/fgra/pes_22/alu/fmul/fmul_s3/rounder     100.6656     0.0     100.6656      0.0000       0.0000 RoundingUnit_248
system/tile_prci_domain/tile_reset_domain_tile/fusion/fgra/fgra/pes_22/alu/fp2si     951.1488     0.0       0.0000      0.0000       0.0000 FPToInt_13
system/tile_prci_domain/tile_reset_domain_tile/fusion/fgra/fgra/pes_22/alu/fp2si/s1     109.6032     0.0     109.6032      0.0000       0.0000 FPToInt_s1_13
system/tile_prci_domain/tile_reset_domain_tile/fusion/fgra/fgra/pes_22/alu/fp2si/s2     841.5456     0.0     575.0640      0.0000       0.0000 FPToInt_s2_13
system/tile_prci_domain/tile_reset_domain_tile/fusion/fgra/fgra/pes_22/alu/fp2si/s2/rpath_rounder      22.5792     0.0      22.5792      0.0000       0.0000 RoundingUnit_6_13
system/tile_prci_domain/tile_reset_domain_tile/fusion/fgra/fgra/pes_22/alu/fp2si/s2/shiftRightJam     243.9024     0.0     243.9024      0.0000       0.0000 ShiftRightJam_1_13
system/tile_prci_domain/tile_reset_domain_tile/fusion/fgra/fgra/pes_22/alu/logic_0     226.2624     0.0      10.3488      0.0000       0.0000 LOGIC_13
system/tile_prci_domain/tile_reset_domain_tile/fusion/fgra/fgra/pes_22/alu/logic_0/logicUnit       6.3504     0.0       6.3504      0.0000       0.0000 UnifiedCom_447
system/tile_prci_domain/tile_reset_domain_tile/fusion/fgra/fgra/pes_22/alu/logic_0/logicUnit_1       7.0560     0.0       7.0560      0.0000       0.0000 UnifiedCom_446
system/tile_prci_domain/tile_reset_domain_tile/fusion/fgra/fgra/pes_22/alu/logic_0/logicUnit_10       6.3504     0.0       6.3504      0.0000       0.0000 UnifiedCom_437
system/tile_prci_domain/tile_reset_domain_tile/fusion/fgra/fgra/pes_22/alu/logic_0/logicUnit_11       6.3504     0.0       6.3504      0.0000       0.0000 UnifiedCom_436
system/tile_prci_domain/tile_reset_domain_tile/fusion/fgra/fgra/pes_22/alu/logic_0/logicUnit_12       7.0560     0.0       7.0560      0.0000       0.0000 UnifiedCom_435
system/tile_prci_domain/tile_reset_domain_tile/fusion/fgra/fgra/pes_22/alu/logic_0/logicUnit_13       7.0560     0.0       7.0560      0.0000       0.0000 UnifiedCom_434
system/tile_prci_domain/tile_reset_domain_tile/fusion/fgra/fgra/pes_22/alu/logic_0/logicUnit_14       6.3504     0.0       6.3504      0.0000       0.0000 UnifiedCom_433
system/tile_prci_domain/tile_reset_domain_tile/fusion/fgra/fgra/pes_22/alu/logic_0/logicUnit_15       7.0560     0.0       7.0560      0.0000       0.0000 UnifiedCom_432
system/tile_prci_domain/tile_reset_domain_tile/fusion/fgra/fgra/pes_22/alu/logic_0/logicUnit_16       7.0560     0.0       7.0560      0.0000       0.0000 UnifiedCom_431
system/tile_prci_domain/tile_reset_domain_tile/fusion/fgra/fgra/pes_22/alu/logic_0/logicUnit_17       7.0560     0.0       7.0560      0.0000       0.0000 UnifiedCom_430
system/tile_prci_domain/tile_reset_domain_tile/fusion/fgra/fgra/pes_22/alu/logic_0/logicUnit_18       7.0560     0.0       7.0560      0.0000       0.0000 UnifiedCom_429
system/tile_prci_domain/tile_reset_domain_tile/fusion/fgra/fgra/pes_22/alu/logic_0/logicUnit_19       7.0560     0.0       7.0560      0.0000       0.0000 UnifiedCom_428
system/tile_prci_domain/tile_reset_domain_tile/fusion/fgra/fgra/pes_22/alu/logic_0/logicUnit_2       6.3504     0.0       6.3504      0.0000       0.0000 UnifiedCom_445
system/tile_prci_domain/tile_reset_domain_tile/fusion/fgra/fgra/pes_22/alu/logic_0/logicUnit_20       7.0560     0.0       7.0560      0.0000       0.0000 UnifiedCom_427
system/tile_prci_domain/tile_reset_domain_tile/fusion/fgra/fgra/pes_22/alu/logic_0/logicUnit_21       7.0560     0.0       7.0560      0.0000       0.0000 UnifiedCom_426
system/tile_prci_domain/tile_reset_domain_tile/fusion/fgra/fgra/pes_22/alu/logic_0/logicUnit_22       7.0560     0.0       7.0560      0.0000       0.0000 UnifiedCom_425
system/tile_prci_domain/tile_reset_domain_tile/fusion/fgra/fgra/pes_22/alu/logic_0/logicUnit_23       6.3504     0.0       6.3504      0.0000       0.0000 UnifiedCom_424
system/tile_prci_domain/tile_reset_domain_tile/fusion/fgra/fgra/pes_22/alu/logic_0/logicUnit_24       6.3504     0.0       6.3504      0.0000       0.0000 UnifiedCom_423
system/tile_prci_domain/tile_reset_domain_tile/fusion/fgra/fgra/pes_22/alu/logic_0/logicUnit_25       7.0560     0.0       7.0560      0.0000       0.0000 UnifiedCom_422
system/tile_prci_domain/tile_reset_domain_tile/fusion/fgra/fgra/pes_22/alu/logic_0/logicUnit_26       7.0560     0.0       7.0560      0.0000       0.0000 UnifiedCom_421
system/tile_prci_domain/tile_reset_domain_tile/fusion/fgra/fgra/pes_22/alu/logic_0/logicUnit_27       6.3504     0.0       6.3504      0.0000       0.0000 UnifiedCom_420
system/tile_prci_domain/tile_reset_domain_tile/fusion/fgra/fgra/pes_22/alu/logic_0/logicUnit_28       6.3504     0.0       6.3504      0.0000       0.0000 UnifiedCom_419
system/tile_prci_domain/tile_reset_domain_tile/fusion/fgra/fgra/pes_22/alu/logic_0/logicUnit_29       7.0560     0.0       7.0560      0.0000       0.0000 UnifiedCom_418
system/tile_prci_domain/tile_reset_domain_tile/fusion/fgra/fgra/pes_22/alu/logic_0/logicUnit_3       7.0560     0.0       7.0560      0.0000       0.0000 UnifiedCom_444
system/tile_prci_domain/tile_reset_domain_tile/fusion/fgra/fgra/pes_22/alu/logic_0/logicUnit_30       6.3504     0.0       6.3504      0.0000       0.0000 UnifiedCom_417
system/tile_prci_domain/tile_reset_domain_tile/fusion/fgra/fgra/pes_22/alu/logic_0/logicUnit_31       7.0560     0.0       7.0560      0.0000       0.0000 UnifiedCom_416
system/tile_prci_domain/tile_reset_domain_tile/fusion/fgra/fgra/pes_22/alu/logic_0/logicUnit_4       6.3504     0.0       6.3504      0.0000       0.0000 UnifiedCom_443
system/tile_prci_domain/tile_reset_domain_tile/fusion/fgra/fgra/pes_22/alu/logic_0/logicUnit_5       7.0560     0.0       7.0560      0.0000       0.0000 UnifiedCom_442
system/tile_prci_domain/tile_reset_domain_tile/fusion/fgra/fgra/pes_22/alu/logic_0/logicUnit_6       6.3504     0.0       6.3504      0.0000       0.0000 UnifiedCom_441
system/tile_prci_domain/tile_reset_domain_tile/fusion/fgra/fgra/pes_22/alu/logic_0/logicUnit_7       6.3504     0.0       6.3504      0.0000       0.0000 UnifiedCom_440
system/tile_prci_domain/tile_reset_domain_tile/fusion/fgra/fgra/pes_22/alu/logic_0/logicUnit_8       6.3504     0.0       6.3504      0.0000       0.0000 UnifiedCom_439
system/tile_prci_domain/tile_reset_domain_tile/fusion/fgra/fgra/pes_22/alu/logic_0/logicUnit_9       7.0560     0.0       7.0560      0.0000       0.0000 UnifiedCom_438
system/tile_prci_domain/tile_reset_domain_tile/fusion/fgra/fgra/pes_22/alu/multipler    5534.7265     0.2    5534.7265      0.0000       0.0000 Mul_13
system/tile_prci_domain/tile_reset_domain_tile/fusion/fgra/fgra/pes_22/alu/shift     689.3712     0.0     689.3712      0.0000       0.0000 SHIFT_13
system/tile_prci_domain/tile_reset_domain_tile/fusion/fgra/fgra/pes_22/alu/si2fp    1047.5808     0.0       0.0000      0.0000       0.0000 IntToFP_13
system/tile_prci_domain/tile_reset_domain_tile/fusion/fgra/fgra/pes_22/alu/si2fp/post_norm      47.5104     0.0      25.8720      0.0000       0.0000 IntToFP_postnorm_13
system/tile_prci_domain/tile_reset_domain_tile/fusion/fgra/fgra/pes_22/alu/si2fp/post_norm/rounder      21.6384     0.0      21.6384      0.0000       0.0000 RoundingUnit_247
system/tile_prci_domain/tile_reset_domain_tile/fusion/fgra/fgra/pes_22/alu/si2fp/pre_norm    1000.0704     0.0     732.1776      0.0000       0.0000 IntToFP_prenorm_13
system/tile_prci_domain/tile_reset_domain_tile/fusion/fgra/fgra/pes_22/alu/si2fp/pre_norm/lza      77.6160     0.0      77.6160      0.0000       0.0000 LZA_2_13
system/tile_prci_domain/tile_reset_domain_tile/fusion/fgra/fgra/pes_22/alu/si2fp/pre_norm/neg_lzc_clz      93.1392     0.0      93.1392      0.0000       0.0000 CLZ_3_26
system/tile_prci_domain/tile_reset_domain_tile/fusion/fgra/fgra/pes_22/alu/si2fp/pre_norm/pos_lzc_clz      97.1376     0.0      97.1376      0.0000       0.0000 CLZ_3_27
system/tile_prci_domain/tile_reset_domain_tile/fusion/fgra/fgra/pes_22/cfg     561.8928     0.0     153.8208    408.0720       0.0000 ConfigMem_12_3
system/tile_prci_domain/tile_reset_domain_tile/fusion/fgra/fgra/pes_22/delayPipeCG    6911.3521     0.2    4038.8545   2872.4976       0.0000 SharedDelayPipe_24_3
system/tile_prci_domain/tile_reset_domain_tile/fusion/fgra/fgra/pes_22/delayPipeFG     205.0944     0.0     125.1264     79.9680       0.0000 SharedDelayPipe_25_3
system/tile_prci_domain/tile_reset_domain_tile/fusion/fgra/fgra/pes_22/dmr     160.8768     0.0       0.0000    160.8768       0.0000 DualModeReg_3
system/tile_prci_domain/tile_reset_domain_tile/fusion/fgra/fgra/pes_22/rf4alu       9.4080     0.0       4.7040      4.7040       0.0000 RF_3
system/tile_prci_domain/tile_reset_domain_tile/fusion/fgra/fgra/pes_23   25884.9362     0.8       7.5264      0.0000       0.0000 GPE_23
system/tile_prci_domain/tile_reset_domain_tile/fusion/fgra/fgra/pes_23/Muxn     250.0176     0.0     250.0176      0.0000       0.0000 Muxn_36_105
system/tile_prci_domain/tile_reset_domain_tile/fusion/fgra/fgra/pes_23/Muxn_1     250.0176     0.0     250.0176      0.0000       0.0000 Muxn_36_104
system/tile_prci_domain/tile_reset_domain_tile/fusion/fgra/fgra/pes_23/Muxn_2       7.5264     0.0       7.5264      0.0000       0.0000 Muxn_38_23
system/tile_prci_domain/tile_reset_domain_tile/fusion/fgra/fgra/pes_23/alu   17505.2306     0.5     745.5840      0.0000       0.0000 ALU_2
system/tile_prci_domain/tile_reset_domain_tile/fusion/fgra/fgra/pes_23/alu/arith     421.9488     0.0     421.9488      0.0000       0.0000 ARITH_12
system/tile_prci_domain/tile_reset_domain_tile/fusion/fgra/fgra/pes_23/alu/fadd    4889.1025     0.1       0.0000      0.0000       0.0000 FADD_22
system/tile_prci_domain/tile_reset_domain_tile/fusion/fgra/fgra/pes_23/alu/fadd/fcmaadd    4889.1025     0.1       2.3520      0.0000       0.0000 FCMA_ADD_22
system/tile_prci_domain/tile_reset_domain_tile/fusion/fgra/fgra/pes_23/alu/fadd/fcmaadd/fadd_s1    3330.4320     0.1     626.1024      0.0000       0.0000 FCMA_ADD_s1_22
system/tile_prci_domain/tile_reset_domain_tile/fusion/fgra/fgra/pes_23/alu/fadd/fcmaadd/fadd_s1/far_path_mods_0     803.4432     0.0     354.4464      0.0000       0.0000 FarPath_22
system/tile_prci_domain/tile_reset_domain_tile/fusion/fgra/fgra/pes_23/alu/fadd/fcmaadd/fadd_s1/far_path_mods_0/shiftRightJam     448.9968     0.0     448.9968      0.0000       0.0000 ShiftRightJam_23
system/tile_prci_domain/tile_reset_domain_tile/fusion/fgra/fgra/pes_23/alu/fadd/fcmaadd/fadd_s1/near_path_mods_0     949.9728     0.0     725.3568      0.0000       0.0000 NearPath_45
system/tile_prci_domain/tile_reset_domain_tile/fusion/fgra/fgra/pes_23/alu/fadd/fcmaadd/fadd_s1/near_path_mods_0/lza_ab     134.0640     0.0     134.0640      0.0000       0.0000 LZA_46
system/tile_prci_domain/tile_reset_domain_tile/fusion/fgra/fgra/pes_23/alu/fadd/fcmaadd/fadd_s1/near_path_mods_0/lzc_clz      90.5520     0.0      90.5520      0.0000       0.0000 CLZ_47
system/tile_prci_domain/tile_reset_domain_tile/fusion/fgra/fgra/pes_23/alu/fadd/fcmaadd/fadd_s1/near_path_mods_1     950.9136     0.0     727.0032      0.0000       0.0000 NearPath_44
system/tile_prci_domain/tile_reset_domain_tile/fusion/fgra/fgra/pes_23/alu/fadd/fcmaadd/fadd_s1/near_path_mods_1/lza_ab     136.4160     0.0     136.4160      0.0000       0.0000 LZA_45
system/tile_prci_domain/tile_reset_domain_tile/fusion/fgra/fgra/pes_23/alu/fadd/fcmaadd/fadd_s1/near_path_mods_1/lzc_clz      87.4944     0.0      87.4944      0.0000       0.0000 CLZ_46
system/tile_prci_domain/tile_reset_domain_tile/fusion/fgra/fgra/pes_23/alu/fadd/fcmaadd/fadd_s2    1556.3184     0.0    1140.9552      0.0000       0.0000 FCMA_ADD_s2_22
system/tile_prci_domain/tile_reset_domain_tile/fusion/fgra/fgra/pes_23/alu/fadd/fcmaadd/fadd_s2/far_path_rounder     218.2656     0.0     218.2656      0.0000       0.0000 RoundingUnit_171
system/tile_prci_domain/tile_reset_domain_tile/fusion/fgra/fgra/pes_23/alu/fadd/fcmaadd/fadd_s2/near_path_rounder     197.0976     0.0     197.0976      0.0000       0.0000 RoundingUnit_170
system/tile_prci_domain/tile_reset_domain_tile/fusion/fgra/fgra/pes_23/alu/fcmp     290.0016     0.0     290.0016      0.0000       0.0000 FCMP_38
system/tile_prci_domain/tile_reset_domain_tile/fusion/fgra/fgra/pes_23/alu/fmax     274.4784     0.0     274.4784      0.0000       0.0000 FCMP_36
system/tile_prci_domain/tile_reset_domain_tile/fusion/fgra/fgra/pes_23/alu/fmin     272.3616     0.0     272.3616      0.0000       0.0000 FCMP_37
system/tile_prci_domain/tile_reset_domain_tile/fusion/fgra/fgra/pes_23/alu/fmul    2205.4704     0.1      14.5824    556.0128       0.0000 FMUL_share_12
system/tile_prci_domain/tile_reset_domain_tile/fusion/fgra/fgra/pes_23/alu/fmul/fmul_s1     390.6672     0.0     312.5808      0.0000       0.0000 FMUL_s1_12
system/tile_prci_domain/tile_reset_domain_tile/fusion/fgra/fgra/pes_23/alu/fmul/fmul_s1/lzc_clz      78.0864     0.0      78.0864      0.0000       0.0000 CLZ_2_12
system/tile_prci_domain/tile_reset_domain_tile/fusion/fgra/fgra/pes_23/alu/fmul/fmul_s2    1039.3488     0.0    1039.3488      0.0000       0.0000 FMUL_s2_12
system/tile_prci_domain/tile_reset_domain_tile/fusion/fgra/fgra/pes_23/alu/fmul/fmul_s3     204.8592     0.0     104.1936      0.0000       0.0000 FMUL_s3_12
system/tile_prci_domain/tile_reset_domain_tile/fusion/fgra/fgra/pes_23/alu/fmul/fmul_s3/rounder     100.6656     0.0     100.6656      0.0000       0.0000 RoundingUnit_246
system/tile_prci_domain/tile_reset_domain_tile/fusion/fgra/fgra/pes_23/alu/fp2si     960.3216     0.0       0.0000      0.0000       0.0000 FPToInt_12
system/tile_prci_domain/tile_reset_domain_tile/fusion/fgra/fgra/pes_23/alu/fp2si/s1     109.6032     0.0     109.6032      0.0000       0.0000 FPToInt_s1_12
system/tile_prci_domain/tile_reset_domain_tile/fusion/fgra/fgra/pes_23/alu/fp2si/s2     850.7184     0.0     581.1792      0.0000       0.0000 FPToInt_s2_12
system/tile_prci_domain/tile_reset_domain_tile/fusion/fgra/fgra/pes_23/alu/fp2si/s2/rpath_rounder      22.5792     0.0      22.5792      0.0000       0.0000 RoundingUnit_6_12
system/tile_prci_domain/tile_reset_domain_tile/fusion/fgra/fgra/pes_23/alu/fp2si/s2/shiftRightJam     246.9600     0.0     246.9600      0.0000       0.0000 ShiftRightJam_1_12
system/tile_prci_domain/tile_reset_domain_tile/fusion/fgra/fgra/pes_23/alu/logic_0     224.8512     0.0      10.3488      0.0000       0.0000 LOGIC_12
system/tile_prci_domain/tile_reset_domain_tile/fusion/fgra/fgra/pes_23/alu/logic_0/logicUnit       6.3504     0.0       6.3504      0.0000       0.0000 UnifiedCom_415
system/tile_prci_domain/tile_reset_domain_tile/fusion/fgra/fgra/pes_23/alu/logic_0/logicUnit_1       6.3504     0.0       6.3504      0.0000       0.0000 UnifiedCom_414
system/tile_prci_domain/tile_reset_domain_tile/fusion/fgra/fgra/pes_23/alu/logic_0/logicUnit_10       6.3504     0.0       6.3504      0.0000       0.0000 UnifiedCom_405
system/tile_prci_domain/tile_reset_domain_tile/fusion/fgra/fgra/pes_23/alu/logic_0/logicUnit_11       6.3504     0.0       6.3504      0.0000       0.0000 UnifiedCom_404
system/tile_prci_domain/tile_reset_domain_tile/fusion/fgra/fgra/pes_23/alu/logic_0/logicUnit_12       6.3504     0.0       6.3504      0.0000       0.0000 UnifiedCom_403
system/tile_prci_domain/tile_reset_domain_tile/fusion/fgra/fgra/pes_23/alu/logic_0/logicUnit_13       7.0560     0.0       7.0560      0.0000       0.0000 UnifiedCom_402
system/tile_prci_domain/tile_reset_domain_tile/fusion/fgra/fgra/pes_23/alu/logic_0/logicUnit_14       7.0560     0.0       7.0560      0.0000       0.0000 UnifiedCom_401
system/tile_prci_domain/tile_reset_domain_tile/fusion/fgra/fgra/pes_23/alu/logic_0/logicUnit_15       6.3504     0.0       6.3504      0.0000       0.0000 UnifiedCom_400
system/tile_prci_domain/tile_reset_domain_tile/fusion/fgra/fgra/pes_23/alu/logic_0/logicUnit_16       7.0560     0.0       7.0560      0.0000       0.0000 UnifiedCom_399
system/tile_prci_domain/tile_reset_domain_tile/fusion/fgra/fgra/pes_23/alu/logic_0/logicUnit_17       7.0560     0.0       7.0560      0.0000       0.0000 UnifiedCom_398
system/tile_prci_domain/tile_reset_domain_tile/fusion/fgra/fgra/pes_23/alu/logic_0/logicUnit_18       7.0560     0.0       7.0560      0.0000       0.0000 UnifiedCom_397
system/tile_prci_domain/tile_reset_domain_tile/fusion/fgra/fgra/pes_23/alu/logic_0/logicUnit_19       7.0560     0.0       7.0560      0.0000       0.0000 UnifiedCom_396
system/tile_prci_domain/tile_reset_domain_tile/fusion/fgra/fgra/pes_23/alu/logic_0/logicUnit_2       6.3504     0.0       6.3504      0.0000       0.0000 UnifiedCom_413
system/tile_prci_domain/tile_reset_domain_tile/fusion/fgra/fgra/pes_23/alu/logic_0/logicUnit_20       7.0560     0.0       7.0560      0.0000       0.0000 UnifiedCom_395
system/tile_prci_domain/tile_reset_domain_tile/fusion/fgra/fgra/pes_23/alu/logic_0/logicUnit_21       7.0560     0.0       7.0560      0.0000       0.0000 UnifiedCom_394
system/tile_prci_domain/tile_reset_domain_tile/fusion/fgra/fgra/pes_23/alu/logic_0/logicUnit_22       7.0560     0.0       7.0560      0.0000       0.0000 UnifiedCom_393
system/tile_prci_domain/tile_reset_domain_tile/fusion/fgra/fgra/pes_23/alu/logic_0/logicUnit_23       6.3504     0.0       6.3504      0.0000       0.0000 UnifiedCom_392
system/tile_prci_domain/tile_reset_domain_tile/fusion/fgra/fgra/pes_23/alu/logic_0/logicUnit_24       6.3504     0.0       6.3504      0.0000       0.0000 UnifiedCom_391
system/tile_prci_domain/tile_reset_domain_tile/fusion/fgra/fgra/pes_23/alu/logic_0/logicUnit_25       7.0560     0.0       7.0560      0.0000       0.0000 UnifiedCom_390
system/tile_prci_domain/tile_reset_domain_tile/fusion/fgra/fgra/pes_23/alu/logic_0/logicUnit_26       7.0560     0.0       7.0560      0.0000       0.0000 UnifiedCom_389
system/tile_prci_domain/tile_reset_domain_tile/fusion/fgra/fgra/pes_23/alu/logic_0/logicUnit_27       6.3504     0.0       6.3504      0.0000       0.0000 UnifiedCom_388
system/tile_prci_domain/tile_reset_domain_tile/fusion/fgra/fgra/pes_23/alu/logic_0/logicUnit_28       7.0560     0.0       7.0560      0.0000       0.0000 UnifiedCom_387
system/tile_prci_domain/tile_reset_domain_tile/fusion/fgra/fgra/pes_23/alu/logic_0/logicUnit_29       6.3504     0.0       6.3504      0.0000       0.0000 UnifiedCom_386
system/tile_prci_domain/tile_reset_domain_tile/fusion/fgra/fgra/pes_23/alu/logic_0/logicUnit_3       6.3504     0.0       6.3504      0.0000       0.0000 UnifiedCom_412
system/tile_prci_domain/tile_reset_domain_tile/fusion/fgra/fgra/pes_23/alu/logic_0/logicUnit_30       6.3504     0.0       6.3504      0.0000       0.0000 UnifiedCom_385
system/tile_prci_domain/tile_reset_domain_tile/fusion/fgra/fgra/pes_23/alu/logic_0/logicUnit_31       7.0560     0.0       7.0560      0.0000       0.0000 UnifiedCom_384
system/tile_prci_domain/tile_reset_domain_tile/fusion/fgra/fgra/pes_23/alu/logic_0/logicUnit_4       7.0560     0.0       7.0560      0.0000       0.0000 UnifiedCom_411
system/tile_prci_domain/tile_reset_domain_tile/fusion/fgra/fgra/pes_23/alu/logic_0/logicUnit_5       6.3504     0.0       6.3504      0.0000       0.0000 UnifiedCom_410
system/tile_prci_domain/tile_reset_domain_tile/fusion/fgra/fgra/pes_23/alu/logic_0/logicUnit_6       6.3504     0.0       6.3504      0.0000       0.0000 UnifiedCom_409
system/tile_prci_domain/tile_reset_domain_tile/fusion/fgra/fgra/pes_23/alu/logic_0/logicUnit_7       7.0560     0.0       7.0560      0.0000       0.0000 UnifiedCom_408
system/tile_prci_domain/tile_reset_domain_tile/fusion/fgra/fgra/pes_23/alu/logic_0/logicUnit_8       6.3504     0.0       6.3504      0.0000       0.0000 UnifiedCom_407
system/tile_prci_domain/tile_reset_domain_tile/fusion/fgra/fgra/pes_23/alu/logic_0/logicUnit_9       7.0560     0.0       7.0560      0.0000       0.0000 UnifiedCom_406
system/tile_prci_domain/tile_reset_domain_tile/fusion/fgra/fgra/pes_23/alu/multipler    5487.4513     0.2    5487.4513      0.0000       0.0000 Mul_12
system/tile_prci_domain/tile_reset_domain_tile/fusion/fgra/fgra/pes_23/alu/shift     690.0768     0.0     690.0768      0.0000       0.0000 SHIFT_12
system/tile_prci_domain/tile_reset_domain_tile/fusion/fgra/fgra/pes_23/alu/si2fp    1043.5824     0.0       0.0000      0.0000       0.0000 IntToFP_12
system/tile_prci_domain/tile_reset_domain_tile/fusion/fgra/fgra/pes_23/alu/si2fp/post_norm      46.3344     0.0      24.6960      0.0000       0.0000 IntToFP_postnorm_12
system/tile_prci_domain/tile_reset_domain_tile/fusion/fgra/fgra/pes_23/alu/si2fp/post_norm/rounder      21.6384     0.0      21.6384      0.0000       0.0000 RoundingUnit_245
system/tile_prci_domain/tile_reset_domain_tile/fusion/fgra/fgra/pes_23/alu/si2fp/pre_norm     997.2480     0.0     731.2368      0.0000       0.0000 IntToFP_prenorm_12
system/tile_prci_domain/tile_reset_domain_tile/fusion/fgra/fgra/pes_23/alu/si2fp/pre_norm/lza      77.8512     0.0      77.8512      0.0000       0.0000 LZA_2_12
system/tile_prci_domain/tile_reset_domain_tile/fusion/fgra/fgra/pes_23/alu/si2fp/pre_norm/neg_lzc_clz      93.1392     0.0      93.1392      0.0000       0.0000 CLZ_3_24
system/tile_prci_domain/tile_reset_domain_tile/fusion/fgra/fgra/pes_23/alu/si2fp/pre_norm/pos_lzc_clz      95.0208     0.0      95.0208      0.0000       0.0000 CLZ_3_25
system/tile_prci_domain/tile_reset_domain_tile/fusion/fgra/fgra/pes_23/cfg     561.8928     0.0     153.8208    408.0720       0.0000 ConfigMem_12_2
system/tile_prci_domain/tile_reset_domain_tile/fusion/fgra/fgra/pes_23/delayPipeCG    6929.4625     0.2    4038.3841   2891.0784       0.0000 SharedDelayPipe_24_2
system/tile_prci_domain/tile_reset_domain_tile/fusion/fgra/fgra/pes_23/delayPipeFG     205.0944     0.0     125.1264     79.9680       0.0000 SharedDelayPipe_25_2
system/tile_prci_domain/tile_reset_domain_tile/fusion/fgra/fgra/pes_23/dmr     160.1712     0.0       0.0000    160.1712       0.0000 DualModeReg_2
system/tile_prci_domain/tile_reset_domain_tile/fusion/fgra/fgra/pes_23/rf4alu       7.9968     0.0       3.2928      4.7040       0.0000 RF_2
system/tile_prci_domain/tile_reset_domain_tile/fusion/fgra/fgra/pes_24   26026.5266     0.8       5.4096      0.0000       0.0000 GPE_24
system/tile_prci_domain/tile_reset_domain_tile/fusion/fgra/fgra/pes_24/Muxn     245.7840     0.0     245.7840      0.0000       0.0000 Muxn_36_103
system/tile_prci_domain/tile_reset_domain_tile/fusion/fgra/fgra/pes_24/Muxn_1     237.3168     0.0     237.3168      0.0000       0.0000 Muxn_36_102
system/tile_prci_domain/tile_reset_domain_tile/fusion/fgra/fgra/pes_24/Muxn_2       7.5264     0.0       7.5264      0.0000       0.0000 Muxn_38_22
system/tile_prci_domain/tile_reset_domain_tile/fusion/fgra/fgra/pes_24/alu   17661.8738     0.5     738.0576      0.0000       0.0000 ALU_1
system/tile_prci_domain/tile_reset_domain_tile/fusion/fgra/fgra/pes_24/alu/arith     417.4800     0.0     417.4800      0.0000       0.0000 ARITH_11
system/tile_prci_domain/tile_reset_domain_tile/fusion/fgra/fgra/pes_24/alu/fadd    5017.7569     0.1       0.0000      0.0000       0.0000 FADD_21
system/tile_prci_domain/tile_reset_domain_tile/fusion/fgra/fgra/pes_24/alu/fadd/fcmaadd    5017.7569     0.1       2.3520      0.0000       0.0000 FCMA_ADD_21
system/tile_prci_domain/tile_reset_domain_tile/fusion/fgra/fgra/pes_24/alu/fadd/fcmaadd/fadd_s1    3436.0368     0.1     628.6896      0.0000       0.0000 FCMA_ADD_s1_21
system/tile_prci_domain/tile_reset_domain_tile/fusion/fgra/fgra/pes_24/alu/fadd/fcmaadd/fadd_s1/far_path_mods_0     860.3616     0.0     390.1968      0.0000       0.0000 FarPath_21
system/tile_prci_domain/tile_reset_domain_tile/fusion/fgra/fgra/pes_24/alu/fadd/fcmaadd/fadd_s1/far_path_mods_0/shiftRightJam     470.1648     0.0     470.1648      0.0000       0.0000 ShiftRightJam_22
system/tile_prci_domain/tile_reset_domain_tile/fusion/fgra/fgra/pes_24/alu/fadd/fcmaadd/fadd_s1/near_path_mods_0     984.5472     0.0     728.8848      0.0000       0.0000 NearPath_43
system/tile_prci_domain/tile_reset_domain_tile/fusion/fgra/fgra/pes_24/alu/fadd/fcmaadd/fadd_s1/near_path_mods_0/lza_ab     154.2912     0.0     154.2912      0.0000       0.0000 LZA_44
system/tile_prci_domain/tile_reset_domain_tile/fusion/fgra/fgra/pes_24/alu/fadd/fcmaadd/fadd_s1/near_path_mods_0/lzc_clz     101.3712     0.0     101.3712      0.0000       0.0000 CLZ_45
system/tile_prci_domain/tile_reset_domain_tile/fusion/fgra/fgra/pes_24/alu/fadd/fcmaadd/fadd_s1/near_path_mods_1     962.4384     0.0     726.5328      0.0000       0.0000 NearPath_42
system/tile_prci_domain/tile_reset_domain_tile/fusion/fgra/fgra/pes_24/alu/fadd/fcmaadd/fadd_s1/near_path_mods_1/lza_ab     144.4128     0.0     144.4128      0.0000       0.0000 LZA_43
system/tile_prci_domain/tile_reset_domain_tile/fusion/fgra/fgra/pes_24/alu/fadd/fcmaadd/fadd_s1/near_path_mods_1/lzc_clz      91.4928     0.0      91.4928      0.0000       0.0000 CLZ_44
system/tile_prci_domain/tile_reset_domain_tile/fusion/fgra/fgra/pes_24/alu/fadd/fcmaadd/fadd_s2    1579.3680     0.0    1151.0688      0.0000       0.0000 FCMA_ADD_s2_21
system/tile_prci_domain/tile_reset_domain_tile/fusion/fgra/fgra/pes_24/alu/fadd/fcmaadd/fadd_s2/far_path_rounder     238.4928     0.0     238.4928      0.0000       0.0000 RoundingUnit_168
system/tile_prci_domain/tile_reset_domain_tile/fusion/fgra/fgra/pes_24/alu/fadd/fcmaadd/fadd_s2/near_path_rounder     189.8064     0.0     189.8064      0.0000       0.0000 RoundingUnit_167
system/tile_prci_domain/tile_reset_domain_tile/fusion/fgra/fgra/pes_24/alu/fcmp     292.3536     0.0     292.3536      0.0000       0.0000 FCMP_35
system/tile_prci_domain/tile_reset_domain_tile/fusion/fgra/fgra/pes_24/alu/fmax     275.4192     0.0     275.4192      0.0000       0.0000 FCMP_33
system/tile_prci_domain/tile_reset_domain_tile/fusion/fgra/fgra/pes_24/alu/fmin     272.8320     0.0     272.8320      0.0000       0.0000 FCMP_34
system/tile_prci_domain/tile_reset_domain_tile/fusion/fgra/fgra/pes_24/alu/fmul    2225.4624     0.1      10.8192    555.7776       0.0000 FMUL_share_11
system/tile_prci_domain/tile_reset_domain_tile/fusion/fgra/fgra/pes_24/alu/fmul/fmul_s1     395.1360     0.0     318.6960      0.0000       0.0000 FMUL_s1_11
system/tile_prci_domain/tile_reset_domain_tile/fusion/fgra/fgra/pes_24/alu/fmul/fmul_s1/lzc_clz      76.4400     0.0      76.4400      0.0000       0.0000 CLZ_2_11
system/tile_prci_domain/tile_reset_domain_tile/fusion/fgra/fgra/pes_24/alu/fmul/fmul_s2    1058.8704     0.0    1058.8704      0.0000       0.0000 FMUL_s2_11
system/tile_prci_domain/tile_reset_domain_tile/fusion/fgra/fgra/pes_24/alu/fmul/fmul_s3     204.8592     0.0     104.1936      0.0000       0.0000 FMUL_s3_11
system/tile_prci_domain/tile_reset_domain_tile/fusion/fgra/fgra/pes_24/alu/fmul/fmul_s3/rounder     100.6656     0.0     100.6656      0.0000       0.0000 RoundingUnit_244
system/tile_prci_domain/tile_reset_domain_tile/fusion/fgra/fgra/pes_24/alu/fp2si     946.2096     0.0       0.0000      0.0000       0.0000 FPToInt_11
system/tile_prci_domain/tile_reset_domain_tile/fusion/fgra/fgra/pes_24/alu/fp2si/s1     108.1920     0.0     108.1920      0.0000       0.0000 FPToInt_s1_11
system/tile_prci_domain/tile_reset_domain_tile/fusion/fgra/fgra/pes_24/alu/fp2si/s2     838.0176     0.0     575.7696      0.0000       0.0000 FPToInt_s2_11
system/tile_prci_domain/tile_reset_domain_tile/fusion/fgra/fgra/pes_24/alu/fp2si/s2/rpath_rounder      22.5792     0.0      22.5792      0.0000       0.0000 RoundingUnit_6_11
system/tile_prci_domain/tile_reset_domain_tile/fusion/fgra/fgra/pes_24/alu/fp2si/s2/shiftRightJam     239.6688     0.0     239.6688      0.0000       0.0000 ShiftRightJam_1_11
system/tile_prci_domain/tile_reset_domain_tile/fusion/fgra/fgra/pes_24/alu/logic_0     226.4976     0.0      11.2896      0.0000       0.0000 LOGIC_11
system/tile_prci_domain/tile_reset_domain_tile/fusion/fgra/fgra/pes_24/alu/logic_0/logicUnit       6.3504     0.0       6.3504      0.0000       0.0000 UnifiedCom_383
system/tile_prci_domain/tile_reset_domain_tile/fusion/fgra/fgra/pes_24/alu/logic_0/logicUnit_1       6.3504     0.0       6.3504      0.0000       0.0000 UnifiedCom_382
system/tile_prci_domain/tile_reset_domain_tile/fusion/fgra/fgra/pes_24/alu/logic_0/logicUnit_10       6.3504     0.0       6.3504      0.0000       0.0000 UnifiedCom_373
system/tile_prci_domain/tile_reset_domain_tile/fusion/fgra/fgra/pes_24/alu/logic_0/logicUnit_11       7.0560     0.0       7.0560      0.0000       0.0000 UnifiedCom_372
system/tile_prci_domain/tile_reset_domain_tile/fusion/fgra/fgra/pes_24/alu/logic_0/logicUnit_12       7.0560     0.0       7.0560      0.0000       0.0000 UnifiedCom_371
system/tile_prci_domain/tile_reset_domain_tile/fusion/fgra/fgra/pes_24/alu/logic_0/logicUnit_13       7.0560     0.0       7.0560      0.0000       0.0000 UnifiedCom_370
system/tile_prci_domain/tile_reset_domain_tile/fusion/fgra/fgra/pes_24/alu/logic_0/logicUnit_14       7.0560     0.0       7.0560      0.0000       0.0000 UnifiedCom_369
system/tile_prci_domain/tile_reset_domain_tile/fusion/fgra/fgra/pes_24/alu/logic_0/logicUnit_15       7.0560     0.0       7.0560      0.0000       0.0000 UnifiedCom_368
system/tile_prci_domain/tile_reset_domain_tile/fusion/fgra/fgra/pes_24/alu/logic_0/logicUnit_16       7.0560     0.0       7.0560      0.0000       0.0000 UnifiedCom_367
system/tile_prci_domain/tile_reset_domain_tile/fusion/fgra/fgra/pes_24/alu/logic_0/logicUnit_17       7.0560     0.0       7.0560      0.0000       0.0000 UnifiedCom_366
system/tile_prci_domain/tile_reset_domain_tile/fusion/fgra/fgra/pes_24/alu/logic_0/logicUnit_18       7.0560     0.0       7.0560      0.0000       0.0000 UnifiedCom_365
system/tile_prci_domain/tile_reset_domain_tile/fusion/fgra/fgra/pes_24/alu/logic_0/logicUnit_19       7.0560     0.0       7.0560      0.0000       0.0000 UnifiedCom_364
system/tile_prci_domain/tile_reset_domain_tile/fusion/fgra/fgra/pes_24/alu/logic_0/logicUnit_2       7.0560     0.0       7.0560      0.0000       0.0000 UnifiedCom_381
system/tile_prci_domain/tile_reset_domain_tile/fusion/fgra/fgra/pes_24/alu/logic_0/logicUnit_20       6.3504     0.0       6.3504      0.0000       0.0000 UnifiedCom_363
system/tile_prci_domain/tile_reset_domain_tile/fusion/fgra/fgra/pes_24/alu/logic_0/logicUnit_21       7.0560     0.0       7.0560      0.0000       0.0000 UnifiedCom_362
system/tile_prci_domain/tile_reset_domain_tile/fusion/fgra/fgra/pes_24/alu/logic_0/logicUnit_22       7.0560     0.0       7.0560      0.0000       0.0000 UnifiedCom_361
system/tile_prci_domain/tile_reset_domain_tile/fusion/fgra/fgra/pes_24/alu/logic_0/logicUnit_23       6.3504     0.0       6.3504      0.0000       0.0000 UnifiedCom_360
system/tile_prci_domain/tile_reset_domain_tile/fusion/fgra/fgra/pes_24/alu/logic_0/logicUnit_24       6.3504     0.0       6.3504      0.0000       0.0000 UnifiedCom_359
system/tile_prci_domain/tile_reset_domain_tile/fusion/fgra/fgra/pes_24/alu/logic_0/logicUnit_25       7.0560     0.0       7.0560      0.0000       0.0000 UnifiedCom_358
system/tile_prci_domain/tile_reset_domain_tile/fusion/fgra/fgra/pes_24/alu/logic_0/logicUnit_26       6.3504     0.0       6.3504      0.0000       0.0000 UnifiedCom_357
system/tile_prci_domain/tile_reset_domain_tile/fusion/fgra/fgra/pes_24/alu/logic_0/logicUnit_27       6.3504     0.0       6.3504      0.0000       0.0000 UnifiedCom_356
system/tile_prci_domain/tile_reset_domain_tile/fusion/fgra/fgra/pes_24/alu/logic_0/logicUnit_28       7.0560     0.0       7.0560      0.0000       0.0000 UnifiedCom_355
system/tile_prci_domain/tile_reset_domain_tile/fusion/fgra/fgra/pes_24/alu/logic_0/logicUnit_29       6.3504     0.0       6.3504      0.0000       0.0000 UnifiedCom_354
system/tile_prci_domain/tile_reset_domain_tile/fusion/fgra/fgra/pes_24/alu/logic_0/logicUnit_3       6.3504     0.0       6.3504      0.0000       0.0000 UnifiedCom_380
system/tile_prci_domain/tile_reset_domain_tile/fusion/fgra/fgra/pes_24/alu/logic_0/logicUnit_30       6.3504     0.0       6.3504      0.0000       0.0000 UnifiedCom_353
system/tile_prci_domain/tile_reset_domain_tile/fusion/fgra/fgra/pes_24/alu/logic_0/logicUnit_31       7.0560     0.0       7.0560      0.0000       0.0000 UnifiedCom_352
system/tile_prci_domain/tile_reset_domain_tile/fusion/fgra/fgra/pes_24/alu/logic_0/logicUnit_4       7.0560     0.0       7.0560      0.0000       0.0000 UnifiedCom_379
system/tile_prci_domain/tile_reset_domain_tile/fusion/fgra/fgra/pes_24/alu/logic_0/logicUnit_5       6.3504     0.0       6.3504      0.0000       0.0000 UnifiedCom_378
system/tile_prci_domain/tile_reset_domain_tile/fusion/fgra/fgra/pes_24/alu/logic_0/logicUnit_6       6.3504     0.0       6.3504      0.0000       0.0000 UnifiedCom_377
system/tile_prci_domain/tile_reset_domain_tile/fusion/fgra/fgra/pes_24/alu/logic_0/logicUnit_7       7.0560     0.0       7.0560      0.0000       0.0000 UnifiedCom_376
system/tile_prci_domain/tile_reset_domain_tile/fusion/fgra/fgra/pes_24/alu/logic_0/logicUnit_8       6.3504     0.0       6.3504      0.0000       0.0000 UnifiedCom_375
system/tile_prci_domain/tile_reset_domain_tile/fusion/fgra/fgra/pes_24/alu/logic_0/logicUnit_9       6.3504     0.0       6.3504      0.0000       0.0000 UnifiedCom_374
system/tile_prci_domain/tile_reset_domain_tile/fusion/fgra/fgra/pes_24/alu/multipler    5516.6161     0.2    5516.6161      0.0000       0.0000 Mul_11
system/tile_prci_domain/tile_reset_domain_tile/fusion/fgra/fgra/pes_24/alu/shift     690.3120     0.0     690.3120      0.0000       0.0000 SHIFT_11
system/tile_prci_domain/tile_reset_domain_tile/fusion/fgra/fgra/pes_24/alu/si2fp    1042.8768     0.0       0.0000      0.0000       0.0000 IntToFP_11
system/tile_prci_domain/tile_reset_domain_tile/fusion/fgra/fgra/pes_24/alu/si2fp/post_norm      48.4512     0.0      26.8128      0.0000       0.0000 IntToFP_postnorm_11
system/tile_prci_domain/tile_reset_domain_tile/fusion/fgra/fgra/pes_24/alu/si2fp/post_norm/rounder      21.6384     0.0      21.6384      0.0000       0.0000 RoundingUnit_243
system/tile_prci_domain/tile_reset_domain_tile/fusion/fgra/fgra/pes_24/alu/si2fp/pre_norm     994.4256     0.0     729.8256      0.0000       0.0000 IntToFP_prenorm_11
system/tile_prci_domain/tile_reset_domain_tile/fusion/fgra/fgra/pes_24/alu/si2fp/pre_norm/lza      76.4400     0.0      76.4400      0.0000       0.0000 LZA_2_11
system/tile_prci_domain/tile_reset_domain_tile/fusion/fgra/fgra/pes_24/alu/si2fp/pre_norm/neg_lzc_clz      93.3744     0.0      93.3744      0.0000       0.0000 CLZ_3_22
system/tile_prci_domain/tile_reset_domain_tile/fusion/fgra/fgra/pes_24/alu/si2fp/pre_norm/pos_lzc_clz      94.7856     0.0      94.7856      0.0000       0.0000 CLZ_3_23
system/tile_prci_domain/tile_reset_domain_tile/fusion/fgra/fgra/pes_24/cfg     569.6544     0.0     153.8208    415.8336       0.0000 ConfigMem_12_1
system/tile_prci_domain/tile_reset_domain_tile/fusion/fgra/fgra/pes_24/delayPipeCG    6931.5793     0.2    4040.5009   2891.0784       0.0000 SharedDelayPipe_24_1
system/tile_prci_domain/tile_reset_domain_tile/fusion/fgra/fgra/pes_24/delayPipeFG     205.0944     0.0     125.1264     79.9680       0.0000 SharedDelayPipe_25_1
system/tile_prci_domain/tile_reset_domain_tile/fusion/fgra/fgra/pes_24/dmr     152.8800     0.0       0.0000    152.8800       0.0000 DualModeReg_1
system/tile_prci_domain/tile_reset_domain_tile/fusion/fgra/fgra/pes_24/rf4alu       9.4080     0.0       4.7040      4.7040       0.0000 RF_1
system/tile_prci_domain/tile_reset_domain_tile/fusion/fgra/fgra/pes_25   25679.3714     0.8       5.1744      0.0000       0.0000 GPE_25
system/tile_prci_domain/tile_reset_domain_tile/fusion/fgra/fgra/pes_25/Muxn     210.9744     0.0     210.9744      0.0000       0.0000 Muxn_36_101
system/tile_prci_domain/tile_reset_domain_tile/fusion/fgra/fgra/pes_25/Muxn_1     244.8432     0.0     244.8432      0.0000       0.0000 Muxn_36_100
system/tile_prci_domain/tile_reset_domain_tile/fusion/fgra/fgra/pes_25/Muxn_2       7.5264     0.0       7.5264      0.0000       0.0000 Muxn_38_21
system/tile_prci_domain/tile_reset_domain_tile/fusion/fgra/fgra/pes_25/alu   17327.1842     0.5     732.8832      0.0000       0.0000 ALU_0
system/tile_prci_domain/tile_reset_domain_tile/fusion/fgra/fgra/pes_25/alu/arith     413.7168     0.0     413.7168      0.0000       0.0000 ARITH_10
system/tile_prci_domain/tile_reset_domain_tile/fusion/fgra/fgra/pes_25/alu/fadd    4839.4753     0.1       0.0000      0.0000       0.0000 FADD_20
system/tile_prci_domain/tile_reset_domain_tile/fusion/fgra/fgra/pes_25/alu/fadd/fcmaadd    4839.4753     0.1       2.3520      0.0000       0.0000 FCMA_ADD_20
system/tile_prci_domain/tile_reset_domain_tile/fusion/fgra/fgra/pes_25/alu/fadd/fcmaadd/fadd_s1    3329.7264     0.1     603.7584      0.0000       0.0000 FCMA_ADD_s1_20
system/tile_prci_domain/tile_reset_domain_tile/fusion/fgra/fgra/pes_25/alu/fadd/fcmaadd/fadd_s1/far_path_mods_0     820.8480     0.0     358.4448      0.0000       0.0000 FarPath_20
system/tile_prci_domain/tile_reset_domain_tile/fusion/fgra/fgra/pes_25/alu/fadd/fcmaadd/fadd_s1/far_path_mods_0/shiftRightJam     462.4032     0.0     462.4032      0.0000       0.0000 ShiftRightJam_21
system/tile_prci_domain/tile_reset_domain_tile/fusion/fgra/fgra/pes_25/alu/fadd/fcmaadd/fadd_s1/near_path_mods_0     956.3232     0.0     728.6496      0.0000       0.0000 NearPath_41
system/tile_prci_domain/tile_reset_domain_tile/fusion/fgra/fgra/pes_25/alu/fadd/fcmaadd/fadd_s1/near_path_mods_0/lza_ab     140.8848     0.0     140.8848      0.0000       0.0000 LZA_42
system/tile_prci_domain/tile_reset_domain_tile/fusion/fgra/fgra/pes_25/alu/fadd/fcmaadd/fadd_s1/near_path_mods_0/lzc_clz      86.7888     0.0      86.7888      0.0000       0.0000 CLZ_43
system/tile_prci_domain/tile_reset_domain_tile/fusion/fgra/fgra/pes_25/alu/fadd/fcmaadd/fadd_s1/near_path_mods_1     948.7968     0.0     726.5328      0.0000       0.0000 NearPath_40
system/tile_prci_domain/tile_reset_domain_tile/fusion/fgra/fgra/pes_25/alu/fadd/fcmaadd/fadd_s1/near_path_mods_1/lza_ab     131.9472     0.0     131.9472      0.0000       0.0000 LZA_41
system/tile_prci_domain/tile_reset_domain_tile/fusion/fgra/fgra/pes_25/alu/fadd/fcmaadd/fadd_s1/near_path_mods_1/lzc_clz      90.3168     0.0      90.3168      0.0000       0.0000 CLZ_42
system/tile_prci_domain/tile_reset_domain_tile/fusion/fgra/fgra/pes_25/alu/fadd/fcmaadd/fadd_s2    1507.3968     0.0    1080.0384      0.0000       0.0000 FCMA_ADD_s2_20
system/tile_prci_domain/tile_reset_domain_tile/fusion/fgra/fgra/pes_25/alu/fadd/fcmaadd/fadd_s2/far_path_rounder     238.9632     0.0     238.9632      0.0000       0.0000 RoundingUnit_165
system/tile_prci_domain/tile_reset_domain_tile/fusion/fgra/fgra/pes_25/alu/fadd/fcmaadd/fadd_s2/near_path_rounder     188.3952     0.0     188.3952      0.0000       0.0000 RoundingUnit_164
system/tile_prci_domain/tile_reset_domain_tile/fusion/fgra/fgra/pes_25/alu/fcmp     292.5888     0.0     292.5888      0.0000       0.0000 FCMP_32
system/tile_prci_domain/tile_reset_domain_tile/fusion/fgra/fgra/pes_25/alu/fmax     274.0080     0.0     274.0080      0.0000       0.0000 FCMP_30
system/tile_prci_domain/tile_reset_domain_tile/fusion/fgra/fgra/pes_25/alu/fmin     271.8912     0.0     271.8912      0.0000       0.0000 FCMP_31
system/tile_prci_domain/tile_reset_domain_tile/fusion/fgra/fgra/pes_25/alu/fmul    2207.1168     0.1      11.7600    555.5424       0.0000 FMUL_share_10
system/tile_prci_domain/tile_reset_domain_tile/fusion/fgra/fgra/pes_25/alu/fmul/fmul_s1     400.7808     0.0     323.6352      0.0000       0.0000 FMUL_s1_10
system/tile_prci_domain/tile_reset_domain_tile/fusion/fgra/fgra/pes_25/alu/fmul/fmul_s1/lzc_clz      77.1456     0.0      77.1456      0.0000       0.0000 CLZ_2_10
system/tile_prci_domain/tile_reset_domain_tile/fusion/fgra/fgra/pes_25/alu/fmul/fmul_s2    1034.1744     0.0    1034.1744      0.0000       0.0000 FMUL_s2_10
system/tile_prci_domain/tile_reset_domain_tile/fusion/fgra/fgra/pes_25/alu/fmul/fmul_s3     204.8592     0.0     104.1936      0.0000       0.0000 FMUL_s3_10
system/tile_prci_domain/tile_reset_domain_tile/fusion/fgra/fgra/pes_25/alu/fmul/fmul_s3/rounder     100.6656     0.0     100.6656      0.0000       0.0000 RoundingUnit_242
system/tile_prci_domain/tile_reset_domain_tile/fusion/fgra/fgra/pes_25/alu/fp2si     949.0320     0.0       0.0000      0.0000       0.0000 FPToInt_10
system/tile_prci_domain/tile_reset_domain_tile/fusion/fgra/fgra/pes_25/alu/fp2si/s1     101.6064     0.0     101.6064      0.0000       0.0000 FPToInt_s1_10
system/tile_prci_domain/tile_reset_domain_tile/fusion/fgra/fgra/pes_25/alu/fp2si/s2     847.4256     0.0     586.1184      0.0000       0.0000 FPToInt_s2_10
system/tile_prci_domain/tile_reset_domain_tile/fusion/fgra/fgra/pes_25/alu/fp2si/s2/rpath_rounder      23.0496     0.0      23.0496      0.0000       0.0000 RoundingUnit_6_10
system/tile_prci_domain/tile_reset_domain_tile/fusion/fgra/fgra/pes_25/alu/fp2si/s2/shiftRightJam     238.2576     0.0     238.2576      0.0000       0.0000 ShiftRightJam_1_10
system/tile_prci_domain/tile_reset_domain_tile/fusion/fgra/fgra/pes_25/alu/logic_0     228.6144     0.0      11.2896      0.0000       0.0000 LOGIC_10
system/tile_prci_domain/tile_reset_domain_tile/fusion/fgra/fgra/pes_25/alu/logic_0/logicUnit       6.3504     0.0       6.3504      0.0000       0.0000 UnifiedCom_351
system/tile_prci_domain/tile_reset_domain_tile/fusion/fgra/fgra/pes_25/alu/logic_0/logicUnit_1       6.3504     0.0       6.3504      0.0000       0.0000 UnifiedCom_350
system/tile_prci_domain/tile_reset_domain_tile/fusion/fgra/fgra/pes_25/alu/logic_0/logicUnit_10       6.3504     0.0       6.3504      0.0000       0.0000 UnifiedCom_341
system/tile_prci_domain/tile_reset_domain_tile/fusion/fgra/fgra/pes_25/alu/logic_0/logicUnit_11       7.0560     0.0       7.0560      0.0000       0.0000 UnifiedCom_340
system/tile_prci_domain/tile_reset_domain_tile/fusion/fgra/fgra/pes_25/alu/logic_0/logicUnit_12       7.0560     0.0       7.0560      0.0000       0.0000 UnifiedCom_339
system/tile_prci_domain/tile_reset_domain_tile/fusion/fgra/fgra/pes_25/alu/logic_0/logicUnit_13       7.0560     0.0       7.0560      0.0000       0.0000 UnifiedCom_338
system/tile_prci_domain/tile_reset_domain_tile/fusion/fgra/fgra/pes_25/alu/logic_0/logicUnit_14       7.0560     0.0       7.0560      0.0000       0.0000 UnifiedCom_337
system/tile_prci_domain/tile_reset_domain_tile/fusion/fgra/fgra/pes_25/alu/logic_0/logicUnit_15       7.0560     0.0       7.0560      0.0000       0.0000 UnifiedCom_336
system/tile_prci_domain/tile_reset_domain_tile/fusion/fgra/fgra/pes_25/alu/logic_0/logicUnit_16       7.0560     0.0       7.0560      0.0000       0.0000 UnifiedCom_335
system/tile_prci_domain/tile_reset_domain_tile/fusion/fgra/fgra/pes_25/alu/logic_0/logicUnit_17       6.3504     0.0       6.3504      0.0000       0.0000 UnifiedCom_334
system/tile_prci_domain/tile_reset_domain_tile/fusion/fgra/fgra/pes_25/alu/logic_0/logicUnit_18       7.0560     0.0       7.0560      0.0000       0.0000 UnifiedCom_333
system/tile_prci_domain/tile_reset_domain_tile/fusion/fgra/fgra/pes_25/alu/logic_0/logicUnit_19       7.0560     0.0       7.0560      0.0000       0.0000 UnifiedCom_332
system/tile_prci_domain/tile_reset_domain_tile/fusion/fgra/fgra/pes_25/alu/logic_0/logicUnit_2       6.3504     0.0       6.3504      0.0000       0.0000 UnifiedCom_349
system/tile_prci_domain/tile_reset_domain_tile/fusion/fgra/fgra/pes_25/alu/logic_0/logicUnit_20       7.0560     0.0       7.0560      0.0000       0.0000 UnifiedCom_331
system/tile_prci_domain/tile_reset_domain_tile/fusion/fgra/fgra/pes_25/alu/logic_0/logicUnit_21       7.0560     0.0       7.0560      0.0000       0.0000 UnifiedCom_330
system/tile_prci_domain/tile_reset_domain_tile/fusion/fgra/fgra/pes_25/alu/logic_0/logicUnit_22       7.0560     0.0       7.0560      0.0000       0.0000 UnifiedCom_329
system/tile_prci_domain/tile_reset_domain_tile/fusion/fgra/fgra/pes_25/alu/logic_0/logicUnit_23       7.0560     0.0       7.0560      0.0000       0.0000 UnifiedCom_328
system/tile_prci_domain/tile_reset_domain_tile/fusion/fgra/fgra/pes_25/alu/logic_0/logicUnit_24       7.0560     0.0       7.0560      0.0000       0.0000 UnifiedCom_327
system/tile_prci_domain/tile_reset_domain_tile/fusion/fgra/fgra/pes_25/alu/logic_0/logicUnit_25       7.0560     0.0       7.0560      0.0000       0.0000 UnifiedCom_326
system/tile_prci_domain/tile_reset_domain_tile/fusion/fgra/fgra/pes_25/alu/logic_0/logicUnit_26       7.0560     0.0       7.0560      0.0000       0.0000 UnifiedCom_325
system/tile_prci_domain/tile_reset_domain_tile/fusion/fgra/fgra/pes_25/alu/logic_0/logicUnit_27       6.3504     0.0       6.3504      0.0000       0.0000 UnifiedCom_324
system/tile_prci_domain/tile_reset_domain_tile/fusion/fgra/fgra/pes_25/alu/logic_0/logicUnit_28       6.3504     0.0       6.3504      0.0000       0.0000 UnifiedCom_323
system/tile_prci_domain/tile_reset_domain_tile/fusion/fgra/fgra/pes_25/alu/logic_0/logicUnit_29       6.3504     0.0       6.3504      0.0000       0.0000 UnifiedCom_322
system/tile_prci_domain/tile_reset_domain_tile/fusion/fgra/fgra/pes_25/alu/logic_0/logicUnit_3       7.0560     0.0       7.0560      0.0000       0.0000 UnifiedCom_348
system/tile_prci_domain/tile_reset_domain_tile/fusion/fgra/fgra/pes_25/alu/logic_0/logicUnit_30       6.3504     0.0       6.3504      0.0000       0.0000 UnifiedCom_321
system/tile_prci_domain/tile_reset_domain_tile/fusion/fgra/fgra/pes_25/alu/logic_0/logicUnit_31       7.0560     0.0       7.0560      0.0000       0.0000 UnifiedCom_320
system/tile_prci_domain/tile_reset_domain_tile/fusion/fgra/fgra/pes_25/alu/logic_0/logicUnit_4       6.3504     0.0       6.3504      0.0000       0.0000 UnifiedCom_347
system/tile_prci_domain/tile_reset_domain_tile/fusion/fgra/fgra/pes_25/alu/logic_0/logicUnit_5       7.0560     0.0       7.0560      0.0000       0.0000 UnifiedCom_346
system/tile_prci_domain/tile_reset_domain_tile/fusion/fgra/fgra/pes_25/alu/logic_0/logicUnit_6       7.0560     0.0       7.0560      0.0000       0.0000 UnifiedCom_345
system/tile_prci_domain/tile_reset_domain_tile/fusion/fgra/fgra/pes_25/alu/logic_0/logicUnit_7       7.0560     0.0       7.0560      0.0000       0.0000 UnifiedCom_344
system/tile_prci_domain/tile_reset_domain_tile/fusion/fgra/fgra/pes_25/alu/logic_0/logicUnit_8       6.3504     0.0       6.3504      0.0000       0.0000 UnifiedCom_343
system/tile_prci_domain/tile_reset_domain_tile/fusion/fgra/fgra/pes_25/alu/logic_0/logicUnit_9       6.3504     0.0       6.3504      0.0000       0.0000 UnifiedCom_342
system/tile_prci_domain/tile_reset_domain_tile/fusion/fgra/fgra/pes_25/alu/multipler    5404.6609     0.2    5404.6609      0.0000       0.0000 Mul_10
system/tile_prci_domain/tile_reset_domain_tile/fusion/fgra/fgra/pes_25/alu/shift     690.5472     0.0     690.5472      0.0000       0.0000 SHIFT_10
system/tile_prci_domain/tile_reset_domain_tile/fusion/fgra/fgra/pes_25/alu/si2fp    1022.6496     0.0       0.0000      0.0000       0.0000 IntToFP_10
system/tile_prci_domain/tile_reset_domain_tile/fusion/fgra/fgra/pes_25/alu/si2fp/post_norm      46.8048     0.0      25.1664      0.0000       0.0000 IntToFP_postnorm_10
system/tile_prci_domain/tile_reset_domain_tile/fusion/fgra/fgra/pes_25/alu/si2fp/post_norm/rounder      21.6384     0.0      21.6384      0.0000       0.0000 RoundingUnit_241
system/tile_prci_domain/tile_reset_domain_tile/fusion/fgra/fgra/pes_25/alu/si2fp/pre_norm     975.8448     0.0     707.0112      0.0000       0.0000 IntToFP_prenorm_10
system/tile_prci_domain/tile_reset_domain_tile/fusion/fgra/fgra/pes_25/alu/si2fp/pre_norm/lza      76.9104     0.0      76.9104      0.0000       0.0000 LZA_2_10
system/tile_prci_domain/tile_reset_domain_tile/fusion/fgra/fgra/pes_25/alu/si2fp/pre_norm/neg_lzc_clz      97.6080     0.0      97.6080      0.0000       0.0000 CLZ_3_20
system/tile_prci_domain/tile_reset_domain_tile/fusion/fgra/fgra/pes_25/alu/si2fp/pre_norm/pos_lzc_clz      94.3152     0.0      94.3152      0.0000       0.0000 CLZ_3_21
system/tile_prci_domain/tile_reset_domain_tile/fusion/fgra/fgra/pes_25/cfg     568.7136     0.0     152.8800    415.8336       0.0000 ConfigMem_12_0
system/tile_prci_domain/tile_reset_domain_tile/fusion/fgra/fgra/pes_25/delayPipeCG    6949.4545     0.2    4048.4977   2900.9568       0.0000 SharedDelayPipe_24_0
system/tile_prci_domain/tile_reset_domain_tile/fusion/fgra/fgra/pes_25/delayPipeFG     205.8000     0.0     125.8320     79.9680       0.0000 SharedDelayPipe_25_0
system/tile_prci_domain/tile_reset_domain_tile/fusion/fgra/fgra/pes_25/dmr     151.7040     0.0       0.0000    151.7040       0.0000 DualModeReg_0
system/tile_prci_domain/tile_reset_domain_tile/fusion/fgra/fgra/pes_25/rf4alu       7.9968     0.0       3.2928      4.7040       0.0000 RF_0
system/tile_prci_domain/tile_reset_domain_tile/fusion/fgra/fgra/pes_3   25958.7891     0.8       6.8208      0.0000       0.0000 GPE_3
system/tile_prci_domain/tile_reset_domain_tile/fusion/fgra/fgra/pes_3/Muxn     267.8928     0.0     267.8928      0.0000       0.0000 Muxn_36_145
system/tile_prci_domain/tile_reset_domain_tile/fusion/fgra/fgra/pes_3/Muxn_1     234.9648     0.0     234.9648      0.0000       0.0000 Muxn_36_144
system/tile_prci_domain/tile_reset_domain_tile/fusion/fgra/fgra/pes_3/Muxn_2       7.5264     0.0       7.5264      0.0000       0.0000 Muxn_38_31
system/tile_prci_domain/tile_reset_domain_tile/fusion/fgra/fgra/pes_3/alu   17588.2562     0.5     723.0048      0.0000       0.0000 ALU_11
system/tile_prci_domain/tile_reset_domain_tile/fusion/fgra/fgra/pes_3/alu/arith     416.5392     0.0     416.5392      0.0000       0.0000 ARITH_32
system/tile_prci_domain/tile_reset_domain_tile/fusion/fgra/fgra/pes_3/alu/fadd    4950.9601     0.1       0.0000      0.0000       0.0000 FADD_42
system/tile_prci_domain/tile_reset_domain_tile/fusion/fgra/fgra/pes_3/alu/fadd/fcmaadd    4950.9601     0.1       2.3520      0.0000       0.0000 FCMA_ADD_42
system/tile_prci_domain/tile_reset_domain_tile/fusion/fgra/fgra/pes_3/alu/fadd/fcmaadd/fadd_s1    3365.4768     0.1     639.7440      0.0000       0.0000 FCMA_ADD_s1_42
system/tile_prci_domain/tile_reset_domain_tile/fusion/fgra/fgra/pes_3/alu/fadd/fcmaadd/fadd_s1/far_path_mods_0     822.2592     0.0     362.2080      0.0000       0.0000 FarPath_42
system/tile_prci_domain/tile_reset_domain_tile/fusion/fgra/fgra/pes_3/alu/fadd/fcmaadd/fadd_s1/far_path_mods_0/shiftRightJam     460.0512     0.0     460.0512      0.0000       0.0000 ShiftRightJam_43
system/tile_prci_domain/tile_reset_domain_tile/fusion/fgra/fgra/pes_3/alu/fadd/fcmaadd/fadd_s1/near_path_mods_0     958.6752     0.0     722.7696      0.0000       0.0000 NearPath_85
system/tile_prci_domain/tile_reset_domain_tile/fusion/fgra/fgra/pes_3/alu/fadd/fcmaadd/fadd_s1/near_path_mods_0/lza_ab     144.8832     0.0     144.8832      0.0000       0.0000 LZA_86
system/tile_prci_domain/tile_reset_domain_tile/fusion/fgra/fgra/pes_3/alu/fadd/fcmaadd/fadd_s1/near_path_mods_0/lzc_clz      91.0224     0.0      91.0224      0.0000       0.0000 CLZ_87
system/tile_prci_domain/tile_reset_domain_tile/fusion/fgra/fgra/pes_3/alu/fadd/fcmaadd/fadd_s1/near_path_mods_1     944.7984     0.0     714.0672      0.0000       0.0000 NearPath_84
system/tile_prci_domain/tile_reset_domain_tile/fusion/fgra/fgra/pes_3/alu/fadd/fcmaadd/fadd_s1/near_path_mods_1/lza_ab     138.5328     0.0     138.5328      0.0000       0.0000 LZA_85
system/tile_prci_domain/tile_reset_domain_tile/fusion/fgra/fgra/pes_3/alu/fadd/fcmaadd/fadd_s1/near_path_mods_1/lzc_clz      92.1984     0.0      92.1984      0.0000       0.0000 CLZ_86
system/tile_prci_domain/tile_reset_domain_tile/fusion/fgra/fgra/pes_3/alu/fadd/fcmaadd/fadd_s2    1583.1312     0.0    1141.6608      0.0000       0.0000 FCMA_ADD_s2_42
system/tile_prci_domain/tile_reset_domain_tile/fusion/fgra/fgra/pes_3/alu/fadd/fcmaadd/fadd_s2/far_path_rounder     242.9616     0.0     242.9616      0.0000       0.0000 RoundingUnit_231
system/tile_prci_domain/tile_reset_domain_tile/fusion/fgra/fgra/pes_3/alu/fadd/fcmaadd/fadd_s2/near_path_rounder     198.5088     0.0     198.5088      0.0000       0.0000 RoundingUnit_230
system/tile_prci_domain/tile_reset_domain_tile/fusion/fgra/fgra/pes_3/alu/fcmp     290.9424     0.0     290.9424      0.0000       0.0000 FCMP_98
system/tile_prci_domain/tile_reset_domain_tile/fusion/fgra/fgra/pes_3/alu/fmax     275.4192     0.0     275.4192      0.0000       0.0000 FCMP_96
system/tile_prci_domain/tile_reset_domain_tile/fusion/fgra/fgra/pes_3/alu/fmin     273.7728     0.0     273.7728      0.0000       0.0000 FCMP_97
system/tile_prci_domain/tile_reset_domain_tile/fusion/fgra/fgra/pes_3/alu/fmul    2209.4688     0.1      10.1136    556.2480       0.0000 FMUL_share_32
system/tile_prci_domain/tile_reset_domain_tile/fusion/fgra/fgra/pes_3/alu/fmul/fmul_s1     403.8384     0.0     326.4576      0.0000       0.0000 FMUL_s1_32
system/tile_prci_domain/tile_reset_domain_tile/fusion/fgra/fgra/pes_3/alu/fmul/fmul_s1/lzc_clz      77.3808     0.0      77.3808      0.0000       0.0000 CLZ_2_32
system/tile_prci_domain/tile_reset_domain_tile/fusion/fgra/fgra/pes_3/alu/fmul/fmul_s2    1034.4096     0.0    1034.4096      0.0000       0.0000 FMUL_s2_32
system/tile_prci_domain/tile_reset_domain_tile/fusion/fgra/fgra/pes_3/alu/fmul/fmul_s3     204.8592     0.0     104.1936      0.0000       0.0000 FMUL_s3_32
system/tile_prci_domain/tile_reset_domain_tile/fusion/fgra/fgra/pes_3/alu/fmul/fmul_s3/rounder     100.6656     0.0     100.6656      0.0000       0.0000 RoundingUnit_286
system/tile_prci_domain/tile_reset_domain_tile/fusion/fgra/fgra/pes_3/alu/fp2si     972.0816     0.0       0.0000      0.0000       0.0000 FPToInt_32
system/tile_prci_domain/tile_reset_domain_tile/fusion/fgra/fgra/pes_3/alu/fp2si/s1     107.7216     0.0     107.7216      0.0000       0.0000 FPToInt_s1_32
system/tile_prci_domain/tile_reset_domain_tile/fusion/fgra/fgra/pes_3/alu/fp2si/s2     864.3600     0.0     588.7056      0.0000       0.0000 FPToInt_s2_32
system/tile_prci_domain/tile_reset_domain_tile/fusion/fgra/fgra/pes_3/alu/fp2si/s2/rpath_rounder      22.5792     0.0      22.5792      0.0000       0.0000 RoundingUnit_6_32
system/tile_prci_domain/tile_reset_domain_tile/fusion/fgra/fgra/pes_3/alu/fp2si/s2/shiftRightJam     253.0752     0.0     253.0752      0.0000       0.0000 ShiftRightJam_1_32
system/tile_prci_domain/tile_reset_domain_tile/fusion/fgra/fgra/pes_3/alu/logic_0     224.8512     0.0      10.3488      0.0000       0.0000 LOGIC_32
system/tile_prci_domain/tile_reset_domain_tile/fusion/fgra/fgra/pes_3/alu/logic_0/logicUnit       6.3504     0.0       6.3504      0.0000       0.0000 UnifiedCom_1055
system/tile_prci_domain/tile_reset_domain_tile/fusion/fgra/fgra/pes_3/alu/logic_0/logicUnit_1       6.3504     0.0       6.3504      0.0000       0.0000 UnifiedCom_1054
system/tile_prci_domain/tile_reset_domain_tile/fusion/fgra/fgra/pes_3/alu/logic_0/logicUnit_10       6.3504     0.0       6.3504      0.0000       0.0000 UnifiedCom_1045
system/tile_prci_domain/tile_reset_domain_tile/fusion/fgra/fgra/pes_3/alu/logic_0/logicUnit_11       7.0560     0.0       7.0560      0.0000       0.0000 UnifiedCom_1044
system/tile_prci_domain/tile_reset_domain_tile/fusion/fgra/fgra/pes_3/alu/logic_0/logicUnit_12       7.0560     0.0       7.0560      0.0000       0.0000 UnifiedCom_1043
system/tile_prci_domain/tile_reset_domain_tile/fusion/fgra/fgra/pes_3/alu/logic_0/logicUnit_13       7.0560     0.0       7.0560      0.0000       0.0000 UnifiedCom_1042
system/tile_prci_domain/tile_reset_domain_tile/fusion/fgra/fgra/pes_3/alu/logic_0/logicUnit_14       6.3504     0.0       6.3504      0.0000       0.0000 UnifiedCom_1041
system/tile_prci_domain/tile_reset_domain_tile/fusion/fgra/fgra/pes_3/alu/logic_0/logicUnit_15       7.0560     0.0       7.0560      0.0000       0.0000 UnifiedCom_1040
system/tile_prci_domain/tile_reset_domain_tile/fusion/fgra/fgra/pes_3/alu/logic_0/logicUnit_16       7.0560     0.0       7.0560      0.0000       0.0000 UnifiedCom_1039
system/tile_prci_domain/tile_reset_domain_tile/fusion/fgra/fgra/pes_3/alu/logic_0/logicUnit_17       6.3504     0.0       6.3504      0.0000       0.0000 UnifiedCom_1038
system/tile_prci_domain/tile_reset_domain_tile/fusion/fgra/fgra/pes_3/alu/logic_0/logicUnit_18       7.0560     0.0       7.0560      0.0000       0.0000 UnifiedCom_1037
system/tile_prci_domain/tile_reset_domain_tile/fusion/fgra/fgra/pes_3/alu/logic_0/logicUnit_19       7.0560     0.0       7.0560      0.0000       0.0000 UnifiedCom_1036
system/tile_prci_domain/tile_reset_domain_tile/fusion/fgra/fgra/pes_3/alu/logic_0/logicUnit_2       6.3504     0.0       6.3504      0.0000       0.0000 UnifiedCom_1053
system/tile_prci_domain/tile_reset_domain_tile/fusion/fgra/fgra/pes_3/alu/logic_0/logicUnit_20       7.0560     0.0       7.0560      0.0000       0.0000 UnifiedCom_1035
system/tile_prci_domain/tile_reset_domain_tile/fusion/fgra/fgra/pes_3/alu/logic_0/logicUnit_21       7.0560     0.0       7.0560      0.0000       0.0000 UnifiedCom_1034
system/tile_prci_domain/tile_reset_domain_tile/fusion/fgra/fgra/pes_3/alu/logic_0/logicUnit_22       7.0560     0.0       7.0560      0.0000       0.0000 UnifiedCom_1033
system/tile_prci_domain/tile_reset_domain_tile/fusion/fgra/fgra/pes_3/alu/logic_0/logicUnit_23       6.3504     0.0       6.3504      0.0000       0.0000 UnifiedCom_1032
system/tile_prci_domain/tile_reset_domain_tile/fusion/fgra/fgra/pes_3/alu/logic_0/logicUnit_24       6.3504     0.0       6.3504      0.0000       0.0000 UnifiedCom_1031
system/tile_prci_domain/tile_reset_domain_tile/fusion/fgra/fgra/pes_3/alu/logic_0/logicUnit_25       7.0560     0.0       7.0560      0.0000       0.0000 UnifiedCom_1030
system/tile_prci_domain/tile_reset_domain_tile/fusion/fgra/fgra/pes_3/alu/logic_0/logicUnit_26       6.3504     0.0       6.3504      0.0000       0.0000 UnifiedCom_1029
system/tile_prci_domain/tile_reset_domain_tile/fusion/fgra/fgra/pes_3/alu/logic_0/logicUnit_27       6.3504     0.0       6.3504      0.0000       0.0000 UnifiedCom_1028
system/tile_prci_domain/tile_reset_domain_tile/fusion/fgra/fgra/pes_3/alu/logic_0/logicUnit_28       7.0560     0.0       7.0560      0.0000       0.0000 UnifiedCom_1027
system/tile_prci_domain/tile_reset_domain_tile/fusion/fgra/fgra/pes_3/alu/logic_0/logicUnit_29       6.3504     0.0       6.3504      0.0000       0.0000 UnifiedCom_1026
system/tile_prci_domain/tile_reset_domain_tile/fusion/fgra/fgra/pes_3/alu/logic_0/logicUnit_3       6.3504     0.0       6.3504      0.0000       0.0000 UnifiedCom_1052
system/tile_prci_domain/tile_reset_domain_tile/fusion/fgra/fgra/pes_3/alu/logic_0/logicUnit_30       6.3504     0.0       6.3504      0.0000       0.0000 UnifiedCom_1025
system/tile_prci_domain/tile_reset_domain_tile/fusion/fgra/fgra/pes_3/alu/logic_0/logicUnit_31       7.0560     0.0       7.0560      0.0000       0.0000 UnifiedCom_1024
system/tile_prci_domain/tile_reset_domain_tile/fusion/fgra/fgra/pes_3/alu/logic_0/logicUnit_4       6.3504     0.0       6.3504      0.0000       0.0000 UnifiedCom_1051
system/tile_prci_domain/tile_reset_domain_tile/fusion/fgra/fgra/pes_3/alu/logic_0/logicUnit_5       7.0560     0.0       7.0560      0.0000       0.0000 UnifiedCom_1050
system/tile_prci_domain/tile_reset_domain_tile/fusion/fgra/fgra/pes_3/alu/logic_0/logicUnit_6       7.0560     0.0       7.0560      0.0000       0.0000 UnifiedCom_1049
system/tile_prci_domain/tile_reset_domain_tile/fusion/fgra/fgra/pes_3/alu/logic_0/logicUnit_7       7.0560     0.0       7.0560      0.0000       0.0000 UnifiedCom_1048
system/tile_prci_domain/tile_reset_domain_tile/fusion/fgra/fgra/pes_3/alu/logic_0/logicUnit_8       6.3504     0.0       6.3504      0.0000       0.0000 UnifiedCom_1047
system/tile_prci_domain/tile_reset_domain_tile/fusion/fgra/fgra/pes_3/alu/logic_0/logicUnit_9       6.3504     0.0       6.3504      0.0000       0.0000 UnifiedCom_1046
system/tile_prci_domain/tile_reset_domain_tile/fusion/fgra/fgra/pes_3/alu/multipler    5528.3761     0.2    5528.3761      0.0000       0.0000 Mul_32
system/tile_prci_domain/tile_reset_domain_tile/fusion/fgra/fgra/pes_3/alu/shift     689.3712     0.0     689.3712      0.0000       0.0000 SHIFT_32
system/tile_prci_domain/tile_reset_domain_tile/fusion/fgra/fgra/pes_3/alu/si2fp    1033.4688     0.0       0.0000      0.0000       0.0000 IntToFP_32
system/tile_prci_domain/tile_reset_domain_tile/fusion/fgra/fgra/pes_3/alu/si2fp/post_norm      47.0400     0.0      25.4016      0.0000       0.0000 IntToFP_postnorm_32
system/tile_prci_domain/tile_reset_domain_tile/fusion/fgra/fgra/pes_3/alu/si2fp/post_norm/rounder      21.6384     0.0      21.6384      0.0000       0.0000 RoundingUnit_285
system/tile_prci_domain/tile_reset_domain_tile/fusion/fgra/fgra/pes_3/alu/si2fp/pre_norm     986.4288     0.0     718.5360      0.0000       0.0000 IntToFP_prenorm_32
system/tile_prci_domain/tile_reset_domain_tile/fusion/fgra/fgra/pes_3/alu/si2fp/pre_norm/lza      76.4400     0.0      76.4400      0.0000       0.0000 LZA_2_32
system/tile_prci_domain/tile_reset_domain_tile/fusion/fgra/fgra/pes_3/alu/si2fp/pre_norm/neg_lzc_clz      95.2560     0.0      95.2560      0.0000       0.0000 CLZ_3_64
system/tile_prci_domain/tile_reset_domain_tile/fusion/fgra/fgra/pes_3/alu/si2fp/pre_norm/pos_lzc_clz      96.1968     0.0      96.1968      0.0000       0.0000 CLZ_3_65
system/tile_prci_domain/tile_reset_domain_tile/fusion/fgra/fgra/pes_3/cfg     561.8928     0.0     153.8208    408.0720       0.0000 ConfigMem_12_10
system/tile_prci_domain/tile_reset_domain_tile/fusion/fgra/fgra/pes_3/delayPipeCG    6924.2881     0.2    4038.1489   2886.1392       0.0000 SharedDelayPipe_24_22
system/tile_prci_domain/tile_reset_domain_tile/fusion/fgra/fgra/pes_3/delayPipeFG     205.8000     0.0     125.8320     79.9680       0.0000 SharedDelayPipe_25_10
system/tile_prci_domain/tile_reset_domain_tile/fusion/fgra/fgra/pes_3/dmr     151.9392     0.0       0.0000    151.9392       0.0000 DualModeReg_17
system/tile_prci_domain/tile_reset_domain_tile/fusion/fgra/fgra/pes_3/rf4alu       9.4080     0.0       4.7040      4.7040       0.0000 RF_34
system/tile_prci_domain/tile_reset_domain_tile/fusion/fgra/fgra/pes_4   25965.3747     0.8       6.8208      0.0000       0.0000 GPE_4
system/tile_prci_domain/tile_reset_domain_tile/fusion/fgra/fgra/pes_4/Muxn     257.5440     0.0     257.5440      0.0000       0.0000 Muxn_36_143
system/tile_prci_domain/tile_reset_domain_tile/fusion/fgra/fgra/pes_4/Muxn_1     253.7808     0.0     253.7808      0.0000       0.0000 Muxn_36_142
system/tile_prci_domain/tile_reset_domain_tile/fusion/fgra/fgra/pes_4/Muxn_2       7.5264     0.0       7.5264      0.0000       0.0000 Muxn_38_30
system/tile_prci_domain/tile_reset_domain_tile/fusion/fgra/fgra/pes_4/alu   17561.4434     0.5     728.6496      0.0000       0.0000 ALU_10
system/tile_prci_domain/tile_reset_domain_tile/fusion/fgra/fgra/pes_4/alu/arith     417.0096     0.0     417.0096      0.0000       0.0000 ARITH_31
system/tile_prci_domain/tile_reset_domain_tile/fusion/fgra/fgra/pes_4/alu/fadd    4917.0913     0.1       0.0000      0.0000       0.0000 FADD_41
system/tile_prci_domain/tile_reset_domain_tile/fusion/fgra/fgra/pes_4/alu/fadd/fcmaadd    4917.0913     0.1       2.3520      0.0000       0.0000 FCMA_ADD_41
system/tile_prci_domain/tile_reset_domain_tile/fusion/fgra/fgra/pes_4/alu/fadd/fcmaadd/fadd_s1    3319.1424     0.1     619.0464      0.0000       0.0000 FCMA_ADD_s1_41
system/tile_prci_domain/tile_reset_domain_tile/fusion/fgra/fgra/pes_4/alu/fadd/fcmaadd/fadd_s1/far_path_mods_0     796.6224     0.0     352.0944      0.0000       0.0000 FarPath_41
system/tile_prci_domain/tile_reset_domain_tile/fusion/fgra/fgra/pes_4/alu/fadd/fcmaadd/fadd_s1/far_path_mods_0/shiftRightJam     444.5280     0.0     444.5280      0.0000       0.0000 ShiftRightJam_42
system/tile_prci_domain/tile_reset_domain_tile/fusion/fgra/fgra/pes_4/alu/fadd/fcmaadd/fadd_s1/near_path_mods_0     951.8544     0.0     717.1248      0.0000       0.0000 NearPath_83
system/tile_prci_domain/tile_reset_domain_tile/fusion/fgra/fgra/pes_4/alu/fadd/fcmaadd/fadd_s1/near_path_mods_0/lza_ab     146.2944     0.0     146.2944      0.0000       0.0000 LZA_84
system/tile_prci_domain/tile_reset_domain_tile/fusion/fgra/fgra/pes_4/alu/fadd/fcmaadd/fadd_s1/near_path_mods_0/lzc_clz      88.4352     0.0      88.4352      0.0000       0.0000 CLZ_85
system/tile_prci_domain/tile_reset_domain_tile/fusion/fgra/fgra/pes_4/alu/fadd/fcmaadd/fadd_s1/near_path_mods_1     951.6192     0.0     718.5360      0.0000       0.0000 NearPath_82
system/tile_prci_domain/tile_reset_domain_tile/fusion/fgra/fgra/pes_4/alu/fadd/fcmaadd/fadd_s1/near_path_mods_1/lza_ab     140.1792     0.0     140.1792      0.0000       0.0000 LZA_83
system/tile_prci_domain/tile_reset_domain_tile/fusion/fgra/fgra/pes_4/alu/fadd/fcmaadd/fadd_s1/near_path_mods_1/lzc_clz      92.9040     0.0      92.9040      0.0000       0.0000 CLZ_84
system/tile_prci_domain/tile_reset_domain_tile/fusion/fgra/fgra/pes_4/alu/fadd/fcmaadd/fadd_s2    1595.5968     0.0    1158.5952      0.0000       0.0000 FCMA_ADD_s2_41
system/tile_prci_domain/tile_reset_domain_tile/fusion/fgra/fgra/pes_4/alu/fadd/fcmaadd/fadd_s2/far_path_rounder     240.8448     0.0     240.8448      0.0000       0.0000 RoundingUnit_228
system/tile_prci_domain/tile_reset_domain_tile/fusion/fgra/fgra/pes_4/alu/fadd/fcmaadd/fadd_s2/near_path_rounder     196.1568     0.0     196.1568      0.0000       0.0000 RoundingUnit_227
system/tile_prci_domain/tile_reset_domain_tile/fusion/fgra/fgra/pes_4/alu/fcmp     292.8240     0.0     292.8240      0.0000       0.0000 FCMP_95
system/tile_prci_domain/tile_reset_domain_tile/fusion/fgra/fgra/pes_4/alu/fmax     275.4192     0.0     275.4192      0.0000       0.0000 FCMP_93
system/tile_prci_domain/tile_reset_domain_tile/fusion/fgra/fgra/pes_4/alu/fmin     274.4784     0.0     274.4784      0.0000       0.0000 FCMP_94
system/tile_prci_domain/tile_reset_domain_tile/fusion/fgra/fgra/pes_4/alu/fmul    2233.6944     0.1      16.9344    556.0128       0.0000 FMUL_share_31
system/tile_prci_domain/tile_reset_domain_tile/fusion/fgra/fgra/pes_4/alu/fmul/fmul_s1     405.4848     0.0     329.5152      0.0000       0.0000 FMUL_s1_31
system/tile_prci_domain/tile_reset_domain_tile/fusion/fgra/fgra/pes_4/alu/fmul/fmul_s1/lzc_clz      75.9696     0.0      75.9696      0.0000       0.0000 CLZ_2_31
system/tile_prci_domain/tile_reset_domain_tile/fusion/fgra/fgra/pes_4/alu/fmul/fmul_s2    1050.4032     0.0    1050.4032      0.0000       0.0000 FMUL_s2_31
system/tile_prci_domain/tile_reset_domain_tile/fusion/fgra/fgra/pes_4/alu/fmul/fmul_s3     204.8592     0.0     104.1936      0.0000       0.0000 FMUL_s3_31
system/tile_prci_domain/tile_reset_domain_tile/fusion/fgra/fgra/pes_4/alu/fmul/fmul_s3/rounder     100.6656     0.0     100.6656      0.0000       0.0000 RoundingUnit_284
system/tile_prci_domain/tile_reset_domain_tile/fusion/fgra/fgra/pes_4/alu/fp2si     954.4416     0.0       0.0000      0.0000       0.0000 FPToInt_31
system/tile_prci_domain/tile_reset_domain_tile/fusion/fgra/fgra/pes_4/alu/fp2si/s1     107.2512     0.0     107.2512      0.0000       0.0000 FPToInt_s1_31
system/tile_prci_domain/tile_reset_domain_tile/fusion/fgra/fgra/pes_4/alu/fp2si/s2     847.1904     0.0     582.8256      0.0000       0.0000 FPToInt_s2_31
system/tile_prci_domain/tile_reset_domain_tile/fusion/fgra/fgra/pes_4/alu/fp2si/s2/rpath_rounder      23.0496     0.0      23.0496      0.0000       0.0000 RoundingUnit_6_31
system/tile_prci_domain/tile_reset_domain_tile/fusion/fgra/fgra/pes_4/alu/fp2si/s2/shiftRightJam     241.3152     0.0     241.3152      0.0000       0.0000 ShiftRightJam_1_31
system/tile_prci_domain/tile_reset_domain_tile/fusion/fgra/fgra/pes_4/alu/logic_0     227.9088     0.0      11.2896      0.0000       0.0000 LOGIC_31
system/tile_prci_domain/tile_reset_domain_tile/fusion/fgra/fgra/pes_4/alu/logic_0/logicUnit       6.3504     0.0       6.3504      0.0000       0.0000 UnifiedCom_1023
system/tile_prci_domain/tile_reset_domain_tile/fusion/fgra/fgra/pes_4/alu/logic_0/logicUnit_1       7.0560     0.0       7.0560      0.0000       0.0000 UnifiedCom_1022
system/tile_prci_domain/tile_reset_domain_tile/fusion/fgra/fgra/pes_4/alu/logic_0/logicUnit_10       6.3504     0.0       6.3504      0.0000       0.0000 UnifiedCom_1013
system/tile_prci_domain/tile_reset_domain_tile/fusion/fgra/fgra/pes_4/alu/logic_0/logicUnit_11       7.0560     0.0       7.0560      0.0000       0.0000 UnifiedCom_1012
system/tile_prci_domain/tile_reset_domain_tile/fusion/fgra/fgra/pes_4/alu/logic_0/logicUnit_12       6.3504     0.0       6.3504      0.0000       0.0000 UnifiedCom_1011
system/tile_prci_domain/tile_reset_domain_tile/fusion/fgra/fgra/pes_4/alu/logic_0/logicUnit_13       7.0560     0.0       7.0560      0.0000       0.0000 UnifiedCom_1010
system/tile_prci_domain/tile_reset_domain_tile/fusion/fgra/fgra/pes_4/alu/logic_0/logicUnit_14       6.3504     0.0       6.3504      0.0000       0.0000 UnifiedCom_1009
system/tile_prci_domain/tile_reset_domain_tile/fusion/fgra/fgra/pes_4/alu/logic_0/logicUnit_15       7.0560     0.0       7.0560      0.0000       0.0000 UnifiedCom_1008
system/tile_prci_domain/tile_reset_domain_tile/fusion/fgra/fgra/pes_4/alu/logic_0/logicUnit_16       7.0560     0.0       7.0560      0.0000       0.0000 UnifiedCom_1007
system/tile_prci_domain/tile_reset_domain_tile/fusion/fgra/fgra/pes_4/alu/logic_0/logicUnit_17       7.0560     0.0       7.0560      0.0000       0.0000 UnifiedCom_1006
system/tile_prci_domain/tile_reset_domain_tile/fusion/fgra/fgra/pes_4/alu/logic_0/logicUnit_18       7.0560     0.0       7.0560      0.0000       0.0000 UnifiedCom_1005
system/tile_prci_domain/tile_reset_domain_tile/fusion/fgra/fgra/pes_4/alu/logic_0/logicUnit_19       7.0560     0.0       7.0560      0.0000       0.0000 UnifiedCom_1004
system/tile_prci_domain/tile_reset_domain_tile/fusion/fgra/fgra/pes_4/alu/logic_0/logicUnit_2       7.0560     0.0       7.0560      0.0000       0.0000 UnifiedCom_1021
system/tile_prci_domain/tile_reset_domain_tile/fusion/fgra/fgra/pes_4/alu/logic_0/logicUnit_20       7.0560     0.0       7.0560      0.0000       0.0000 UnifiedCom_1003
system/tile_prci_domain/tile_reset_domain_tile/fusion/fgra/fgra/pes_4/alu/logic_0/logicUnit_21       7.0560     0.0       7.0560      0.0000       0.0000 UnifiedCom_1002
system/tile_prci_domain/tile_reset_domain_tile/fusion/fgra/fgra/pes_4/alu/logic_0/logicUnit_22       7.0560     0.0       7.0560      0.0000       0.0000 UnifiedCom_1001
system/tile_prci_domain/tile_reset_domain_tile/fusion/fgra/fgra/pes_4/alu/logic_0/logicUnit_23       6.3504     0.0       6.3504      0.0000       0.0000 UnifiedCom_1000
system/tile_prci_domain/tile_reset_domain_tile/fusion/fgra/fgra/pes_4/alu/logic_0/logicUnit_24       6.3504     0.0       6.3504      0.0000       0.0000 UnifiedCom_999
system/tile_prci_domain/tile_reset_domain_tile/fusion/fgra/fgra/pes_4/alu/logic_0/logicUnit_25       7.0560     0.0       7.0560      0.0000       0.0000 UnifiedCom_998
system/tile_prci_domain/tile_reset_domain_tile/fusion/fgra/fgra/pes_4/alu/logic_0/logicUnit_26       6.3504     0.0       6.3504      0.0000       0.0000 UnifiedCom_997
system/tile_prci_domain/tile_reset_domain_tile/fusion/fgra/fgra/pes_4/alu/logic_0/logicUnit_27       6.3504     0.0       6.3504      0.0000       0.0000 UnifiedCom_996
system/tile_prci_domain/tile_reset_domain_tile/fusion/fgra/fgra/pes_4/alu/logic_0/logicUnit_28       7.0560     0.0       7.0560      0.0000       0.0000 UnifiedCom_995
system/tile_prci_domain/tile_reset_domain_tile/fusion/fgra/fgra/pes_4/alu/logic_0/logicUnit_29       7.0560     0.0       7.0560      0.0000       0.0000 UnifiedCom_994
system/tile_prci_domain/tile_reset_domain_tile/fusion/fgra/fgra/pes_4/alu/logic_0/logicUnit_3       7.0560     0.0       7.0560      0.0000       0.0000 UnifiedCom_1020
system/tile_prci_domain/tile_reset_domain_tile/fusion/fgra/fgra/pes_4/alu/logic_0/logicUnit_30       6.3504     0.0       6.3504      0.0000       0.0000 UnifiedCom_993
system/tile_prci_domain/tile_reset_domain_tile/fusion/fgra/fgra/pes_4/alu/logic_0/logicUnit_31       7.0560     0.0       7.0560      0.0000       0.0000 UnifiedCom_992
system/tile_prci_domain/tile_reset_domain_tile/fusion/fgra/fgra/pes_4/alu/logic_0/logicUnit_4       6.3504     0.0       6.3504      0.0000       0.0000 UnifiedCom_1019
system/tile_prci_domain/tile_reset_domain_tile/fusion/fgra/fgra/pes_4/alu/logic_0/logicUnit_5       6.3504     0.0       6.3504      0.0000       0.0000 UnifiedCom_1018
system/tile_prci_domain/tile_reset_domain_tile/fusion/fgra/fgra/pes_4/alu/logic_0/logicUnit_6       6.3504     0.0       6.3504      0.0000       0.0000 UnifiedCom_1017
system/tile_prci_domain/tile_reset_domain_tile/fusion/fgra/fgra/pes_4/alu/logic_0/logicUnit_7       7.0560     0.0       7.0560      0.0000       0.0000 UnifiedCom_1016
system/tile_prci_domain/tile_reset_domain_tile/fusion/fgra/fgra/pes_4/alu/logic_0/logicUnit_8       6.3504     0.0       6.3504      0.0000       0.0000 UnifiedCom_1015
system/tile_prci_domain/tile_reset_domain_tile/fusion/fgra/fgra/pes_4/alu/logic_0/logicUnit_9       7.0560     0.0       7.0560      0.0000       0.0000 UnifiedCom_1014
system/tile_prci_domain/tile_reset_domain_tile/fusion/fgra/fgra/pes_4/alu/multipler    5515.2049     0.2    5515.2049      0.0000       0.0000 Mul_31
system/tile_prci_domain/tile_reset_domain_tile/fusion/fgra/fgra/pes_4/alu/shift     689.6064     0.0     689.6064      0.0000       0.0000 SHIFT_31
system/tile_prci_domain/tile_reset_domain_tile/fusion/fgra/fgra/pes_4/alu/si2fp    1035.1152     0.0       0.0000      0.0000       0.0000 IntToFP_31
system/tile_prci_domain/tile_reset_domain_tile/fusion/fgra/fgra/pes_4/alu/si2fp/post_norm      47.7456     0.0      26.1072      0.0000       0.0000 IntToFP_postnorm_31
system/tile_prci_domain/tile_reset_domain_tile/fusion/fgra/fgra/pes_4/alu/si2fp/post_norm/rounder      21.6384     0.0      21.6384      0.0000       0.0000 RoundingUnit_283
system/tile_prci_domain/tile_reset_domain_tile/fusion/fgra/fgra/pes_4/alu/si2fp/pre_norm     987.3696     0.0     723.9456      0.0000       0.0000 IntToFP_prenorm_31
system/tile_prci_domain/tile_reset_domain_tile/fusion/fgra/fgra/pes_4/alu/si2fp/pre_norm/lza      76.6752     0.0      76.6752      0.0000       0.0000 LZA_2_31
system/tile_prci_domain/tile_reset_domain_tile/fusion/fgra/fgra/pes_4/alu/si2fp/pre_norm/neg_lzc_clz      92.6688     0.0      92.6688      0.0000       0.0000 CLZ_3_62
system/tile_prci_domain/tile_reset_domain_tile/fusion/fgra/fgra/pes_4/alu/si2fp/pre_norm/pos_lzc_clz      94.0800     0.0      94.0800      0.0000       0.0000 CLZ_3_63
system/tile_prci_domain/tile_reset_domain_tile/fusion/fgra/fgra/pes_4/cfg     584.4720     0.0     153.8208    430.6512       0.0000 ConfigMem_12_9
system/tile_prci_domain/tile_reset_domain_tile/fusion/fgra/fgra/pes_4/delayPipeCG    6928.5217     0.2    4037.4433   2891.0784       0.0000 SharedDelayPipe_24_21
system/tile_prci_domain/tile_reset_domain_tile/fusion/fgra/fgra/pes_4/delayPipeFG     205.8000     0.0     125.8320     79.9680       0.0000 SharedDelayPipe_25_9
system/tile_prci_domain/tile_reset_domain_tile/fusion/fgra/fgra/pes_4/dmr     151.4688     0.0       0.0000    151.4688       0.0000 DualModeReg_16
system/tile_prci_domain/tile_reset_domain_tile/fusion/fgra/fgra/pes_4/rf4alu       7.9968     0.0       3.2928      4.7040       0.0000 RF_33
system/tile_prci_domain/tile_reset_domain_tile/fusion/fgra/fgra/pes_5   25793.2083     0.8       6.1152      0.0000       0.0000 GPE_5
system/tile_prci_domain/tile_reset_domain_tile/fusion/fgra/fgra/pes_5/Muxn     203.6832     0.0     203.6832      0.0000       0.0000 Muxn_36_141
system/tile_prci_domain/tile_reset_domain_tile/fusion/fgra/fgra/pes_5/Muxn_1     199.4496     0.0     199.4496      0.0000       0.0000 Muxn_36_140
system/tile_prci_domain/tile_reset_domain_tile/fusion/fgra/fgra/pes_5/Muxn_2       7.0560     0.0       7.0560      0.0000       0.0000 Muxn_38_29
system/tile_prci_domain/tile_reset_domain_tile/fusion/fgra/fgra/pes_5/alu   17439.3746     0.5     710.0688      0.0000       0.0000 ALU_9
system/tile_prci_domain/tile_reset_domain_tile/fusion/fgra/fgra/pes_5/alu/arith     413.9520     0.0     413.9520      0.0000       0.0000 ARITH_30
system/tile_prci_domain/tile_reset_domain_tile/fusion/fgra/fgra/pes_5/alu/fadd    4968.3649     0.1       0.0000      0.0000       0.0000 FADD_40
system/tile_prci_domain/tile_reset_domain_tile/fusion/fgra/fgra/pes_5/alu/fadd/fcmaadd    4968.3649     0.1       2.3520      0.0000       0.0000 FCMA_ADD_40
system/tile_prci_domain/tile_reset_domain_tile/fusion/fgra/fgra/pes_5/alu/fadd/fcmaadd/fadd_s1    3480.4897     0.1     652.4448      0.0000       0.0000 FCMA_ADD_s1_40
system/tile_prci_domain/tile_reset_domain_tile/fusion/fgra/fgra/pes_5/alu/fadd/fcmaadd/fadd_s1/far_path_mods_0     862.0080     0.0     379.6128      0.0000       0.0000 FarPath_40
system/tile_prci_domain/tile_reset_domain_tile/fusion/fgra/fgra/pes_5/alu/fadd/fcmaadd/fadd_s1/far_path_mods_0/shiftRightJam     482.3952     0.0     482.3952      0.0000       0.0000 ShiftRightJam_41
system/tile_prci_domain/tile_reset_domain_tile/fusion/fgra/fgra/pes_5/alu/fadd/fcmaadd/fadd_s1/near_path_mods_0     994.4256     0.0     752.8752      0.0000       0.0000 NearPath_81
system/tile_prci_domain/tile_reset_domain_tile/fusion/fgra/fgra/pes_5/alu/fadd/fcmaadd/fadd_s1/near_path_mods_0/lza_ab     145.3536     0.0     145.3536      0.0000       0.0000 LZA_82
system/tile_prci_domain/tile_reset_domain_tile/fusion/fgra/fgra/pes_5/alu/fadd/fcmaadd/fadd_s1/near_path_mods_0/lzc_clz      96.1968     0.0      96.1968      0.0000       0.0000 CLZ_83
system/tile_prci_domain/tile_reset_domain_tile/fusion/fgra/fgra/pes_5/alu/fadd/fcmaadd/fadd_s1/near_path_mods_1     971.6112     0.0     728.6496      0.0000       0.0000 NearPath_80
system/tile_prci_domain/tile_reset_domain_tile/fusion/fgra/fgra/pes_5/alu/fadd/fcmaadd/fadd_s1/near_path_mods_1/lza_ab     153.3504     0.0     153.3504      0.0000       0.0000 LZA_81
system/tile_prci_domain/tile_reset_domain_tile/fusion/fgra/fgra/pes_5/alu/fadd/fcmaadd/fadd_s1/near_path_mods_1/lzc_clz      89.6112     0.0      89.6112      0.0000       0.0000 CLZ_82
system/tile_prci_domain/tile_reset_domain_tile/fusion/fgra/fgra/pes_5/alu/fadd/fcmaadd/fadd_s2    1485.5232     0.0    1058.4000      0.0000       0.0000 FCMA_ADD_s2_40
system/tile_prci_domain/tile_reset_domain_tile/fusion/fgra/fgra/pes_5/alu/fadd/fcmaadd/fadd_s2/far_path_rounder     231.9072     0.0     231.9072      0.0000       0.0000 RoundingUnit_225
system/tile_prci_domain/tile_reset_domain_tile/fusion/fgra/fgra/pes_5/alu/fadd/fcmaadd/fadd_s2/near_path_rounder     195.2160     0.0     195.2160      0.0000       0.0000 RoundingUnit_224
system/tile_prci_domain/tile_reset_domain_tile/fusion/fgra/fgra/pes_5/alu/fcmp     290.7072     0.0     290.7072      0.0000       0.0000 FCMP_92
system/tile_prci_domain/tile_reset_domain_tile/fusion/fgra/fgra/pes_5/alu/fmax     271.6560     0.0     271.6560      0.0000       0.0000 FCMP_90
system/tile_prci_domain/tile_reset_domain_tile/fusion/fgra/fgra/pes_5/alu/fmin     269.0688     0.0     269.0688      0.0000       0.0000 FCMP_91
system/tile_prci_domain/tile_reset_domain_tile/fusion/fgra/fgra/pes_5/alu/fmul    2169.2496     0.1      11.7600    556.2480       0.0000 FMUL_share_30
system/tile_prci_domain/tile_reset_domain_tile/fusion/fgra/fgra/pes_5/alu/fmul/fmul_s1     396.0768     0.0     317.9904      0.0000       0.0000 FMUL_s1_30
system/tile_prci_domain/tile_reset_domain_tile/fusion/fgra/fgra/pes_5/alu/fmul/fmul_s1/lzc_clz      78.0864     0.0      78.0864      0.0000       0.0000 CLZ_2_30
system/tile_prci_domain/tile_reset_domain_tile/fusion/fgra/fgra/pes_5/alu/fmul/fmul_s2    1000.3056     0.0    1000.3056      0.0000       0.0000 FMUL_s2_30
system/tile_prci_domain/tile_reset_domain_tile/fusion/fgra/fgra/pes_5/alu/fmul/fmul_s3     204.8592     0.0     104.1936      0.0000       0.0000 FMUL_s3_30
system/tile_prci_domain/tile_reset_domain_tile/fusion/fgra/fgra/pes_5/alu/fmul/fmul_s3/rounder     100.6656     0.0     100.6656      0.0000       0.0000 RoundingUnit_282
system/tile_prci_domain/tile_reset_domain_tile/fusion/fgra/fgra/pes_5/alu/fp2si     953.2656     0.0       0.0000      0.0000       0.0000 FPToInt_30
system/tile_prci_domain/tile_reset_domain_tile/fusion/fgra/fgra/pes_5/alu/fp2si/s1      99.4896     0.0      99.4896      0.0000       0.0000 FPToInt_s1_30
system/tile_prci_domain/tile_reset_domain_tile/fusion/fgra/fgra/pes_5/alu/fp2si/s2     853.7760     0.0     583.2960      0.0000       0.0000 FPToInt_s2_30
system/tile_prci_domain/tile_reset_domain_tile/fusion/fgra/fgra/pes_5/alu/fp2si/s2/rpath_rounder      22.5792     0.0      22.5792      0.0000       0.0000 RoundingUnit_6_30
system/tile_prci_domain/tile_reset_domain_tile/fusion/fgra/fgra/pes_5/alu/fp2si/s2/shiftRightJam     247.9008     0.0     247.9008      0.0000       0.0000 ShiftRightJam_1_30
system/tile_prci_domain/tile_reset_domain_tile/fusion/fgra/fgra/pes_5/alu/logic_0     228.8496     0.0      10.3488      0.0000       0.0000 LOGIC_30
system/tile_prci_domain/tile_reset_domain_tile/fusion/fgra/fgra/pes_5/alu/logic_0/logicUnit       6.3504     0.0       6.3504      0.0000       0.0000 UnifiedCom_991
system/tile_prci_domain/tile_reset_domain_tile/fusion/fgra/fgra/pes_5/alu/logic_0/logicUnit_1       6.3504     0.0       6.3504      0.0000       0.0000 UnifiedCom_990
system/tile_prci_domain/tile_reset_domain_tile/fusion/fgra/fgra/pes_5/alu/logic_0/logicUnit_10       7.0560     0.0       7.0560      0.0000       0.0000 UnifiedCom_981
system/tile_prci_domain/tile_reset_domain_tile/fusion/fgra/fgra/pes_5/alu/logic_0/logicUnit_11       6.3504     0.0       6.3504      0.0000       0.0000 UnifiedCom_980
system/tile_prci_domain/tile_reset_domain_tile/fusion/fgra/fgra/pes_5/alu/logic_0/logicUnit_12       7.0560     0.0       7.0560      0.0000       0.0000 UnifiedCom_979
system/tile_prci_domain/tile_reset_domain_tile/fusion/fgra/fgra/pes_5/alu/logic_0/logicUnit_13       7.0560     0.0       7.0560      0.0000       0.0000 UnifiedCom_978
system/tile_prci_domain/tile_reset_domain_tile/fusion/fgra/fgra/pes_5/alu/logic_0/logicUnit_14       7.0560     0.0       7.0560      0.0000       0.0000 UnifiedCom_977
system/tile_prci_domain/tile_reset_domain_tile/fusion/fgra/fgra/pes_5/alu/logic_0/logicUnit_15       7.0560     0.0       7.0560      0.0000       0.0000 UnifiedCom_976
system/tile_prci_domain/tile_reset_domain_tile/fusion/fgra/fgra/pes_5/alu/logic_0/logicUnit_16       7.0560     0.0       7.0560      0.0000       0.0000 UnifiedCom_975
system/tile_prci_domain/tile_reset_domain_tile/fusion/fgra/fgra/pes_5/alu/logic_0/logicUnit_17       7.0560     0.0       7.0560      0.0000       0.0000 UnifiedCom_974
system/tile_prci_domain/tile_reset_domain_tile/fusion/fgra/fgra/pes_5/alu/logic_0/logicUnit_18       6.3504     0.0       6.3504      0.0000       0.0000 UnifiedCom_973
system/tile_prci_domain/tile_reset_domain_tile/fusion/fgra/fgra/pes_5/alu/logic_0/logicUnit_19       7.0560     0.0       7.0560      0.0000       0.0000 UnifiedCom_972
system/tile_prci_domain/tile_reset_domain_tile/fusion/fgra/fgra/pes_5/alu/logic_0/logicUnit_2       8.2320     0.0       8.2320      0.0000       0.0000 UnifiedCom_989
system/tile_prci_domain/tile_reset_domain_tile/fusion/fgra/fgra/pes_5/alu/logic_0/logicUnit_20       7.0560     0.0       7.0560      0.0000       0.0000 UnifiedCom_971
system/tile_prci_domain/tile_reset_domain_tile/fusion/fgra/fgra/pes_5/alu/logic_0/logicUnit_21       7.0560     0.0       7.0560      0.0000       0.0000 UnifiedCom_970
system/tile_prci_domain/tile_reset_domain_tile/fusion/fgra/fgra/pes_5/alu/logic_0/logicUnit_22       7.0560     0.0       7.0560      0.0000       0.0000 UnifiedCom_969
system/tile_prci_domain/tile_reset_domain_tile/fusion/fgra/fgra/pes_5/alu/logic_0/logicUnit_23       7.0560     0.0       7.0560      0.0000       0.0000 UnifiedCom_968
system/tile_prci_domain/tile_reset_domain_tile/fusion/fgra/fgra/pes_5/alu/logic_0/logicUnit_24       7.0560     0.0       7.0560      0.0000       0.0000 UnifiedCom_967
system/tile_prci_domain/tile_reset_domain_tile/fusion/fgra/fgra/pes_5/alu/logic_0/logicUnit_25       7.0560     0.0       7.0560      0.0000       0.0000 UnifiedCom_966
system/tile_prci_domain/tile_reset_domain_tile/fusion/fgra/fgra/pes_5/alu/logic_0/logicUnit_26       7.0560     0.0       7.0560      0.0000       0.0000 UnifiedCom_965
system/tile_prci_domain/tile_reset_domain_tile/fusion/fgra/fgra/pes_5/alu/logic_0/logicUnit_27       6.3504     0.0       6.3504      0.0000       0.0000 UnifiedCom_964
system/tile_prci_domain/tile_reset_domain_tile/fusion/fgra/fgra/pes_5/alu/logic_0/logicUnit_28       6.3504     0.0       6.3504      0.0000       0.0000 UnifiedCom_963
system/tile_prci_domain/tile_reset_domain_tile/fusion/fgra/fgra/pes_5/alu/logic_0/logicUnit_29       6.3504     0.0       6.3504      0.0000       0.0000 UnifiedCom_962
system/tile_prci_domain/tile_reset_domain_tile/fusion/fgra/fgra/pes_5/alu/logic_0/logicUnit_3       7.0560     0.0       7.0560      0.0000       0.0000 UnifiedCom_988
system/tile_prci_domain/tile_reset_domain_tile/fusion/fgra/fgra/pes_5/alu/logic_0/logicUnit_30       6.3504     0.0       6.3504      0.0000       0.0000 UnifiedCom_961
system/tile_prci_domain/tile_reset_domain_tile/fusion/fgra/fgra/pes_5/alu/logic_0/logicUnit_31       7.0560     0.0       7.0560      0.0000       0.0000 UnifiedCom_960
system/tile_prci_domain/tile_reset_domain_tile/fusion/fgra/fgra/pes_5/alu/logic_0/logicUnit_4       7.0560     0.0       7.0560      0.0000       0.0000 UnifiedCom_987
system/tile_prci_domain/tile_reset_domain_tile/fusion/fgra/fgra/pes_5/alu/logic_0/logicUnit_5       6.3504     0.0       6.3504      0.0000       0.0000 UnifiedCom_986
system/tile_prci_domain/tile_reset_domain_tile/fusion/fgra/fgra/pes_5/alu/logic_0/logicUnit_6       7.0560     0.0       7.0560      0.0000       0.0000 UnifiedCom_985
system/tile_prci_domain/tile_reset_domain_tile/fusion/fgra/fgra/pes_5/alu/logic_0/logicUnit_7       6.3504     0.0       6.3504      0.0000       0.0000 UnifiedCom_984
system/tile_prci_domain/tile_reset_domain_tile/fusion/fgra/fgra/pes_5/alu/logic_0/logicUnit_8       6.3504     0.0       6.3504      0.0000       0.0000 UnifiedCom_983
system/tile_prci_domain/tile_reset_domain_tile/fusion/fgra/fgra/pes_5/alu/logic_0/logicUnit_9       6.3504     0.0       6.3504      0.0000       0.0000 UnifiedCom_982
system/tile_prci_domain/tile_reset_domain_tile/fusion/fgra/fgra/pes_5/alu/multipler    5444.6449     0.2    5444.6449      0.0000       0.0000 Mul_30
system/tile_prci_domain/tile_reset_domain_tile/fusion/fgra/fgra/pes_5/alu/shift     688.4304     0.0     688.4304      0.0000       0.0000 SHIFT_30
system/tile_prci_domain/tile_reset_domain_tile/fusion/fgra/fgra/pes_5/alu/si2fp    1031.1168     0.0       0.0000      0.0000       0.0000 IntToFP_30
system/tile_prci_domain/tile_reset_domain_tile/fusion/fgra/fgra/pes_5/alu/si2fp/post_norm      47.5104     0.0      25.8720      0.0000       0.0000 IntToFP_postnorm_30
system/tile_prci_domain/tile_reset_domain_tile/fusion/fgra/fgra/pes_5/alu/si2fp/post_norm/rounder      21.6384     0.0      21.6384      0.0000       0.0000 RoundingUnit_281
system/tile_prci_domain/tile_reset_domain_tile/fusion/fgra/fgra/pes_5/alu/si2fp/pre_norm     983.6064     0.0     714.0672      0.0000       0.0000 IntToFP_prenorm_30
system/tile_prci_domain/tile_reset_domain_tile/fusion/fgra/fgra/pes_5/alu/si2fp/pre_norm/lza      81.3792     0.0      81.3792      0.0000       0.0000 LZA_2_30
system/tile_prci_domain/tile_reset_domain_tile/fusion/fgra/fgra/pes_5/alu/si2fp/pre_norm/neg_lzc_clz      92.1984     0.0      92.1984      0.0000       0.0000 CLZ_3_60
system/tile_prci_domain/tile_reset_domain_tile/fusion/fgra/fgra/pes_5/alu/si2fp/pre_norm/pos_lzc_clz      95.9616     0.0      95.9616      0.0000       0.0000 CLZ_3_61
system/tile_prci_domain/tile_reset_domain_tile/fusion/fgra/fgra/pes_5/cfg     561.8928     0.0     152.8800    409.0128       0.0000 ConfigMem_12_8
system/tile_prci_domain/tile_reset_domain_tile/fusion/fgra/fgra/pes_5/delayPipeCG    7010.6065     0.2    4109.6497   2900.9568       0.0000 SharedDelayPipe_24_20
system/tile_prci_domain/tile_reset_domain_tile/fusion/fgra/fgra/pes_5/delayPipeFG     205.8000     0.0     125.8320     79.9680       0.0000 SharedDelayPipe_25_8
system/tile_prci_domain/tile_reset_domain_tile/fusion/fgra/fgra/pes_5/dmr     151.2336     0.0       0.0000    151.2336       0.0000 DualModeReg_15
system/tile_prci_domain/tile_reset_domain_tile/fusion/fgra/fgra/pes_5/rf4alu       7.9968     0.0       3.2928      4.7040       0.0000 RF_32
system/tile_prci_domain/tile_reset_domain_tile/fusion/fgra/fgra/pes_6   28661.2371     0.9     274.2432      0.0000       0.0000 GPE_6
system/tile_prci_domain/tile_reset_domain_tile/fusion/fgra/fgra/pes_6/Muxn     249.0768     0.0     249.0768      0.0000       0.0000 Muxn_36_139
system/tile_prci_domain/tile_reset_domain_tile/fusion/fgra/fgra/pes_6/Muxn_1     255.1920     0.0     255.1920      0.0000       0.0000 Muxn_36_138
system/tile_prci_domain/tile_reset_domain_tile/fusion/fgra/fgra/pes_6/Muxn_2      10.1136     0.0      10.1136      0.0000       0.0000 Muxn_110_55
system/tile_prci_domain/tile_reset_domain_tile/fusion/fgra/fgra/pes_6/Muxn_3      10.1136     0.0      10.1136      0.0000       0.0000 Muxn_110_54
system/tile_prci_domain/tile_reset_domain_tile/fusion/fgra/fgra/pes_6/Muxn_4      10.1136     0.0      10.1136      0.0000       0.0000 Muxn_110_53
system/tile_prci_domain/tile_reset_domain_tile/fusion/fgra/fgra/pes_6/alu   17678.8082     0.5     700.8960      0.0000       0.0000 ALU_6_5
system/tile_prci_domain/tile_reset_domain_tile/fusion/fgra/fgra/pes_6/alu/arith     426.1824     0.0     426.1824      0.0000       0.0000 ARITH_29
system/tile_prci_domain/tile_reset_domain_tile/fusion/fgra/fgra/pes_6/alu/fadd    5051.6257     0.2       1.4112      0.0000       0.0000 FADD_39
system/tile_prci_domain/tile_reset_domain_tile/fusion/fgra/fgra/pes_6/alu/fadd/fcmaadd    5050.2145     0.2       7.5264      0.0000       0.0000 FCMA_ADD_39
system/tile_prci_domain/tile_reset_domain_tile/fusion/fgra/fgra/pes_6/alu/fadd/fcmaadd/fadd_s1    3475.5505     0.1     669.8496      0.0000       0.0000 FCMA_ADD_s1_39
system/tile_prci_domain/tile_reset_domain_tile/fusion/fgra/fgra/pes_6/alu/fadd/fcmaadd/fadd_s1/far_path_mods_0     827.6688     0.0     367.1472      0.0000       0.0000 FarPath_39
system/tile_prci_domain/tile_reset_domain_tile/fusion/fgra/fgra/pes_6/alu/fadd/fcmaadd/fadd_s1/far_path_mods_0/shiftRightJam     460.5216     0.0     460.5216      0.0000       0.0000 ShiftRightJam_40
system/tile_prci_domain/tile_reset_domain_tile/fusion/fgra/fgra/pes_6/alu/fadd/fcmaadd/fadd_s1/near_path_mods_0    1004.5392     0.0     748.6416      0.0000       0.0000 NearPath_79
system/tile_prci_domain/tile_reset_domain_tile/fusion/fgra/fgra/pes_6/alu/fadd/fcmaadd/fadd_s1/near_path_mods_0/lza_ab     155.9376     0.0     155.9376      0.0000       0.0000 LZA_80
system/tile_prci_domain/tile_reset_domain_tile/fusion/fgra/fgra/pes_6/alu/fadd/fcmaadd/fadd_s1/near_path_mods_0/lzc_clz      99.9600     0.0      99.9600      0.0000       0.0000 CLZ_81
system/tile_prci_domain/tile_reset_domain_tile/fusion/fgra/fgra/pes_6/alu/fadd/fcmaadd/fadd_s1/near_path_mods_1     973.4928     0.0     734.0592      0.0000       0.0000 NearPath_78
system/tile_prci_domain/tile_reset_domain_tile/fusion/fgra/fgra/pes_6/alu/fadd/fcmaadd/fadd_s1/near_path_mods_1/lza_ab     150.7632     0.0     150.7632      0.0000       0.0000 LZA_79
system/tile_prci_domain/tile_reset_domain_tile/fusion/fgra/fgra/pes_6/alu/fadd/fcmaadd/fadd_s1/near_path_mods_1/lzc_clz      88.6704     0.0      88.6704      0.0000       0.0000 CLZ_80
system/tile_prci_domain/tile_reset_domain_tile/fusion/fgra/fgra/pes_6/alu/fadd/fcmaadd/fadd_s2    1567.1376     0.0    1128.9600      0.0000       0.0000 FCMA_ADD_s2_39
system/tile_prci_domain/tile_reset_domain_tile/fusion/fgra/fgra/pes_6/alu/fadd/fcmaadd/fadd_s2/far_path_rounder     233.0832     0.0     233.0832      0.0000       0.0000 RoundingUnit_222
system/tile_prci_domain/tile_reset_domain_tile/fusion/fgra/fgra/pes_6/alu/fadd/fcmaadd/fadd_s2/near_path_rounder     205.0944     0.0     205.0944      0.0000       0.0000 RoundingUnit_221
system/tile_prci_domain/tile_reset_domain_tile/fusion/fgra/fgra/pes_6/alu/fmax     278.4768     0.0     278.4768      0.0000       0.0000 FCMP_87
system/tile_prci_domain/tile_reset_domain_tile/fusion/fgra/fgra/pes_6/alu/fmin     274.0080     0.0     274.0080      0.0000       0.0000 FCMP_88
system/tile_prci_domain/tile_reset_domain_tile/fusion/fgra/fgra/pes_6/alu/fmul    2339.2992     0.1      11.9952    556.2480       0.0000 FMUL_share_29
system/tile_prci_domain/tile_reset_domain_tile/fusion/fgra/fgra/pes_6/alu/fmul/fmul_s1     427.8288     0.0     345.2736      0.0000       0.0000 FMUL_s1_29
system/tile_prci_domain/tile_reset_domain_tile/fusion/fgra/fgra/pes_6/alu/fmul/fmul_s1/lzc_clz      82.5552     0.0      82.5552      0.0000       0.0000 CLZ_2_29
system/tile_prci_domain/tile_reset_domain_tile/fusion/fgra/fgra/pes_6/alu/fmul/fmul_s2    1138.3680     0.0    1138.3680      0.0000       0.0000 FMUL_s2_29
system/tile_prci_domain/tile_reset_domain_tile/fusion/fgra/fgra/pes_6/alu/fmul/fmul_s3     204.8592     0.0     104.1936      0.0000       0.0000 FMUL_s3_29
system/tile_prci_domain/tile_reset_domain_tile/fusion/fgra/fgra/pes_6/alu/fmul/fmul_s3/rounder     100.6656     0.0     100.6656      0.0000       0.0000 RoundingUnit_280
system/tile_prci_domain/tile_reset_domain_tile/fusion/fgra/fgra/pes_6/alu/fp2si     960.0864     0.0       0.9408      0.0000       0.0000 FPToInt_29
system/tile_prci_domain/tile_reset_domain_tile/fusion/fgra/fgra/pes_6/alu/fp2si/s1     102.0768     0.0     102.0768      0.0000       0.0000 FPToInt_s1_29
system/tile_prci_domain/tile_reset_domain_tile/fusion/fgra/fgra/pes_6/alu/fp2si/s2     857.0688     0.0     591.2928      0.0000       0.0000 FPToInt_s2_29
system/tile_prci_domain/tile_reset_domain_tile/fusion/fgra/fgra/pes_6/alu/fp2si/s2/rpath_rounder      22.5792     0.0      22.5792      0.0000       0.0000 RoundingUnit_6_29
system/tile_prci_domain/tile_reset_domain_tile/fusion/fgra/fgra/pes_6/alu/fp2si/s2/shiftRightJam     243.1968     0.0     243.1968      0.0000       0.0000 ShiftRightJam_1_29
system/tile_prci_domain/tile_reset_domain_tile/fusion/fgra/fgra/pes_6/alu/logic_0     221.7936     0.0       9.4080      0.0000       0.0000 LOGIC_29
system/tile_prci_domain/tile_reset_domain_tile/fusion/fgra/fgra/pes_6/alu/logic_0/logicUnit       6.3504     0.0       6.3504      0.0000       0.0000 UnifiedCom_959
system/tile_prci_domain/tile_reset_domain_tile/fusion/fgra/fgra/pes_6/alu/logic_0/logicUnit_1       6.3504     0.0       6.3504      0.0000       0.0000 UnifiedCom_958
system/tile_prci_domain/tile_reset_domain_tile/fusion/fgra/fgra/pes_6/alu/logic_0/logicUnit_10       6.3504     0.0       6.3504      0.0000       0.0000 UnifiedCom_949
system/tile_prci_domain/tile_reset_domain_tile/fusion/fgra/fgra/pes_6/alu/logic_0/logicUnit_11       7.0560     0.0       7.0560      0.0000       0.0000 UnifiedCom_948
system/tile_prci_domain/tile_reset_domain_tile/fusion/fgra/fgra/pes_6/alu/logic_0/logicUnit_12       6.3504     0.0       6.3504      0.0000       0.0000 UnifiedCom_947
system/tile_prci_domain/tile_reset_domain_tile/fusion/fgra/fgra/pes_6/alu/logic_0/logicUnit_13       7.0560     0.0       7.0560      0.0000       0.0000 UnifiedCom_946
system/tile_prci_domain/tile_reset_domain_tile/fusion/fgra/fgra/pes_6/alu/logic_0/logicUnit_14       6.3504     0.0       6.3504      0.0000       0.0000 UnifiedCom_945
system/tile_prci_domain/tile_reset_domain_tile/fusion/fgra/fgra/pes_6/alu/logic_0/logicUnit_15       7.0560     0.0       7.0560      0.0000       0.0000 UnifiedCom_944
system/tile_prci_domain/tile_reset_domain_tile/fusion/fgra/fgra/pes_6/alu/logic_0/logicUnit_16       7.0560     0.0       7.0560      0.0000       0.0000 UnifiedCom_943
system/tile_prci_domain/tile_reset_domain_tile/fusion/fgra/fgra/pes_6/alu/logic_0/logicUnit_17       7.0560     0.0       7.0560      0.0000       0.0000 UnifiedCom_942
system/tile_prci_domain/tile_reset_domain_tile/fusion/fgra/fgra/pes_6/alu/logic_0/logicUnit_18       6.3504     0.0       6.3504      0.0000       0.0000 UnifiedCom_941
system/tile_prci_domain/tile_reset_domain_tile/fusion/fgra/fgra/pes_6/alu/logic_0/logicUnit_19       6.3504     0.0       6.3504      0.0000       0.0000 UnifiedCom_940
system/tile_prci_domain/tile_reset_domain_tile/fusion/fgra/fgra/pes_6/alu/logic_0/logicUnit_2       6.3504     0.0       6.3504      0.0000       0.0000 UnifiedCom_957
system/tile_prci_domain/tile_reset_domain_tile/fusion/fgra/fgra/pes_6/alu/logic_0/logicUnit_20       6.3504     0.0       6.3504      0.0000       0.0000 UnifiedCom_939
system/tile_prci_domain/tile_reset_domain_tile/fusion/fgra/fgra/pes_6/alu/logic_0/logicUnit_21       6.3504     0.0       6.3504      0.0000       0.0000 UnifiedCom_938
system/tile_prci_domain/tile_reset_domain_tile/fusion/fgra/fgra/pes_6/alu/logic_0/logicUnit_22       6.3504     0.0       6.3504      0.0000       0.0000 UnifiedCom_937
system/tile_prci_domain/tile_reset_domain_tile/fusion/fgra/fgra/pes_6/alu/logic_0/logicUnit_23       7.0560     0.0       7.0560      0.0000       0.0000 UnifiedCom_936
system/tile_prci_domain/tile_reset_domain_tile/fusion/fgra/fgra/pes_6/alu/logic_0/logicUnit_24       7.0560     0.0       7.0560      0.0000       0.0000 UnifiedCom_935
system/tile_prci_domain/tile_reset_domain_tile/fusion/fgra/fgra/pes_6/alu/logic_0/logicUnit_25       6.3504     0.0       6.3504      0.0000       0.0000 UnifiedCom_934
system/tile_prci_domain/tile_reset_domain_tile/fusion/fgra/fgra/pes_6/alu/logic_0/logicUnit_26       6.3504     0.0       6.3504      0.0000       0.0000 UnifiedCom_933
system/tile_prci_domain/tile_reset_domain_tile/fusion/fgra/fgra/pes_6/alu/logic_0/logicUnit_27       7.0560     0.0       7.0560      0.0000       0.0000 UnifiedCom_932
system/tile_prci_domain/tile_reset_domain_tile/fusion/fgra/fgra/pes_6/alu/logic_0/logicUnit_28       6.3504     0.0       6.3504      0.0000       0.0000 UnifiedCom_931
system/tile_prci_domain/tile_reset_domain_tile/fusion/fgra/fgra/pes_6/alu/logic_0/logicUnit_29       7.0560     0.0       7.0560      0.0000       0.0000 UnifiedCom_930
system/tile_prci_domain/tile_reset_domain_tile/fusion/fgra/fgra/pes_6/alu/logic_0/logicUnit_3       6.3504     0.0       6.3504      0.0000       0.0000 UnifiedCom_956
system/tile_prci_domain/tile_reset_domain_tile/fusion/fgra/fgra/pes_6/alu/logic_0/logicUnit_30       6.3504     0.0       6.3504      0.0000       0.0000 UnifiedCom_929
system/tile_prci_domain/tile_reset_domain_tile/fusion/fgra/fgra/pes_6/alu/logic_0/logicUnit_31       7.0560     0.0       7.0560      0.0000       0.0000 UnifiedCom_928
system/tile_prci_domain/tile_reset_domain_tile/fusion/fgra/fgra/pes_6/alu/logic_0/logicUnit_4       7.0560     0.0       7.0560      0.0000       0.0000 UnifiedCom_955
system/tile_prci_domain/tile_reset_domain_tile/fusion/fgra/fgra/pes_6/alu/logic_0/logicUnit_5       7.0560     0.0       7.0560      0.0000       0.0000 UnifiedCom_954
system/tile_prci_domain/tile_reset_domain_tile/fusion/fgra/fgra/pes_6/alu/logic_0/logicUnit_6       6.3504     0.0       6.3504      0.0000       0.0000 UnifiedCom_953
system/tile_prci_domain/tile_reset_domain_tile/fusion/fgra/fgra/pes_6/alu/logic_0/logicUnit_7       7.0560     0.0       7.0560      0.0000       0.0000 UnifiedCom_952
system/tile_prci_domain/tile_reset_domain_tile/fusion/fgra/fgra/pes_6/alu/logic_0/logicUnit_8       6.3504     0.0       6.3504      0.0000       0.0000 UnifiedCom_951
system/tile_prci_domain/tile_reset_domain_tile/fusion/fgra/fgra/pes_6/alu/logic_0/logicUnit_9       6.3504     0.0       6.3504      0.0000       0.0000 UnifiedCom_950
system/tile_prci_domain/tile_reset_domain_tile/fusion/fgra/fgra/pes_6/alu/multipler    5703.6001     0.2    5703.6001      0.0000       0.0000 Mul_29
system/tile_prci_domain/tile_reset_domain_tile/fusion/fgra/fgra/pes_6/alu/shift     689.1360     0.0     689.1360      0.0000       0.0000 SHIFT_29
system/tile_prci_domain/tile_reset_domain_tile/fusion/fgra/fgra/pes_6/alu/si2fp    1033.7040     0.0       0.9408      0.0000       0.0000 IntToFP_29
system/tile_prci_domain/tile_reset_domain_tile/fusion/fgra/fgra/pes_6/alu/si2fp/post_norm      46.3344     0.0      24.6960      0.0000       0.0000 IntToFP_postnorm_29
system/tile_prci_domain/tile_reset_domain_tile/fusion/fgra/fgra/pes_6/alu/si2fp/post_norm/rounder      21.6384     0.0      21.6384      0.0000       0.0000 RoundingUnit_279
system/tile_prci_domain/tile_reset_domain_tile/fusion/fgra/fgra/pes_6/alu/si2fp/pre_norm     986.4288     0.0     719.7120      0.0000       0.0000 IntToFP_prenorm_29
system/tile_prci_domain/tile_reset_domain_tile/fusion/fgra/fgra/pes_6/alu/si2fp/pre_norm/lza      75.7344     0.0      75.7344      0.0000       0.0000 LZA_2_29
system/tile_prci_domain/tile_reset_domain_tile/fusion/fgra/fgra/pes_6/alu/si2fp/pre_norm/neg_lzc_clz      96.6672     0.0      96.6672      0.0000       0.0000 CLZ_3_58
system/tile_prci_domain/tile_reset_domain_tile/fusion/fgra/fgra/pes_6/alu/si2fp/pre_norm/pos_lzc_clz      94.3152     0.0      94.3152      0.0000       0.0000 CLZ_3_59
system/tile_prci_domain/tile_reset_domain_tile/fusion/fgra/fgra/pes_6/cfg    1360.8672     0.0     459.8160    901.0512       0.0000 ConfigMem_24_5
system/tile_prci_domain/tile_reset_domain_tile/fusion/fgra/fgra/pes_6/delayPipeCG    6856.5505     0.2    3950.6545   2905.8960       0.0000 SharedDelayPipe_24_19
system/tile_prci_domain/tile_reset_domain_tile/fusion/fgra/fgra/pes_6/delayPipeFG     611.7552     0.0     447.1152    164.6400       0.0000 SharedDelayPipe_43_11
system/tile_prci_domain/tile_reset_domain_tile/fusion/fgra/fgra/pes_6/dmr    1321.8240     0.0       0.0000      0.0000       0.0000 DualModeReg_6_5
system/tile_prci_domain/tile_reset_domain_tile/fusion/fgra/fgra/pes_6/dmr/acr    1321.8240     0.0     793.5648    528.2592       0.0000 CtrlReg_5
system/tile_prci_domain/tile_reset_domain_tile/fusion/fgra/fgra/pes_6/lut       5.8800     0.0       5.8800      0.0000       0.0000 LUT_11
system/tile_prci_domain/tile_reset_domain_tile/fusion/fgra/fgra/pes_6/rf4alu       8.2320     0.0       3.5280      4.7040       0.0000 RF_31
system/tile_prci_domain/tile_reset_domain_tile/fusion/fgra/fgra/pes_6/rf4lut       8.4672     0.0       3.7632      4.7040       0.0000 RF_30
system/tile_prci_domain/tile_reset_domain_tile/fusion/fgra/fgra/pes_7   28623.1347     0.9     268.1280      0.0000       0.0000 GPE_7
system/tile_prci_domain/tile_reset_domain_tile/fusion/fgra/fgra/pes_7/Muxn     251.6640     0.0     251.6640      0.0000       0.0000 Muxn_36_137
system/tile_prci_domain/tile_reset_domain_tile/fusion/fgra/fgra/pes_7/Muxn_1     238.0224     0.0     238.0224      0.0000       0.0000 Muxn_36_136
system/tile_prci_domain/tile_reset_domain_tile/fusion/fgra/fgra/pes_7/Muxn_2      10.1136     0.0      10.1136      0.0000       0.0000 Muxn_110_52
system/tile_prci_domain/tile_reset_domain_tile/fusion/fgra/fgra/pes_7/Muxn_3      10.1136     0.0      10.1136      0.0000       0.0000 Muxn_110_51
system/tile_prci_domain/tile_reset_domain_tile/fusion/fgra/fgra/pes_7/Muxn_4      10.1136     0.0      10.1136      0.0000       0.0000 Muxn_110_50
system/tile_prci_domain/tile_reset_domain_tile/fusion/fgra/fgra/pes_7/alu   17637.4130     0.5     718.3008      0.0000       0.0000 ALU_6_4
system/tile_prci_domain/tile_reset_domain_tile/fusion/fgra/fgra/pes_7/alu/arith     422.4192     0.0     422.4192      0.0000       0.0000 ARITH_28
system/tile_prci_domain/tile_reset_domain_tile/fusion/fgra/fgra/pes_7/alu/fadd    5162.8753     0.2       0.0000      0.0000       0.0000 FADD_38
system/tile_prci_domain/tile_reset_domain_tile/fusion/fgra/fgra/pes_7/alu/fadd/fcmaadd    5162.8753     0.2       2.3520      0.0000       0.0000 FCMA_ADD_38
system/tile_prci_domain/tile_reset_domain_tile/fusion/fgra/fgra/pes_7/alu/fadd/fcmaadd/fadd_s1    3584.2129     0.1     683.0208      0.0000       0.0000 FCMA_ADD_s1_38
system/tile_prci_domain/tile_reset_domain_tile/fusion/fgra/fgra/pes_7/alu/fadd/fcmaadd/fadd_s1/far_path_mods_0     898.6992     0.0     390.1968      0.0000       0.0000 FarPath_38
system/tile_prci_domain/tile_reset_domain_tile/fusion/fgra/fgra/pes_7/alu/fadd/fcmaadd/fadd_s1/far_path_mods_0/shiftRightJam     508.5024     0.0     508.5024      0.0000       0.0000 ShiftRightJam_39
system/tile_prci_domain/tile_reset_domain_tile/fusion/fgra/fgra/pes_7/alu/fadd/fcmaadd/fadd_s1/near_path_mods_0     994.8960     0.0     731.4720      0.0000       0.0000 NearPath_77
system/tile_prci_domain/tile_reset_domain_tile/fusion/fgra/fgra/pes_7/alu/fadd/fcmaadd/fadd_s1/near_path_mods_0/lza_ab     158.9952     0.0     158.9952      0.0000       0.0000 LZA_78
system/tile_prci_domain/tile_reset_domain_tile/fusion/fgra/fgra/pes_7/alu/fadd/fcmaadd/fadd_s1/near_path_mods_0/lzc_clz     104.4288     0.0     104.4288      0.0000       0.0000 CLZ_79
system/tile_prci_domain/tile_reset_domain_tile/fusion/fgra/fgra/pes_7/alu/fadd/fcmaadd/fadd_s1/near_path_mods_1    1007.5968     0.0     740.4096      0.0000       0.0000 NearPath_76
system/tile_prci_domain/tile_reset_domain_tile/fusion/fgra/fgra/pes_7/alu/fadd/fcmaadd/fadd_s1/near_path_mods_1/lza_ab     162.5232     0.0     162.5232      0.0000       0.0000 LZA_77
system/tile_prci_domain/tile_reset_domain_tile/fusion/fgra/fgra/pes_7/alu/fadd/fcmaadd/fadd_s1/near_path_mods_1/lzc_clz     104.6640     0.0     104.6640      0.0000       0.0000 CLZ_78
system/tile_prci_domain/tile_reset_domain_tile/fusion/fgra/fgra/pes_7/alu/fadd/fcmaadd/fadd_s2    1576.3104     0.0    1149.6576      0.0000       0.0000 FCMA_ADD_s2_38
system/tile_prci_domain/tile_reset_domain_tile/fusion/fgra/fgra/pes_7/alu/fadd/fcmaadd/fadd_s2/far_path_rounder     229.5552     0.0     229.5552      0.0000       0.0000 RoundingUnit_219
system/tile_prci_domain/tile_reset_domain_tile/fusion/fgra/fgra/pes_7/alu/fadd/fcmaadd/fadd_s2/near_path_rounder     197.0976     0.0     197.0976      0.0000       0.0000 RoundingUnit_218
system/tile_prci_domain/tile_reset_domain_tile/fusion/fgra/fgra/pes_7/alu/fmax     278.0064     0.0     278.0064      0.0000       0.0000 FCMP_84
system/tile_prci_domain/tile_reset_domain_tile/fusion/fgra/fgra/pes_7/alu/fmin     274.2432     0.0     274.2432      0.0000       0.0000 FCMP_85
system/tile_prci_domain/tile_reset_domain_tile/fusion/fgra/fgra/pes_7/alu/fmul    2256.0384     0.1      12.7008    556.0128       0.0000 FMUL_share_28
system/tile_prci_domain/tile_reset_domain_tile/fusion/fgra/fgra/pes_7/alu/fmul/fmul_s1     397.4880     0.0     323.6352      0.0000       0.0000 FMUL_s1_28
system/tile_prci_domain/tile_reset_domain_tile/fusion/fgra/fgra/pes_7/alu/fmul/fmul_s1/lzc_clz      73.8528     0.0      73.8528      0.0000       0.0000 CLZ_2_28
system/tile_prci_domain/tile_reset_domain_tile/fusion/fgra/fgra/pes_7/alu/fmul/fmul_s2    1084.9776     0.0    1084.9776      0.0000       0.0000 FMUL_s2_28
system/tile_prci_domain/tile_reset_domain_tile/fusion/fgra/fgra/pes_7/alu/fmul/fmul_s3     204.8592     0.0     104.1936      0.0000       0.0000 FMUL_s3_28
system/tile_prci_domain/tile_reset_domain_tile/fusion/fgra/fgra/pes_7/alu/fmul/fmul_s3/rounder     100.6656     0.0     100.6656      0.0000       0.0000 RoundingUnit_278
system/tile_prci_domain/tile_reset_domain_tile/fusion/fgra/fgra/pes_7/alu/fp2si     957.7344     0.0       0.0000      0.0000       0.0000 FPToInt_28
system/tile_prci_domain/tile_reset_domain_tile/fusion/fgra/fgra/pes_7/alu/fp2si/s1     100.4304     0.0     100.4304      0.0000       0.0000 FPToInt_s1_28
system/tile_prci_domain/tile_reset_domain_tile/fusion/fgra/fgra/pes_7/alu/fp2si/s2     857.3040     0.0     590.3520      0.0000       0.0000 FPToInt_s2_28
system/tile_prci_domain/tile_reset_domain_tile/fusion/fgra/fgra/pes_7/alu/fp2si/s2/rpath_rounder      23.0496     0.0      23.0496      0.0000       0.0000 RoundingUnit_6_28
system/tile_prci_domain/tile_reset_domain_tile/fusion/fgra/fgra/pes_7/alu/fp2si/s2/shiftRightJam     243.9024     0.0     243.9024      0.0000       0.0000 ShiftRightJam_1_28
system/tile_prci_domain/tile_reset_domain_tile/fusion/fgra/fgra/pes_7/alu/logic_0     225.5568     0.0      10.3488      0.0000       0.0000 LOGIC_28
system/tile_prci_domain/tile_reset_domain_tile/fusion/fgra/fgra/pes_7/alu/logic_0/logicUnit       6.3504     0.0       6.3504      0.0000       0.0000 UnifiedCom_927
system/tile_prci_domain/tile_reset_domain_tile/fusion/fgra/fgra/pes_7/alu/logic_0/logicUnit_1       6.3504     0.0       6.3504      0.0000       0.0000 UnifiedCom_926
system/tile_prci_domain/tile_reset_domain_tile/fusion/fgra/fgra/pes_7/alu/logic_0/logicUnit_10       7.0560     0.0       7.0560      0.0000       0.0000 UnifiedCom_917
system/tile_prci_domain/tile_reset_domain_tile/fusion/fgra/fgra/pes_7/alu/logic_0/logicUnit_11       6.3504     0.0       6.3504      0.0000       0.0000 UnifiedCom_916
system/tile_prci_domain/tile_reset_domain_tile/fusion/fgra/fgra/pes_7/alu/logic_0/logicUnit_12       6.3504     0.0       6.3504      0.0000       0.0000 UnifiedCom_915
system/tile_prci_domain/tile_reset_domain_tile/fusion/fgra/fgra/pes_7/alu/logic_0/logicUnit_13       7.0560     0.0       7.0560      0.0000       0.0000 UnifiedCom_914
system/tile_prci_domain/tile_reset_domain_tile/fusion/fgra/fgra/pes_7/alu/logic_0/logicUnit_14       7.0560     0.0       7.0560      0.0000       0.0000 UnifiedCom_913
system/tile_prci_domain/tile_reset_domain_tile/fusion/fgra/fgra/pes_7/alu/logic_0/logicUnit_15       7.0560     0.0       7.0560      0.0000       0.0000 UnifiedCom_912
system/tile_prci_domain/tile_reset_domain_tile/fusion/fgra/fgra/pes_7/alu/logic_0/logicUnit_16       6.3504     0.0       6.3504      0.0000       0.0000 UnifiedCom_911
system/tile_prci_domain/tile_reset_domain_tile/fusion/fgra/fgra/pes_7/alu/logic_0/logicUnit_17       7.0560     0.0       7.0560      0.0000       0.0000 UnifiedCom_910
system/tile_prci_domain/tile_reset_domain_tile/fusion/fgra/fgra/pes_7/alu/logic_0/logicUnit_18       7.0560     0.0       7.0560      0.0000       0.0000 UnifiedCom_909
system/tile_prci_domain/tile_reset_domain_tile/fusion/fgra/fgra/pes_7/alu/logic_0/logicUnit_19       7.0560     0.0       7.0560      0.0000       0.0000 UnifiedCom_908
system/tile_prci_domain/tile_reset_domain_tile/fusion/fgra/fgra/pes_7/alu/logic_0/logicUnit_2       6.3504     0.0       6.3504      0.0000       0.0000 UnifiedCom_925
system/tile_prci_domain/tile_reset_domain_tile/fusion/fgra/fgra/pes_7/alu/logic_0/logicUnit_20       6.3504     0.0       6.3504      0.0000       0.0000 UnifiedCom_907
system/tile_prci_domain/tile_reset_domain_tile/fusion/fgra/fgra/pes_7/alu/logic_0/logicUnit_21       6.3504     0.0       6.3504      0.0000       0.0000 UnifiedCom_906
system/tile_prci_domain/tile_reset_domain_tile/fusion/fgra/fgra/pes_7/alu/logic_0/logicUnit_22       7.0560     0.0       7.0560      0.0000       0.0000 UnifiedCom_905
system/tile_prci_domain/tile_reset_domain_tile/fusion/fgra/fgra/pes_7/alu/logic_0/logicUnit_23       6.3504     0.0       6.3504      0.0000       0.0000 UnifiedCom_904
system/tile_prci_domain/tile_reset_domain_tile/fusion/fgra/fgra/pes_7/alu/logic_0/logicUnit_24       7.0560     0.0       7.0560      0.0000       0.0000 UnifiedCom_903
system/tile_prci_domain/tile_reset_domain_tile/fusion/fgra/fgra/pes_7/alu/logic_0/logicUnit_25       7.0560     0.0       7.0560      0.0000       0.0000 UnifiedCom_902
system/tile_prci_domain/tile_reset_domain_tile/fusion/fgra/fgra/pes_7/alu/logic_0/logicUnit_26       7.0560     0.0       7.0560      0.0000       0.0000 UnifiedCom_901
system/tile_prci_domain/tile_reset_domain_tile/fusion/fgra/fgra/pes_7/alu/logic_0/logicUnit_27       7.0560     0.0       7.0560      0.0000       0.0000 UnifiedCom_900
system/tile_prci_domain/tile_reset_domain_tile/fusion/fgra/fgra/pes_7/alu/logic_0/logicUnit_28       6.3504     0.0       6.3504      0.0000       0.0000 UnifiedCom_899
system/tile_prci_domain/tile_reset_domain_tile/fusion/fgra/fgra/pes_7/alu/logic_0/logicUnit_29       7.0560     0.0       7.0560      0.0000       0.0000 UnifiedCom_898
system/tile_prci_domain/tile_reset_domain_tile/fusion/fgra/fgra/pes_7/alu/logic_0/logicUnit_3       6.3504     0.0       6.3504      0.0000       0.0000 UnifiedCom_924
system/tile_prci_domain/tile_reset_domain_tile/fusion/fgra/fgra/pes_7/alu/logic_0/logicUnit_30       6.3504     0.0       6.3504      0.0000       0.0000 UnifiedCom_897
system/tile_prci_domain/tile_reset_domain_tile/fusion/fgra/fgra/pes_7/alu/logic_0/logicUnit_31       7.0560     0.0       7.0560      0.0000       0.0000 UnifiedCom_896
system/tile_prci_domain/tile_reset_domain_tile/fusion/fgra/fgra/pes_7/alu/logic_0/logicUnit_4       7.0560     0.0       7.0560      0.0000       0.0000 UnifiedCom_923
system/tile_prci_domain/tile_reset_domain_tile/fusion/fgra/fgra/pes_7/alu/logic_0/logicUnit_5       7.0560     0.0       7.0560      0.0000       0.0000 UnifiedCom_922
system/tile_prci_domain/tile_reset_domain_tile/fusion/fgra/fgra/pes_7/alu/logic_0/logicUnit_6       6.3504     0.0       6.3504      0.0000       0.0000 UnifiedCom_921
system/tile_prci_domain/tile_reset_domain_tile/fusion/fgra/fgra/pes_7/alu/logic_0/logicUnit_7       7.0560     0.0       7.0560      0.0000       0.0000 UnifiedCom_920
system/tile_prci_domain/tile_reset_domain_tile/fusion/fgra/fgra/pes_7/alu/logic_0/logicUnit_8       6.3504     0.0       6.3504      0.0000       0.0000 UnifiedCom_919
system/tile_prci_domain/tile_reset_domain_tile/fusion/fgra/fgra/pes_7/alu/logic_0/logicUnit_9       6.3504     0.0       6.3504      0.0000       0.0000 UnifiedCom_918
system/tile_prci_domain/tile_reset_domain_tile/fusion/fgra/fgra/pes_7/alu/multipler    5612.3425     0.2    5612.3425      0.0000       0.0000 Mul_28
system/tile_prci_domain/tile_reset_domain_tile/fusion/fgra/fgra/pes_7/alu/shift     689.8416     0.0     689.8416      0.0000       0.0000 SHIFT_28
system/tile_prci_domain/tile_reset_domain_tile/fusion/fgra/fgra/pes_7/alu/si2fp    1040.0544     0.0       0.0000      0.0000       0.0000 IntToFP_28
system/tile_prci_domain/tile_reset_domain_tile/fusion/fgra/fgra/pes_7/alu/si2fp/post_norm      47.2752     0.0      25.6368      0.0000       0.0000 IntToFP_postnorm_28
system/tile_prci_domain/tile_reset_domain_tile/fusion/fgra/fgra/pes_7/alu/si2fp/post_norm/rounder      21.6384     0.0      21.6384      0.0000       0.0000 RoundingUnit_277
system/tile_prci_domain/tile_reset_domain_tile/fusion/fgra/fgra/pes_7/alu/si2fp/pre_norm     992.7792     0.0     724.1808      0.0000       0.0000 IntToFP_prenorm_28
system/tile_prci_domain/tile_reset_domain_tile/fusion/fgra/fgra/pes_7/alu/si2fp/pre_norm/lza      75.7344     0.0      75.7344      0.0000       0.0000 LZA_2_28
system/tile_prci_domain/tile_reset_domain_tile/fusion/fgra/fgra/pes_7/alu/si2fp/pre_norm/neg_lzc_clz      94.3152     0.0      94.3152      0.0000       0.0000 CLZ_3_56
system/tile_prci_domain/tile_reset_domain_tile/fusion/fgra/fgra/pes_7/alu/si2fp/pre_norm/pos_lzc_clz      98.5488     0.0      98.5488      0.0000       0.0000 CLZ_3_57
system/tile_prci_domain/tile_reset_domain_tile/fusion/fgra/fgra/pes_7/cfg    1346.0496     0.0     459.8160    886.2336       0.0000 ConfigMem_24_4
system/tile_prci_domain/tile_reset_domain_tile/fusion/fgra/fgra/pes_7/delayPipeCG    6912.2929     0.2    3986.6401   2925.6528       0.0000 SharedDelayPipe_24_18
system/tile_prci_domain/tile_reset_domain_tile/fusion/fgra/fgra/pes_7/delayPipeFG     611.7552     0.0     447.1152    164.6400       0.0000 SharedDelayPipe_43_10
system/tile_prci_domain/tile_reset_domain_tile/fusion/fgra/fgra/pes_7/dmr    1304.4192     0.0       0.0000      0.0000       0.0000 DualModeReg_6_4
system/tile_prci_domain/tile_reset_domain_tile/fusion/fgra/fgra/pes_7/dmr/acr    1304.4192     0.0     775.2192    529.2000       0.0000 CtrlReg_4
system/tile_prci_domain/tile_reset_domain_tile/fusion/fgra/fgra/pes_7/lut       5.8800     0.0       5.8800      0.0000       0.0000 LUT_10
system/tile_prci_domain/tile_reset_domain_tile/fusion/fgra/fgra/pes_7/rf4alu       8.7024     0.0       3.9984      4.7040       0.0000 RF_29
system/tile_prci_domain/tile_reset_domain_tile/fusion/fgra/fgra/pes_7/rf4lut       8.4672     0.0       3.7632      4.7040       0.0000 RF_28
system/tile_prci_domain/tile_reset_domain_tile/fusion/fgra/fgra/pes_8   28770.3699     0.9     292.8240      0.0000       0.0000 GPE_8
system/tile_prci_domain/tile_reset_domain_tile/fusion/fgra/fgra/pes_8/Muxn     268.1280     0.0     268.1280      0.0000       0.0000 Muxn_36_135
system/tile_prci_domain/tile_reset_domain_tile/fusion/fgra/fgra/pes_8/Muxn_1     262.9536     0.0     262.9536      0.0000       0.0000 Muxn_36_134
system/tile_prci_domain/tile_reset_domain_tile/fusion/fgra/fgra/pes_8/Muxn_2      10.1136     0.0      10.1136      0.0000       0.0000 Muxn_110_49
system/tile_prci_domain/tile_reset_domain_tile/fusion/fgra/fgra/pes_8/Muxn_3      10.1136     0.0      10.1136      0.0000       0.0000 Muxn_110_48
system/tile_prci_domain/tile_reset_domain_tile/fusion/fgra/fgra/pes_8/Muxn_4      10.1136     0.0      10.1136      0.0000       0.0000 Muxn_110_47
system/tile_prci_domain/tile_reset_domain_tile/fusion/fgra/fgra/pes_8/alu   17738.0786     0.5     715.7136      0.0000       0.0000 ALU_6_3
system/tile_prci_domain/tile_reset_domain_tile/fusion/fgra/fgra/pes_8/alu/arith     424.7712     0.0     424.7712      0.0000       0.0000 ARITH_27
system/tile_prci_domain/tile_reset_domain_tile/fusion/fgra/fgra/pes_8/alu/fadd    5224.9681     0.2       0.0000      0.0000       0.0000 FADD_37
system/tile_prci_domain/tile_reset_domain_tile/fusion/fgra/fgra/pes_8/alu/fadd/fcmaadd    5224.9681     0.2       2.3520      0.0000       0.0000 FCMA_ADD_37
system/tile_prci_domain/tile_reset_domain_tile/fusion/fgra/fgra/pes_8/alu/fadd/fcmaadd/fadd_s1    3536.7025     0.1     667.0272      0.0000       0.0000 FCMA_ADD_s1_37
system/tile_prci_domain/tile_reset_domain_tile/fusion/fgra/fgra/pes_8/alu/fadd/fcmaadd/fadd_s1/far_path_mods_0     896.5824     0.0     379.3776      0.0000       0.0000 FarPath_37
system/tile_prci_domain/tile_reset_domain_tile/fusion/fgra/fgra/pes_8/alu/fadd/fcmaadd/fadd_s1/far_path_mods_0/shiftRightJam     517.2048     0.0     517.2048      0.0000       0.0000 ShiftRightJam_38
system/tile_prci_domain/tile_reset_domain_tile/fusion/fgra/fgra/pes_8/alu/fadd/fcmaadd/fadd_s1/near_path_mods_0     989.2512     0.0     734.0592      0.0000       0.0000 NearPath_75
system/tile_prci_domain/tile_reset_domain_tile/fusion/fgra/fgra/pes_8/alu/fadd/fcmaadd/fadd_s1/near_path_mods_0/lza_ab     153.3504     0.0     153.3504      0.0000       0.0000 LZA_76
system/tile_prci_domain/tile_reset_domain_tile/fusion/fgra/fgra/pes_8/alu/fadd/fcmaadd/fadd_s1/near_path_mods_0/lzc_clz     101.8416     0.0     101.8416      0.0000       0.0000 CLZ_77
system/tile_prci_domain/tile_reset_domain_tile/fusion/fgra/fgra/pes_8/alu/fadd/fcmaadd/fadd_s1/near_path_mods_1     983.8416     0.0     733.5888      0.0000       0.0000 NearPath_74
system/tile_prci_domain/tile_reset_domain_tile/fusion/fgra/fgra/pes_8/alu/fadd/fcmaadd/fadd_s1/near_path_mods_1/lza_ab     153.3504     0.0     153.3504      0.0000       0.0000 LZA_75
system/tile_prci_domain/tile_reset_domain_tile/fusion/fgra/fgra/pes_8/alu/fadd/fcmaadd/fadd_s1/near_path_mods_1/lzc_clz      96.9024     0.0      96.9024      0.0000       0.0000 CLZ_76
system/tile_prci_domain/tile_reset_domain_tile/fusion/fgra/fgra/pes_8/alu/fadd/fcmaadd/fadd_s2    1685.9136     0.1    1232.2128      0.0000       0.0000 FCMA_ADD_s2_37
system/tile_prci_domain/tile_reset_domain_tile/fusion/fgra/fgra/pes_8/alu/fadd/fcmaadd/fadd_s2/far_path_rounder     255.6624     0.0     255.6624      0.0000       0.0000 RoundingUnit_216
system/tile_prci_domain/tile_reset_domain_tile/fusion/fgra/fgra/pes_8/alu/fadd/fcmaadd/fadd_s2/near_path_rounder     198.0384     0.0     198.0384      0.0000       0.0000 RoundingUnit_215
system/tile_prci_domain/tile_reset_domain_tile/fusion/fgra/fgra/pes_8/alu/fmax     277.5360     0.0     277.5360      0.0000       0.0000 FCMP_81
system/tile_prci_domain/tile_reset_domain_tile/fusion/fgra/fgra/pes_8/alu/fmin     272.1264     0.0     272.1264      0.0000       0.0000 FCMP_82
system/tile_prci_domain/tile_reset_domain_tile/fusion/fgra/fgra/pes_8/alu/fmul    2284.2624     0.1      13.1712    556.0128       0.0000 FMUL_share_27
system/tile_prci_domain/tile_reset_domain_tile/fusion/fgra/fgra/pes_8/alu/fmul/fmul_s1     408.7776     0.0     335.1600      0.0000       0.0000 FMUL_s1_27
system/tile_prci_domain/tile_reset_domain_tile/fusion/fgra/fgra/pes_8/alu/fmul/fmul_s1/lzc_clz      73.6176     0.0      73.6176      0.0000       0.0000 CLZ_2_27
system/tile_prci_domain/tile_reset_domain_tile/fusion/fgra/fgra/pes_8/alu/fmul/fmul_s2    1101.4416     0.0    1101.4416      0.0000       0.0000 FMUL_s2_27
system/tile_prci_domain/tile_reset_domain_tile/fusion/fgra/fgra/pes_8/alu/fmul/fmul_s3     204.8592     0.0     104.1936      0.0000       0.0000 FMUL_s3_27
system/tile_prci_domain/tile_reset_domain_tile/fusion/fgra/fgra/pes_8/alu/fmul/fmul_s3/rounder     100.6656     0.0     100.6656      0.0000       0.0000 RoundingUnit_276
system/tile_prci_domain/tile_reset_domain_tile/fusion/fgra/fgra/pes_8/alu/fp2si     954.2064     0.0       0.0000      0.0000       0.0000 FPToInt_27
system/tile_prci_domain/tile_reset_domain_tile/fusion/fgra/fgra/pes_8/alu/fp2si/s1     103.0176     0.0     103.0176      0.0000       0.0000 FPToInt_s1_27
system/tile_prci_domain/tile_reset_domain_tile/fusion/fgra/fgra/pes_8/alu/fp2si/s2     851.1888     0.0     583.7664      0.0000       0.0000 FPToInt_s2_27
system/tile_prci_domain/tile_reset_domain_tile/fusion/fgra/fgra/pes_8/alu/fp2si/s2/rpath_rounder      22.5792     0.0      22.5792      0.0000       0.0000 RoundingUnit_6_27
system/tile_prci_domain/tile_reset_domain_tile/fusion/fgra/fgra/pes_8/alu/fp2si/s2/shiftRightJam     244.8432     0.0     244.8432      0.0000       0.0000 ShiftRightJam_1_27
system/tile_prci_domain/tile_reset_domain_tile/fusion/fgra/fgra/pes_8/alu/logic_0     226.7328     0.0       9.4080      0.0000       0.0000 LOGIC_27
system/tile_prci_domain/tile_reset_domain_tile/fusion/fgra/fgra/pes_8/alu/logic_0/logicUnit       6.3504     0.0       6.3504      0.0000       0.0000 UnifiedCom_895
system/tile_prci_domain/tile_reset_domain_tile/fusion/fgra/fgra/pes_8/alu/logic_0/logicUnit_1       6.3504     0.0       6.3504      0.0000       0.0000 UnifiedCom_894
system/tile_prci_domain/tile_reset_domain_tile/fusion/fgra/fgra/pes_8/alu/logic_0/logicUnit_10       7.0560     0.0       7.0560      0.0000       0.0000 UnifiedCom_885
system/tile_prci_domain/tile_reset_domain_tile/fusion/fgra/fgra/pes_8/alu/logic_0/logicUnit_11       7.0560     0.0       7.0560      0.0000       0.0000 UnifiedCom_884
system/tile_prci_domain/tile_reset_domain_tile/fusion/fgra/fgra/pes_8/alu/logic_0/logicUnit_12       7.0560     0.0       7.0560      0.0000       0.0000 UnifiedCom_883
system/tile_prci_domain/tile_reset_domain_tile/fusion/fgra/fgra/pes_8/alu/logic_0/logicUnit_13       7.0560     0.0       7.0560      0.0000       0.0000 UnifiedCom_882
system/tile_prci_domain/tile_reset_domain_tile/fusion/fgra/fgra/pes_8/alu/logic_0/logicUnit_14       7.0560     0.0       7.0560      0.0000       0.0000 UnifiedCom_881
system/tile_prci_domain/tile_reset_domain_tile/fusion/fgra/fgra/pes_8/alu/logic_0/logicUnit_15       6.3504     0.0       6.3504      0.0000       0.0000 UnifiedCom_880
system/tile_prci_domain/tile_reset_domain_tile/fusion/fgra/fgra/pes_8/alu/logic_0/logicUnit_16       7.0560     0.0       7.0560      0.0000       0.0000 UnifiedCom_879
system/tile_prci_domain/tile_reset_domain_tile/fusion/fgra/fgra/pes_8/alu/logic_0/logicUnit_17       7.0560     0.0       7.0560      0.0000       0.0000 UnifiedCom_878
system/tile_prci_domain/tile_reset_domain_tile/fusion/fgra/fgra/pes_8/alu/logic_0/logicUnit_18       7.0560     0.0       7.0560      0.0000       0.0000 UnifiedCom_877
system/tile_prci_domain/tile_reset_domain_tile/fusion/fgra/fgra/pes_8/alu/logic_0/logicUnit_19       6.3504     0.0       6.3504      0.0000       0.0000 UnifiedCom_876
system/tile_prci_domain/tile_reset_domain_tile/fusion/fgra/fgra/pes_8/alu/logic_0/logicUnit_2       7.0560     0.0       7.0560      0.0000       0.0000 UnifiedCom_893
system/tile_prci_domain/tile_reset_domain_tile/fusion/fgra/fgra/pes_8/alu/logic_0/logicUnit_20       7.0560     0.0       7.0560      0.0000       0.0000 UnifiedCom_875
system/tile_prci_domain/tile_reset_domain_tile/fusion/fgra/fgra/pes_8/alu/logic_0/logicUnit_21       6.3504     0.0       6.3504      0.0000       0.0000 UnifiedCom_874
system/tile_prci_domain/tile_reset_domain_tile/fusion/fgra/fgra/pes_8/alu/logic_0/logicUnit_22       6.3504     0.0       6.3504      0.0000       0.0000 UnifiedCom_873
system/tile_prci_domain/tile_reset_domain_tile/fusion/fgra/fgra/pes_8/alu/logic_0/logicUnit_23       6.3504     0.0       6.3504      0.0000       0.0000 UnifiedCom_872
system/tile_prci_domain/tile_reset_domain_tile/fusion/fgra/fgra/pes_8/alu/logic_0/logicUnit_24       7.0560     0.0       7.0560      0.0000       0.0000 UnifiedCom_871
system/tile_prci_domain/tile_reset_domain_tile/fusion/fgra/fgra/pes_8/alu/logic_0/logicUnit_25       7.0560     0.0       7.0560      0.0000       0.0000 UnifiedCom_870
system/tile_prci_domain/tile_reset_domain_tile/fusion/fgra/fgra/pes_8/alu/logic_0/logicUnit_26       7.0560     0.0       7.0560      0.0000       0.0000 UnifiedCom_869
system/tile_prci_domain/tile_reset_domain_tile/fusion/fgra/fgra/pes_8/alu/logic_0/logicUnit_27       7.0560     0.0       7.0560      0.0000       0.0000 UnifiedCom_868
system/tile_prci_domain/tile_reset_domain_tile/fusion/fgra/fgra/pes_8/alu/logic_0/logicUnit_28       6.3504     0.0       6.3504      0.0000       0.0000 UnifiedCom_867
system/tile_prci_domain/tile_reset_domain_tile/fusion/fgra/fgra/pes_8/alu/logic_0/logicUnit_29       7.0560     0.0       7.0560      0.0000       0.0000 UnifiedCom_866
system/tile_prci_domain/tile_reset_domain_tile/fusion/fgra/fgra/pes_8/alu/logic_0/logicUnit_3       7.0560     0.0       7.0560      0.0000       0.0000 UnifiedCom_892
system/tile_prci_domain/tile_reset_domain_tile/fusion/fgra/fgra/pes_8/alu/logic_0/logicUnit_30       6.3504     0.0       6.3504      0.0000       0.0000 UnifiedCom_865
system/tile_prci_domain/tile_reset_domain_tile/fusion/fgra/fgra/pes_8/alu/logic_0/logicUnit_31       7.0560     0.0       7.0560      0.0000       0.0000 UnifiedCom_864
system/tile_prci_domain/tile_reset_domain_tile/fusion/fgra/fgra/pes_8/alu/logic_0/logicUnit_4       6.3504     0.0       6.3504      0.0000       0.0000 UnifiedCom_891
system/tile_prci_domain/tile_reset_domain_tile/fusion/fgra/fgra/pes_8/alu/logic_0/logicUnit_5       7.0560     0.0       7.0560      0.0000       0.0000 UnifiedCom_890
system/tile_prci_domain/tile_reset_domain_tile/fusion/fgra/fgra/pes_8/alu/logic_0/logicUnit_6       7.0560     0.0       7.0560      0.0000       0.0000 UnifiedCom_889
system/tile_prci_domain/tile_reset_domain_tile/fusion/fgra/fgra/pes_8/alu/logic_0/logicUnit_7       7.0560     0.0       7.0560      0.0000       0.0000 UnifiedCom_888
system/tile_prci_domain/tile_reset_domain_tile/fusion/fgra/fgra/pes_8/alu/logic_0/logicUnit_8       6.3504     0.0       6.3504      0.0000       0.0000 UnifiedCom_887
system/tile_prci_domain/tile_reset_domain_tile/fusion/fgra/fgra/pes_8/alu/logic_0/logicUnit_9       6.3504     0.0       6.3504      0.0000       0.0000 UnifiedCom_886
system/tile_prci_domain/tile_reset_domain_tile/fusion/fgra/fgra/pes_8/alu/multipler    5633.5105     0.2    5633.5105      0.0000       0.0000 Mul_27
system/tile_prci_domain/tile_reset_domain_tile/fusion/fgra/fgra/pes_8/alu/shift     690.0768     0.0     690.0768      0.0000       0.0000 SHIFT_27
system/tile_prci_domain/tile_reset_domain_tile/fusion/fgra/fgra/pes_8/alu/si2fp    1034.1744     0.0       0.0000      0.0000       0.0000 IntToFP_27
system/tile_prci_domain/tile_reset_domain_tile/fusion/fgra/fgra/pes_8/alu/si2fp/post_norm      47.2752     0.0      25.1664      0.0000       0.0000 IntToFP_postnorm_27
system/tile_prci_domain/tile_reset_domain_tile/fusion/fgra/fgra/pes_8/alu/si2fp/post_norm/rounder      22.1088     0.0      22.1088      0.0000       0.0000 RoundingUnit_275
system/tile_prci_domain/tile_reset_domain_tile/fusion/fgra/fgra/pes_8/alu/si2fp/pre_norm     986.8992     0.0     715.4784      0.0000       0.0000 IntToFP_prenorm_27
system/tile_prci_domain/tile_reset_domain_tile/fusion/fgra/fgra/pes_8/alu/si2fp/pre_norm/lza      76.9104     0.0      76.9104      0.0000       0.0000 LZA_2_27
system/tile_prci_domain/tile_reset_domain_tile/fusion/fgra/fgra/pes_8/alu/si2fp/pre_norm/neg_lzc_clz      95.7264     0.0      95.7264      0.0000       0.0000 CLZ_3_54
system/tile_prci_domain/tile_reset_domain_tile/fusion/fgra/fgra/pes_8/alu/si2fp/pre_norm/pos_lzc_clz      98.7840     0.0      98.7840      0.0000       0.0000 CLZ_3_55
system/tile_prci_domain/tile_reset_domain_tile/fusion/fgra/fgra/pes_8/cfg    1315.9440     0.0     459.8160    856.1280       0.0000 ConfigMem_24_3
system/tile_prci_domain/tile_reset_domain_tile/fusion/fgra/fgra/pes_8/delayPipeCG    6908.2945     0.2    4012.2769   2896.0176       0.0000 SharedDelayPipe_24_17
system/tile_prci_domain/tile_reset_domain_tile/fusion/fgra/fgra/pes_8/delayPipeFG     611.7552     0.0     447.1152    164.6400       0.0000 SharedDelayPipe_43_9
system/tile_prci_domain/tile_reset_domain_tile/fusion/fgra/fgra/pes_8/dmr    1319.0016     0.0       0.0000      0.0000       0.0000 DualModeReg_6_3
system/tile_prci_domain/tile_reset_domain_tile/fusion/fgra/fgra/pes_8/dmr/acr    1319.0016     0.0     788.3904    530.6112       0.0000 CtrlReg_3
system/tile_prci_domain/tile_reset_domain_tile/fusion/fgra/fgra/pes_8/lut       5.8800     0.0       5.8800      0.0000       0.0000 LUT_9
system/tile_prci_domain/tile_reset_domain_tile/fusion/fgra/fgra/pes_8/rf4alu       8.2320     0.0       3.5280      4.7040       0.0000 RF_27
system/tile_prci_domain/tile_reset_domain_tile/fusion/fgra/fgra/pes_8/rf4lut       8.9376     0.0       4.2336      4.7040       0.0000 RF_26
system/tile_prci_domain/tile_reset_domain_tile/fusion/fgra/fgra/pes_9   28540.8147     0.8     267.6576      0.0000       0.0000 GPE_9
system/tile_prci_domain/tile_reset_domain_tile/fusion/fgra/fgra/pes_9/Muxn     253.3104     0.0     253.3104      0.0000       0.0000 Muxn_36_133
system/tile_prci_domain/tile_reset_domain_tile/fusion/fgra/fgra/pes_9/Muxn_1     248.3712     0.0     248.3712      0.0000       0.0000 Muxn_36_132
system/tile_prci_domain/tile_reset_domain_tile/fusion/fgra/fgra/pes_9/Muxn_2      10.1136     0.0      10.1136      0.0000       0.0000 Muxn_110_46
system/tile_prci_domain/tile_reset_domain_tile/fusion/fgra/fgra/pes_9/Muxn_3      10.1136     0.0      10.1136      0.0000       0.0000 Muxn_110_45
system/tile_prci_domain/tile_reset_domain_tile/fusion/fgra/fgra/pes_9/Muxn_4      10.1136     0.0      10.1136      0.0000       0.0000 Muxn_110_44
system/tile_prci_domain/tile_reset_domain_tile/fusion/fgra/fgra/pes_9/alu   17616.7154     0.5     707.0112      0.0000       0.0000 ALU_6_2
system/tile_prci_domain/tile_reset_domain_tile/fusion/fgra/fgra/pes_9/alu/arith     426.1824     0.0     426.1824      0.0000       0.0000 ARITH_26
system/tile_prci_domain/tile_reset_domain_tile/fusion/fgra/fgra/pes_9/alu/fadd    5089.7281     0.2       0.0000      0.0000       0.0000 FADD_36
system/tile_prci_domain/tile_reset_domain_tile/fusion/fgra/fgra/pes_9/alu/fadd/fcmaadd    5089.7281     0.2       2.3520      0.0000       0.0000 FCMA_ADD_36
system/tile_prci_domain/tile_reset_domain_tile/fusion/fgra/fgra/pes_9/alu/fadd/fcmaadd/fadd_s1    3507.0673     0.1     665.3808      0.0000       0.0000 FCMA_ADD_s1_36
system/tile_prci_domain/tile_reset_domain_tile/fusion/fgra/fgra/pes_9/alu/fadd/fcmaadd/fadd_s1/far_path_mods_0     894.4656     0.0     409.9536      0.0000       0.0000 FarPath_36
system/tile_prci_domain/tile_reset_domain_tile/fusion/fgra/fgra/pes_9/alu/fadd/fcmaadd/fadd_s1/far_path_mods_0/shiftRightJam     484.5120     0.0     484.5120      0.0000       0.0000 ShiftRightJam_37
system/tile_prci_domain/tile_reset_domain_tile/fusion/fgra/fgra/pes_9/alu/fadd/fcmaadd/fadd_s1/near_path_mods_0     983.3712     0.0     742.5264      0.0000       0.0000 NearPath_73
system/tile_prci_domain/tile_reset_domain_tile/fusion/fgra/fgra/pes_9/alu/fadd/fcmaadd/fadd_s1/near_path_mods_0/lza_ab     147.4704     0.0     147.4704      0.0000       0.0000 LZA_74
system/tile_prci_domain/tile_reset_domain_tile/fusion/fgra/fgra/pes_9/alu/fadd/fcmaadd/fadd_s1/near_path_mods_0/lzc_clz      93.3744     0.0      93.3744      0.0000       0.0000 CLZ_75
system/tile_prci_domain/tile_reset_domain_tile/fusion/fgra/fgra/pes_9/alu/fadd/fcmaadd/fadd_s1/near_path_mods_1     963.8496     0.0     730.5312      0.0000       0.0000 NearPath_72
system/tile_prci_domain/tile_reset_domain_tile/fusion/fgra/fgra/pes_9/alu/fadd/fcmaadd/fadd_s1/near_path_mods_1/lza_ab     140.6496     0.0     140.6496      0.0000       0.0000 LZA_73
system/tile_prci_domain/tile_reset_domain_tile/fusion/fgra/fgra/pes_9/alu/fadd/fcmaadd/fadd_s1/near_path_mods_1/lzc_clz      92.6688     0.0      92.6688      0.0000       0.0000 CLZ_74
system/tile_prci_domain/tile_reset_domain_tile/fusion/fgra/fgra/pes_9/alu/fadd/fcmaadd/fadd_s2    1580.3088     0.0    1161.4176      0.0000       0.0000 FCMA_ADD_s2_36
system/tile_prci_domain/tile_reset_domain_tile/fusion/fgra/fgra/pes_9/alu/fadd/fcmaadd/fadd_s2/far_path_rounder     222.9696     0.0     222.9696      0.0000       0.0000 RoundingUnit_213
system/tile_prci_domain/tile_reset_domain_tile/fusion/fgra/fgra/pes_9/alu/fadd/fcmaadd/fadd_s2/near_path_rounder     195.9216     0.0     195.9216      0.0000       0.0000 RoundingUnit_212
system/tile_prci_domain/tile_reset_domain_tile/fusion/fgra/fgra/pes_9/alu/fmax     278.0064     0.0     278.0064      0.0000       0.0000 FCMP_78
system/tile_prci_domain/tile_reset_domain_tile/fusion/fgra/fgra/pes_9/alu/fmin     273.3024     0.0     273.3024      0.0000       0.0000 FCMP_79
system/tile_prci_domain/tile_reset_domain_tile/fusion/fgra/fgra/pes_9/alu/fmul    2266.8576     0.1      10.5840    556.0128       0.0000 FMUL_share_26
system/tile_prci_domain/tile_reset_domain_tile/fusion/fgra/fgra/pes_9/alu/fmul/fmul_s1     410.6592     0.0     337.7472      0.0000       0.0000 FMUL_s1_26
system/tile_prci_domain/tile_reset_domain_tile/fusion/fgra/fgra/pes_9/alu/fmul/fmul_s1/lzc_clz      72.9120     0.0      72.9120      0.0000       0.0000 CLZ_2_26
system/tile_prci_domain/tile_reset_domain_tile/fusion/fgra/fgra/pes_9/alu/fmul/fmul_s2    1084.7424     0.0    1084.7424      0.0000       0.0000 FMUL_s2_26
system/tile_prci_domain/tile_reset_domain_tile/fusion/fgra/fgra/pes_9/alu/fmul/fmul_s3     204.8592     0.0     104.1936      0.0000       0.0000 FMUL_s3_26
system/tile_prci_domain/tile_reset_domain_tile/fusion/fgra/fgra/pes_9/alu/fmul/fmul_s3/rounder     100.6656     0.0     100.6656      0.0000       0.0000 RoundingUnit_274
system/tile_prci_domain/tile_reset_domain_tile/fusion/fgra/fgra/pes_9/alu/fp2si     958.6752     0.0       0.0000      0.0000       0.0000 FPToInt_26
system/tile_prci_domain/tile_reset_domain_tile/fusion/fgra/fgra/pes_9/alu/fp2si/s1     103.9584     0.0     103.9584      0.0000       0.0000 FPToInt_s1_26
system/tile_prci_domain/tile_reset_domain_tile/fusion/fgra/fgra/pes_9/alu/fp2si/s2     854.7168     0.0     588.7056      0.0000       0.0000 FPToInt_s2_26
system/tile_prci_domain/tile_reset_domain_tile/fusion/fgra/fgra/pes_9/alu/fp2si/s2/rpath_rounder      22.5792     0.0      22.5792      0.0000       0.0000 RoundingUnit_6_26
system/tile_prci_domain/tile_reset_domain_tile/fusion/fgra/fgra/pes_9/alu/fp2si/s2/shiftRightJam     243.4320     0.0     243.4320      0.0000       0.0000 ShiftRightJam_1_26
system/tile_prci_domain/tile_reset_domain_tile/fusion/fgra/fgra/pes_9/alu/logic_0     226.4976     0.0      11.2896      0.0000       0.0000 LOGIC_26
system/tile_prci_domain/tile_reset_domain_tile/fusion/fgra/fgra/pes_9/alu/logic_0/logicUnit       6.3504     0.0       6.3504      0.0000       0.0000 UnifiedCom_863
system/tile_prci_domain/tile_reset_domain_tile/fusion/fgra/fgra/pes_9/alu/logic_0/logicUnit_1       6.3504     0.0       6.3504      0.0000       0.0000 UnifiedCom_862
system/tile_prci_domain/tile_reset_domain_tile/fusion/fgra/fgra/pes_9/alu/logic_0/logicUnit_10       6.3504     0.0       6.3504      0.0000       0.0000 UnifiedCom_853
system/tile_prci_domain/tile_reset_domain_tile/fusion/fgra/fgra/pes_9/alu/logic_0/logicUnit_11       6.3504     0.0       6.3504      0.0000       0.0000 UnifiedCom_852
system/tile_prci_domain/tile_reset_domain_tile/fusion/fgra/fgra/pes_9/alu/logic_0/logicUnit_12       6.3504     0.0       6.3504      0.0000       0.0000 UnifiedCom_851
system/tile_prci_domain/tile_reset_domain_tile/fusion/fgra/fgra/pes_9/alu/logic_0/logicUnit_13       7.0560     0.0       7.0560      0.0000       0.0000 UnifiedCom_850
system/tile_prci_domain/tile_reset_domain_tile/fusion/fgra/fgra/pes_9/alu/logic_0/logicUnit_14       7.0560     0.0       7.0560      0.0000       0.0000 UnifiedCom_849
system/tile_prci_domain/tile_reset_domain_tile/fusion/fgra/fgra/pes_9/alu/logic_0/logicUnit_15       7.0560     0.0       7.0560      0.0000       0.0000 UnifiedCom_848
system/tile_prci_domain/tile_reset_domain_tile/fusion/fgra/fgra/pes_9/alu/logic_0/logicUnit_16       7.0560     0.0       7.0560      0.0000       0.0000 UnifiedCom_847
system/tile_prci_domain/tile_reset_domain_tile/fusion/fgra/fgra/pes_9/alu/logic_0/logicUnit_17       7.0560     0.0       7.0560      0.0000       0.0000 UnifiedCom_846
system/tile_prci_domain/tile_reset_domain_tile/fusion/fgra/fgra/pes_9/alu/logic_0/logicUnit_18       6.3504     0.0       6.3504      0.0000       0.0000 UnifiedCom_845
system/tile_prci_domain/tile_reset_domain_tile/fusion/fgra/fgra/pes_9/alu/logic_0/logicUnit_19       7.0560     0.0       7.0560      0.0000       0.0000 UnifiedCom_844
system/tile_prci_domain/tile_reset_domain_tile/fusion/fgra/fgra/pes_9/alu/logic_0/logicUnit_2       6.3504     0.0       6.3504      0.0000       0.0000 UnifiedCom_861
system/tile_prci_domain/tile_reset_domain_tile/fusion/fgra/fgra/pes_9/alu/logic_0/logicUnit_20       7.0560     0.0       7.0560      0.0000       0.0000 UnifiedCom_843
system/tile_prci_domain/tile_reset_domain_tile/fusion/fgra/fgra/pes_9/alu/logic_0/logicUnit_21       7.0560     0.0       7.0560      0.0000       0.0000 UnifiedCom_842
system/tile_prci_domain/tile_reset_domain_tile/fusion/fgra/fgra/pes_9/alu/logic_0/logicUnit_22       6.3504     0.0       6.3504      0.0000       0.0000 UnifiedCom_841
system/tile_prci_domain/tile_reset_domain_tile/fusion/fgra/fgra/pes_9/alu/logic_0/logicUnit_23       7.0560     0.0       7.0560      0.0000       0.0000 UnifiedCom_840
system/tile_prci_domain/tile_reset_domain_tile/fusion/fgra/fgra/pes_9/alu/logic_0/logicUnit_24       7.0560     0.0       7.0560      0.0000       0.0000 UnifiedCom_839
system/tile_prci_domain/tile_reset_domain_tile/fusion/fgra/fgra/pes_9/alu/logic_0/logicUnit_25       7.0560     0.0       7.0560      0.0000       0.0000 UnifiedCom_838
system/tile_prci_domain/tile_reset_domain_tile/fusion/fgra/fgra/pes_9/alu/logic_0/logicUnit_26       6.3504     0.0       6.3504      0.0000       0.0000 UnifiedCom_837
system/tile_prci_domain/tile_reset_domain_tile/fusion/fgra/fgra/pes_9/alu/logic_0/logicUnit_27       7.0560     0.0       7.0560      0.0000       0.0000 UnifiedCom_836
system/tile_prci_domain/tile_reset_domain_tile/fusion/fgra/fgra/pes_9/alu/logic_0/logicUnit_28       6.3504     0.0       6.3504      0.0000       0.0000 UnifiedCom_835
system/tile_prci_domain/tile_reset_domain_tile/fusion/fgra/fgra/pes_9/alu/logic_0/logicUnit_29       7.0560     0.0       7.0560      0.0000       0.0000 UnifiedCom_834
system/tile_prci_domain/tile_reset_domain_tile/fusion/fgra/fgra/pes_9/alu/logic_0/logicUnit_3       6.3504     0.0       6.3504      0.0000       0.0000 UnifiedCom_860
system/tile_prci_domain/tile_reset_domain_tile/fusion/fgra/fgra/pes_9/alu/logic_0/logicUnit_30       7.0560     0.0       7.0560      0.0000       0.0000 UnifiedCom_833
system/tile_prci_domain/tile_reset_domain_tile/fusion/fgra/fgra/pes_9/alu/logic_0/logicUnit_31       7.0560     0.0       7.0560      0.0000       0.0000 UnifiedCom_832
system/tile_prci_domain/tile_reset_domain_tile/fusion/fgra/fgra/pes_9/alu/logic_0/logicUnit_4       7.0560     0.0       7.0560      0.0000       0.0000 UnifiedCom_859
system/tile_prci_domain/tile_reset_domain_tile/fusion/fgra/fgra/pes_9/alu/logic_0/logicUnit_5       6.3504     0.0       6.3504      0.0000       0.0000 UnifiedCom_858
system/tile_prci_domain/tile_reset_domain_tile/fusion/fgra/fgra/pes_9/alu/logic_0/logicUnit_6       7.0560     0.0       7.0560      0.0000       0.0000 UnifiedCom_857
system/tile_prci_domain/tile_reset_domain_tile/fusion/fgra/fgra/pes_9/alu/logic_0/logicUnit_7       6.3504     0.0       6.3504      0.0000       0.0000 UnifiedCom_856
system/tile_prci_domain/tile_reset_domain_tile/fusion/fgra/fgra/pes_9/alu/logic_0/logicUnit_8       6.3504     0.0       6.3504      0.0000       0.0000 UnifiedCom_855
system/tile_prci_domain/tile_reset_domain_tile/fusion/fgra/fgra/pes_9/alu/logic_0/logicUnit_9       6.3504     0.0       6.3504      0.0000       0.0000 UnifiedCom_854
system/tile_prci_domain/tile_reset_domain_tile/fusion/fgra/fgra/pes_9/alu/multipler    5649.9745     0.2    5649.9745      0.0000       0.0000 Mul_26
system/tile_prci_domain/tile_reset_domain_tile/fusion/fgra/fgra/pes_9/alu/shift     688.6656     0.0     688.6656      0.0000       0.0000 SHIFT_26
system/tile_prci_domain/tile_reset_domain_tile/fusion/fgra/fgra/pes_9/alu/si2fp    1051.8144     0.0       0.0000      0.0000       0.0000 IntToFP_26
system/tile_prci_domain/tile_reset_domain_tile/fusion/fgra/fgra/pes_9/alu/si2fp/post_norm      47.5104     0.0      25.8720      0.0000       0.0000 IntToFP_postnorm_26
system/tile_prci_domain/tile_reset_domain_tile/fusion/fgra/fgra/pes_9/alu/si2fp/post_norm/rounder      21.6384     0.0      21.6384      0.0000       0.0000 RoundingUnit_273
system/tile_prci_domain/tile_reset_domain_tile/fusion/fgra/fgra/pes_9/alu/si2fp/pre_norm    1004.3040     0.0     728.8848      0.0000       0.0000 IntToFP_prenorm_26
system/tile_prci_domain/tile_reset_domain_tile/fusion/fgra/fgra/pes_9/alu/si2fp/pre_norm/lza      79.2624     0.0      79.2624      0.0000       0.0000 LZA_2_26
system/tile_prci_domain/tile_reset_domain_tile/fusion/fgra/fgra/pes_9/alu/si2fp/pre_norm/neg_lzc_clz      96.1968     0.0      96.1968      0.0000       0.0000 CLZ_3_52
system/tile_prci_domain/tile_reset_domain_tile/fusion/fgra/fgra/pes_9/alu/si2fp/pre_norm/pos_lzc_clz      99.9600     0.0      99.9600      0.0000       0.0000 CLZ_3_53
system/tile_prci_domain/tile_reset_domain_tile/fusion/fgra/fgra/pes_9/cfg    1346.0496     0.0     459.8160    886.2336       0.0000 ConfigMem_24_2
system/tile_prci_domain/tile_reset_domain_tile/fusion/fgra/fgra/pes_9/delayPipeCG    6851.1409     0.2    3950.1841   2900.9568       0.0000 SharedDelayPipe_24_16
system/tile_prci_domain/tile_reset_domain_tile/fusion/fgra/fgra/pes_9/delayPipeFG     611.7552     0.0     447.1152    164.6400       0.0000 SharedDelayPipe_43_8
system/tile_prci_domain/tile_reset_domain_tile/fusion/fgra/fgra/pes_9/dmr    1292.8944     0.0       0.0000      0.0000       0.0000 DualModeReg_6_2
system/tile_prci_domain/tile_reset_domain_tile/fusion/fgra/fgra/pes_9/dmr/acr    1292.8944     0.0     763.2240    529.6704       0.0000 CtrlReg_2
system/tile_prci_domain/tile_reset_domain_tile/fusion/fgra/fgra/pes_9/lut       5.8800     0.0       5.8800      0.0000       0.0000 LUT_8
system/tile_prci_domain/tile_reset_domain_tile/fusion/fgra/fgra/pes_9/rf4alu       8.2320     0.0       3.5280      4.7040       0.0000 RF_25
system/tile_prci_domain/tile_reset_domain_tile/fusion/fgra/fgra/pes_9/rf4lut       8.4672     0.0       3.7632      4.7040       0.0000 RF_24
system/tile_prci_domain/tile_reset_domain_tile/fusion/fgra/fgra/unifiedpes_0   26700.3746     0.8       5.1744      0.0000       0.0000 GPE_Unified
system/tile_prci_domain/tile_reset_domain_tile/fusion/fgra/fgra/unifiedpes_0/Muxn     296.5872     0.0     296.5872      0.0000       0.0000 Muxn_59_39
system/tile_prci_domain/tile_reset_domain_tile/fusion/fgra/fgra/unifiedpes_0/Muxn_1     300.1152     0.0     300.1152      0.0000       0.0000 Muxn_59_38
system/tile_prci_domain/tile_reset_domain_tile/fusion/fgra/fgra/unifiedpes_0/Muxn_2     300.3504     0.0     300.3504      0.0000       0.0000 Muxn_59_37
system/tile_prci_domain/tile_reset_domain_tile/fusion/fgra/fgra/unifiedpes_0/Muxn_3     278.9472     0.0     278.9472      0.0000       0.0000 Muxn_59_36
system/tile_prci_domain/tile_reset_domain_tile/fusion/fgra/fgra/unifiedpes_0/alu   12518.5201     0.4       3.0576      0.0000       0.0000 ALU_Unified_9
system/tile_prci_domain/tile_reset_domain_tile/fusion/fgra/fgra/unifiedpes_0/alu/eus_0    6788.8129     0.2       0.0000    166.2864       0.0000 EU_10
system/tile_prci_domain/tile_reset_domain_tile/fusion/fgra/fgra/unifiedpes_0/alu/eus_0/Muxn     190.9824     0.0     190.9824      0.0000       0.0000 Muxn_54_39
system/tile_prci_domain/tile_reset_domain_tile/fusion/fgra/fgra/unifiedpes_0/alu/eus_0/Muxn_1     171.4608     0.0     171.4608      0.0000       0.0000 Muxn_54_38
system/tile_prci_domain/tile_reset_domain_tile/fusion/fgra/fgra/unifiedpes_0/alu/eus_0/opCore    6260.0833     0.2       2.1168      0.0000       0.0000 Operator_Core_10
system/tile_prci_domain/tile_reset_domain_tile/fusion/fgra/fgra/unifiedpes_0/alu/eus_0/opCore/fmul    2284.0272     0.1      89.6112    555.0720       0.0000 FMUL_share_9
system/tile_prci_domain/tile_reset_domain_tile/fusion/fgra/fgra/unifiedpes_0/alu/eus_0/opCore/fmul/fmul_s1     402.4272     0.0     319.6368      0.0000       0.0000 FMUL_s1_9
system/tile_prci_domain/tile_reset_domain_tile/fusion/fgra/fgra/unifiedpes_0/alu/eus_0/opCore/fmul/fmul_s1/lzc_clz      82.7904     0.0      82.7904      0.0000       0.0000 CLZ_2_9
system/tile_prci_domain/tile_reset_domain_tile/fusion/fgra/fgra/unifiedpes_0/alu/eus_0/opCore/fmul/fmul_s2    1032.7632     0.0    1032.7632      0.0000       0.0000 FMUL_s2_9
system/tile_prci_domain/tile_reset_domain_tile/fusion/fgra/fgra/unifiedpes_0/alu/eus_0/opCore/fmul/fmul_s3     204.1536     0.0     104.1936      0.0000       0.0000 FMUL_s3_9
system/tile_prci_domain/tile_reset_domain_tile/fusion/fgra/fgra/unifiedpes_0/alu/eus_0/opCore/fmul/fmul_s3/rounder      99.9600     0.0      99.9600      0.0000       0.0000 RoundingUnit_150
system/tile_prci_domain/tile_reset_domain_tile/fusion/fgra/fgra/unifiedpes_0/alu/eus_0/opCore/multipler    3973.9393     0.1    3973.9393      0.0000       0.0000 Mul_9
system/tile_prci_domain/tile_reset_domain_tile/fusion/fgra/fgra/unifiedpes_0/alu/eus_1    5590.2337     0.2       0.0000    151.2336       0.0000 EU_1_9
system/tile_prci_domain/tile_reset_domain_tile/fusion/fgra/fgra/unifiedpes_0/alu/eus_1/Muxn     196.8624     0.0     196.8624      0.0000       0.0000 Muxn_54_37
system/tile_prci_domain/tile_reset_domain_tile/fusion/fgra/fgra/unifiedpes_0/alu/eus_1/Muxn_1     195.4512     0.0     195.4512      0.0000       0.0000 Muxn_54_36
system/tile_prci_domain/tile_reset_domain_tile/fusion/fgra/fgra/unifiedpes_0/alu/eus_1/opCore    5046.6865     0.2       1.4112      0.0000       0.0000 Operator_Core_1_9
system/tile_prci_domain/tile_reset_domain_tile/fusion/fgra/fgra/unifiedpes_0/alu/eus_1/opCore/fadd    5045.2753     0.2       0.0000      0.0000       0.0000 FADD_18
system/tile_prci_domain/tile_reset_domain_tile/fusion/fgra/fgra/unifiedpes_0/alu/eus_1/opCore/fadd/fcmaadd    5045.2753     0.2       2.3520      0.0000       0.0000 FCMA_ADD_18
system/tile_prci_domain/tile_reset_domain_tile/fusion/fgra/fgra/unifiedpes_0/alu/eus_1/opCore/fadd/fcmaadd/fadd_s1    3420.7488     0.1     624.6912      0.0000       0.0000 FCMA_ADD_s1_18
system/tile_prci_domain/tile_reset_domain_tile/fusion/fgra/fgra/unifiedpes_0/alu/eus_1/opCore/fadd/fcmaadd/fadd_s1/far_path_mods_0     835.9008     0.0     373.7328      0.0000       0.0000 FarPath_18
system/tile_prci_domain/tile_reset_domain_tile/fusion/fgra/fgra/unifiedpes_0/alu/eus_1/opCore/fadd/fcmaadd/fadd_s1/far_path_mods_0/shiftRightJam     462.1680     0.0     462.1680      0.0000       0.0000 ShiftRightJam_19
system/tile_prci_domain/tile_reset_domain_tile/fusion/fgra/fgra/unifiedpes_0/alu/eus_1/opCore/fadd/fcmaadd/fadd_s1/near_path_mods_0     982.4304     0.0     731.9424      0.0000       0.0000 NearPath_37
system/tile_prci_domain/tile_reset_domain_tile/fusion/fgra/fgra/unifiedpes_0/alu/eus_1/opCore/fadd/fcmaadd/fadd_s1/near_path_mods_0/lza_ab     147.4704     0.0     147.4704      0.0000       0.0000 LZA_38
system/tile_prci_domain/tile_reset_domain_tile/fusion/fgra/fgra/unifiedpes_0/alu/eus_1/opCore/fadd/fcmaadd/fadd_s1/near_path_mods_0/lzc_clz     103.0176     0.0     103.0176      0.0000       0.0000 CLZ_39
system/tile_prci_domain/tile_reset_domain_tile/fusion/fgra/fgra/unifiedpes_0/alu/eus_1/opCore/fadd/fcmaadd/fadd_s1/near_path_mods_1     977.7264     0.0     737.5872      0.0000       0.0000 NearPath_36
system/tile_prci_domain/tile_reset_domain_tile/fusion/fgra/fgra/unifiedpes_0/alu/eus_1/opCore/fadd/fcmaadd/fadd_s1/near_path_mods_1/lza_ab     144.6480     0.0     144.6480      0.0000       0.0000 LZA_37
system/tile_prci_domain/tile_reset_domain_tile/fusion/fgra/fgra/unifiedpes_0/alu/eus_1/opCore/fadd/fcmaadd/fadd_s1/near_path_mods_1/lzc_clz      95.4912     0.0      95.4912      0.0000       0.0000 CLZ_38
system/tile_prci_domain/tile_reset_domain_tile/fusion/fgra/fgra/unifiedpes_0/alu/eus_1/opCore/fadd/fcmaadd/fadd_s2    1622.1744     0.0    1194.1104      0.0000       0.0000 FCMA_ADD_s2_18
system/tile_prci_domain/tile_reset_domain_tile/fusion/fgra/fgra/unifiedpes_0/alu/eus_1/opCore/fadd/fcmaadd/fadd_s2/far_path_rounder     238.0224     0.0     238.0224      0.0000       0.0000 RoundingUnit_87
system/tile_prci_domain/tile_reset_domain_tile/fusion/fgra/fgra/unifiedpes_0/alu/eus_1/opCore/fadd/fcmaadd/fadd_s2/near_path_rounder     190.0416     0.0     190.0416      0.0000       0.0000 RoundingUnit_86
system/tile_prci_domain/tile_reset_domain_tile/fusion/fgra/fgra/unifiedpes_0/alu/outMuxCG     136.4160     0.0     136.4160      0.0000       0.0000 Muxn_10
system/tile_prci_domain/tile_reset_domain_tile/fusion/fgra/fgra/unifiedpes_0/cfg     963.1440     0.0     260.3664    702.7776       0.0000 ConfigMem_18_9
system/tile_prci_domain/tile_reset_domain_tile/fusion/fgra/fgra/unifiedpes_0/delayPipeCG   12037.5360     0.4    8683.5840   3353.9520       0.0000 SharedDelayPipe_36_9
system/tile_prci_domain/tile_reset_domain_tile/fusion/fgra/fgra/unifiedpes_1   26828.3234     0.8       5.4096      0.0000       0.0000 GPE_Unified_1
system/tile_prci_domain/tile_reset_domain_tile/fusion/fgra/fgra/unifiedpes_1/Muxn     313.2864     0.0     313.2864      0.0000       0.0000 Muxn_59_35
system/tile_prci_domain/tile_reset_domain_tile/fusion/fgra/fgra/unifiedpes_1/Muxn_1     301.0560     0.0     301.0560      0.0000       0.0000 Muxn_59_34
system/tile_prci_domain/tile_reset_domain_tile/fusion/fgra/fgra/unifiedpes_1/Muxn_2     272.8320     0.0     272.8320      0.0000       0.0000 Muxn_59_33
system/tile_prci_domain/tile_reset_domain_tile/fusion/fgra/fgra/unifiedpes_1/Muxn_3     274.0080     0.0     274.0080      0.0000       0.0000 Muxn_59_32
system/tile_prci_domain/tile_reset_domain_tile/fusion/fgra/fgra/unifiedpes_1/alu   12650.9377     0.4       2.8224      0.0000       0.0000 ALU_Unified_8
system/tile_prci_domain/tile_reset_domain_tile/fusion/fgra/fgra/unifiedpes_1/alu/eus_0    6837.4993     0.2       0.0000    181.8096       0.0000 EU_9
system/tile_prci_domain/tile_reset_domain_tile/fusion/fgra/fgra/unifiedpes_1/alu/eus_0/Muxn     191.4528     0.0     191.4528      0.0000       0.0000 Muxn_54_35
system/tile_prci_domain/tile_reset_domain_tile/fusion/fgra/fgra/unifiedpes_1/alu/eus_0/Muxn_1     186.0432     0.0     186.0432      0.0000       0.0000 Muxn_54_34
system/tile_prci_domain/tile_reset_domain_tile/fusion/fgra/fgra/unifiedpes_1/alu/eus_0/opCore    6278.1937     0.2       0.0000      0.0000       0.0000 Operator_Core_9
system/tile_prci_domain/tile_reset_domain_tile/fusion/fgra/fgra/unifiedpes_1/alu/eus_0/opCore/fmul    2297.4336     0.1      86.7888    555.5424       0.0000 FMUL_share_8
system/tile_prci_domain/tile_reset_domain_tile/fusion/fgra/fgra/unifiedpes_1/alu/eus_0/opCore/fmul/fmul_s1     410.1888     0.0     329.7504      0.0000       0.0000 FMUL_s1_8
system/tile_prci_domain/tile_reset_domain_tile/fusion/fgra/fgra/unifiedpes_1/alu/eus_0/opCore/fmul/fmul_s1/lzc_clz      80.4384     0.0      80.4384      0.0000       0.0000 CLZ_2_8
system/tile_prci_domain/tile_reset_domain_tile/fusion/fgra/fgra/unifiedpes_1/alu/eus_0/opCore/fmul/fmul_s2    1040.0544     0.0    1040.0544      0.0000       0.0000 FMUL_s2_8
system/tile_prci_domain/tile_reset_domain_tile/fusion/fgra/fgra/unifiedpes_1/alu/eus_0/opCore/fmul/fmul_s3     204.8592     0.0     104.1936      0.0000       0.0000 FMUL_s3_8
system/tile_prci_domain/tile_reset_domain_tile/fusion/fgra/fgra/unifiedpes_1/alu/eus_0/opCore/fmul/fmul_s3/rounder     100.6656     0.0     100.6656      0.0000       0.0000 RoundingUnit_148
system/tile_prci_domain/tile_reset_domain_tile/fusion/fgra/fgra/unifiedpes_1/alu/eus_0/opCore/multipler    3980.7601     0.1    3980.7601      0.0000       0.0000 Mul_8
system/tile_prci_domain/tile_reset_domain_tile/fusion/fgra/fgra/unifiedpes_1/alu/eus_1    5655.6193     0.2       0.0000    151.2336       0.0000 EU_1_8
system/tile_prci_domain/tile_reset_domain_tile/fusion/fgra/fgra/unifiedpes_1/alu/eus_1/Muxn     196.6272     0.0     196.6272      0.0000       0.0000 Muxn_54_33
system/tile_prci_domain/tile_reset_domain_tile/fusion/fgra/fgra/unifiedpes_1/alu/eus_1/Muxn_1     195.4512     0.0     195.4512      0.0000       0.0000 Muxn_54_32
system/tile_prci_domain/tile_reset_domain_tile/fusion/fgra/fgra/unifiedpes_1/alu/eus_1/opCore    5112.3073     0.2       0.0000      0.0000       0.0000 Operator_Core_1_8
system/tile_prci_domain/tile_reset_domain_tile/fusion/fgra/fgra/unifiedpes_1/alu/eus_1/opCore/fadd    5112.3073     0.2       0.0000      0.0000       0.0000 FADD_16
system/tile_prci_domain/tile_reset_domain_tile/fusion/fgra/fgra/unifiedpes_1/alu/eus_1/opCore/fadd/fcmaadd    5112.3073     0.2       4.7040      0.0000       0.0000 FCMA_ADD_16
system/tile_prci_domain/tile_reset_domain_tile/fusion/fgra/fgra/unifiedpes_1/alu/eus_1/opCore/fadd/fcmaadd/fadd_s1    3451.3248     0.1     638.5680      0.0000       0.0000 FCMA_ADD_s1_16
system/tile_prci_domain/tile_reset_domain_tile/fusion/fgra/fgra/unifiedpes_1/alu/eus_1/opCore/fadd/fcmaadd/fadd_s1/far_path_mods_0     879.6480     0.0     404.7792      0.0000       0.0000 FarPath_16
system/tile_prci_domain/tile_reset_domain_tile/fusion/fgra/fgra/unifiedpes_1/alu/eus_1/opCore/fadd/fcmaadd/fadd_s1/far_path_mods_0/shiftRightJam     474.8688     0.0     474.8688      0.0000       0.0000 ShiftRightJam_17
system/tile_prci_domain/tile_reset_domain_tile/fusion/fgra/fgra/unifiedpes_1/alu/eus_1/opCore/fadd/fcmaadd/fadd_s1/near_path_mods_0     980.3136     0.0     727.9440      0.0000       0.0000 NearPath_33
system/tile_prci_domain/tile_reset_domain_tile/fusion/fgra/fgra/unifiedpes_1/alu/eus_1/opCore/fadd/fcmaadd/fadd_s1/near_path_mods_0/lza_ab     143.2368     0.0     143.2368      0.0000       0.0000 LZA_34
system/tile_prci_domain/tile_reset_domain_tile/fusion/fgra/fgra/unifiedpes_1/alu/eus_1/opCore/fadd/fcmaadd/fadd_s1/near_path_mods_0/lzc_clz     109.1328     0.0     109.1328      0.0000       0.0000 CLZ_35
system/tile_prci_domain/tile_reset_domain_tile/fusion/fgra/fgra/unifiedpes_1/alu/eus_1/opCore/fadd/fcmaadd/fadd_s1/near_path_mods_1     952.7952     0.0     727.2384      0.0000       0.0000 NearPath_32
system/tile_prci_domain/tile_reset_domain_tile/fusion/fgra/fgra/unifiedpes_1/alu/eus_1/opCore/fadd/fcmaadd/fadd_s1/near_path_mods_1/lza_ab     135.9456     0.0     135.9456      0.0000       0.0000 LZA_33
system/tile_prci_domain/tile_reset_domain_tile/fusion/fgra/fgra/unifiedpes_1/alu/eus_1/opCore/fadd/fcmaadd/fadd_s1/near_path_mods_1/lzc_clz      89.6112     0.0      89.6112      0.0000       0.0000 CLZ_34
system/tile_prci_domain/tile_reset_domain_tile/fusion/fgra/fgra/unifiedpes_1/alu/eus_1/opCore/fadd/fcmaadd/fadd_s2    1656.2784     0.0    1211.0448      0.0000       0.0000 FCMA_ADD_s2_16
system/tile_prci_domain/tile_reset_domain_tile/fusion/fgra/fgra/unifiedpes_1/alu/eus_1/opCore/fadd/fcmaadd/fadd_s2/far_path_rounder     243.9024     0.0     243.9024      0.0000       0.0000 RoundingUnit_82
system/tile_prci_domain/tile_reset_domain_tile/fusion/fgra/fgra/unifiedpes_1/alu/eus_1/opCore/fadd/fcmaadd/fadd_s2/near_path_rounder     201.3312     0.0     201.3312      0.0000       0.0000 RoundingUnit_81
system/tile_prci_domain/tile_reset_domain_tile/fusion/fgra/fgra/unifiedpes_1/alu/outMuxCG     154.9968     0.0     154.9968      0.0000       0.0000 Muxn_9
system/tile_prci_domain/tile_reset_domain_tile/fusion/fgra/fgra/unifiedpes_1/cfg     957.9696     0.0     260.3664    697.6032       0.0000 ConfigMem_18_8
system/tile_prci_domain/tile_reset_domain_tile/fusion/fgra/fgra/unifiedpes_1/delayPipeCG   12052.8240     0.4    8693.9328   3358.8912       0.0000 SharedDelayPipe_36_8
system/tile_prci_domain/tile_reset_domain_tile/fusion/fgra/fgra/unifiedpes_2   26662.7426     0.8       5.1744      0.0000       0.0000 GPE_Unified_2
system/tile_prci_domain/tile_reset_domain_tile/fusion/fgra/fgra/unifiedpes_2/Muxn     302.4672     0.0     302.4672      0.0000       0.0000 Muxn_59_31
system/tile_prci_domain/tile_reset_domain_tile/fusion/fgra/fgra/unifiedpes_2/Muxn_1     263.1888     0.0     263.1888      0.0000       0.0000 Muxn_59_30
system/tile_prci_domain/tile_reset_domain_tile/fusion/fgra/fgra/unifiedpes_2/Muxn_2     305.0544     0.0     305.0544      0.0000       0.0000 Muxn_59_29
system/tile_prci_domain/tile_reset_domain_tile/fusion/fgra/fgra/unifiedpes_2/Muxn_3     271.6560     0.0     271.6560      0.0000       0.0000 Muxn_59_28
system/tile_prci_domain/tile_reset_domain_tile/fusion/fgra/fgra/unifiedpes_2/alu   12539.2177     0.4       2.3520      0.0000       0.0000 ALU_Unified_7
system/tile_prci_domain/tile_reset_domain_tile/fusion/fgra/fgra/unifiedpes_2/alu/eus_0    6742.0081     0.2       0.0000    166.2864       0.0000 EU_8
system/tile_prci_domain/tile_reset_domain_tile/fusion/fgra/fgra/unifiedpes_2/alu/eus_0/Muxn     170.0496     0.0     170.0496      0.0000       0.0000 Muxn_54_31
system/tile_prci_domain/tile_reset_domain_tile/fusion/fgra/fgra/unifiedpes_2/alu/eus_0/Muxn_1     167.6976     0.0     167.6976      0.0000       0.0000 Muxn_54_30
system/tile_prci_domain/tile_reset_domain_tile/fusion/fgra/fgra/unifiedpes_2/alu/eus_0/opCore    6237.9745     0.2       0.0000      0.0000       0.0000 Operator_Core_8
system/tile_prci_domain/tile_reset_domain_tile/fusion/fgra/fgra/unifiedpes_2/alu/eus_0/opCore/fmul    2274.1488     0.1      89.1408    555.7776       0.0000 FMUL_share_7
system/tile_prci_domain/tile_reset_domain_tile/fusion/fgra/fgra/unifiedpes_2/alu/eus_0/opCore/fmul/fmul_s1     402.1920     0.0     321.5184      0.0000       0.0000 FMUL_s1_7
system/tile_prci_domain/tile_reset_domain_tile/fusion/fgra/fgra/unifiedpes_2/alu/eus_0/opCore/fmul/fmul_s1/lzc_clz      80.6736     0.0      80.6736      0.0000       0.0000 CLZ_2_7
system/tile_prci_domain/tile_reset_domain_tile/fusion/fgra/fgra/unifiedpes_2/alu/eus_0/opCore/fmul/fmul_s2    1022.1792     0.0    1022.1792      0.0000       0.0000 FMUL_s2_7
system/tile_prci_domain/tile_reset_domain_tile/fusion/fgra/fgra/unifiedpes_2/alu/eus_0/opCore/fmul/fmul_s3     204.8592     0.0     104.1936      0.0000       0.0000 FMUL_s3_7
system/tile_prci_domain/tile_reset_domain_tile/fusion/fgra/fgra/unifiedpes_2/alu/eus_0/opCore/fmul/fmul_s3/rounder     100.6656     0.0     100.6656      0.0000       0.0000 RoundingUnit_146
system/tile_prci_domain/tile_reset_domain_tile/fusion/fgra/fgra/unifiedpes_2/alu/eus_0/opCore/multipler    3963.8257     0.1    3963.8257      0.0000       0.0000 Mul_7
system/tile_prci_domain/tile_reset_domain_tile/fusion/fgra/fgra/unifiedpes_2/alu/eus_1    5605.0513     0.2       0.0000    150.5280       0.0000 EU_1_7
system/tile_prci_domain/tile_reset_domain_tile/fusion/fgra/fgra/unifiedpes_2/alu/eus_1/Muxn     177.5760     0.0     177.5760      0.0000       0.0000 Muxn_54_29
system/tile_prci_domain/tile_reset_domain_tile/fusion/fgra/fgra/unifiedpes_2/alu/eus_1/Muxn_1     192.8640     0.0     192.8640      0.0000       0.0000 Muxn_54_28
system/tile_prci_domain/tile_reset_domain_tile/fusion/fgra/fgra/unifiedpes_2/alu/eus_1/opCore    5084.0833     0.2       0.0000      0.0000       0.0000 Operator_Core_1_7
system/tile_prci_domain/tile_reset_domain_tile/fusion/fgra/fgra/unifiedpes_2/alu/eus_1/opCore/fadd    5084.0833     0.2       0.0000      0.0000       0.0000 FADD_14
system/tile_prci_domain/tile_reset_domain_tile/fusion/fgra/fgra/unifiedpes_2/alu/eus_1/opCore/fadd/fcmaadd    5084.0833     0.2       2.3520      0.0000       0.0000 FCMA_ADD_14
system/tile_prci_domain/tile_reset_domain_tile/fusion/fgra/fgra/unifiedpes_2/alu/eus_1/opCore/fadd/fcmaadd/fadd_s1    3431.8033     0.1     620.4576      0.0000       0.0000 FCMA_ADD_s1_14
system/tile_prci_domain/tile_reset_domain_tile/fusion/fgra/fgra/unifiedpes_2/alu/eus_1/opCore/fadd/fcmaadd/fadd_s1/far_path_mods_0     869.7696     0.0     404.7792      0.0000       0.0000 FarPath_14
system/tile_prci_domain/tile_reset_domain_tile/fusion/fgra/fgra/unifiedpes_2/alu/eus_1/opCore/fadd/fcmaadd/fadd_s1/far_path_mods_0/shiftRightJam     464.9904     0.0     464.9904      0.0000       0.0000 ShiftRightJam_15
system/tile_prci_domain/tile_reset_domain_tile/fusion/fgra/fgra/unifiedpes_2/alu/eus_1/opCore/fadd/fcmaadd/fadd_s1/near_path_mods_0     964.0848     0.0     726.7680      0.0000       0.0000 NearPath_29
system/tile_prci_domain/tile_reset_domain_tile/fusion/fgra/fgra/unifiedpes_2/alu/eus_1/opCore/fadd/fcmaadd/fadd_s1/near_path_mods_0/lza_ab     139.9440     0.0     139.9440      0.0000       0.0000 LZA_30
system/tile_prci_domain/tile_reset_domain_tile/fusion/fgra/fgra/unifiedpes_2/alu/eus_1/opCore/fadd/fcmaadd/fadd_s1/near_path_mods_0/lzc_clz      97.3728     0.0      97.3728      0.0000       0.0000 CLZ_31
system/tile_prci_domain/tile_reset_domain_tile/fusion/fgra/fgra/unifiedpes_2/alu/eus_1/opCore/fadd/fcmaadd/fadd_s1/near_path_mods_1     977.4912     0.0     731.9424      0.0000       0.0000 NearPath_28
system/tile_prci_domain/tile_reset_domain_tile/fusion/fgra/fgra/unifiedpes_2/alu/eus_1/opCore/fadd/fcmaadd/fadd_s1/near_path_mods_1/lza_ab     148.8816     0.0     148.8816      0.0000       0.0000 LZA_29
system/tile_prci_domain/tile_reset_domain_tile/fusion/fgra/fgra/unifiedpes_2/alu/eus_1/opCore/fadd/fcmaadd/fadd_s1/near_path_mods_1/lzc_clz      96.6672     0.0      96.6672      0.0000       0.0000 CLZ_30
system/tile_prci_domain/tile_reset_domain_tile/fusion/fgra/fgra/unifiedpes_2/alu/eus_1/opCore/fadd/fcmaadd/fadd_s2    1649.9280     0.0    1203.0480      0.0000       0.0000 FCMA_ADD_s2_14
system/tile_prci_domain/tile_reset_domain_tile/fusion/fgra/fgra/unifiedpes_2/alu/eus_1/opCore/fadd/fcmaadd/fadd_s2/far_path_rounder     245.5488     0.0     245.5488      0.0000       0.0000 RoundingUnit_77
system/tile_prci_domain/tile_reset_domain_tile/fusion/fgra/fgra/unifiedpes_2/alu/eus_1/opCore/fadd/fcmaadd/fadd_s2/near_path_rounder     201.3312     0.0     201.3312      0.0000       0.0000 RoundingUnit_76
system/tile_prci_domain/tile_reset_domain_tile/fusion/fgra/fgra/unifiedpes_2/alu/outMuxCG     189.8064     0.0     189.8064      0.0000       0.0000 Muxn_8
system/tile_prci_domain/tile_reset_domain_tile/fusion/fgra/fgra/unifiedpes_2/cfg     903.8736     0.0     260.3664    643.5072       0.0000 ConfigMem_18_7
system/tile_prci_domain/tile_reset_domain_tile/fusion/fgra/fgra/unifiedpes_2/delayPipeCG   12072.1104     0.4    8703.3408   3368.7696       0.0000 SharedDelayPipe_36_7
system/tile_prci_domain/tile_reset_domain_tile/fusion/fgra/fgra/unifiedpes_3   26888.7698     0.8       5.1744      0.0000       0.0000 GPE_Unified_3
system/tile_prci_domain/tile_reset_domain_tile/fusion/fgra/fgra/unifiedpes_3/Muxn     314.9328     0.0     314.9328      0.0000       0.0000 Muxn_59_27
system/tile_prci_domain/tile_reset_domain_tile/fusion/fgra/fgra/unifiedpes_3/Muxn_1     295.8816     0.0     295.8816      0.0000       0.0000 Muxn_59_26
system/tile_prci_domain/tile_reset_domain_tile/fusion/fgra/fgra/unifiedpes_3/Muxn_2     281.7696     0.0     281.7696      0.0000       0.0000 Muxn_59_25
system/tile_prci_domain/tile_reset_domain_tile/fusion/fgra/fgra/unifiedpes_3/Muxn_3     276.3600     0.0     276.3600      0.0000       0.0000 Muxn_59_24
system/tile_prci_domain/tile_reset_domain_tile/fusion/fgra/fgra/unifiedpes_3/alu   12687.8641     0.4       2.3520      0.0000       0.0000 ALU_Unified_6
system/tile_prci_domain/tile_reset_domain_tile/fusion/fgra/fgra/unifiedpes_3/alu/eus_0    6839.8513     0.2       0.0000    167.9328       0.0000 EU_7
system/tile_prci_domain/tile_reset_domain_tile/fusion/fgra/fgra/unifiedpes_3/alu/eus_0/Muxn     195.2160     0.0     195.2160      0.0000       0.0000 Muxn_54_27
system/tile_prci_domain/tile_reset_domain_tile/fusion/fgra/fgra/unifiedpes_3/alu/eus_0/Muxn_1     182.0448     0.0     182.0448      0.0000       0.0000 Muxn_54_26
system/tile_prci_domain/tile_reset_domain_tile/fusion/fgra/fgra/unifiedpes_3/alu/eus_0/opCore    6294.6577     0.2       0.0000      0.0000       0.0000 Operator_Core_7
system/tile_prci_domain/tile_reset_domain_tile/fusion/fgra/fgra/unifiedpes_3/alu/eus_0/opCore/fmul    2293.9056     0.1      93.3744    556.4832       0.0000 FMUL_share_6
system/tile_prci_domain/tile_reset_domain_tile/fusion/fgra/fgra/unifiedpes_3/alu/eus_0/opCore/fmul/fmul_s1     393.9600     0.0     314.6976      0.0000       0.0000 FMUL_s1_6
system/tile_prci_domain/tile_reset_domain_tile/fusion/fgra/fgra/unifiedpes_3/alu/eus_0/opCore/fmul/fmul_s1/lzc_clz      79.2624     0.0      79.2624      0.0000       0.0000 CLZ_2_6
system/tile_prci_domain/tile_reset_domain_tile/fusion/fgra/fgra/unifiedpes_3/alu/eus_0/opCore/fmul/fmul_s2    1045.2288     0.0    1045.2288      0.0000       0.0000 FMUL_s2_6
system/tile_prci_domain/tile_reset_domain_tile/fusion/fgra/fgra/unifiedpes_3/alu/eus_0/opCore/fmul/fmul_s3     204.8592     0.0     104.1936      0.0000       0.0000 FMUL_s3_6
system/tile_prci_domain/tile_reset_domain_tile/fusion/fgra/fgra/unifiedpes_3/alu/eus_0/opCore/fmul/fmul_s3/rounder     100.6656     0.0     100.6656      0.0000       0.0000 RoundingUnit_144
system/tile_prci_domain/tile_reset_domain_tile/fusion/fgra/fgra/unifiedpes_3/alu/eus_0/opCore/multipler    4000.7520     0.1    4000.7520      0.0000       0.0000 Mul_6
system/tile_prci_domain/tile_reset_domain_tile/fusion/fgra/fgra/unifiedpes_3/alu/eus_1    5669.0257     0.2       0.0000    152.1744       0.0000 EU_1_6
system/tile_prci_domain/tile_reset_domain_tile/fusion/fgra/fgra/unifiedpes_3/alu/eus_1/Muxn     199.6848     0.0     199.6848      0.0000       0.0000 Muxn_54_25
system/tile_prci_domain/tile_reset_domain_tile/fusion/fgra/fgra/unifiedpes_3/alu/eus_1/Muxn_1     190.9824     0.0     190.9824      0.0000       0.0000 Muxn_54_24
system/tile_prci_domain/tile_reset_domain_tile/fusion/fgra/fgra/unifiedpes_3/alu/eus_1/opCore    5126.1841     0.2       0.0000      0.0000       0.0000 Operator_Core_1_6
system/tile_prci_domain/tile_reset_domain_tile/fusion/fgra/fgra/unifiedpes_3/alu/eus_1/opCore/fadd    5126.1841     0.2       0.0000      0.0000       0.0000 FADD_12
system/tile_prci_domain/tile_reset_domain_tile/fusion/fgra/fgra/unifiedpes_3/alu/eus_1/opCore/fadd/fcmaadd    5126.1841     0.2       2.3520      0.0000       0.0000 FCMA_ADD_12
system/tile_prci_domain/tile_reset_domain_tile/fusion/fgra/fgra/unifiedpes_3/alu/eus_1/opCore/fadd/fcmaadd/fadd_s1    3518.1217     0.1     636.4512      0.0000       0.0000 FCMA_ADD_s1_12
system/tile_prci_domain/tile_reset_domain_tile/fusion/fgra/fgra/unifiedpes_3/alu/eus_1/opCore/fadd/fcmaadd/fadd_s1/far_path_mods_0     893.7600     0.0     391.3728      0.0000       0.0000 FarPath_12
system/tile_prci_domain/tile_reset_domain_tile/fusion/fgra/fgra/unifiedpes_3/alu/eus_1/opCore/fadd/fcmaadd/fadd_s1/far_path_mods_0/shiftRightJam     502.3872     0.0     502.3872      0.0000       0.0000 ShiftRightJam_13
system/tile_prci_domain/tile_reset_domain_tile/fusion/fgra/fgra/unifiedpes_3/alu/eus_1/opCore/fadd/fcmaadd/fadd_s1/near_path_mods_0     992.3088     0.0     737.8224      0.0000       0.0000 NearPath_25
system/tile_prci_domain/tile_reset_domain_tile/fusion/fgra/fgra/unifiedpes_3/alu/eus_1/opCore/fadd/fcmaadd/fadd_s1/near_path_mods_0/lza_ab     158.7600     0.0     158.7600      0.0000       0.0000 LZA_26
system/tile_prci_domain/tile_reset_domain_tile/fusion/fgra/fgra/unifiedpes_3/alu/eus_1/opCore/fadd/fcmaadd/fadd_s1/near_path_mods_0/lzc_clz      95.7264     0.0      95.7264      0.0000       0.0000 CLZ_27
system/tile_prci_domain/tile_reset_domain_tile/fusion/fgra/fgra/unifiedpes_3/alu/eus_1/opCore/fadd/fcmaadd/fadd_s1/near_path_mods_1     995.6016     0.0     741.8208      0.0000       0.0000 NearPath_24
system/tile_prci_domain/tile_reset_domain_tile/fusion/fgra/fgra/unifiedpes_3/alu/eus_1/opCore/fadd/fcmaadd/fadd_s1/near_path_mods_1/lza_ab     153.1152     0.0     153.1152      0.0000       0.0000 LZA_25
system/tile_prci_domain/tile_reset_domain_tile/fusion/fgra/fgra/unifiedpes_3/alu/eus_1/opCore/fadd/fcmaadd/fadd_s1/near_path_mods_1/lzc_clz     100.6656     0.0     100.6656      0.0000       0.0000 CLZ_26
system/tile_prci_domain/tile_reset_domain_tile/fusion/fgra/fgra/unifiedpes_3/alu/eus_1/opCore/fadd/fcmaadd/fadd_s2    1605.7104     0.0    1178.1168      0.0000       0.0000 FCMA_ADD_s2_12
system/tile_prci_domain/tile_reset_domain_tile/fusion/fgra/fgra/unifiedpes_3/alu/eus_1/opCore/fadd/fcmaadd/fadd_s2/far_path_rounder     227.6736     0.0     227.6736      0.0000       0.0000 RoundingUnit_72
system/tile_prci_domain/tile_reset_domain_tile/fusion/fgra/fgra/unifiedpes_3/alu/eus_1/opCore/fadd/fcmaadd/fadd_s2/near_path_rounder     199.9200     0.0     199.9200      0.0000       0.0000 RoundingUnit_71
system/tile_prci_domain/tile_reset_domain_tile/fusion/fgra/fgra/unifiedpes_3/alu/outMuxCG     176.6352     0.0     176.6352      0.0000       0.0000 Muxn_7
system/tile_prci_domain/tile_reset_domain_tile/fusion/fgra/fgra/unifiedpes_3/cfg     950.4432     0.0     260.3664    690.0768       0.0000 ConfigMem_18_6
system/tile_prci_domain/tile_reset_domain_tile/fusion/fgra/fgra/unifiedpes_3/delayPipeCG   12076.3440     0.4    8707.5744   3368.7696       0.0000 SharedDelayPipe_36_6
system/tile_prci_domain/tile_reset_domain_tile/fusion/fgra/fgra/unifiedpes_4   26804.3330     0.8       5.4096      0.0000       0.0000 GPE_Unified_4
system/tile_prci_domain/tile_reset_domain_tile/fusion/fgra/fgra/unifiedpes_4/Muxn     310.4640     0.0     310.4640      0.0000       0.0000 Muxn_59_23
system/tile_prci_domain/tile_reset_domain_tile/fusion/fgra/fgra/unifiedpes_4/Muxn_1     261.3072     0.0     261.3072      0.0000       0.0000 Muxn_59_22
system/tile_prci_domain/tile_reset_domain_tile/fusion/fgra/fgra/unifiedpes_4/Muxn_2     308.3472     0.0     308.3472      0.0000       0.0000 Muxn_59_21
system/tile_prci_domain/tile_reset_domain_tile/fusion/fgra/fgra/unifiedpes_4/Muxn_3     270.7152     0.0     270.7152      0.0000       0.0000 Muxn_59_20
system/tile_prci_domain/tile_reset_domain_tile/fusion/fgra/fgra/unifiedpes_4/alu   12653.0545     0.4       4.7040      0.0000       0.0000 ALU_Unified_5
system/tile_prci_domain/tile_reset_domain_tile/fusion/fgra/fgra/unifiedpes_4/alu/eus_0    6787.4017     0.2       0.0000    166.0512       0.0000 EU_6
system/tile_prci_domain/tile_reset_domain_tile/fusion/fgra/fgra/unifiedpes_4/alu/eus_0/Muxn     168.1680     0.0     168.1680      0.0000       0.0000 Muxn_54_23
system/tile_prci_domain/tile_reset_domain_tile/fusion/fgra/fgra/unifiedpes_4/alu/eus_0/Muxn_1     162.7584     0.0     162.7584      0.0000       0.0000 Muxn_54_22
system/tile_prci_domain/tile_reset_domain_tile/fusion/fgra/fgra/unifiedpes_4/alu/eus_0/opCore    6290.4241     0.2       0.0000      0.0000       0.0000 Operator_Core_6
system/tile_prci_domain/tile_reset_domain_tile/fusion/fgra/fgra/unifiedpes_4/alu/eus_0/opCore/fmul    2311.5456     0.1      88.9056    555.7776       0.0000 FMUL_share_5
system/tile_prci_domain/tile_reset_domain_tile/fusion/fgra/fgra/unifiedpes_4/alu/eus_0/opCore/fmul/fmul_s1     411.8352     0.0     333.2784      0.0000       0.0000 FMUL_s1_5
system/tile_prci_domain/tile_reset_domain_tile/fusion/fgra/fgra/unifiedpes_4/alu/eus_0/opCore/fmul/fmul_s1/lzc_clz      78.5568     0.0      78.5568      0.0000       0.0000 CLZ_2_5
system/tile_prci_domain/tile_reset_domain_tile/fusion/fgra/fgra/unifiedpes_4/alu/eus_0/opCore/fmul/fmul_s2    1050.1680     0.0    1050.1680      0.0000       0.0000 FMUL_s2_5
system/tile_prci_domain/tile_reset_domain_tile/fusion/fgra/fgra/unifiedpes_4/alu/eus_0/opCore/fmul/fmul_s3     204.8592     0.0     104.1936      0.0000       0.0000 FMUL_s3_5
system/tile_prci_domain/tile_reset_domain_tile/fusion/fgra/fgra/unifiedpes_4/alu/eus_0/opCore/fmul/fmul_s3/rounder     100.6656     0.0     100.6656      0.0000       0.0000 RoundingUnit_142
system/tile_prci_domain/tile_reset_domain_tile/fusion/fgra/fgra/unifiedpes_4/alu/eus_0/opCore/multipler    3978.8785     0.1    3978.8785      0.0000       0.0000 Mul_5
system/tile_prci_domain/tile_reset_domain_tile/fusion/fgra/fgra/unifiedpes_4/alu/eus_1    5666.9089     0.2       0.0000    151.7040       0.0000 EU_1_5
system/tile_prci_domain/tile_reset_domain_tile/fusion/fgra/fgra/unifiedpes_4/alu/eus_1/Muxn     173.1072     0.0     173.1072      0.0000       0.0000 Muxn_54_21
system/tile_prci_domain/tile_reset_domain_tile/fusion/fgra/fgra/unifiedpes_4/alu/eus_1/Muxn_1     178.2816     0.0     178.2816      0.0000       0.0000 Muxn_54_20
system/tile_prci_domain/tile_reset_domain_tile/fusion/fgra/fgra/unifiedpes_4/alu/eus_1/opCore    5163.8161     0.2       1.8816      0.0000       0.0000 Operator_Core_1_5
system/tile_prci_domain/tile_reset_domain_tile/fusion/fgra/fgra/unifiedpes_4/alu/eus_1/opCore/fadd    5161.9345     0.2       0.0000      0.0000       0.0000 FADD_10
system/tile_prci_domain/tile_reset_domain_tile/fusion/fgra/fgra/unifiedpes_4/alu/eus_1/opCore/fadd/fcmaadd    5161.9345     0.2       2.5872      0.0000       0.0000 FCMA_ADD_10
system/tile_prci_domain/tile_reset_domain_tile/fusion/fgra/fgra/unifiedpes_4/alu/eus_1/opCore/fadd/fcmaadd/fadd_s1    3551.7553     0.1     622.3392      0.0000       0.0000 FCMA_ADD_s1_10
system/tile_prci_domain/tile_reset_domain_tile/fusion/fgra/fgra/unifiedpes_4/alu/eus_1/opCore/fadd/fcmaadd/fadd_s1/far_path_mods_0     958.6752     0.0     416.0688      0.0000       0.0000 FarPath_10
system/tile_prci_domain/tile_reset_domain_tile/fusion/fgra/fgra/unifiedpes_4/alu/eus_1/opCore/fadd/fcmaadd/fadd_s1/far_path_mods_0/shiftRightJam     542.6064     0.0     542.6064      0.0000       0.0000 ShiftRightJam_11
system/tile_prci_domain/tile_reset_domain_tile/fusion/fgra/fgra/unifiedpes_4/alu/eus_1/opCore/fadd/fcmaadd/fadd_s1/near_path_mods_0     989.7216     0.0     738.9984      0.0000       0.0000 NearPath_21
system/tile_prci_domain/tile_reset_domain_tile/fusion/fgra/fgra/unifiedpes_4/alu/eus_1/opCore/fadd/fcmaadd/fadd_s1/near_path_mods_0/lza_ab     155.7024     0.0     155.7024      0.0000       0.0000 LZA_22
system/tile_prci_domain/tile_reset_domain_tile/fusion/fgra/fgra/unifiedpes_4/alu/eus_1/opCore/fadd/fcmaadd/fadd_s1/near_path_mods_0/lzc_clz      95.0208     0.0      95.0208      0.0000       0.0000 CLZ_23
system/tile_prci_domain/tile_reset_domain_tile/fusion/fgra/fgra/unifiedpes_4/alu/eus_1/opCore/fadd/fcmaadd/fadd_s1/near_path_mods_1     981.0192     0.0     735.9408      0.0000       0.0000 NearPath_20
system/tile_prci_domain/tile_reset_domain_tile/fusion/fgra/fgra/unifiedpes_4/alu/eus_1/opCore/fadd/fcmaadd/fadd_s1/near_path_mods_1/lza_ab     146.0592     0.0     146.0592      0.0000       0.0000 LZA_21
system/tile_prci_domain/tile_reset_domain_tile/fusion/fgra/fgra/unifiedpes_4/alu/eus_1/opCore/fadd/fcmaadd/fadd_s1/near_path_mods_1/lzc_clz      99.0192     0.0      99.0192      0.0000       0.0000 CLZ_22
system/tile_prci_domain/tile_reset_domain_tile/fusion/fgra/fgra/unifiedpes_4/alu/eus_1/opCore/fadd/fcmaadd/fadd_s2    1607.5920     0.0    1177.4112      0.0000       0.0000 FCMA_ADD_s2_10
system/tile_prci_domain/tile_reset_domain_tile/fusion/fgra/fgra/unifiedpes_4/alu/eus_1/opCore/fadd/fcmaadd/fadd_s2/far_path_rounder     237.0816     0.0     237.0816      0.0000       0.0000 RoundingUnit_67
system/tile_prci_domain/tile_reset_domain_tile/fusion/fgra/fgra/unifiedpes_4/alu/eus_1/opCore/fadd/fcmaadd/fadd_s2/near_path_rounder     193.0992     0.0     193.0992      0.0000       0.0000 RoundingUnit_66
system/tile_prci_domain/tile_reset_domain_tile/fusion/fgra/fgra/unifiedpes_4/alu/outMuxCG     194.0400     0.0     194.0400      0.0000       0.0000 Muxn_6
system/tile_prci_domain/tile_reset_domain_tile/fusion/fgra/fgra/unifiedpes_4/cfg     912.3408     0.0     260.3664    651.9744       0.0000 ConfigMem_18_5
system/tile_prci_domain/tile_reset_domain_tile/fusion/fgra/fgra/unifiedpes_4/delayPipeCG   12082.6944     0.4    8728.7424   3353.9520       0.0000 SharedDelayPipe_36_5
system/tile_prci_domain/tile_reset_domain_tile/fusion/fgra/fgra/unifiedpes_5   26497.1617     0.8       6.8208      0.0000       0.0000 GPE_Unified_5
system/tile_prci_domain/tile_reset_domain_tile/fusion/fgra/fgra/unifiedpes_5/Muxn     291.6480     0.0     291.6480      0.0000       0.0000 Muxn_59_19
system/tile_prci_domain/tile_reset_domain_tile/fusion/fgra/fgra/unifiedpes_5/Muxn_1     262.9536     0.0     262.9536      0.0000       0.0000 Muxn_59_18
system/tile_prci_domain/tile_reset_domain_tile/fusion/fgra/fgra/unifiedpes_5/Muxn_2     292.5888     0.0     292.5888      0.0000       0.0000 Muxn_59_17
system/tile_prci_domain/tile_reset_domain_tile/fusion/fgra/fgra/unifiedpes_5/Muxn_3     290.9424     0.0     290.9424      0.0000       0.0000 Muxn_59_16
system/tile_prci_domain/tile_reset_domain_tile/fusion/fgra/fgra/unifiedpes_5/alu   12382.8097     0.4       8.4672      0.0000       0.0000 ALU_Unified_4
system/tile_prci_domain/tile_reset_domain_tile/fusion/fgra/fgra/unifiedpes_5/alu/eus_0    6739.6561     0.2       0.0000    167.6976       0.0000 EU_5
system/tile_prci_domain/tile_reset_domain_tile/fusion/fgra/fgra/unifiedpes_5/alu/eus_0/Muxn     200.6256     0.0     200.6256      0.0000       0.0000 Muxn_54_19
system/tile_prci_domain/tile_reset_domain_tile/fusion/fgra/fgra/unifiedpes_5/alu/eus_0/Muxn_1     164.6400     0.0     164.6400      0.0000       0.0000 Muxn_54_18
system/tile_prci_domain/tile_reset_domain_tile/fusion/fgra/fgra/unifiedpes_5/alu/eus_0/opCore    6206.6929     0.2       3.7632      0.0000       0.0000 Operator_Core_5
system/tile_prci_domain/tile_reset_domain_tile/fusion/fgra/fgra/unifiedpes_5/alu/eus_0/opCore/fmul    2281.4400     0.1      84.4368    556.0128       0.0000 FMUL_share_4
system/tile_prci_domain/tile_reset_domain_tile/fusion/fgra/fgra/unifiedpes_5/alu/eus_0/opCore/fmul/fmul_s1     390.9024     0.0     315.1680      0.0000       0.0000 FMUL_s1_4
system/tile_prci_domain/tile_reset_domain_tile/fusion/fgra/fgra/unifiedpes_5/alu/eus_0/opCore/fmul/fmul_s1/lzc_clz      75.7344     0.0      75.7344      0.0000       0.0000 CLZ_2_4
system/tile_prci_domain/tile_reset_domain_tile/fusion/fgra/fgra/unifiedpes_5/alu/eus_0/opCore/fmul/fmul_s2    1045.2288     0.0    1045.2288      0.0000       0.0000 FMUL_s2_4
system/tile_prci_domain/tile_reset_domain_tile/fusion/fgra/fgra/unifiedpes_5/alu/eus_0/opCore/fmul/fmul_s3     204.8592     0.0     104.1936      0.0000       0.0000 FMUL_s3_4
system/tile_prci_domain/tile_reset_domain_tile/fusion/fgra/fgra/unifiedpes_5/alu/eus_0/opCore/fmul/fmul_s3/rounder     100.6656     0.0     100.6656      0.0000       0.0000 RoundingUnit_140
system/tile_prci_domain/tile_reset_domain_tile/fusion/fgra/fgra/unifiedpes_5/alu/eus_0/opCore/multipler    3921.4896     0.1    3921.4896      0.0000       0.0000 Mul_4
system/tile_prci_domain/tile_reset_domain_tile/fusion/fgra/fgra/unifiedpes_5/alu/eus_1    5509.0897     0.2       0.0000    151.7040       0.0000 EU_1_4
system/tile_prci_domain/tile_reset_domain_tile/fusion/fgra/fgra/unifiedpes_5/alu/eus_1/Muxn     205.5648     0.0     205.5648      0.0000       0.0000 Muxn_54_17
system/tile_prci_domain/tile_reset_domain_tile/fusion/fgra/fgra/unifiedpes_5/alu/eus_1/Muxn_1     185.1024     0.0     185.1024      0.0000       0.0000 Muxn_54_16
system/tile_prci_domain/tile_reset_domain_tile/fusion/fgra/fgra/unifiedpes_5/alu/eus_1/opCore    4966.7185     0.1       0.0000      0.0000       0.0000 Operator_Core_1_4
system/tile_prci_domain/tile_reset_domain_tile/fusion/fgra/fgra/unifiedpes_5/alu/eus_1/opCore/fadd    4966.7185     0.1       0.0000      0.0000       0.0000 FADD_8
system/tile_prci_domain/tile_reset_domain_tile/fusion/fgra/fgra/unifiedpes_5/alu/eus_1/opCore/fadd/fcmaadd    4966.7185     0.1       5.4096      0.0000       0.0000 FCMA_ADD_8
system/tile_prci_domain/tile_reset_domain_tile/fusion/fgra/fgra/unifiedpes_5/alu/eus_1/opCore/fadd/fcmaadd/fadd_s1    3380.0592     0.1     607.9920      0.0000       0.0000 FCMA_ADD_s1_8
system/tile_prci_domain/tile_reset_domain_tile/fusion/fgra/fgra/unifiedpes_5/alu/eus_1/opCore/fadd/fcmaadd/fadd_s1/far_path_mods_0     861.7728     0.0     390.6672      0.0000       0.0000 FarPath_8
system/tile_prci_domain/tile_reset_domain_tile/fusion/fgra/fgra/unifiedpes_5/alu/eus_1/opCore/fadd/fcmaadd/fadd_s1/far_path_mods_0/shiftRightJam     471.1056     0.0     471.1056      0.0000       0.0000 ShiftRightJam_9
system/tile_prci_domain/tile_reset_domain_tile/fusion/fgra/fgra/unifiedpes_5/alu/eus_1/opCore/fadd/fcmaadd/fadd_s1/near_path_mods_0     960.3216     0.0     726.5328      0.0000       0.0000 NearPath_17
system/tile_prci_domain/tile_reset_domain_tile/fusion/fgra/fgra/unifiedpes_5/alu/eus_1/opCore/fadd/fcmaadd/fadd_s1/near_path_mods_0/lza_ab     140.6496     0.0     140.6496      0.0000       0.0000 LZA_18
system/tile_prci_domain/tile_reset_domain_tile/fusion/fgra/fgra/unifiedpes_5/alu/eus_1/opCore/fadd/fcmaadd/fadd_s1/near_path_mods_0/lzc_clz      93.1392     0.0      93.1392      0.0000       0.0000 CLZ_19
system/tile_prci_domain/tile_reset_domain_tile/fusion/fgra/fgra/unifiedpes_5/alu/eus_1/opCore/fadd/fcmaadd/fadd_s1/near_path_mods_1     949.9728     0.0     721.3584      0.0000       0.0000 NearPath_16
system/tile_prci_domain/tile_reset_domain_tile/fusion/fgra/fgra/unifiedpes_5/alu/eus_1/opCore/fadd/fcmaadd/fadd_s1/near_path_mods_1/lza_ab     141.8256     0.0     141.8256      0.0000       0.0000 LZA_17
system/tile_prci_domain/tile_reset_domain_tile/fusion/fgra/fgra/unifiedpes_5/alu/eus_1/opCore/fadd/fcmaadd/fadd_s1/near_path_mods_1/lzc_clz      86.7888     0.0      86.7888      0.0000       0.0000 CLZ_18
system/tile_prci_domain/tile_reset_domain_tile/fusion/fgra/fgra/unifiedpes_5/alu/eus_1/opCore/fadd/fcmaadd/fadd_s2    1581.2496     0.0    1149.6576      0.0000       0.0000 FCMA_ADD_s2_8
system/tile_prci_domain/tile_reset_domain_tile/fusion/fgra/fgra/unifiedpes_5/alu/eus_1/opCore/fadd/fcmaadd/fadd_s2/far_path_rounder     239.1984     0.0     239.1984      0.0000       0.0000 RoundingUnit_62
system/tile_prci_domain/tile_reset_domain_tile/fusion/fgra/fgra/unifiedpes_5/alu/eus_1/opCore/fadd/fcmaadd/fadd_s2/near_path_rounder     192.3936     0.0     192.3936      0.0000       0.0000 RoundingUnit_61
system/tile_prci_domain/tile_reset_domain_tile/fusion/fgra/fgra/unifiedpes_5/alu/outMuxCG     125.5968     0.0     125.5968      0.0000       0.0000 Muxn_5
system/tile_prci_domain/tile_reset_domain_tile/fusion/fgra/fgra/unifiedpes_5/cfg     935.1552     0.0     260.3664    674.7888       0.0000 ConfigMem_18_4
system/tile_prci_domain/tile_reset_domain_tile/fusion/fgra/fgra/unifiedpes_5/delayPipeCG   12034.2432     0.4    8675.3520   3358.8912       0.0000 SharedDelayPipe_36_4
system/tile_prci_domain/tile_reset_domain_tile/fusion/fgra/fgra/unifiedpes_6   26803.3922     0.8       5.1744      0.0000       0.0000 GPE_Unified_6
system/tile_prci_domain/tile_reset_domain_tile/fusion/fgra/fgra/unifiedpes_6/Muxn     318.4608     0.0     318.4608      0.0000       0.0000 Muxn_59_15
system/tile_prci_domain/tile_reset_domain_tile/fusion/fgra/fgra/unifiedpes_6/Muxn_1     311.1696     0.0     311.1696      0.0000       0.0000 Muxn_59_14
system/tile_prci_domain/tile_reset_domain_tile/fusion/fgra/fgra/unifiedpes_6/Muxn_2     275.4192     0.0     275.4192      0.0000       0.0000 Muxn_59_13
system/tile_prci_domain/tile_reset_domain_tile/fusion/fgra/fgra/unifiedpes_6/Muxn_3     282.4752     0.0     282.4752      0.0000       0.0000 Muxn_59_12
system/tile_prci_domain/tile_reset_domain_tile/fusion/fgra/fgra/unifiedpes_6/alu   12556.1521     0.4       2.8224      0.0000       0.0000 ALU_Unified_3
system/tile_prci_domain/tile_reset_domain_tile/fusion/fgra/fgra/unifiedpes_6/alu/eus_0    6797.5153     0.2       0.0000    152.1744       0.0000 EU_4
system/tile_prci_domain/tile_reset_domain_tile/fusion/fgra/fgra/unifiedpes_6/alu/eus_0/Muxn     190.7472     0.0     190.7472      0.0000       0.0000 Muxn_54_15
system/tile_prci_domain/tile_reset_domain_tile/fusion/fgra/fgra/unifiedpes_6/alu/eus_0/Muxn_1     178.7520     0.0     178.7520      0.0000       0.0000 Muxn_54_14
system/tile_prci_domain/tile_reset_domain_tile/fusion/fgra/fgra/unifiedpes_6/alu/eus_0/opCore    6275.8417     0.2       1.4112      0.0000       0.0000 Operator_Core_4
system/tile_prci_domain/tile_reset_domain_tile/fusion/fgra/fgra/unifiedpes_6/alu/eus_0/opCore/fmul    2285.2032     0.1      95.4912    555.7776       0.0000 FMUL_share_3
system/tile_prci_domain/tile_reset_domain_tile/fusion/fgra/fgra/unifiedpes_6/alu/eus_0/opCore/fmul/fmul_s1     388.7856     0.0     312.8160      0.0000       0.0000 FMUL_s1_3
system/tile_prci_domain/tile_reset_domain_tile/fusion/fgra/fgra/unifiedpes_6/alu/eus_0/opCore/fmul/fmul_s1/lzc_clz      75.9696     0.0      75.9696      0.0000       0.0000 CLZ_2_3
system/tile_prci_domain/tile_reset_domain_tile/fusion/fgra/fgra/unifiedpes_6/alu/eus_0/opCore/fmul/fmul_s2    1040.2896     0.0    1040.2896      0.0000       0.0000 FMUL_s2_3
system/tile_prci_domain/tile_reset_domain_tile/fusion/fgra/fgra/unifiedpes_6/alu/eus_0/opCore/fmul/fmul_s3     204.8592     0.0     104.1936      0.0000       0.0000 FMUL_s3_3
system/tile_prci_domain/tile_reset_domain_tile/fusion/fgra/fgra/unifiedpes_6/alu/eus_0/opCore/fmul/fmul_s3/rounder     100.6656     0.0     100.6656      0.0000       0.0000 RoundingUnit_124
system/tile_prci_domain/tile_reset_domain_tile/fusion/fgra/fgra/unifiedpes_6/alu/eus_0/opCore/multipler    3989.2273     0.1    3989.2273      0.0000       0.0000 Mul_3
system/tile_prci_domain/tile_reset_domain_tile/fusion/fgra/fgra/unifiedpes_6/alu/eus_1    5592.3505     0.2       0.0000    151.4688       0.0000 EU_1_3
system/tile_prci_domain/tile_reset_domain_tile/fusion/fgra/fgra/unifiedpes_6/alu/eus_1/Muxn     186.9840     0.0     186.9840      0.0000       0.0000 Muxn_54_13
system/tile_prci_domain/tile_reset_domain_tile/fusion/fgra/fgra/unifiedpes_6/alu/eus_1/Muxn_1     199.6848     0.0     199.6848      0.0000       0.0000 Muxn_54_12
system/tile_prci_domain/tile_reset_domain_tile/fusion/fgra/fgra/unifiedpes_6/alu/eus_1/opCore    5054.2129     0.2       1.8816      0.0000       0.0000 Operator_Core_1_3
system/tile_prci_domain/tile_reset_domain_tile/fusion/fgra/fgra/unifiedpes_6/alu/eus_1/opCore/fadd    5052.3313     0.2       0.0000      0.0000       0.0000 FADD_6
system/tile_prci_domain/tile_reset_domain_tile/fusion/fgra/fgra/unifiedpes_6/alu/eus_1/opCore/fadd/fcmaadd    5052.3313     0.2       2.5872      0.0000       0.0000 FCMA_ADD_6
system/tile_prci_domain/tile_reset_domain_tile/fusion/fgra/fgra/unifiedpes_6/alu/eus_1/opCore/fadd/fcmaadd/fadd_s1    3443.5633     0.1     640.9200      0.0000       0.0000 FCMA_ADD_s1_6
system/tile_prci_domain/tile_reset_domain_tile/fusion/fgra/fgra/unifiedpes_6/alu/eus_1/opCore/fadd/fcmaadd/fadd_s1/far_path_mods_0     854.9520     0.0     389.0208      0.0000       0.0000 FarPath_6
system/tile_prci_domain/tile_reset_domain_tile/fusion/fgra/fgra/unifiedpes_6/alu/eus_1/opCore/fadd/fcmaadd/fadd_s1/far_path_mods_0/shiftRightJam     465.9312     0.0     465.9312      0.0000       0.0000 ShiftRightJam_7
system/tile_prci_domain/tile_reset_domain_tile/fusion/fgra/fgra/unifiedpes_6/alu/eus_1/opCore/fadd/fcmaadd/fadd_s1/near_path_mods_0     969.9648     0.0     719.2416      0.0000       0.0000 NearPath_13
system/tile_prci_domain/tile_reset_domain_tile/fusion/fgra/fgra/unifiedpes_6/alu/eus_1/opCore/fadd/fcmaadd/fadd_s1/near_path_mods_0/lza_ab     147.2352     0.0     147.2352      0.0000       0.0000 LZA_14
system/tile_prci_domain/tile_reset_domain_tile/fusion/fgra/fgra/unifiedpes_6/alu/eus_1/opCore/fadd/fcmaadd/fadd_s1/near_path_mods_0/lzc_clz     103.4880     0.0     103.4880      0.0000       0.0000 CLZ_15
system/tile_prci_domain/tile_reset_domain_tile/fusion/fgra/fgra/unifiedpes_6/alu/eus_1/opCore/fadd/fcmaadd/fadd_s1/near_path_mods_1     977.7264     0.0     735.2352      0.0000       0.0000 NearPath_12
system/tile_prci_domain/tile_reset_domain_tile/fusion/fgra/fgra/unifiedpes_6/alu/eus_1/opCore/fadd/fcmaadd/fadd_s1/near_path_mods_1/lza_ab     147.4704     0.0     147.4704      0.0000       0.0000 LZA_13
system/tile_prci_domain/tile_reset_domain_tile/fusion/fgra/fgra/unifiedpes_6/alu/eus_1/opCore/fadd/fcmaadd/fadd_s1/near_path_mods_1/lzc_clz      95.0208     0.0      95.0208      0.0000       0.0000 CLZ_14
system/tile_prci_domain/tile_reset_domain_tile/fusion/fgra/fgra/unifiedpes_6/alu/eus_1/opCore/fadd/fcmaadd/fadd_s2    1606.1808     0.0    1172.7072      0.0000       0.0000 FCMA_ADD_s2_6
system/tile_prci_domain/tile_reset_domain_tile/fusion/fgra/fgra/unifiedpes_6/alu/eus_1/opCore/fadd/fcmaadd/fadd_s2/far_path_rounder     236.3760     0.0     236.3760      0.0000       0.0000 RoundingUnit_57
system/tile_prci_domain/tile_reset_domain_tile/fusion/fgra/fgra/unifiedpes_6/alu/eus_1/opCore/fadd/fcmaadd/fadd_s2/near_path_rounder     197.0976     0.0     197.0976      0.0000       0.0000 RoundingUnit_56
system/tile_prci_domain/tile_reset_domain_tile/fusion/fgra/fgra/unifiedpes_6/alu/outMuxCG     163.4640     0.0     163.4640      0.0000       0.0000 Muxn_4
system/tile_prci_domain/tile_reset_domain_tile/fusion/fgra/fgra/unifiedpes_6/cfg     959.1456     0.0     260.3664    698.7792       0.0000 ConfigMem_18_3
system/tile_prci_domain/tile_reset_domain_tile/fusion/fgra/fgra/unifiedpes_6/delayPipeCG   12095.3952     0.4    8733.4464   3361.9488       0.0000 SharedDelayPipe_36_3
system/tile_prci_domain/tile_reset_domain_tile/fusion/fgra/fgra/unifiedpes_7   26601.5906     0.8       5.4096      0.0000       0.0000 GPE_Unified_7
system/tile_prci_domain/tile_reset_domain_tile/fusion/fgra/fgra/unifiedpes_7/Muxn     297.2928     0.0     297.2928      0.0000       0.0000 Muxn_59_11
system/tile_prci_domain/tile_reset_domain_tile/fusion/fgra/fgra/unifiedpes_7/Muxn_1     265.5408     0.0     265.5408      0.0000       0.0000 Muxn_59_10
system/tile_prci_domain/tile_reset_domain_tile/fusion/fgra/fgra/unifiedpes_7/Muxn_2     305.0544     0.0     305.0544      0.0000       0.0000 Muxn_59_9
system/tile_prci_domain/tile_reset_domain_tile/fusion/fgra/fgra/unifiedpes_7/Muxn_3     267.6576     0.0     267.6576      0.0000       0.0000 Muxn_59_8
system/tile_prci_domain/tile_reset_domain_tile/fusion/fgra/fgra/unifiedpes_7/alu   12546.0385     0.4       0.0000      0.0000       0.0000 ALU_Unified_2
system/tile_prci_domain/tile_reset_domain_tile/fusion/fgra/fgra/unifiedpes_7/alu/eus_0    6831.3841     0.2       0.0000    158.9952       0.0000 EU_3
system/tile_prci_domain/tile_reset_domain_tile/fusion/fgra/fgra/unifiedpes_7/alu/eus_0/Muxn     189.1008     0.0     189.1008      0.0000       0.0000 Muxn_54_11
system/tile_prci_domain/tile_reset_domain_tile/fusion/fgra/fgra/unifiedpes_7/alu/eus_0/Muxn_1     178.7520     0.0     178.7520      0.0000       0.0000 Muxn_54_10
system/tile_prci_domain/tile_reset_domain_tile/fusion/fgra/fgra/unifiedpes_7/alu/eus_0/opCore    6304.5361     0.2       0.0000      0.0000       0.0000 Operator_Core_3
system/tile_prci_domain/tile_reset_domain_tile/fusion/fgra/fgra/unifiedpes_7/alu/eus_0/opCore/fmul    2312.4864     0.1      84.2016    555.7776       0.0000 FMUL_share_2
system/tile_prci_domain/tile_reset_domain_tile/fusion/fgra/fgra/unifiedpes_7/alu/eus_0/opCore/fmul/fmul_s1     406.1904     0.0     323.1648      0.0000       0.0000 FMUL_s1_2
system/tile_prci_domain/tile_reset_domain_tile/fusion/fgra/fgra/unifiedpes_7/alu/eus_0/opCore/fmul/fmul_s1/lzc_clz      83.0256     0.0      83.0256      0.0000       0.0000 CLZ_2_2
system/tile_prci_domain/tile_reset_domain_tile/fusion/fgra/fgra/unifiedpes_7/alu/eus_0/opCore/fmul/fmul_s2    1061.4576     0.0    1061.4576      0.0000       0.0000 FMUL_s2_2
system/tile_prci_domain/tile_reset_domain_tile/fusion/fgra/fgra/unifiedpes_7/alu/eus_0/opCore/fmul/fmul_s3     204.8592     0.0     104.1936      0.0000       0.0000 FMUL_s3_2
system/tile_prci_domain/tile_reset_domain_tile/fusion/fgra/fgra/unifiedpes_7/alu/eus_0/opCore/fmul/fmul_s3/rounder     100.6656     0.0     100.6656      0.0000       0.0000 RoundingUnit_122
system/tile_prci_domain/tile_reset_domain_tile/fusion/fgra/fgra/unifiedpes_7/alu/eus_0/opCore/multipler    3992.0497     0.1    3992.0497      0.0000       0.0000 Mul_2
system/tile_prci_domain/tile_reset_domain_tile/fusion/fgra/fgra/unifiedpes_7/alu/eus_1    5563.6561     0.2       1.6464    151.4688       0.0000 EU_1_2
system/tile_prci_domain/tile_reset_domain_tile/fusion/fgra/fgra/unifiedpes_7/alu/eus_1/Muxn     199.9200     0.0     199.9200      0.0000       0.0000 Muxn_54_9
system/tile_prci_domain/tile_reset_domain_tile/fusion/fgra/fgra/unifiedpes_7/alu/eus_1/Muxn_1     191.4528     0.0     191.4528      0.0000       0.0000 Muxn_54_8
system/tile_prci_domain/tile_reset_domain_tile/fusion/fgra/fgra/unifiedpes_7/alu/eus_1/opCore    5019.1681     0.1       0.0000      0.0000       0.0000 Operator_Core_1_2
system/tile_prci_domain/tile_reset_domain_tile/fusion/fgra/fgra/unifiedpes_7/alu/eus_1/opCore/fadd    5019.1681     0.1       0.0000      0.0000       0.0000 FADD_4
system/tile_prci_domain/tile_reset_domain_tile/fusion/fgra/fgra/unifiedpes_7/alu/eus_1/opCore/fadd/fcmaadd    5019.1681     0.1       4.2336      0.0000       0.0000 FCMA_ADD_4
system/tile_prci_domain/tile_reset_domain_tile/fusion/fgra/fgra/unifiedpes_7/alu/eus_1/opCore/fadd/fcmaadd/fadd_s1    3391.5840     0.1     605.1696      0.0000       0.0000 FCMA_ADD_s1_4
system/tile_prci_domain/tile_reset_domain_tile/fusion/fgra/fgra/unifiedpes_7/alu/eus_1/opCore/fadd/fcmaadd/fadd_s1/far_path_mods_0     857.3040     0.0     403.8384      0.0000       0.0000 FarPath_4
system/tile_prci_domain/tile_reset_domain_tile/fusion/fgra/fgra/unifiedpes_7/alu/eus_1/opCore/fadd/fcmaadd/fadd_s1/far_path_mods_0/shiftRightJam     453.4656     0.0     453.4656      0.0000       0.0000 ShiftRightJam_5
system/tile_prci_domain/tile_reset_domain_tile/fusion/fgra/fgra/unifiedpes_7/alu/eus_1/opCore/fadd/fcmaadd/fadd_s1/near_path_mods_0     977.7264     0.0     733.3536      0.0000       0.0000 NearPath_9
system/tile_prci_domain/tile_reset_domain_tile/fusion/fgra/fgra/unifiedpes_7/alu/eus_1/opCore/fadd/fcmaadd/fadd_s1/near_path_mods_0/lza_ab     139.9440     0.0     139.9440      0.0000       0.0000 LZA_10
system/tile_prci_domain/tile_reset_domain_tile/fusion/fgra/fgra/unifiedpes_7/alu/eus_1/opCore/fadd/fcmaadd/fadd_s1/near_path_mods_0/lzc_clz     104.4288     0.0     104.4288      0.0000       0.0000 CLZ_11
system/tile_prci_domain/tile_reset_domain_tile/fusion/fgra/fgra/unifiedpes_7/alu/eus_1/opCore/fadd/fcmaadd/fadd_s1/near_path_mods_1     951.3840     0.0     718.7712      0.0000       0.0000 NearPath_8
system/tile_prci_domain/tile_reset_domain_tile/fusion/fgra/fgra/unifiedpes_7/alu/eus_1/opCore/fadd/fcmaadd/fadd_s1/near_path_mods_1/lza_ab     139.7088     0.0     139.7088      0.0000       0.0000 LZA_9
system/tile_prci_domain/tile_reset_domain_tile/fusion/fgra/fgra/unifiedpes_7/alu/eus_1/opCore/fadd/fcmaadd/fadd_s1/near_path_mods_1/lzc_clz      92.9040     0.0      92.9040      0.0000       0.0000 CLZ_10
system/tile_prci_domain/tile_reset_domain_tile/fusion/fgra/fgra/unifiedpes_7/alu/eus_1/opCore/fadd/fcmaadd/fadd_s2    1623.3504     0.0    1174.3536      0.0000       0.0000 FCMA_ADD_s2_4
system/tile_prci_domain/tile_reset_domain_tile/fusion/fgra/fgra/unifiedpes_7/alu/eus_1/opCore/fadd/fcmaadd/fadd_s2/far_path_rounder     249.5472     0.0     249.5472      0.0000       0.0000 RoundingUnit_52
system/tile_prci_domain/tile_reset_domain_tile/fusion/fgra/fgra/unifiedpes_7/alu/eus_1/opCore/fadd/fcmaadd/fadd_s2/near_path_rounder     199.4496     0.0     199.4496      0.0000       0.0000 RoundingUnit_51
system/tile_prci_domain/tile_reset_domain_tile/fusion/fgra/fgra/unifiedpes_7/alu/outMuxCG     150.9984     0.0     150.9984      0.0000       0.0000 Muxn_3
system/tile_prci_domain/tile_reset_domain_tile/fusion/fgra/fgra/unifiedpes_7/cfg     888.8208     0.0     260.3664    628.4544       0.0000 ConfigMem_18_2
system/tile_prci_domain/tile_reset_domain_tile/fusion/fgra/fgra/unifiedpes_7/delayPipeCG   12025.7760     0.4    8647.1280   3378.6480       0.0000 SharedDelayPipe_36_2
system/tile_prci_domain/tile_reset_domain_tile/fusion/fgra/fgra/unifiedpes_8   26539.4978     0.8       7.5264      0.0000       0.0000 GPE_Unified_8
system/tile_prci_domain/tile_reset_domain_tile/fusion/fgra/fgra/unifiedpes_8/Muxn     300.8208     0.0     300.8208      0.0000       0.0000 Muxn_59_7
system/tile_prci_domain/tile_reset_domain_tile/fusion/fgra/fgra/unifiedpes_8/Muxn_1     290.7072     0.0     290.7072      0.0000       0.0000 Muxn_59_6
system/tile_prci_domain/tile_reset_domain_tile/fusion/fgra/fgra/unifiedpes_8/Muxn_2     273.3024     0.0     273.3024      0.0000       0.0000 Muxn_59_5
system/tile_prci_domain/tile_reset_domain_tile/fusion/fgra/fgra/unifiedpes_8/Muxn_3     270.0096     0.0     270.0096      0.0000       0.0000 Muxn_59_4
system/tile_prci_domain/tile_reset_domain_tile/fusion/fgra/fgra/unifiedpes_8/alu   12539.4529     0.4       1.4112      0.0000       0.0000 ALU_Unified_1
system/tile_prci_domain/tile_reset_domain_tile/fusion/fgra/fgra/unifiedpes_8/alu/eus_0    6815.6257     0.2       0.0000    150.7632       0.0000 EU_2
system/tile_prci_domain/tile_reset_domain_tile/fusion/fgra/fgra/unifiedpes_8/alu/eus_0/Muxn     184.6320     0.0     184.6320      0.0000       0.0000 Muxn_54_7
system/tile_prci_domain/tile_reset_domain_tile/fusion/fgra/fgra/unifiedpes_8/alu/eus_0/Muxn_1     183.4560     0.0     183.4560      0.0000       0.0000 Muxn_54_6
system/tile_prci_domain/tile_reset_domain_tile/fusion/fgra/fgra/unifiedpes_8/alu/eus_0/opCore    6296.7745     0.2       4.4688      0.0000       0.0000 Operator_Core_2
system/tile_prci_domain/tile_reset_domain_tile/fusion/fgra/fgra/unifiedpes_8/alu/eus_0/opCore/fmul    2294.3760     0.1      95.2560    555.5424       0.0000 FMUL_share_1
system/tile_prci_domain/tile_reset_domain_tile/fusion/fgra/fgra/unifiedpes_8/alu/eus_0/opCore/fmul/fmul_s1     401.4864     0.0     316.5792      0.0000       0.0000 FMUL_s1_1
system/tile_prci_domain/tile_reset_domain_tile/fusion/fgra/fgra/unifiedpes_8/alu/eus_0/opCore/fmul/fmul_s1/lzc_clz      84.9072     0.0      84.9072      0.0000       0.0000 CLZ_2_1
system/tile_prci_domain/tile_reset_domain_tile/fusion/fgra/fgra/unifiedpes_8/alu/eus_0/opCore/fmul/fmul_s2    1037.2320     0.0    1037.2320      0.0000       0.0000 FMUL_s2_1
system/tile_prci_domain/tile_reset_domain_tile/fusion/fgra/fgra/unifiedpes_8/alu/eus_0/opCore/fmul/fmul_s3     204.8592     0.0     104.1936      0.0000       0.0000 FMUL_s3_1
system/tile_prci_domain/tile_reset_domain_tile/fusion/fgra/fgra/unifiedpes_8/alu/eus_0/opCore/fmul/fmul_s3/rounder     100.6656     0.0     100.6656      0.0000       0.0000 RoundingUnit_120
system/tile_prci_domain/tile_reset_domain_tile/fusion/fgra/fgra/unifiedpes_8/alu/eus_0/opCore/multipler    3997.9297     0.1    3997.9297      0.0000       0.0000 Mul_1
system/tile_prci_domain/tile_reset_domain_tile/fusion/fgra/fgra/unifiedpes_8/alu/eus_1    5541.7825     0.2       0.0000    150.9984       0.0000 EU_1_1
system/tile_prci_domain/tile_reset_domain_tile/fusion/fgra/fgra/unifiedpes_8/alu/eus_1/Muxn     183.6912     0.0     183.6912      0.0000       0.0000 Muxn_54_5
system/tile_prci_domain/tile_reset_domain_tile/fusion/fgra/fgra/unifiedpes_8/alu/eus_1/Muxn_1     183.6912     0.0     183.6912      0.0000       0.0000 Muxn_54_4
system/tile_prci_domain/tile_reset_domain_tile/fusion/fgra/fgra/unifiedpes_8/alu/eus_1/opCore    5023.4017     0.1       0.0000      0.0000       0.0000 Operator_Core_1_1
system/tile_prci_domain/tile_reset_domain_tile/fusion/fgra/fgra/unifiedpes_8/alu/eus_1/opCore/fadd    5023.4017     0.1       0.0000      0.0000       0.0000 FADD_2
system/tile_prci_domain/tile_reset_domain_tile/fusion/fgra/fgra/unifiedpes_8/alu/eus_1/opCore/fadd/fcmaadd    5023.4017     0.1       2.3520      0.0000       0.0000 FCMA_ADD_2
system/tile_prci_domain/tile_reset_domain_tile/fusion/fgra/fgra/unifiedpes_8/alu/eus_1/opCore/fadd/fcmaadd/fadd_s1    3399.8160     0.1     618.5760      0.0000       0.0000 FCMA_ADD_s1_2
system/tile_prci_domain/tile_reset_domain_tile/fusion/fgra/fgra/unifiedpes_8/alu/eus_1/opCore/fadd/fcmaadd/fadd_s1/far_path_mods_0     848.8368     0.0     371.3808      0.0000       0.0000 FarPath_2
system/tile_prci_domain/tile_reset_domain_tile/fusion/fgra/fgra/unifiedpes_8/alu/eus_1/opCore/fadd/fcmaadd/fadd_s1/far_path_mods_0/shiftRightJam     477.4560     0.0     477.4560      0.0000       0.0000 ShiftRightJam_3
system/tile_prci_domain/tile_reset_domain_tile/fusion/fgra/fgra/unifiedpes_8/alu/eus_1/opCore/fadd/fcmaadd/fadd_s1/near_path_mods_0     975.3744     0.0     724.4160      0.0000       0.0000 NearPath_5
system/tile_prci_domain/tile_reset_domain_tile/fusion/fgra/fgra/unifiedpes_8/alu/eus_1/opCore/fadd/fcmaadd/fadd_s1/near_path_mods_0/lza_ab     154.5264     0.0     154.5264      0.0000       0.0000 LZA_6
system/tile_prci_domain/tile_reset_domain_tile/fusion/fgra/fgra/unifiedpes_8/alu/eus_1/opCore/fadd/fcmaadd/fadd_s1/near_path_mods_0/lzc_clz      96.4320     0.0      96.4320      0.0000       0.0000 CLZ_7
system/tile_prci_domain/tile_reset_domain_tile/fusion/fgra/fgra/unifiedpes_8/alu/eus_1/opCore/fadd/fcmaadd/fadd_s1/near_path_mods_1     957.0288     0.0     724.6512      0.0000       0.0000 NearPath_4
system/tile_prci_domain/tile_reset_domain_tile/fusion/fgra/fgra/unifiedpes_8/alu/eus_1/opCore/fadd/fcmaadd/fadd_s1/near_path_mods_1/lza_ab     136.6512     0.0     136.6512      0.0000       0.0000 LZA_5
system/tile_prci_domain/tile_reset_domain_tile/fusion/fgra/fgra/unifiedpes_8/alu/eus_1/opCore/fadd/fcmaadd/fadd_s1/near_path_mods_1/lzc_clz      95.7264     0.0      95.7264      0.0000       0.0000 CLZ_6
system/tile_prci_domain/tile_reset_domain_tile/fusion/fgra/fgra/unifiedpes_8/alu/eus_1/opCore/fadd/fcmaadd/fadd_s2    1621.2336     0.0    1187.5248      0.0000       0.0000 FCMA_ADD_s2_2
system/tile_prci_domain/tile_reset_domain_tile/fusion/fgra/fgra/unifiedpes_8/alu/eus_1/opCore/fadd/fcmaadd/fadd_s2/far_path_rounder     233.0832     0.0     233.0832      0.0000       0.0000 RoundingUnit_47
system/tile_prci_domain/tile_reset_domain_tile/fusion/fgra/fgra/unifiedpes_8/alu/eus_1/opCore/fadd/fcmaadd/fadd_s2/near_path_rounder     200.6256     0.0     200.6256      0.0000       0.0000 RoundingUnit_46
system/tile_prci_domain/tile_reset_domain_tile/fusion/fgra/fgra/unifiedpes_8/alu/outMuxCG     180.6336     0.0     180.6336      0.0000       0.0000 Muxn_1
system/tile_prci_domain/tile_reset_domain_tile/fusion/fgra/fgra/unifiedpes_8/cfg     836.1360     0.0     260.3664    575.7696       0.0000 ConfigMem_18_1
system/tile_prci_domain/tile_reset_domain_tile/fusion/fgra/fgra/unifiedpes_8/delayPipeCG   12021.5424     0.4    8675.1168   3346.4256       0.0000 SharedDelayPipe_36_1
system/tile_prci_domain/tile_reset_domain_tile/fusion/fgra/fgra/unifiedpes_9   26855.1362     0.8       5.1744      0.0000       0.0000 GPE_Unified_9
system/tile_prci_domain/tile_reset_domain_tile/fusion/fgra/fgra/unifiedpes_9/Muxn     303.6432     0.0     303.6432      0.0000       0.0000 Muxn_59_3
system/tile_prci_domain/tile_reset_domain_tile/fusion/fgra/fgra/unifiedpes_9/Muxn_1     271.4208     0.0     271.4208      0.0000       0.0000 Muxn_59_2
system/tile_prci_domain/tile_reset_domain_tile/fusion/fgra/fgra/unifiedpes_9/Muxn_2     300.5856     0.0     300.5856      0.0000       0.0000 Muxn_59_1
system/tile_prci_domain/tile_reset_domain_tile/fusion/fgra/fgra/unifiedpes_9/Muxn_3     268.5984     0.0     268.5984      0.0000       0.0000 Muxn_59_0
system/tile_prci_domain/tile_reset_domain_tile/fusion/fgra/fgra/unifiedpes_9/alu   12729.2594     0.4       4.7040      0.0000       0.0000 ALU_Unified_0
system/tile_prci_domain/tile_reset_domain_tile/fusion/fgra/fgra/unifiedpes_9/alu/eus_0    6837.7345     0.2       0.0000    174.0480       0.0000 EU_0
system/tile_prci_domain/tile_reset_domain_tile/fusion/fgra/fgra/unifiedpes_9/alu/eus_0/Muxn     189.5712     0.0     189.5712      0.0000       0.0000 Muxn_54_3
system/tile_prci_domain/tile_reset_domain_tile/fusion/fgra/fgra/unifiedpes_9/alu/eus_0/Muxn_1     174.9888     0.0     174.9888      0.0000       0.0000 Muxn_54_2
system/tile_prci_domain/tile_reset_domain_tile/fusion/fgra/fgra/unifiedpes_9/alu/eus_0/opCore    6299.1265     0.2       1.8816      0.0000       0.0000 Operator_Core_0
system/tile_prci_domain/tile_reset_domain_tile/fusion/fgra/fgra/unifiedpes_9/alu/eus_0/opCore/fmul    2295.5520     0.1      91.7280    555.3072       0.0000 FMUL_share_0
system/tile_prci_domain/tile_reset_domain_tile/fusion/fgra/fgra/unifiedpes_9/alu/eus_0/opCore/fmul/fmul_s1     404.0736     0.0     329.2800      0.0000       0.0000 FMUL_s1_0
system/tile_prci_domain/tile_reset_domain_tile/fusion/fgra/fgra/unifiedpes_9/alu/eus_0/opCore/fmul/fmul_s1/lzc_clz      74.7936     0.0      74.7936      0.0000       0.0000 CLZ_2_0
system/tile_prci_domain/tile_reset_domain_tile/fusion/fgra/fgra/unifiedpes_9/alu/eus_0/opCore/fmul/fmul_s2    1039.5840     0.0    1039.5840      0.0000       0.0000 FMUL_s2_0
system/tile_prci_domain/tile_reset_domain_tile/fusion/fgra/fgra/unifiedpes_9/alu/eus_0/opCore/fmul/fmul_s3     204.8592     0.0     104.1936      0.0000       0.0000 FMUL_s3_0
system/tile_prci_domain/tile_reset_domain_tile/fusion/fgra/fgra/unifiedpes_9/alu/eus_0/opCore/fmul/fmul_s3/rounder     100.6656     0.0     100.6656      0.0000       0.0000 RoundingUnit_118
system/tile_prci_domain/tile_reset_domain_tile/fusion/fgra/fgra/unifiedpes_9/alu/eus_0/opCore/multipler    4001.6929     0.1    4001.6929      0.0000       0.0000 Mul_0
system/tile_prci_domain/tile_reset_domain_tile/fusion/fgra/fgra/unifiedpes_9/alu/eus_1    5717.0065     0.2       0.0000    151.7040       0.0000 EU_1_0
system/tile_prci_domain/tile_reset_domain_tile/fusion/fgra/fgra/unifiedpes_9/alu/eus_1/Muxn     196.8624     0.0     196.8624      0.0000       0.0000 Muxn_54_1
system/tile_prci_domain/tile_reset_domain_tile/fusion/fgra/fgra/unifiedpes_9/alu/eus_1/Muxn_1     182.2800     0.0     182.2800      0.0000       0.0000 Muxn_54_0
system/tile_prci_domain/tile_reset_domain_tile/fusion/fgra/fgra/unifiedpes_9/alu/eus_1/opCore    5186.1601     0.2       0.0000      0.0000       0.0000 Operator_Core_1_0
system/tile_prci_domain/tile_reset_domain_tile/fusion/fgra/fgra/unifiedpes_9/alu/eus_1/opCore/fadd    5186.1601     0.2       0.0000      0.0000       0.0000 FADD_0
system/tile_prci_domain/tile_reset_domain_tile/fusion/fgra/fgra/unifiedpes_9/alu/eus_1/opCore/fadd/fcmaadd    5186.1601     0.2       2.3520      0.0000       0.0000 FCMA_ADD_0
system/tile_prci_domain/tile_reset_domain_tile/fusion/fgra/fgra/unifiedpes_9/alu/eus_1/opCore/fadd/fcmaadd/fadd_s1    3503.3041     0.1     627.5136      0.0000       0.0000 FCMA_ADD_s1_0
system/tile_prci_domain/tile_reset_domain_tile/fusion/fgra/fgra/unifiedpes_9/alu/eus_1/opCore/fadd/fcmaadd/fadd_s1/far_path_mods_0     870.2400     0.0     378.6720      0.0000       0.0000 FarPath_0
system/tile_prci_domain/tile_reset_domain_tile/fusion/fgra/fgra/unifiedpes_9/alu/eus_1/opCore/fadd/fcmaadd/fadd_s1/far_path_mods_0/shiftRightJam     491.5680     0.0     491.5680      0.0000       0.0000 ShiftRightJam_0
system/tile_prci_domain/tile_reset_domain_tile/fusion/fgra/fgra/unifiedpes_9/alu/eus_1/opCore/fadd/fcmaadd/fadd_s1/near_path_mods_0    1012.3008     0.0     751.4640      0.0000       0.0000 NearPath_1
system/tile_prci_domain/tile_reset_domain_tile/fusion/fgra/fgra/unifiedpes_9/alu/eus_1/opCore/fadd/fcmaadd/fadd_s1/near_path_mods_0/lza_ab     163.6992     0.0     163.6992      0.0000       0.0000 LZA_1
system/tile_prci_domain/tile_reset_domain_tile/fusion/fgra/fgra/unifiedpes_9/alu/eus_1/opCore/fadd/fcmaadd/fadd_s1/near_path_mods_0/lzc_clz      97.1376     0.0      97.1376      0.0000       0.0000 CLZ_1
system/tile_prci_domain/tile_reset_domain_tile/fusion/fgra/fgra/unifiedpes_9/alu/eus_1/opCore/fadd/fcmaadd/fadd_s1/near_path_mods_1     993.2496     0.0     744.4080      0.0000       0.0000 NearPath_0
system/tile_prci_domain/tile_reset_domain_tile/fusion/fgra/fgra/unifiedpes_9/alu/eus_1/opCore/fadd/fcmaadd/fadd_s1/near_path_mods_1/lza_ab     148.4112     0.0     148.4112      0.0000       0.0000 LZA_0
system/tile_prci_domain/tile_reset_domain_tile/fusion/fgra/fgra/unifiedpes_9/alu/eus_1/opCore/fadd/fcmaadd/fadd_s1/near_path_mods_1/lzc_clz     100.4304     0.0     100.4304      0.0000       0.0000 CLZ_0
system/tile_prci_domain/tile_reset_domain_tile/fusion/fgra/fgra/unifiedpes_9/alu/eus_1/opCore/fadd/fcmaadd/fadd_s2    1680.5040     0.0    1235.7408      0.0000       0.0000 FCMA_ADD_s2_0
system/tile_prci_domain/tile_reset_domain_tile/fusion/fgra/fgra/unifiedpes_9/alu/eus_1/opCore/fadd/fcmaadd/fadd_s2/far_path_rounder     239.9040     0.0     239.9040      0.0000       0.0000 RoundingUnit_42
system/tile_prci_domain/tile_reset_domain_tile/fusion/fgra/fgra/unifiedpes_9/alu/eus_1/opCore/fadd/fcmaadd/fadd_s2/near_path_rounder     204.8592     0.0     204.8592      0.0000       0.0000 RoundingUnit_41
system/tile_prci_domain/tile_reset_domain_tile/fusion/fgra/fgra/unifiedpes_9/alu/outMuxCG     169.8144     0.0     169.8144      0.0000       0.0000 Muxn_0
system/tile_prci_domain/tile_reset_domain_tile/fusion/fgra/fgra/unifiedpes_9/cfg     936.0960     0.0     260.3664    675.7296       0.0000 ConfigMem_18_0
system/tile_prci_domain/tile_reset_domain_tile/fusion/fgra/fgra/unifiedpes_9/delayPipeCG   12040.3584     0.4    8681.4672   3358.8912       0.0000 SharedDelayPipe_36_0
system/tile_prci_domain/tile_reset_domain_tile/fusion/fgra/sram_coalesce_iob    4764.9168     0.1       7.0560      0.0000       0.0000 SRAMCoalesce
system/tile_prci_domain/tile_reset_domain_tile/fusion/fgra/sram_coalesce_iob/group    1583.3664     0.0    1508.1024     75.2640       0.0000 SRAMBanksCoalesce_2
system/tile_prci_domain/tile_reset_domain_tile/fusion/fgra/sram_coalesce_iob/group_1    1586.6592     0.0    1511.3952     75.2640       0.0000 SRAMBanksCoalesce_1
system/tile_prci_domain/tile_reset_domain_tile/fusion/fgra/sram_coalesce_iob/group_2    1587.8352     0.0    1512.5712     75.2640       0.0000 SRAMBanksCoalesce_0
system/tile_prci_domain/tile_reset_domain_tile/fusion/loader    7341.0624     0.2     589.1760    827.9040       0.0000 LoadController
system/tile_prci_domain/tile_reset_domain_tile/fusion/loader/que    2181.2448     0.1      17.8752     14.1120       0.0000 Queue_77
system/tile_prci_domain/tile_reset_domain_tile/fusion/loader/que/ram_ext    2149.2576     0.1     945.0336   1204.2240       0.0000 ram_combMem_32
system/tile_prci_domain/tile_reset_domain_tile/fusion/loader/spadReqQue    3742.7376     0.1      26.1072     23.5200       0.0000 Queue_76
system/tile_prci_domain/tile_reset_domain_tile/fusion/loader/spadReqQue/ram_ext    3693.1104     0.1    1623.3504   2069.7600       0.0000 ram_combMem_31
system/tile_prci_domain/tile_reset_domain_tile/fusion/reservation   18197.6593     0.5     230.2608     84.6720       0.0000 ReservationStation
system/tile_prci_domain/tile_reset_domain_tile/fusion/reservation/cmd_que    3505.8912     0.1      26.1072     23.5200       0.0000 Queue_68_1
system/tile_prci_domain/tile_reset_domain_tile/fusion/reservation/cmd_que/ram_ext    3456.2640     0.1    1518.2160   1938.0480       0.0000 ram_combMem_44_1
system/tile_prci_domain/tile_reset_domain_tile/fusion/reservation/ex_cmd_que    1698.1440     0.1      26.1072     23.5200       0.0000 Queue_68_0
system/tile_prci_domain/tile_reset_domain_tile/fusion/reservation/ex_cmd_que/ram_ext    1648.5168     0.0     726.5328    921.9840       0.0000 ram_combMem_44_0
system/tile_prci_domain/tile_reset_domain_tile/fusion/reservation/ex_resv_que     224.1456     0.0      26.1072     23.5200       0.0000 Queue_75
system/tile_prci_domain/tile_reset_domain_tile/fusion/reservation/ex_resv_que/ram_ext     174.5184     0.0      80.4384     94.0800       0.0000 ram_combMem_2
system/tile_prci_domain/tile_reset_domain_tile/fusion/reservation/ld_cfg_resv_que     179.4576     0.0      27.7536     23.5200       0.0000 Queue_73
system/tile_prci_domain/tile_reset_domain_tile/fusion/reservation/ld_cfg_resv_que/ram_ext     128.1840     0.0      57.6240     70.5600       0.0000 ram_combMem_0
system/tile_prci_domain/tile_reset_domain_tile/fusion/reservation/ld_cmd_que    6024.8832     0.2      35.7504     32.9280       0.0000 Queue_69_1
system/tile_prci_domain/tile_reset_domain_tile/fusion/reservation/ld_cmd_que/ram_ext    5956.2048     0.2    2569.3248   3386.8800       0.0000 ram_combMem_45_1
system/tile_prci_domain/tile_reset_domain_tile/fusion/reservation/ld_dat_resv_que     417.4800     0.0      35.7504     32.9280       0.0000 Queue_72_1
system/tile_prci_domain/tile_reset_domain_tile/fusion/reservation/ld_dat_resv_que/ram_ext     348.8016     0.0     160.6416    188.1600       0.0000 ram_combMem_1_1
system/tile_prci_domain/tile_reset_domain_tile/fusion/reservation/st_cmd_que    5763.3408     0.2      35.7504     32.9280       0.0000 Queue_69_0
system/tile_prci_domain/tile_reset_domain_tile/fusion/reservation/st_cmd_que/ram_ext    5694.6624     0.2    2458.3104   3236.3520       0.0000 ram_combMem_45_0
system/tile_prci_domain/tile_reset_domain_tile/fusion/reservation/st_resv_que      69.3840     0.0      36.4560     32.9280       0.0000 Queue_72_0
system/tile_prci_domain/tile_reset_domain_tile/fusion/spad  747401.3911    22.2   14527.3632   1807.7472       0.0000 Scratchpad
system/tile_prci_domain/tile_reset_domain_tile/fusion/spad/SpadReadInterface    1659.5712     0.0    1659.5712      0.0000       0.0000 SpadReadInterface
system/tile_prci_domain/tile_reset_domain_tile/fusion/spad/TrueDualPortSRAMAsym   56816.5584     1.7    1207.7520     18.8160       0.0000 TrueDualPortSRAMAsym_11
system/tile_prci_domain/tile_reset_domain_tile/fusion/spad/TrueDualPortSRAMAsym/TrueDualPortSRAM_32_8   13897.4976     0.4       0.0000      0.0000       0.0000 TrueDualPortSRAM_32_8_47
system/tile_prci_domain/tile_reset_domain_tile/fusion/spad/TrueDualPortSRAMAsym/TrueDualPortSRAM_32_8/sram   13897.4976     0.4       0.7056      0.0000   13896.7920 dp_sram_32_8_ip_47
system/tile_prci_domain/tile_reset_domain_tile/fusion/spad/TrueDualPortSRAMAsym/TrueDualPortSRAM_32_8_1   13897.4976     0.4       0.0000      0.0000       0.0000 TrueDualPortSRAM_32_8_46
system/tile_prci_domain/tile_reset_domain_tile/fusion/spad/TrueDualPortSRAMAsym/TrueDualPortSRAM_32_8_1/sram   13897.4976     0.4       0.7056      0.0000   13896.7920 dp_sram_32_8_ip_46
system/tile_prci_domain/tile_reset_domain_tile/fusion/spad/TrueDualPortSRAMAsym/TrueDualPortSRAM_32_8_2   13897.4976     0.4       0.0000      0.0000       0.0000 TrueDualPortSRAM_32_8_45
system/tile_prci_domain/tile_reset_domain_tile/fusion/spad/TrueDualPortSRAMAsym/TrueDualPortSRAM_32_8_2/sram   13897.4976     0.4       0.7056      0.0000   13896.7920 dp_sram_32_8_ip_45
system/tile_prci_domain/tile_reset_domain_tile/fusion/spad/TrueDualPortSRAMAsym/TrueDualPortSRAM_32_8_3   13897.4976     0.4       0.0000      0.0000       0.0000 TrueDualPortSRAM_32_8_44
system/tile_prci_domain/tile_reset_domain_tile/fusion/spad/TrueDualPortSRAMAsym/TrueDualPortSRAM_32_8_3/sram   13897.4976     0.4       0.7056      0.0000   13896.7920 dp_sram_32_8_ip_44
system/tile_prci_domain/tile_reset_domain_tile/fusion/spad/TrueDualPortSRAMAsym_1   56820.3216     1.7    1211.5152     18.8160       0.0000 TrueDualPortSRAMAsym_10
system/tile_prci_domain/tile_reset_domain_tile/fusion/spad/TrueDualPortSRAMAsym_1/TrueDualPortSRAM_32_8   13897.4976     0.4       0.0000      0.0000       0.0000 TrueDualPortSRAM_32_8_43
system/tile_prci_domain/tile_reset_domain_tile/fusion/spad/TrueDualPortSRAMAsym_1/TrueDualPortSRAM_32_8/sram   13897.4976     0.4       0.7056      0.0000   13896.7920 dp_sram_32_8_ip_43
system/tile_prci_domain/tile_reset_domain_tile/fusion/spad/TrueDualPortSRAMAsym_1/TrueDualPortSRAM_32_8_1   13897.4976     0.4       0.0000      0.0000       0.0000 TrueDualPortSRAM_32_8_42
system/tile_prci_domain/tile_reset_domain_tile/fusion/spad/TrueDualPortSRAMAsym_1/TrueDualPortSRAM_32_8_1/sram   13897.4976     0.4       0.7056      0.0000   13896.7920 dp_sram_32_8_ip_42
system/tile_prci_domain/tile_reset_domain_tile/fusion/spad/TrueDualPortSRAMAsym_1/TrueDualPortSRAM_32_8_2   13897.4976     0.4       0.0000      0.0000       0.0000 TrueDualPortSRAM_32_8_41
system/tile_prci_domain/tile_reset_domain_tile/fusion/spad/TrueDualPortSRAMAsym_1/TrueDualPortSRAM_32_8_2/sram   13897.4976     0.4       0.7056      0.0000   13896.7920 dp_sram_32_8_ip_41
system/tile_prci_domain/tile_reset_domain_tile/fusion/spad/TrueDualPortSRAMAsym_1/TrueDualPortSRAM_32_8_3   13897.4976     0.4       0.0000      0.0000       0.0000 TrueDualPortSRAM_32_8_40
system/tile_prci_domain/tile_reset_domain_tile/fusion/spad/TrueDualPortSRAMAsym_1/TrueDualPortSRAM_32_8_3/sram   13897.4976     0.4       0.7056      0.0000   13896.7920 dp_sram_32_8_ip_40
system/tile_prci_domain/tile_reset_domain_tile/fusion/spad/TrueDualPortSRAMAsym_10   56807.8560     1.7    1199.0496     18.8160       0.0000 TrueDualPortSRAMAsym_1
system/tile_prci_domain/tile_reset_domain_tile/fusion/spad/TrueDualPortSRAMAsym_10/TrueDualPortSRAM_32_8   13897.4976     0.4       0.0000      0.0000       0.0000 TrueDualPortSRAM_32_8_7
system/tile_prci_domain/tile_reset_domain_tile/fusion/spad/TrueDualPortSRAMAsym_10/TrueDualPortSRAM_32_8/sram   13897.4976     0.4       0.7056      0.0000   13896.7920 dp_sram_32_8_ip_7
system/tile_prci_domain/tile_reset_domain_tile/fusion/spad/TrueDualPortSRAMAsym_10/TrueDualPortSRAM_32_8_1   13897.4976     0.4       0.0000      0.0000       0.0000 TrueDualPortSRAM_32_8_6
system/tile_prci_domain/tile_reset_domain_tile/fusion/spad/TrueDualPortSRAMAsym_10/TrueDualPortSRAM_32_8_1/sram   13897.4976     0.4       0.7056      0.0000   13896.7920 dp_sram_32_8_ip_6
system/tile_prci_domain/tile_reset_domain_tile/fusion/spad/TrueDualPortSRAMAsym_10/TrueDualPortSRAM_32_8_2   13897.4976     0.4       0.0000      0.0000       0.0000 TrueDualPortSRAM_32_8_5
system/tile_prci_domain/tile_reset_domain_tile/fusion/spad/TrueDualPortSRAMAsym_10/TrueDualPortSRAM_32_8_2/sram   13897.4976     0.4       0.7056      0.0000   13896.7920 dp_sram_32_8_ip_5
system/tile_prci_domain/tile_reset_domain_tile/fusion/spad/TrueDualPortSRAMAsym_10/TrueDualPortSRAM_32_8_3   13897.4976     0.4       0.0000      0.0000       0.0000 TrueDualPortSRAM_32_8_4
system/tile_prci_domain/tile_reset_domain_tile/fusion/spad/TrueDualPortSRAMAsym_10/TrueDualPortSRAM_32_8_3/sram   13897.4976     0.4       0.7056      0.0000   13896.7920 dp_sram_32_8_ip_4
system/tile_prci_domain/tile_reset_domain_tile/fusion/spad/TrueDualPortSRAMAsym_11   56816.5584     1.7    1207.7520     18.8160       0.0000 TrueDualPortSRAMAsym_0
system/tile_prci_domain/tile_reset_domain_tile/fusion/spad/TrueDualPortSRAMAsym_11/TrueDualPortSRAM_32_8   13897.4976     0.4       0.0000      0.0000       0.0000 TrueDualPortSRAM_32_8_3
system/tile_prci_domain/tile_reset_domain_tile/fusion/spad/TrueDualPortSRAMAsym_11/TrueDualPortSRAM_32_8/sram   13897.4976     0.4       0.7056      0.0000   13896.7920 dp_sram_32_8_ip_3
system/tile_prci_domain/tile_reset_domain_tile/fusion/spad/TrueDualPortSRAMAsym_11/TrueDualPortSRAM_32_8_1   13897.4976     0.4       0.0000      0.0000       0.0000 TrueDualPortSRAM_32_8_2
system/tile_prci_domain/tile_reset_domain_tile/fusion/spad/TrueDualPortSRAMAsym_11/TrueDualPortSRAM_32_8_1/sram   13897.4976     0.4       0.7056      0.0000   13896.7920 dp_sram_32_8_ip_2
system/tile_prci_domain/tile_reset_domain_tile/fusion/spad/TrueDualPortSRAMAsym_11/TrueDualPortSRAM_32_8_2   13897.4976     0.4       0.0000      0.0000       0.0000 TrueDualPortSRAM_32_8_1
system/tile_prci_domain/tile_reset_domain_tile/fusion/spad/TrueDualPortSRAMAsym_11/TrueDualPortSRAM_32_8_2/sram   13897.4976     0.4       0.7056      0.0000   13896.7920 dp_sram_32_8_ip_1
system/tile_prci_domain/tile_reset_domain_tile/fusion/spad/TrueDualPortSRAMAsym_11/TrueDualPortSRAM_32_8_3   13897.4976     0.4       0.0000      0.0000       0.0000 TrueDualPortSRAM_32_8_0
system/tile_prci_domain/tile_reset_domain_tile/fusion/spad/TrueDualPortSRAMAsym_11/TrueDualPortSRAM_32_8_3/sram   13897.4976     0.4       0.7056      0.0000   13896.7920 dp_sram_32_8_ip_0
system/tile_prci_domain/tile_reset_domain_tile/fusion/spad/TrueDualPortSRAMAsym_2   56816.5584     1.7    1207.7520     18.8160       0.0000 TrueDualPortSRAMAsym_9
system/tile_prci_domain/tile_reset_domain_tile/fusion/spad/TrueDualPortSRAMAsym_2/TrueDualPortSRAM_32_8   13897.4976     0.4       0.0000      0.0000       0.0000 TrueDualPortSRAM_32_8_39
system/tile_prci_domain/tile_reset_domain_tile/fusion/spad/TrueDualPortSRAMAsym_2/TrueDualPortSRAM_32_8/sram   13897.4976     0.4       0.7056      0.0000   13896.7920 dp_sram_32_8_ip_39
system/tile_prci_domain/tile_reset_domain_tile/fusion/spad/TrueDualPortSRAMAsym_2/TrueDualPortSRAM_32_8_1   13897.4976     0.4       0.0000      0.0000       0.0000 TrueDualPortSRAM_32_8_38
system/tile_prci_domain/tile_reset_domain_tile/fusion/spad/TrueDualPortSRAMAsym_2/TrueDualPortSRAM_32_8_1/sram   13897.4976     0.4       0.7056      0.0000   13896.7920 dp_sram_32_8_ip_38
system/tile_prci_domain/tile_reset_domain_tile/fusion/spad/TrueDualPortSRAMAsym_2/TrueDualPortSRAM_32_8_2   13897.4976     0.4       0.0000      0.0000       0.0000 TrueDualPortSRAM_32_8_37
system/tile_prci_domain/tile_reset_domain_tile/fusion/spad/TrueDualPortSRAMAsym_2/TrueDualPortSRAM_32_8_2/sram   13897.4976     0.4       0.7056      0.0000   13896.7920 dp_sram_32_8_ip_37
system/tile_prci_domain/tile_reset_domain_tile/fusion/spad/TrueDualPortSRAMAsym_2/TrueDualPortSRAM_32_8_3   13897.4976     0.4       0.0000      0.0000       0.0000 TrueDualPortSRAM_32_8_36
system/tile_prci_domain/tile_reset_domain_tile/fusion/spad/TrueDualPortSRAMAsym_2/TrueDualPortSRAM_32_8_3/sram   13897.4976     0.4       0.7056      0.0000   13896.7920 dp_sram_32_8_ip_36
system/tile_prci_domain/tile_reset_domain_tile/fusion/spad/TrueDualPortSRAMAsym_3   56818.6752     1.7    1209.8688     18.8160       0.0000 TrueDualPortSRAMAsym_8
system/tile_prci_domain/tile_reset_domain_tile/fusion/spad/TrueDualPortSRAMAsym_3/TrueDualPortSRAM_32_8   13897.4976     0.4       0.0000      0.0000       0.0000 TrueDualPortSRAM_32_8_35
system/tile_prci_domain/tile_reset_domain_tile/fusion/spad/TrueDualPortSRAMAsym_3/TrueDualPortSRAM_32_8/sram   13897.4976     0.4       0.7056      0.0000   13896.7920 dp_sram_32_8_ip_35
system/tile_prci_domain/tile_reset_domain_tile/fusion/spad/TrueDualPortSRAMAsym_3/TrueDualPortSRAM_32_8_1   13897.4976     0.4       0.0000      0.0000       0.0000 TrueDualPortSRAM_32_8_34
system/tile_prci_domain/tile_reset_domain_tile/fusion/spad/TrueDualPortSRAMAsym_3/TrueDualPortSRAM_32_8_1/sram   13897.4976     0.4       0.7056      0.0000   13896.7920 dp_sram_32_8_ip_34
system/tile_prci_domain/tile_reset_domain_tile/fusion/spad/TrueDualPortSRAMAsym_3/TrueDualPortSRAM_32_8_2   13897.4976     0.4       0.0000      0.0000       0.0000 TrueDualPortSRAM_32_8_33
system/tile_prci_domain/tile_reset_domain_tile/fusion/spad/TrueDualPortSRAMAsym_3/TrueDualPortSRAM_32_8_2/sram   13897.4976     0.4       0.7056      0.0000   13896.7920 dp_sram_32_8_ip_33
system/tile_prci_domain/tile_reset_domain_tile/fusion/spad/TrueDualPortSRAMAsym_3/TrueDualPortSRAM_32_8_3   13897.4976     0.4       0.0000      0.0000       0.0000 TrueDualPortSRAM_32_8_32
system/tile_prci_domain/tile_reset_domain_tile/fusion/spad/TrueDualPortSRAMAsym_3/TrueDualPortSRAM_32_8_3/sram   13897.4976     0.4       0.7056      0.0000   13896.7920 dp_sram_32_8_ip_32
system/tile_prci_domain/tile_reset_domain_tile/fusion/spad/TrueDualPortSRAMAsym_4   56821.0272     1.7    1212.2208     18.8160       0.0000 TrueDualPortSRAMAsym_7
system/tile_prci_domain/tile_reset_domain_tile/fusion/spad/TrueDualPortSRAMAsym_4/TrueDualPortSRAM_32_8   13897.4976     0.4       0.0000      0.0000       0.0000 TrueDualPortSRAM_32_8_31
system/tile_prci_domain/tile_reset_domain_tile/fusion/spad/TrueDualPortSRAMAsym_4/TrueDualPortSRAM_32_8/sram   13897.4976     0.4       0.7056      0.0000   13896.7920 dp_sram_32_8_ip_31
system/tile_prci_domain/tile_reset_domain_tile/fusion/spad/TrueDualPortSRAMAsym_4/TrueDualPortSRAM_32_8_1   13897.4976     0.4       0.0000      0.0000       0.0000 TrueDualPortSRAM_32_8_30
system/tile_prci_domain/tile_reset_domain_tile/fusion/spad/TrueDualPortSRAMAsym_4/TrueDualPortSRAM_32_8_1/sram   13897.4976     0.4       0.7056      0.0000   13896.7920 dp_sram_32_8_ip_30
system/tile_prci_domain/tile_reset_domain_tile/fusion/spad/TrueDualPortSRAMAsym_4/TrueDualPortSRAM_32_8_2   13897.4976     0.4       0.0000      0.0000       0.0000 TrueDualPortSRAM_32_8_29
system/tile_prci_domain/tile_reset_domain_tile/fusion/spad/TrueDualPortSRAMAsym_4/TrueDualPortSRAM_32_8_2/sram   13897.4976     0.4       0.7056      0.0000   13896.7920 dp_sram_32_8_ip_29
system/tile_prci_domain/tile_reset_domain_tile/fusion/spad/TrueDualPortSRAMAsym_4/TrueDualPortSRAM_32_8_3   13897.4976     0.4       0.0000      0.0000       0.0000 TrueDualPortSRAM_32_8_28
system/tile_prci_domain/tile_reset_domain_tile/fusion/spad/TrueDualPortSRAMAsym_4/TrueDualPortSRAM_32_8_3/sram   13897.4976     0.4       0.7056      0.0000   13896.7920 dp_sram_32_8_ip_28
system/tile_prci_domain/tile_reset_domain_tile/fusion/spad/TrueDualPortSRAMAsym_5   56815.8528     1.7    1207.0464     18.8160       0.0000 TrueDualPortSRAMAsym_6
system/tile_prci_domain/tile_reset_domain_tile/fusion/spad/TrueDualPortSRAMAsym_5/TrueDualPortSRAM_32_8   13897.4976     0.4       0.0000      0.0000       0.0000 TrueDualPortSRAM_32_8_27
system/tile_prci_domain/tile_reset_domain_tile/fusion/spad/TrueDualPortSRAMAsym_5/TrueDualPortSRAM_32_8/sram   13897.4976     0.4       0.7056      0.0000   13896.7920 dp_sram_32_8_ip_27
system/tile_prci_domain/tile_reset_domain_tile/fusion/spad/TrueDualPortSRAMAsym_5/TrueDualPortSRAM_32_8_1   13897.4976     0.4       0.0000      0.0000       0.0000 TrueDualPortSRAM_32_8_26
system/tile_prci_domain/tile_reset_domain_tile/fusion/spad/TrueDualPortSRAMAsym_5/TrueDualPortSRAM_32_8_1/sram   13897.4976     0.4       0.7056      0.0000   13896.7920 dp_sram_32_8_ip_26
system/tile_prci_domain/tile_reset_domain_tile/fusion/spad/TrueDualPortSRAMAsym_5/TrueDualPortSRAM_32_8_2   13897.4976     0.4       0.0000      0.0000       0.0000 TrueDualPortSRAM_32_8_25
system/tile_prci_domain/tile_reset_domain_tile/fusion/spad/TrueDualPortSRAMAsym_5/TrueDualPortSRAM_32_8_2/sram   13897.4976     0.4       0.7056      0.0000   13896.7920 dp_sram_32_8_ip_25
system/tile_prci_domain/tile_reset_domain_tile/fusion/spad/TrueDualPortSRAMAsym_5/TrueDualPortSRAM_32_8_3   13897.4976     0.4       0.0000      0.0000       0.0000 TrueDualPortSRAM_32_8_24
system/tile_prci_domain/tile_reset_domain_tile/fusion/spad/TrueDualPortSRAMAsym_5/TrueDualPortSRAM_32_8_3/sram   13897.4976     0.4       0.7056      0.0000   13896.7920 dp_sram_32_8_ip_24
system/tile_prci_domain/tile_reset_domain_tile/fusion/spad/TrueDualPortSRAMAsym_6   56813.2656     1.7    1204.4592     18.8160       0.0000 TrueDualPortSRAMAsym_5
system/tile_prci_domain/tile_reset_domain_tile/fusion/spad/TrueDualPortSRAMAsym_6/TrueDualPortSRAM_32_8   13897.4976     0.4       0.0000      0.0000       0.0000 TrueDualPortSRAM_32_8_23
system/tile_prci_domain/tile_reset_domain_tile/fusion/spad/TrueDualPortSRAMAsym_6/TrueDualPortSRAM_32_8/sram   13897.4976     0.4       0.7056      0.0000   13896.7920 dp_sram_32_8_ip_23
system/tile_prci_domain/tile_reset_domain_tile/fusion/spad/TrueDualPortSRAMAsym_6/TrueDualPortSRAM_32_8_1   13897.4976     0.4       0.0000      0.0000       0.0000 TrueDualPortSRAM_32_8_22
system/tile_prci_domain/tile_reset_domain_tile/fusion/spad/TrueDualPortSRAMAsym_6/TrueDualPortSRAM_32_8_1/sram   13897.4976     0.4       0.7056      0.0000   13896.7920 dp_sram_32_8_ip_22
system/tile_prci_domain/tile_reset_domain_tile/fusion/spad/TrueDualPortSRAMAsym_6/TrueDualPortSRAM_32_8_2   13897.4976     0.4       0.0000      0.0000       0.0000 TrueDualPortSRAM_32_8_21
system/tile_prci_domain/tile_reset_domain_tile/fusion/spad/TrueDualPortSRAMAsym_6/TrueDualPortSRAM_32_8_2/sram   13897.4976     0.4       0.7056      0.0000   13896.7920 dp_sram_32_8_ip_21
system/tile_prci_domain/tile_reset_domain_tile/fusion/spad/TrueDualPortSRAMAsym_6/TrueDualPortSRAM_32_8_3   13897.4976     0.4       0.0000      0.0000       0.0000 TrueDualPortSRAM_32_8_20
system/tile_prci_domain/tile_reset_domain_tile/fusion/spad/TrueDualPortSRAMAsym_6/TrueDualPortSRAM_32_8_3/sram   13897.4976     0.4       0.7056      0.0000   13896.7920 dp_sram_32_8_ip_20
system/tile_prci_domain/tile_reset_domain_tile/fusion/spad/TrueDualPortSRAMAsym_7   56811.8544     1.7    1203.0480     18.8160       0.0000 TrueDualPortSRAMAsym_4
system/tile_prci_domain/tile_reset_domain_tile/fusion/spad/TrueDualPortSRAMAsym_7/TrueDualPortSRAM_32_8   13897.4976     0.4       0.0000      0.0000       0.0000 TrueDualPortSRAM_32_8_19
system/tile_prci_domain/tile_reset_domain_tile/fusion/spad/TrueDualPortSRAMAsym_7/TrueDualPortSRAM_32_8/sram   13897.4976     0.4       0.7056      0.0000   13896.7920 dp_sram_32_8_ip_19
system/tile_prci_domain/tile_reset_domain_tile/fusion/spad/TrueDualPortSRAMAsym_7/TrueDualPortSRAM_32_8_1   13897.4976     0.4       0.0000      0.0000       0.0000 TrueDualPortSRAM_32_8_18
system/tile_prci_domain/tile_reset_domain_tile/fusion/spad/TrueDualPortSRAMAsym_7/TrueDualPortSRAM_32_8_1/sram   13897.4976     0.4       0.7056      0.0000   13896.7920 dp_sram_32_8_ip_18
system/tile_prci_domain/tile_reset_domain_tile/fusion/spad/TrueDualPortSRAMAsym_7/TrueDualPortSRAM_32_8_2   13897.4976     0.4       0.0000      0.0000       0.0000 TrueDualPortSRAM_32_8_17
system/tile_prci_domain/tile_reset_domain_tile/fusion/spad/TrueDualPortSRAMAsym_7/TrueDualPortSRAM_32_8_2/sram   13897.4976     0.4       0.7056      0.0000   13896.7920 dp_sram_32_8_ip_17
system/tile_prci_domain/tile_reset_domain_tile/fusion/spad/TrueDualPortSRAMAsym_7/TrueDualPortSRAM_32_8_3   13897.4976     0.4       0.0000      0.0000       0.0000 TrueDualPortSRAM_32_8_16
system/tile_prci_domain/tile_reset_domain_tile/fusion/spad/TrueDualPortSRAMAsym_7/TrueDualPortSRAM_32_8_3/sram   13897.4976     0.4       0.7056      0.0000   13896.7920 dp_sram_32_8_ip_16
system/tile_prci_domain/tile_reset_domain_tile/fusion/spad/TrueDualPortSRAMAsym_8   56813.9712     1.7    1205.1648     18.8160       0.0000 TrueDualPortSRAMAsym_3
system/tile_prci_domain/tile_reset_domain_tile/fusion/spad/TrueDualPortSRAMAsym_8/TrueDualPortSRAM_32_8   13897.4976     0.4       0.0000      0.0000       0.0000 TrueDualPortSRAM_32_8_15
system/tile_prci_domain/tile_reset_domain_tile/fusion/spad/TrueDualPortSRAMAsym_8/TrueDualPortSRAM_32_8/sram   13897.4976     0.4       0.7056      0.0000   13896.7920 dp_sram_32_8_ip_15
system/tile_prci_domain/tile_reset_domain_tile/fusion/spad/TrueDualPortSRAMAsym_8/TrueDualPortSRAM_32_8_1   13897.4976     0.4       0.0000      0.0000       0.0000 TrueDualPortSRAM_32_8_14
system/tile_prci_domain/tile_reset_domain_tile/fusion/spad/TrueDualPortSRAMAsym_8/TrueDualPortSRAM_32_8_1/sram   13897.4976     0.4       0.7056      0.0000   13896.7920 dp_sram_32_8_ip_14
system/tile_prci_domain/tile_reset_domain_tile/fusion/spad/TrueDualPortSRAMAsym_8/TrueDualPortSRAM_32_8_2   13897.4976     0.4       0.0000      0.0000       0.0000 TrueDualPortSRAM_32_8_13
system/tile_prci_domain/tile_reset_domain_tile/fusion/spad/TrueDualPortSRAMAsym_8/TrueDualPortSRAM_32_8_2/sram   13897.4976     0.4       0.7056      0.0000   13896.7920 dp_sram_32_8_ip_13
system/tile_prci_domain/tile_reset_domain_tile/fusion/spad/TrueDualPortSRAMAsym_8/TrueDualPortSRAM_32_8_3   13897.4976     0.4       0.0000      0.0000       0.0000 TrueDualPortSRAM_32_8_12
system/tile_prci_domain/tile_reset_domain_tile/fusion/spad/TrueDualPortSRAMAsym_8/TrueDualPortSRAM_32_8_3/sram   13897.4976     0.4       0.7056      0.0000   13896.7920 dp_sram_32_8_ip_12
system/tile_prci_domain/tile_reset_domain_tile/fusion/spad/TrueDualPortSRAMAsym_9   56810.6784     1.7    1201.8720     18.8160       0.0000 TrueDualPortSRAMAsym_2
system/tile_prci_domain/tile_reset_domain_tile/fusion/spad/TrueDualPortSRAMAsym_9/TrueDualPortSRAM_32_8   13897.4976     0.4       0.0000      0.0000       0.0000 TrueDualPortSRAM_32_8_11
system/tile_prci_domain/tile_reset_domain_tile/fusion/spad/TrueDualPortSRAMAsym_9/TrueDualPortSRAM_32_8/sram   13897.4976     0.4       0.7056      0.0000   13896.7920 dp_sram_32_8_ip_11
system/tile_prci_domain/tile_reset_domain_tile/fusion/spad/TrueDualPortSRAMAsym_9/TrueDualPortSRAM_32_8_1   13897.4976     0.4       0.0000      0.0000       0.0000 TrueDualPortSRAM_32_8_10
system/tile_prci_domain/tile_reset_domain_tile/fusion/spad/TrueDualPortSRAMAsym_9/TrueDualPortSRAM_32_8_1/sram   13897.4976     0.4       0.7056      0.0000   13896.7920 dp_sram_32_8_ip_10
system/tile_prci_domain/tile_reset_domain_tile/fusion/spad/TrueDualPortSRAMAsym_9/TrueDualPortSRAM_32_8_2   13897.4976     0.4       0.0000      0.0000       0.0000 TrueDualPortSRAM_32_8_9
system/tile_prci_domain/tile_reset_domain_tile/fusion/spad/TrueDualPortSRAMAsym_9/TrueDualPortSRAM_32_8_2/sram   13897.4976     0.4       0.7056      0.0000   13896.7920 dp_sram_32_8_ip_9
system/tile_prci_domain/tile_reset_domain_tile/fusion/spad/TrueDualPortSRAMAsym_9/TrueDualPortSRAM_32_8_3   13897.4976     0.4       0.0000      0.0000       0.0000 TrueDualPortSRAM_32_8_8
system/tile_prci_domain/tile_reset_domain_tile/fusion/spad/TrueDualPortSRAMAsym_9/TrueDualPortSRAM_32_8_3/sram   13897.4976     0.4       0.7056      0.0000   13896.7920 dp_sram_32_8_ip_8
system/tile_prci_domain/tile_reset_domain_tile/fusion/spad/TrueDualPortSRAM_128_8   47623.5323     1.4       0.0000      0.0000       0.0000 TrueDualPortSRAM_128_8
system/tile_prci_domain/tile_reset_domain_tile/fusion/spad/TrueDualPortSRAM_128_8/sram   47623.5323     1.4       1.4112      0.0000   47622.1211 dp_sram_128_8_ip
system/tile_prci_domain/tile_reset_domain_tile/fusion/storer    3890.2080     0.1     693.1344    747.9360       0.0000 StoreController
system/tile_prci_domain/tile_reset_domain_tile/fusion/storer/que    2449.1376     0.1      18.5808     14.1120       0.0000 Queue_78
system/tile_prci_domain/tile_reset_domain_tile/fusion/storer/que/ram_ext    2416.4448     0.1    1061.6928   1354.7520       0.0000 ram_combMem_36
system/tile_prci_domain/tile_reset_domain_tile/intXbar       4.7040     0.0       4.7040      0.0000       0.0000 IntXbar_1
system/tile_prci_domain/tile_reset_domain_tile/ptw   21745.1221     0.6    8061.0097   5684.3136       0.0000 PTW
system/tile_prci_domain/tile_reset_domain_tile/ptw/arb      92.6688     0.0      92.6688      0.0000       0.0000 Arbiter
system/tile_prci_domain/tile_reset_domain_tile/ptw/l2_tlb_ram_0    7880.7876     0.2       0.0000      0.0000       0.0000 l2_tlb_ram_0
system/tile_prci_domain/tile_reset_domain_tile/ptw/l2_tlb_ram_0/l2_tlb_ram_0_ext    7880.7876     0.2       0.0000      0.0000       0.0000 l2_tlb_ram_0_ext
system/tile_prci_domain/tile_reset_domain_tile/ptw/l2_tlb_ram_0/l2_tlb_ram_0_ext/mem_0_0    7880.7876     0.2       0.7056      0.0000    7880.0820 split_l2_tlb_ram_0_ext_ip
system/tile_prci_domain/tile_reset_domain_tile/ptw/r_pte_barrier      26.3424     0.0      26.3424      0.0000       0.0000 OptimizationBarrier_57
system/tile_prci_domain/tile_reset_domain_tile/respArb       6.5856     0.0       6.5856      0.0000       0.0000 RRArbiter_1
system/tile_prci_domain/tile_reset_domain_tile/respArb_io_in_0_q     115.2480     0.0      16.4640     14.1120       0.0000 Queue_81
system/tile_prci_domain/tile_reset_domain_tile/respArb_io_in_0_q/ram_ext      84.6720     0.0      37.6320     47.0400       0.0000 ram_combMem_11
system/tile_prci_domain/tile_reset_domain_tile/tlMasterXbar     839.1936     0.0     801.5616     37.6320       0.0000 TLXbar_8
system/tlDM                         11802.3361      0.4       60.2112       0.0000        0.0000  TLDebugModule
system/tlDM/dmInner                 10440.9985      0.3       61.1520       0.0000        0.0000  TLDebugModuleInnerAsync
system/tlDM/dmInner/dmInner          9540.8881      0.3     5520.1441    4003.8096        0.0000  TLDebugModuleInner
system/tlDM/dmInner/dmInner/hartIsInResetSync_0_debug_hartReset_0      16.9344     0.0       0.0000      0.0000       0.0000 AsyncResetSynchronizerShiftReg_w1_d3_i0_7
system/tlDM/dmInner/dmInner/hartIsInResetSync_0_debug_hartReset_0/output_chain      16.9344     0.0       0.7056     16.2288       0.0000 AsyncResetSynchronizerPrimitiveShiftReg_d3_i0_30
system/tlDM/dmInner/dmactive_synced_dmInner_io_innerCtrl_sink     130.5360     0.0       9.1728     10.8192       0.0000 AsyncQueueSink_4
system/tlDM/dmInner/dmactive_synced_dmInner_io_innerCtrl_sink/io_deq_bits_deq_bits_reg      26.5776     0.0       0.7056     25.8720       0.0000 ClockCrossingReg_w15
system/tlDM/dmInner/dmactive_synced_dmInner_io_innerCtrl_sink/sink_valid_0      17.6400     0.0       0.0000      0.0000       0.0000 AsyncValidSync_19
system/tlDM/dmInner/dmactive_synced_dmInner_io_innerCtrl_sink/sink_valid_0/io_out_source_valid_0      17.6400     0.0       0.0000      0.0000       0.0000 AsyncResetSynchronizerShiftReg_w1_d3_i0_1_19
system/tlDM/dmInner/dmactive_synced_dmInner_io_innerCtrl_sink/sink_valid_0/io_out_source_valid_0/output_chain      17.6400     0.0       1.4112     16.2288       0.0000 AsyncResetSynchronizerPrimitiveShiftReg_d3_i0_19
system/tlDM/dmInner/dmactive_synced_dmInner_io_innerCtrl_sink/sink_valid_1      16.9344     0.0       0.0000      0.0000       0.0000 AsyncValidSync_18
system/tlDM/dmInner/dmactive_synced_dmInner_io_innerCtrl_sink/sink_valid_1/io_out_source_valid_0      16.9344     0.0       0.0000      0.0000       0.0000 AsyncResetSynchronizerShiftReg_w1_d3_i0_1_18
system/tlDM/dmInner/dmactive_synced_dmInner_io_innerCtrl_sink/sink_valid_1/io_out_source_valid_0/output_chain      16.9344     0.0       0.7056     16.2288       0.0000 AsyncResetSynchronizerPrimitiveShiftReg_d3_i0_18
system/tlDM/dmInner/dmactive_synced_dmInner_io_innerCtrl_sink/source_extend      16.9344     0.0       0.0000      0.0000       0.0000 AsyncValidSync_17
system/tlDM/dmInner/dmactive_synced_dmInner_io_innerCtrl_sink/source_extend/io_out_source_valid_0      16.9344     0.0       0.0000      0.0000       0.0000 AsyncResetSynchronizerShiftReg_w1_d3_i0_1_17
system/tlDM/dmInner/dmactive_synced_dmInner_io_innerCtrl_sink/source_extend/io_out_source_valid_0/output_chain      16.9344     0.0       0.7056     16.2288       0.0000 AsyncResetSynchronizerPrimitiveShiftReg_d3_i0_17
system/tlDM/dmInner/dmactive_synced_dmInner_io_innerCtrl_sink/source_valid      16.2288     0.0       0.0000      0.0000       0.0000 AsyncValidSync_16
system/tlDM/dmInner/dmactive_synced_dmInner_io_innerCtrl_sink/source_valid/io_out_source_valid_0      16.2288     0.0       0.0000      0.0000       0.0000 AsyncResetSynchronizerShiftReg_w1_d3_i0_1_16
system/tlDM/dmInner/dmactive_synced_dmInner_io_innerCtrl_sink/source_valid/io_out_source_valid_0/output_chain      16.2288     0.0       0.0000     16.2288       0.0000 AsyncResetSynchronizerPrimitiveShiftReg_d3_i0_16
system/tlDM/dmInner/dmactive_synced_dmInner_io_innerCtrl_sink/widx_widx_gray      16.2288     0.0       0.0000      0.0000       0.0000 AsyncResetSynchronizerShiftReg_w1_d3_i0_6
system/tlDM/dmInner/dmactive_synced_dmInner_io_innerCtrl_sink/widx_widx_gray/output_chain      16.2288     0.0       0.0000     16.2288       0.0000 AsyncResetSynchronizerPrimitiveShiftReg_d3_i0_29
system/tlDM/dmInner/dmactive_synced_dmactive_synced_dmactiveSync      16.9344     0.0       0.0000      0.0000       0.0000 AsyncResetSynchronizerShiftReg_w1_d3_i0_9
system/tlDM/dmInner/dmactive_synced_dmactive_synced_dmactiveSync/output_chain      16.9344     0.0       0.7056     16.2288       0.0000 AsyncResetSynchronizerPrimitiveShiftReg_d3_i0_48
system/tlDM/dmInner/dmiXing           691.4880      0.0        0.0000       0.0000        0.0000  TLAsyncCrossingSink
system/tlDM/dmInner/dmiXing/bundleIn_0_d_source     313.9920     0.0      14.5824    214.0320       0.0000 AsyncQueueSource_4
system/tlDM/dmInner/dmiXing/bundleIn_0_d_source/ridx_ridx_gray      16.9344     0.0       0.0000      0.0000       0.0000 AsyncResetSynchronizerShiftReg_w1_d3_i0_0
system/tlDM/dmInner/dmiXing/bundleIn_0_d_source/ridx_ridx_gray/output_chain      16.9344     0.0       0.7056     16.2288       0.0000 AsyncResetSynchronizerPrimitiveShiftReg_d3_i0_20
system/tlDM/dmInner/dmiXing/bundleIn_0_d_source/sink_extend      16.9344     0.0       0.0000      0.0000       0.0000 AsyncValidSync_1
system/tlDM/dmInner/dmiXing/bundleIn_0_d_source/sink_extend/io_out_source_valid_0      16.9344     0.0       0.0000      0.0000       0.0000 AsyncResetSynchronizerShiftReg_w1_d3_i0_1_1
system/tlDM/dmInner/dmiXing/bundleIn_0_d_source/sink_extend/io_out_source_valid_0/output_chain      16.9344     0.0       0.7056     16.2288       0.0000 AsyncResetSynchronizerPrimitiveShiftReg_d3_i0_1
system/tlDM/dmInner/dmiXing/bundleIn_0_d_source/sink_valid      16.9344     0.0       0.0000      0.0000       0.0000 AsyncValidSync_0
system/tlDM/dmInner/dmiXing/bundleIn_0_d_source/sink_valid/io_out_source_valid_0      16.9344     0.0       0.0000      0.0000       0.0000 AsyncResetSynchronizerShiftReg_w1_d3_i0_1_0
system/tlDM/dmInner/dmiXing/bundleIn_0_d_source/sink_valid/io_out_source_valid_0/output_chain      16.9344     0.0       0.7056     16.2288       0.0000 AsyncResetSynchronizerPrimitiveShiftReg_d3_i0_0
system/tlDM/dmInner/dmiXing/bundleIn_0_d_source/source_valid_0      17.6400     0.0       0.0000      0.0000       0.0000 AsyncValidSync_3
system/tlDM/dmInner/dmiXing/bundleIn_0_d_source/source_valid_0/io_out_source_valid_0      17.6400     0.0       0.0000      0.0000       0.0000 AsyncResetSynchronizerShiftReg_w1_d3_i0_1_3
system/tlDM/dmInner/dmiXing/bundleIn_0_d_source/source_valid_0/io_out_source_valid_0/output_chain      17.6400     0.0       1.4112     16.2288       0.0000 AsyncResetSynchronizerPrimitiveShiftReg_d3_i0_3
system/tlDM/dmInner/dmiXing/bundleIn_0_d_source/source_valid_1      16.9344     0.0       0.0000      0.0000       0.0000 AsyncValidSync_2
system/tlDM/dmInner/dmiXing/bundleIn_0_d_source/source_valid_1/io_out_source_valid_0      16.9344     0.0       0.0000      0.0000       0.0000 AsyncResetSynchronizerShiftReg_w1_d3_i0_1_2
system/tlDM/dmInner/dmiXing/bundleIn_0_d_source/source_valid_1/io_out_source_valid_0/output_chain      16.9344     0.0       0.7056     16.2288       0.0000 AsyncResetSynchronizerPrimitiveShiftReg_d3_i0_2
system/tlDM/dmInner/dmiXing/x1_a_sink     377.4960     0.0       9.4080     10.8192       0.0000  AsyncQueueSink_3
system/tlDM/dmInner/dmiXing/x1_a_sink/io_deq_bits_deq_bits_reg     271.8912     0.0       5.1744    266.7168       0.0000 ClockCrossingReg_w55
system/tlDM/dmInner/dmiXing/x1_a_sink/sink_valid_0      17.6400     0.0       0.0000      0.0000       0.0000 AsyncValidSync_7
system/tlDM/dmInner/dmiXing/x1_a_sink/sink_valid_0/io_out_source_valid_0      17.6400     0.0       0.0000      0.0000       0.0000 AsyncResetSynchronizerShiftReg_w1_d3_i0_1_7
system/tlDM/dmInner/dmiXing/x1_a_sink/sink_valid_0/io_out_source_valid_0/output_chain      17.6400     0.0       1.4112     16.2288       0.0000 AsyncResetSynchronizerPrimitiveShiftReg_d3_i0_7
system/tlDM/dmInner/dmiXing/x1_a_sink/sink_valid_1      16.9344     0.0       0.0000      0.0000       0.0000 AsyncValidSync_6
system/tlDM/dmInner/dmiXing/x1_a_sink/sink_valid_1/io_out_source_valid_0      16.9344     0.0       0.0000      0.0000       0.0000 AsyncResetSynchronizerShiftReg_w1_d3_i0_1_6
system/tlDM/dmInner/dmiXing/x1_a_sink/sink_valid_1/io_out_source_valid_0/output_chain      16.9344     0.0       0.7056     16.2288       0.0000 AsyncResetSynchronizerPrimitiveShiftReg_d3_i0_6
system/tlDM/dmInner/dmiXing/x1_a_sink/source_extend      16.9344     0.0       0.0000      0.0000       0.0000 AsyncValidSync_5
system/tlDM/dmInner/dmiXing/x1_a_sink/source_extend/io_out_source_valid_0      16.9344     0.0       0.0000      0.0000       0.0000 AsyncResetSynchronizerShiftReg_w1_d3_i0_1_5
system/tlDM/dmInner/dmiXing/x1_a_sink/source_extend/io_out_source_valid_0/output_chain      16.9344     0.0       0.7056     16.2288       0.0000 AsyncResetSynchronizerPrimitiveShiftReg_d3_i0_5
system/tlDM/dmInner/dmiXing/x1_a_sink/source_valid      16.9344     0.0       0.0000      0.0000       0.0000 AsyncValidSync_4
system/tlDM/dmInner/dmiXing/x1_a_sink/source_valid/io_out_source_valid_0      16.9344     0.0       0.0000      0.0000       0.0000 AsyncResetSynchronizerShiftReg_w1_d3_i0_1_4
system/tlDM/dmInner/dmiXing/x1_a_sink/source_valid/io_out_source_valid_0/output_chain      16.9344     0.0       0.7056     16.2288       0.0000 AsyncResetSynchronizerPrimitiveShiftReg_d3_i0_4
system/tlDM/dmInner/dmiXing/x1_a_sink/widx_widx_gray      16.9344     0.0       0.0000      0.0000       0.0000 AsyncResetSynchronizerShiftReg_w1_d3_i0_2
system/tlDM/dmInner/dmiXing/x1_a_sink/widx_widx_gray/output_chain      16.9344     0.0       0.7056     16.2288       0.0000 AsyncResetSynchronizerPrimitiveShiftReg_d3_i0_21
system/tlDM/dmOuter                  1301.1264      0.0        4.7040       0.0000        0.0000  TLDebugModuleOuterAsync
system/tlDM/dmOuter/asource           693.8400      0.0        0.9408       0.0000        0.0000  TLAsyncCrossingSource
system/tlDM/dmOuter/asource/bundleIn_0_d_sink     322.9296     0.0      11.2896     10.8192       0.0000 AsyncQueueSink_2
system/tlDM/dmOuter/asource/bundleIn_0_d_sink/io_deq_bits_deq_bits_reg     216.8544     0.0       7.2912    209.5632       0.0000 ClockCrossingReg_w43
system/tlDM/dmOuter/asource/bundleIn_0_d_sink/sink_valid_0      17.6400     0.0       0.0000      0.0000       0.0000 AsyncValidSync_11
system/tlDM/dmOuter/asource/bundleIn_0_d_sink/sink_valid_0/io_out_source_valid_0      17.6400     0.0       0.0000      0.0000       0.0000 AsyncResetSynchronizerShiftReg_w1_d3_i0_1_11
system/tlDM/dmOuter/asource/bundleIn_0_d_sink/sink_valid_0/io_out_source_valid_0/output_chain      17.6400     0.0       1.4112     16.2288       0.0000 AsyncResetSynchronizerPrimitiveShiftReg_d3_i0_11
system/tlDM/dmOuter/asource/bundleIn_0_d_sink/sink_valid_1      16.9344     0.0       0.0000      0.0000       0.0000 AsyncValidSync_10
system/tlDM/dmOuter/asource/bundleIn_0_d_sink/sink_valid_1/io_out_source_valid_0      16.9344     0.0       0.0000      0.0000       0.0000 AsyncResetSynchronizerShiftReg_w1_d3_i0_1_10
system/tlDM/dmOuter/asource/bundleIn_0_d_sink/sink_valid_1/io_out_source_valid_0/output_chain      16.9344     0.0       0.7056     16.2288       0.0000 AsyncResetSynchronizerPrimitiveShiftReg_d3_i0_10
system/tlDM/dmOuter/asource/bundleIn_0_d_sink/source_extend      16.9344     0.0       0.0000      0.0000       0.0000 AsyncValidSync_9
system/tlDM/dmOuter/asource/bundleIn_0_d_sink/source_extend/io_out_source_valid_0      16.9344     0.0       0.0000      0.0000       0.0000 AsyncResetSynchronizerShiftReg_w1_d3_i0_1_9
system/tlDM/dmOuter/asource/bundleIn_0_d_sink/source_extend/io_out_source_valid_0/output_chain      16.9344     0.0       0.7056     16.2288       0.0000 AsyncResetSynchronizerPrimitiveShiftReg_d3_i0_9
system/tlDM/dmOuter/asource/bundleIn_0_d_sink/source_valid      16.2288     0.0       0.0000      0.0000       0.0000 AsyncValidSync_8
system/tlDM/dmOuter/asource/bundleIn_0_d_sink/source_valid/io_out_source_valid_0      16.2288     0.0       0.0000      0.0000       0.0000 AsyncResetSynchronizerShiftReg_w1_d3_i0_1_8
system/tlDM/dmOuter/asource/bundleIn_0_d_sink/source_valid/io_out_source_valid_0/output_chain      16.2288     0.0       0.0000     16.2288       0.0000 AsyncResetSynchronizerPrimitiveShiftReg_d3_i0_8
system/tlDM/dmOuter/asource/bundleIn_0_d_sink/widx_widx_gray      16.2288     0.0       0.0000      0.0000       0.0000 AsyncResetSynchronizerShiftReg_w1_d3_i0_3
system/tlDM/dmOuter/asource/bundleIn_0_d_sink/widx_widx_gray/output_chain      16.2288     0.0       0.0000     16.2288       0.0000 AsyncResetSynchronizerPrimitiveShiftReg_d3_i0_26
system/tlDM/dmOuter/asource/x1_a_source     369.9696     0.0      21.1680    264.8352       0.0000 AsyncQueueSource_2
system/tlDM/dmOuter/asource/x1_a_source/ridx_ridx_gray      16.2288     0.0       0.0000      0.0000       0.0000 AsyncResetSynchronizerShiftReg_w1_d3_i0_4
system/tlDM/dmOuter/asource/x1_a_source/ridx_ridx_gray/output_chain      16.2288     0.0       0.0000     16.2288       0.0000 AsyncResetSynchronizerPrimitiveShiftReg_d3_i0_27
system/tlDM/dmOuter/asource/x1_a_source/sink_extend      16.9344     0.0       0.0000      0.0000       0.0000 AsyncValidSync_13
system/tlDM/dmOuter/asource/x1_a_source/sink_extend/io_out_source_valid_0      16.9344     0.0       0.0000      0.0000       0.0000 AsyncResetSynchronizerShiftReg_w1_d3_i0_1_13
system/tlDM/dmOuter/asource/x1_a_source/sink_extend/io_out_source_valid_0/output_chain      16.9344     0.0       0.7056     16.2288       0.0000 AsyncResetSynchronizerPrimitiveShiftReg_d3_i0_13
system/tlDM/dmOuter/asource/x1_a_source/sink_valid      16.2288     0.0       0.0000      0.0000       0.0000 AsyncValidSync_12
system/tlDM/dmOuter/asource/x1_a_source/sink_valid/io_out_source_valid_0      16.2288     0.0       0.0000      0.0000       0.0000 AsyncResetSynchronizerShiftReg_w1_d3_i0_1_12
system/tlDM/dmOuter/asource/x1_a_source/sink_valid/io_out_source_valid_0/output_chain      16.2288     0.0       0.0000     16.2288       0.0000 AsyncResetSynchronizerPrimitiveShiftReg_d3_i0_12
system/tlDM/dmOuter/asource/x1_a_source/source_valid_0      17.6400     0.0       0.0000      0.0000       0.0000 AsyncValidSync_15
system/tlDM/dmOuter/asource/x1_a_source/source_valid_0/io_out_source_valid_0      17.6400     0.0       0.0000      0.0000       0.0000 AsyncResetSynchronizerShiftReg_w1_d3_i0_1_15
system/tlDM/dmOuter/asource/x1_a_source/source_valid_0/io_out_source_valid_0/output_chain      17.6400     0.0       1.4112     16.2288       0.0000 AsyncResetSynchronizerPrimitiveShiftReg_d3_i0_15
system/tlDM/dmOuter/asource/x1_a_source/source_valid_1      16.9344     0.0       0.0000      0.0000       0.0000 AsyncValidSync_14
system/tlDM/dmOuter/asource/x1_a_source/source_valid_1/io_out_source_valid_0      16.9344     0.0       0.0000      0.0000       0.0000 AsyncResetSynchronizerShiftReg_w1_d3_i0_1_14
system/tlDM/dmOuter/asource/x1_a_source/source_valid_1/io_out_source_valid_0/output_chain      16.9344     0.0       0.7056     16.2288       0.0000 AsyncResetSynchronizerPrimitiveShiftReg_d3_i0_14
system/tlDM/dmOuter/dmOuter            78.7920      0.0       33.6336      45.1584        0.0000  TLDebugModuleOuter
system/tlDM/dmOuter/dmactiveAck_dmactiveAckSync      16.9344     0.0       0.0000      0.0000       0.0000 AsyncResetSynchronizerShiftReg_w1_d3_i0_10
system/tlDM/dmOuter/dmactiveAck_dmactiveAckSync/output_chain      16.9344     0.0       0.7056     16.2288       0.0000 AsyncResetSynchronizerPrimitiveShiftReg_d3_i0_49
system/tlDM/dmOuter/dmi2tl             96.9024      0.0       96.9024       0.0000        0.0000  DMIToTL
system/tlDM/dmOuter/dmiBypass         148.1760      0.0        0.0000       0.0000        0.0000  TLBusBypass
system/tlDM/dmOuter/dmiBypass/bar     145.3536      0.0      126.5376      18.8160        0.0000  TLBusBypassBar
system/tlDM/dmOuter/dmiBypass/error       2.8224     0.0       2.8224       0.0000        0.0000  TLError_1
system/tlDM/dmOuter/dmiXbar           133.3584      0.0      128.6544       4.7040        0.0000  TLXbar_10
system/tlDM/dmOuter/intsource           0.9408      0.0        0.9408       0.0000        0.0000  IntSyncCrossingSource_4
system/tlDM/dmOuter/io_innerCtrl_source     127.4784     0.0      13.6416     29.8704       0.0000 AsyncQueueSource_3
system/tlDM/dmOuter/io_innerCtrl_source/ridx_ridx_gray      16.2288     0.0       0.0000      0.0000       0.0000 AsyncResetSynchronizerShiftReg_w1_d3_i0_8
system/tlDM/dmOuter/io_innerCtrl_source/ridx_ridx_gray/output_chain      16.2288     0.0       0.0000     16.2288       0.0000 AsyncResetSynchronizerPrimitiveShiftReg_d3_i0_31
system/tlDM/dmOuter/io_innerCtrl_source/sink_extend      16.9344     0.0       0.0000      0.0000       0.0000 AsyncValidSync_21
system/tlDM/dmOuter/io_innerCtrl_source/sink_extend/io_out_source_valid_0      16.9344     0.0       0.0000      0.0000       0.0000 AsyncResetSynchronizerShiftReg_w1_d3_i0_1_21
system/tlDM/dmOuter/io_innerCtrl_source/sink_extend/io_out_source_valid_0/output_chain      16.9344     0.0       0.7056     16.2288       0.0000 AsyncResetSynchronizerPrimitiveShiftReg_d3_i0_23
system/tlDM/dmOuter/io_innerCtrl_source/sink_valid      16.2288     0.0       0.0000      0.0000       0.0000 AsyncValidSync_20
system/tlDM/dmOuter/io_innerCtrl_source/sink_valid/io_out_source_valid_0      16.2288     0.0       0.0000      0.0000       0.0000 AsyncResetSynchronizerShiftReg_w1_d3_i0_1_20
system/tlDM/dmOuter/io_innerCtrl_source/sink_valid/io_out_source_valid_0/output_chain      16.2288     0.0       0.0000     16.2288       0.0000 AsyncResetSynchronizerPrimitiveShiftReg_d3_i0_22
system/tlDM/dmOuter/io_innerCtrl_source/source_valid_0      17.6400     0.0       0.0000      0.0000       0.0000 AsyncValidSync_23
system/tlDM/dmOuter/io_innerCtrl_source/source_valid_0/io_out_source_valid_0      17.6400     0.0       0.0000      0.0000       0.0000 AsyncResetSynchronizerShiftReg_w1_d3_i0_1_23
system/tlDM/dmOuter/io_innerCtrl_source/source_valid_0/io_out_source_valid_0/output_chain      17.6400     0.0       1.4112     16.2288       0.0000 AsyncResetSynchronizerPrimitiveShiftReg_d3_i0_25
system/tlDM/dmOuter/io_innerCtrl_source/source_valid_1      16.9344     0.0       0.0000      0.0000       0.0000 AsyncValidSync_22
system/tlDM/dmOuter/io_innerCtrl_source/source_valid_1/io_out_source_valid_0      16.9344     0.0       0.0000      0.0000       0.0000 AsyncResetSynchronizerShiftReg_w1_d3_i0_1_22
system/tlDM/dmOuter/io_innerCtrl_source/source_valid_1/io_out_source_valid_0/output_chain      16.9344     0.0       0.7056     16.2288       0.0000 AsyncResetSynchronizerPrimitiveShiftReg_d3_i0_24
system/uartClockDomainWrapper       35884.9347      1.1        0.0000       0.0000        0.0000  ClockSinkDomain_2
system/uartClockDomainWrapper/uart_0   35884.9347     1.1     247.4304    183.4560        0.0000  TLUART
system/uartClockDomainWrapper/uart_0/intsource       6.1152     0.0       0.0000      0.0000       0.0000 IntSyncCrossingSource_1_0
system/uartClockDomainWrapper/uart_0/intsource/reg_0       6.1152     0.0       0.7056      5.4096       0.0000 AsyncResetRegVec_w1_i0_0
system/uartClockDomainWrapper/uart_0/rxm     347.1552     0.0     156.4080    190.7472       0.0000 UARTRx
system/uartClockDomainWrapper/uart_0/rxq   17396.8033     0.5     159.4656     79.9680       0.0000 Queue_92_0
system/uartClockDomainWrapper/uart_0/rxq/ram_ext   17157.3697     0.5    7523.5777   9633.7920       0.0000 ram_combMem_5_0
system/uartClockDomainWrapper/uart_0/txm     305.0544     0.0     163.9344    141.1200       0.0000 UARTTx
system/uartClockDomainWrapper/uart_0/txq   17398.9201     0.5     157.8192     79.9680       0.0000 Queue_92_1
system/uartClockDomainWrapper/uart_0/txq/ram_ext   17161.1329     0.5    7527.3409   9633.7920       0.0000 ram_combMem_5_1
system_debug_systemjtag_reset_catcher      18.3456     0.0       0.7056      0.0000       0.0000  ResetCatchAndSync_d3_2
system_debug_systemjtag_reset_catcher/io_sync_reset_chain      17.6400     0.0       0.0000      0.0000       0.0000 AsyncResetSynchronizerShiftReg_w1_d3_i0_12
system_debug_systemjtag_reset_catcher/io_sync_reset_chain/output_chain      17.6400     0.0       1.4112     16.2288       0.0000 AsyncResetSynchronizerPrimitiveShiftReg_d3_i0_67
--------------------------------  ------------  -------  ------------  -----------  ------------  ------------------------------------------------
Total                                                    1333488.9922  483854.3802  1544585.0098

1
